identifier	np_pathway	slug	path
CHEBI:10106	POLYKETIDES	zearalenone	data/natural_products/polyketides/zearalenone.yaml
CHEBI:10276	ALKALOIDS	ergocryptine	data/natural_products/alkaloids/ergocryptine.yaml
CHEBI:131712	UNCLASSIFIED	shinorine	data/natural_products/unclassified/shinorine.yaml
CHEBI:131914	ALKALOIDS	violacein	data/natural_products/alkaloids/violacein.yaml
CHEBI:132426	POLYKETIDES	chondrochloren-a	data/natural_products/polyketides/chondrochloren-a.yaml
CHEBI:133127	AMINO_ACIDS_AND_PEPTIDES	lugdunin	data/natural_products/amino_acids_and_peptides/lugdunin.yaml
CHEBI:133763	POLYKETIDES	ywa1	data/natural_products/polyketides/ywa1.yaml
CHEBI:133787	POLYKETIDES	pyranonigrin-e	data/natural_products/polyketides/pyranonigrin-e.yaml
CHEBI:133852	POLYKETIDES	azanigerone-a	data/natural_products/polyketides/azanigerone-a.yaml
CHEBI:133919	ALKALOIDS	decarbamoylsaxitoxin	data/natural_products/alkaloids/decarbamoylsaxitoxin.yaml
CHEBI:134606	CARBOHYDRATES	toyocamycin	data/natural_products/carbohydrates/toyocamycin.yaml
CHEBI:134612	AMINO_ACIDS_AND_PEPTIDES	staphyloferrin-b	data/natural_products/amino_acids_and_peptides/staphyloferrin-b.yaml
CHEBI:135511	ALKALOIDS	rebeccamycin	data/natural_products/alkaloids/rebeccamycin.yaml
CHEBI:137562	TERPENOIDS	eremophilene	data/natural_products/terpenoids/eremophilene.yaml
CHEBI:138046	TERPENOIDS	sesterfisherol	data/natural_products/terpenoids/sesterfisherol.yaml
CHEBI:138165	TERPENOIDS	2-i-s-i-3-i-r-i-9-i-r-i-pristinol	data/natural_products/terpenoids/2-i-s-i-3-i-r-i-9-i-r-i-pristinol.yaml
CHEBI:138511	POLYKETIDES	piericidin-a	data/natural_products/polyketides/piericidin-a.yaml
CHEBI:139480	TERPENOIDS	em-o-em-methylkolavelool	data/natural_products/terpenoids/em-o-em-methylkolavelool.yaml
CHEBI:140173	AMINO_ACIDS_AND_PEPTIDES	malacidin-a	data/natural_products/amino_acids_and_peptides/malacidin-a.yaml
CHEBI:140174	AMINO_ACIDS_AND_PEPTIDES	malacidin-b	data/natural_products/amino_acids_and_peptides/malacidin-b.yaml
CHEBI:140434	ALKALOIDS	3-z-2-isocyanoethenyl-indole	data/natural_products/alkaloids/3-z-2-isocyanoethenyl-indole.yaml
CHEBI:140442	ALKALOIDS	12-em-epi-em-fischerindole-u	data/natural_products/alkaloids/12-em-epi-em-fischerindole-u.yaml
CHEBI:140649	SHIKIMATES_AND_PHENYLPROPANOIDS	paerucumarin	data/natural_products/shikimates_and_phenylpropanoids/paerucumarin.yaml
CHEBI:140651	UNCLASSIFIED	rhabduscin	data/natural_products/unclassified/rhabduscin.yaml
CHEBI:141338	POLYKETIDES	sporothriolide	data/natural_products/polyketides/sporothriolide.yaml
CHEBI:141380	POLYKETIDES	indanomycin	data/natural_products/polyketides/indanomycin.yaml
CHEBI:142639	POLYKETIDES	nectriapyrone	data/natural_products/polyketides/nectriapyrone.yaml
CHEBI:142799	POLYKETIDES	nectriapyrone-d	data/natural_products/polyketides/nectriapyrone-d.yaml
CHEBI:142842	UNCLASSIFIED	andrastin-a	data/natural_products/unclassified/andrastin-a.yaml
CHEBI:144441	FATTY_ACIDS	triacsin-c	data/natural_products/fatty_acids/triacsin-c.yaml
CHEBI:145066	POLYKETIDES	stemphyloxin-ii	data/natural_products/polyketides/stemphyloxin-ii.yaml
CHEBI:145070	POLYKETIDES	compound-7	data/natural_products/polyketides/compound-7.yaml
CHEBI:145071	POLYKETIDES	compound-9	data/natural_products/polyketides/compound-9.yaml
CHEBI:145105	UNCLASSIFIED	asperphenamate	data/natural_products/unclassified/asperphenamate.yaml
CHEBI:145895	ALKALOIDS	i-s-i-i-s-i-2-5-di-em-p-em-hydroxybenzyl-piperazine	data/natural_products/alkaloids/i-s-i-i-s-i-2-5-di-em-p-em-hydroxybenzyl-piperazine.yaml
CHEBI:146153	UNCLASSIFIED	ilicicolin-b	data/natural_products/unclassified/ilicicolin-b.yaml
CHEBI:146194	TERPENOIDS	15-acetyldeoxynivalenol	data/natural_products/terpenoids/15-acetyldeoxynivalenol.yaml
CHEBI:149660	SHIKIMATES_AND_PHENYLPROPANOIDS	atromentin	data/natural_products/shikimates_and_phenylpropanoids/atromentin.yaml
CHEBI:152052	POLYKETIDES	agnestin-a	data/natural_products/polyketides/agnestin-a.yaml
CHEBI:15353	CARBOHYDRATES	blasticidin-s	data/natural_products/carbohydrates/blasticidin-s.yaml
CHEBI:155910	TERPENOIDS	aculene-d	data/natural_products/terpenoids/aculene-d.yaml
CHEBI:155912	TERPENOIDS	aculene-c	data/natural_products/terpenoids/aculene-c.yaml
CHEBI:156056	TERPENOIDS	aculene-b	data/natural_products/terpenoids/aculene-b.yaml
CHEBI:156057	TERPENOIDS	aculene-a	data/natural_products/terpenoids/aculene-a.yaml
CHEBI:156148	UNCLASSIFIED	ascofuranone	data/natural_products/unclassified/ascofuranone.yaml
CHEBI:156219	UNCLASSIFIED	ascochlorin	data/natural_products/unclassified/ascochlorin.yaml
CHEBI:156291	POLYKETIDES	oviedomycin	data/natural_products/polyketides/oviedomycin.yaml
CHEBI:156292	ALKALOIDS	tilivalline	data/natural_products/alkaloids/tilivalline.yaml
CHEBI:156298	POLYKETIDES	aurafuron-a	data/natural_products/polyketides/aurafuron-a.yaml
CHEBI:156300	SHIKIMATES_AND_PHENYLPROPANOIDS	legioliulin	data/natural_products/shikimates_and_phenylpropanoids/legioliulin.yaml
CHEBI:156301	POLYKETIDES	auricin	data/natural_products/polyketides/auricin.yaml
CHEBI:156303	AMINO_ACIDS_AND_PEPTIDES	colibactin	data/natural_products/amino_acids_and_peptides/colibactin.yaml
CHEBI:156313	ALKALOIDS	erdasporine-a	data/natural_products/alkaloids/erdasporine-a.yaml
CHEBI:156314	ALKALOIDS	erdasporine-b	data/natural_products/alkaloids/erdasporine-b.yaml
CHEBI:156315	ALKALOIDS	erdasporine-c	data/natural_products/alkaloids/erdasporine-c.yaml
CHEBI:156318	POLYKETIDES	alternapyrone	data/natural_products/polyketides/alternapyrone.yaml
CHEBI:156320	TERPENOIDS	mangicol-a	data/natural_products/terpenoids/mangicol-a.yaml
CHEBI:156357	POLYKETIDES	salinipyrone-a	data/natural_products/polyketides/salinipyrone-a.yaml
CHEBI:156363	POLYKETIDES	gibepyrone-a	data/natural_products/polyketides/gibepyrone-a.yaml
CHEBI:156386	POLYKETIDES	asperlactone	data/natural_products/polyketides/asperlactone.yaml
CHEBI:156388	ALKALOIDS	streptazone-e	data/natural_products/alkaloids/streptazone-e.yaml
CHEBI:156426	AMINO_ACIDS_AND_PEPTIDES	curacomycin	data/natural_products/amino_acids_and_peptides/curacomycin.yaml
CHEBI:156450	ALKALOIDS	thiolutin	data/natural_products/alkaloids/thiolutin.yaml
CHEBI:156451	ALKALOIDS	holomycin	data/natural_products/alkaloids/holomycin.yaml
CHEBI:156453	ALKALOIDS	pyoluteorin	data/natural_products/alkaloids/pyoluteorin.yaml
CHEBI:156455	SHIKIMATES_AND_PHENYLPROPANOIDS	tropodithietic-acid	data/natural_products/shikimates_and_phenylpropanoids/tropodithietic-acid.yaml
CHEBI:156547	POLYKETIDES	fujikurin-d	data/natural_products/polyketides/fujikurin-d.yaml
CHEBI:156550	ALKALOIDS	pyrrolomycin-a	data/natural_products/alkaloids/pyrrolomycin-a.yaml
CHEBI:15732	UNCLASSIFIED	phosphonoacetic-acid	data/natural_products/unclassified/phosphonoacetic-acid.yaml
CHEBI:15738	ALKALOIDS	staurosporine	data/natural_products/alkaloids/staurosporine.yaml
CHEBI:157682	AMINO_ACIDS_AND_PEPTIDES	vanchrobactin	data/natural_products/amino_acids_and_peptides/vanchrobactin.yaml
CHEBI:157684	ALKALOIDS	lymphostin	data/natural_products/alkaloids/lymphostin.yaml
CHEBI:15871	POLYKETIDES	em-o-em-orsellinate-depside	data/natural_products/polyketides/em-o-em-orsellinate-depside.yaml
CHEBI:15956	ALKALOIDS	biotin	data/natural_products/alkaloids/biotin.yaml
CHEBI:161680	AMINO_ACIDS_AND_PEPTIDES	aztreonam	data/natural_products/amino_acids_and_peptides/aztreonam.yaml
CHEBI:16213	CARBOHYDRATES	coformycin	data/natural_products/carbohydrates/coformycin.yaml
CHEBI:16368	SHIKIMATES_AND_PHENYLPROPANOIDS	6-hydroxymellein	data/natural_products/shikimates_and_phenylpropanoids/6-hydroxymellein.yaml
CHEBI:16441	AMINO_ACIDS_AND_PEPTIDES	linamarin	data/natural_products/amino_acids_and_peptides/linamarin.yaml
CHEBI:16536	UNCLASSIFIED	orcinol	data/natural_products/unclassified/orcinol.yaml
CHEBI:166872	CARBOHYDRATES	nucleocidin	data/natural_products/carbohydrates/nucleocidin.yaml
CHEBI:167002	POLYKETIDES	komodoquinone-b	data/natural_products/polyketides/komodoquinone-b.yaml
CHEBI:167043	ALKALOIDS	ochrindole-a	data/natural_products/alkaloids/ochrindole-a.yaml
CHEBI:167044	ALKALOIDS	terreazepine	data/natural_products/alkaloids/terreazepine.yaml
CHEBI:167050	TERPENOIDS	biscognienyne-b	data/natural_products/terpenoids/biscognienyne-b.yaml
CHEBI:167054	AMINO_ACIDS_AND_PEPTIDES	acrophiarin	data/natural_products/amino_acids_and_peptides/acrophiarin.yaml
CHEBI:167319	UNCLASSIFIED	aureusimine-a	data/natural_products/unclassified/aureusimine-a.yaml
CHEBI:167320	UNCLASSIFIED	aureusimine-b	data/natural_products/unclassified/aureusimine-b.yaml
CHEBI:167321	UNCLASSIFIED	aureusimine-c	data/natural_products/unclassified/aureusimine-c.yaml
CHEBI:167379	TERPENOIDS	trichobrasilenol	data/natural_products/terpenoids/trichobrasilenol.yaml
CHEBI:167561	ALKALOIDS	neosaxitoxin	data/natural_products/alkaloids/neosaxitoxin.yaml
CHEBI:167576	POLYKETIDES	kinanthraquinone-b	data/natural_products/polyketides/kinanthraquinone-b.yaml
CHEBI:167886	ALKALOIDS	aetokthonotoxin	data/natural_products/alkaloids/aetokthonotoxin.yaml
CHEBI:168396	POLYKETIDES	mycophenolic-acid	data/natural_products/polyketides/mycophenolic-acid.yaml
CHEBI:169999	TERPENOIDS	stellatic-acid	data/natural_products/terpenoids/stellatic-acid.yaml
CHEBI:17076	CARBOHYDRATES	streptomycin	data/natural_products/carbohydrates/streptomycin.yaml
CHEBI:17099	SHIKIMATES_AND_PHENYLPROPANOIDS	aspulvinone-h	data/natural_products/shikimates_and_phenylpropanoids/aspulvinone-h.yaml
CHEBI:171659	ALKALOIDS	quinolobactin	data/natural_products/alkaloids/quinolobactin.yaml
CHEBI:17579	TERPENOIDS	carotein	data/natural_products/terpenoids/carotein.yaml
CHEBI:17630	CARBOHYDRATES	kanamycin-a	data/natural_products/carbohydrates/kanamycin-a.yaml
CHEBI:17637	SHIKIMATES_AND_PHENYLPROPANOIDS	6-methylsalicyclic-acid	data/natural_products/shikimates_and_phenylpropanoids/6-methylsalicyclic-acid.yaml
CHEBI:176782	AMINO_ACIDS_AND_PEPTIDES	isodomoic-acid-a	data/natural_products/amino_acids_and_peptides/isodomoic-acid-a.yaml
CHEBI:17695	TERPENOIDS	casbene	data/natural_products/terpenoids/casbene.yaml
CHEBI:17704	SHIKIMATES_AND_PHENYLPROPANOIDS	aspulvinone-e	data/natural_products/shikimates_and_phenylpropanoids/aspulvinone-e.yaml
CHEBI:17734	UNCLASSIFIED	cyclopiazonic-acid	data/natural_products/unclassified/cyclopiazonic-acid.yaml
CHEBI:17939	CARBOHYDRATES	puromycin	data/natural_products/carbohydrates/puromycin.yaml
CHEBI:18048	ALKALOIDS	benzoxazinone-dimboa	data/natural_products/alkaloids/benzoxazinone-dimboa.yaml
CHEBI:180490	UNCLASSIFIED	beauveriolide-i	data/natural_products/unclassified/beauveriolide-i.yaml
CHEBI:18157	AMINO_ACIDS_AND_PEPTIDES	aerobactin	data/natural_products/amino_acids_and_peptides/aerobactin.yaml
CHEBI:18165	AMINO_ACIDS_AND_PEPTIDES	isopenicillin-n	data/natural_products/amino_acids_and_peptides/isopenicillin-n.yaml
CHEBI:18227	POLYKETIDES	sterigmatocystin	data/natural_products/polyketides/sterigmatocystin.yaml
CHEBI:18365	POLYKETIDES	1-3-5-8-tetrahydroxynapthalene	data/natural_products/polyketides/1-3-5-8-tetrahydroxynapthalene.yaml
CHEBI:18393	POLYKETIDES	naphthalene-1-3-8-triol	data/natural_products/polyketides/naphthalene-1-3-8-triol.yaml
CHEBI:184373	UNCLASSIFIED	cremeomycin	data/natural_products/unclassified/cremeomycin.yaml
CHEBI:189095	TERPENOIDS	conidiogenone	data/natural_products/terpenoids/conidiogenone.yaml
CHEBI:190009	AMINO_ACIDS_AND_PEPTIDES	himastatin	data/natural_products/amino_acids_and_peptides/himastatin.yaml
CHEBI:193157	UNCLASSIFIED	sceliphrolactam	data/natural_products/unclassified/sceliphrolactam.yaml
CHEBI:2120	POLYKETIDES	adipostatin-a	data/natural_products/polyketides/adipostatin-a.yaml
CHEBI:219363	POLYKETIDES	reedsmycin-a	data/natural_products/polyketides/reedsmycin-a.yaml
CHEBI:219367	POLYKETIDES	reedsmycin-b	data/natural_products/polyketides/reedsmycin-b.yaml
CHEBI:219386	POLYKETIDES	reedsmycin-e	data/natural_products/polyketides/reedsmycin-e.yaml
CHEBI:219836	UNCLASSIFIED	anditomin	data/natural_products/unclassified/anditomin.yaml
CHEBI:22152	TERPENOIDS	2-i-cis-i-abscisic-acid	data/natural_products/terpenoids/2-i-cis-i-abscisic-acid.yaml
CHEBI:22450	UNCLASSIFIED	6a-i-r-i-11a-i-s-i-11b-i-r-i-10-acetyl-11-hydroxy-7-7-dimethyl-2-6-6a-7-11a-11b-	data/natural_products/unclassified/6a-i-r-i-11a-i-s-i-11b-i-r-i-10-acetyl-11-hydroxy-7-7-dimethyl-2-6-6a-7-11a-11b-.yaml
CHEBI:232090	ALKALOIDS	peramine	data/natural_products/alkaloids/peramine.yaml
CHEBI:24750	CARBOHYDRATES	5-hydroxystreptomycin	data/natural_products/carbohydrates/5-hydroxystreptomycin.yaml
CHEBI:2504	UNCLASSIFIED	aflatoxin-b1	data/natural_products/unclassified/aflatoxin-b1.yaml
CHEBI:27547	TERPENOIDS	zeaxanthin	data/natural_products/terpenoids/zeaxanthin.yaml
CHEBI:2762	UNCLASSIFIED	antimycin-a	data/natural_products/unclassified/antimycin-a.yaml
CHEBI:2766	TERPENOIDS	aphidicolin	data/natural_products/terpenoids/aphidicolin.yaml
CHEBI:27666	AMINO_ACIDS_AND_PEPTIDES	actinomycin-d	data/natural_products/amino_acids_and_peptides/actinomycin-d.yaml
CHEBI:27826	AMINO_ACIDS_AND_PEPTIDES	i-s-i-4-hydroxymandelonitrile-small-d-small-glucoside	data/natural_products/amino_acids_and_peptides/i-s-i-4-hydroxymandelonitrile-small-d-small-glucoside.yaml
CHEBI:27834	ALKALOIDS	pentostatin	data/natural_products/alkaloids/pentostatin.yaml
CHEBI:27953	ALKALOIDS	physostigmine	data/natural_products/alkaloids/physostigmine.yaml
CHEBI:28001	AMINO_ACIDS_AND_PEPTIDES	vancomycin	data/natural_products/amino_acids_and_peptides/vancomycin.yaml
CHEBI:28196	POLYKETIDES	erythromycin-b	data/natural_products/polyketides/erythromycin-b.yaml
CHEBI:28283	TERPENOIDS	capsidiol	data/natural_products/terpenoids/capsidiol.yaml
CHEBI:28331	POLYKETIDES	erythromycin-d	data/natural_products/polyketides/erythromycin-d.yaml
CHEBI:28364	FATTY_ACIDS	i-all-i-i-cis-i-5-8-11-14-17-icosapentaenoic-acid	data/natural_products/fatty_acids/i-all-i-i-cis-i-5-8-11-14-17-icosapentaenoic-acid.yaml
CHEBI:28748	POLYKETIDES	doxorubicin	data/natural_products/polyketides/doxorubicin.yaml
CHEBI:28864	CARBOHYDRATES	tobramycin	data/natural_products/carbohydrates/tobramycin.yaml
CHEBI:28915	UNCLASSIFIED	fosfomycin	data/natural_products/unclassified/fosfomycin.yaml
CHEBI:29472	ALKALOIDS	2-heptyl-3-hydroxy-4-quinolone	data/natural_products/alkaloids/2-heptyl-3-hydroxy-4-quinolone.yaml
CHEBI:29515	POLYKETIDES	ansamitocin-p-3	data/natural_products/polyketides/ansamitocin-p-3.yaml
CHEBI:29556	AMINO_ACIDS_AND_PEPTIDES	chloroeremomycin	data/natural_products/amino_acids_and_peptides/chloroeremomycin.yaml
CHEBI:29630	POLYKETIDES	desosamine	data/natural_products/polyketides/desosamine.yaml
CHEBI:29649	POLYKETIDES	narbomycin	data/natural_products/polyketides/narbomycin.yaml
CHEBI:29655	UNCLASSIFIED	neocarzinostatin-chromophore	data/natural_products/unclassified/neocarzinostatin-chromophore.yaml
CHEBI:29656	POLYKETIDES	neomethymycin	data/natural_products/polyketides/neomethymycin.yaml
CHEBI:29665	POLYKETIDES	pikromycin	data/natural_products/polyketides/pikromycin.yaml
CHEBI:29673	POLYKETIDES	rifamycin-sv	data/natural_products/polyketides/rifamycin-sv.yaml
CHEBI:29701	AMINO_ACIDS_AND_PEPTIDES	tyrocidine-a	data/natural_products/amino_acids_and_peptides/tyrocidine-a.yaml
CHEBI:29703	CARBOHYDRATES	jinggangmycin	data/natural_products/carbohydrates/jinggangmycin.yaml
CHEBI:30838	FATTY_ACIDS	itaconic-acid	data/natural_products/fatty_acids/itaconic-acid.yaml
CHEBI:30939	TERPENOIDS	5-9-10-labda-8-20-13-dien-15-yl-diphosphate	data/natural_products/terpenoids/5-9-10-labda-8-20-13-dien-15-yl-diphosphate.yaml
CHEBI:3096	POLYKETIDES	bikaverin	data/natural_products/polyketides/bikaverin.yaml
CHEBI:3139	AMINO_ACIDS_AND_PEPTIDES	bleomycin-a2	data/natural_products/amino_acids_and_peptides/bleomycin-a2.yaml
CHEBI:31432	UNCLASSIFIED	bacillibactin	data/natural_products/unclassified/bacillibactin.yaml
CHEBI:31461	POLYKETIDES	dehydrorabelomycin	data/natural_products/polyketides/dehydrorabelomycin.yaml
CHEBI:315018	AMINO_ACIDS_AND_PEPTIDES	echinocandin-b	data/natural_products/amino_acids_and_peptides/echinocandin-b.yaml
CHEBI:31550	UNCLASSIFIED	epothilone-b	data/natural_products/unclassified/epothilone-b.yaml
CHEBI:3159	TERPENOIDS	botrydial	data/natural_products/terpenoids/botrydial.yaml
CHEBI:31856	POLYKETIDES	mithramycin	data/natural_products/polyketides/mithramycin.yaml
CHEBI:32079	ALKALOIDS	pyrrolnitrin	data/natural_products/alkaloids/pyrrolnitrin.yaml
CHEBI:3252	POLYKETIDES	c-1027-chromophore	data/natural_products/polyketides/c-1027-chromophore.yaml
CHEBI:32806	FATTY_ACIDS	i-trans-i-aconitic-acid	data/natural_products/fatty_acids/i-trans-i-aconitic-acid.yaml
CHEBI:32807	SHIKIMATES_AND_PHENYLPROPANOIDS	em-o-em-orsellinic-acid	data/natural_products/shikimates_and_phenylpropanoids/em-o-em-orsellinic-acid.yaml
CHEBI:338412	ALKALOIDS	anisomycin	data/natural_products/alkaloids/anisomycin.yaml
CHEBI:34907	UNCLASSIFIED	paxilline	data/natural_products/unclassified/paxilline.yaml
CHEBI:34970	ALKALOIDS	saxitoxin	data/natural_products/alkaloids/saxitoxin.yaml
CHEBI:34996	AMINO_ACIDS_AND_PEPTIDES	teicoplanin-a2-3	data/natural_products/amino_acids_and_peptides/teicoplanin-a2-3.yaml
CHEBI:34997	AMINO_ACIDS_AND_PEPTIDES	teicoplanin-a2-4	data/natural_products/amino_acids_and_peptides/teicoplanin-a2-4.yaml
CHEBI:3613	SHIKIMATES_AND_PHENYLPROPANOIDS	chlorflavonin	data/natural_products/shikimates_and_phenylpropanoids/chlorflavonin.yaml
CHEBI:38225	POLYKETIDES	fumonisin-b2	data/natural_products/polyketides/fumonisin-b2.yaml
CHEBI:38229	POLYKETIDES	solanapyrone-a	data/natural_products/polyketides/solanapyrone-a.yaml
CHEBI:38240	POLYKETIDES	solanapyrone-d	data/natural_products/polyketides/solanapyrone-d.yaml
CHEBI:3907	SHIKIMATES_AND_PHENYLPROPANOIDS	coumermycin-a1	data/natural_products/shikimates_and_phenylpropanoids/coumermycin-a1.yaml
CHEBI:39508	POLYKETIDES	compactin	data/natural_products/polyketides/compactin.yaml
CHEBI:4031	AMINO_ACIDS_AND_PEPTIDES	cyclosporin-a	data/natural_products/amino_acids_and_peptides/cyclosporin-a.yaml
CHEBI:40968	TERPENOIDS	2r-3s-3-s-2-hydroxyastaxanthin	data/natural_products/terpenoids/2r-3s-3-s-2-hydroxyastaxanthin.yaml
CHEBI:41791	POLYKETIDES	calyculin-a	data/natural_products/polyketides/calyculin-a.yaml
CHEBI:41977	POLYKETIDES	daunorubicin	data/natural_products/polyketides/daunorubicin.yaml
CHEBI:42223	POLYKETIDES	emodin	data/natural_products/polyketides/emodin.yaml
CHEBI:42265	AMINO_ACIDS_AND_PEPTIDES	epoxomicin	data/natural_products/amino_acids_and_peptides/epoxomicin.yaml
CHEBI:42355	POLYKETIDES	erythromycin-a	data/natural_products/polyketides/erythromycin-a.yaml
CHEBI:42452	ALKALOIDS	formycin-a	data/natural_products/alkaloids/formycin-a.yaml
CHEBI:42639	FATTY_ACIDS	butyrolactone	data/natural_products/fatty_acids/butyrolactone.yaml
CHEBI:4356	FATTY_ACIDS	desferrioxamin-b	data/natural_products/fatty_acids/desferrioxamin-b.yaml
CHEBI:43572	POLYKETIDES	kojic-acid	data/natural_products/polyketides/kojic-acid.yaml
CHEBI:43616	ALKALOIDS	k-252a	data/natural_products/alkaloids/k-252a.yaml
CHEBI:45257	CARBOHYDRATES	ribostamycin	data/natural_products/carbohydrates/ribostamycin.yaml
CHEBI:45327	CARBOHYDRATES	adenine-arabinoside	data/natural_products/carbohydrates/adenine-arabinoside.yaml
CHEBI:45773	POLYKETIDES	streptolydigin	data/natural_products/polyketides/streptolydigin.yaml
CHEBI:46416	UNCLASSIFIED	virginiamycin-s1	data/natural_products/unclassified/virginiamycin-s1.yaml
CHEBI:46702	TERPENOIDS	geosmin	data/natural_products/terpenoids/geosmin.yaml
CHEBI:473992	POLYKETIDES	nystatin-a1	data/natural_products/polyketides/nystatin-a1.yaml
CHEBI:48028	AMINO_ACIDS_AND_PEPTIDES	hc-toxin	data/natural_products/amino_acids_and_peptides/hc-toxin.yaml
CHEBI:48045	AMINO_ACIDS_AND_PEPTIDES	salinosporamide-a	data/natural_products/amino_acids_and_peptides/salinosporamide-a.yaml
CHEBI:48200	POLYKETIDES	griseusin-b	data/natural_products/polyketides/griseusin-b.yaml
CHEBI:48201	POLYKETIDES	frenolicin-b	data/natural_products/polyketides/frenolicin-b.yaml
CHEBI:48209	POLYKETIDES	aflatoxin-b2	data/natural_products/polyketides/aflatoxin-b2.yaml
CHEBI:48267	CARBOHYDRATES	tubercidin	data/natural_products/carbohydrates/tubercidin.yaml
CHEBI:48635	POLYKETIDES	fumagillin	data/natural_products/polyketides/fumagillin.yaml
CHEBI:48712	POLYKETIDES	citrinin	data/natural_products/polyketides/citrinin.yaml
CHEBI:48741	TERPENOIDS	phellandrene	data/natural_products/terpenoids/phellandrene.yaml
CHEBI:48947	AMINO_ACIDS_AND_PEPTIDES	clavulanic-acid	data/natural_products/amino_acids_and_peptides/clavulanic-acid.yaml
CHEBI:50202	SHIKIMATES_AND_PHENYLPROPANOIDS	naringenin	data/natural_products/shikimates_and_phenylpropanoids/naringenin.yaml
CHEBI:50432	AMINO_ACIDS_AND_PEPTIDES	putrebactin	data/natural_products/amino_acids_and_peptides/putrebactin.yaml
CHEBI:50437	AMINO_ACIDS_AND_PEPTIDES	desferrioxamine-e	data/natural_products/amino_acids_and_peptides/desferrioxamine-e.yaml
CHEBI:51460	TERPENOIDS	albaflavenone	data/natural_products/terpenoids/albaflavenone.yaml
CHEBI:51765	AMINO_ACIDS_AND_PEPTIDES	benzylpenicillin-sodium	data/natural_products/amino_acids_and_peptides/benzylpenicillin-sodium.yaml
CHEBI:52317	TERPENOIDS	thalianol	data/natural_products/terpenoids/thalianol.yaml
CHEBI:52549	TERPENOIDS	sordarin	data/natural_products/terpenoids/sordarin.yaml
CHEBI:5292	POLYKETIDES	geldanamycin	data/natural_products/polyketides/geldanamycin.yaml
CHEBI:53634	CARBOHYDRATES	neomycin-c	data/natural_products/carbohydrates/neomycin-c.yaml
CHEBI:5674	POLYKETIDES	herbimycin-a	data/natural_products/polyketides/herbimycin-a.yaml
CHEBI:58572	AMINO_ACIDS_AND_PEPTIDES	em-n-em-5-i-s-i-5-ammonio-5-carboxylatopentanoyl-small-l-small-cysteinyl-small-d	data/natural_products/amino_acids_and_peptides/em-n-em-5-i-s-i-5-ammonio-5-carboxylatopentanoyl-small-l-small-cysteinyl-small-d.yaml
CHEBI:59064	AMINO_ACIDS_AND_PEPTIDES	colistin-a	data/natural_products/amino_acids_and_peptides/colistin-a.yaml
CHEBI:59646	FATTY_ACIDS	glycopeptidolipid	data/natural_products/fatty_acids/glycopeptidolipid.yaml
CHEBI:59673	AMINO_ACIDS_AND_PEPTIDES	colistin-b	data/natural_products/amino_acids_and_peptides/colistin-b.yaml
CHEBI:60584	UNCLASSIFIED	bicozamycin	data/natural_products/unclassified/bicozamycin.yaml
CHEBI:60828	CARBOHYDRATES	streptothricin-d	data/natural_products/carbohydrates/streptothricin-d.yaml
CHEBI:61080	UNCLASSIFIED	fr901228	data/natural_products/unclassified/fr901228.yaml
CHEBI:61345	AMINO_ACIDS_AND_PEPTIDES	chrysobactin	data/natural_products/amino_acids_and_peptides/chrysobactin.yaml
CHEBI:623918	ALKALOIDS	neopolyoxin-c	data/natural_products/alkaloids/neopolyoxin-c.yaml
CHEBI:63282	CARBOHYDRATES	pseudaminate	data/natural_products/carbohydrates/pseudaminate.yaml
CHEBI:63465	TERPENOIDS	marneral	data/natural_products/terpenoids/marneral.yaml
CHEBI:63468	TERPENOIDS	tirucalla	data/natural_products/terpenoids/tirucalla.yaml
CHEBI:63486	ALKALOIDS	8-azaguanine	data/natural_products/alkaloids/8-azaguanine.yaml
CHEBI:63702	TERPENOIDS	avermitilol	data/natural_products/terpenoids/avermitilol.yaml
CHEBI:63703	TERPENOIDS	cadinene	data/natural_products/terpenoids/cadinene.yaml
CHEBI:63704	TERPENOIDS	t-muurolol	data/natural_products/terpenoids/t-muurolol.yaml
CHEBI:64143	FATTY_ACIDS	depudecin	data/natural_products/fatty_acids/depudecin.yaml
CHEBI:64161	POLYKETIDES	asperthecin	data/natural_products/polyketides/asperthecin.yaml
CHEBI:64248	CARBOHYDRATES	tunicamycin-b1	data/natural_products/carbohydrates/tunicamycin-b1.yaml
CHEBI:64273	POLYKETIDES	erythromycin-c	data/natural_products/polyketides/erythromycin-c.yaml
CHEBI:64318	ALKALOIDS	ergotamine	data/natural_products/alkaloids/ergotamine.yaml
CHEBI:64373	UNCLASSIFIED	emericellamide-a	data/natural_products/unclassified/emericellamide-a.yaml
CHEBI:64374	UNCLASSIFIED	emericellamide-b	data/natural_products/unclassified/emericellamide-b.yaml
CHEBI:64398	POLYKETIDES	monodictyphenone	data/natural_products/polyketides/monodictyphenone.yaml
CHEBI:64450	POLYKETIDES	endocrocin	data/natural_products/polyketides/endocrocin.yaml
CHEBI:64502	FATTY_ACIDS	1-heptadecene	data/natural_products/fatty_acids/1-heptadecene.yaml
CHEBI:64503	FATTY_ACIDS	1-nonadecene	data/natural_products/fatty_acids/1-nonadecene.yaml
CHEBI:64534	ALKALOIDS	terrequinone-a	data/natural_products/alkaloids/terrequinone-a.yaml
CHEBI:64546	ALKALOIDS	fumiquinazoline-a	data/natural_products/alkaloids/fumiquinazoline-a.yaml
CHEBI:64673	ALKALOIDS	fumigaclavine-c	data/natural_products/alkaloids/fumigaclavine-c.yaml
CHEBI:64695	UNCLASSIFIED	pyripyropene-a	data/natural_products/unclassified/pyripyropene-a.yaml
CHEBI:64704	ALKALOIDS	aspyridone-a	data/natural_products/alkaloids/aspyridone-a.yaml
CHEBI:64705	ALKALOIDS	aspyridone-b	data/natural_products/alkaloids/aspyridone-b.yaml
CHEBI:6472	CARBOHYDRATES	lincomycin	data/natural_products/carbohydrates/lincomycin.yaml
CHEBI:64921	SHIKIMATES_AND_PHENYLPROPANOIDS	3-4-dihydroxy-5-polyprenylbenzoic-acid	data/natural_products/shikimates_and_phenylpropanoids/3-4-dihydroxy-5-polyprenylbenzoic-acid.yaml
CHEBI:64974	SHIKIMATES_AND_PHENYLPROPANOIDS	microperfuranone	data/natural_products/shikimates_and_phenylpropanoids/microperfuranone.yaml
CHEBI:64977	ALKALOIDS	cichorine	data/natural_products/alkaloids/cichorine.yaml
CHEBI:64983	SHIKIMATES_AND_PHENYLPROPANOIDS	alternariol	data/natural_products/shikimates_and_phenylpropanoids/alternariol.yaml
CHEBI:65110	CARBOHYDRATES	butirosin-b	data/natural_products/carbohydrates/butirosin-b.yaml
CHEBI:65112	CARBOHYDRATES	butirosin-a	data/natural_products/carbohydrates/butirosin-a.yaml
CHEBI:65474	POLYKETIDES	be-24566b	data/natural_products/polyketides/be-24566b.yaml
CHEBI:65517	POLYKETIDES	brasiliquinone-b	data/natural_products/polyketides/brasiliquinone-b.yaml
CHEBI:65639	ALKALOIDS	cladoniamide-g	data/natural_products/alkaloids/cladoniamide-g.yaml
CHEBI:6570	TERPENOIDS	lupeol	data/natural_products/terpenoids/lupeol.yaml
CHEBI:65716	UNCLASSIFIED	cystothiazole-a	data/natural_products/unclassified/cystothiazole-a.yaml
CHEBI:65915	FATTY_ACIDS	fr901464	data/natural_products/fatty_acids/fr901464.yaml
CHEBI:65964	ALKALOIDS	gilvusmycin	data/natural_products/alkaloids/gilvusmycin.yaml
CHEBI:66006	POLYKETIDES	harziphilone	data/natural_products/polyketides/harziphilone.yaml
CHEBI:66135	POLYKETIDES	kalimantacin-a	data/natural_products/polyketides/kalimantacin-a.yaml
CHEBI:66336	UNCLASSIFIED	xenovulene-a	data/natural_products/unclassified/xenovulene-a.yaml
CHEBI:66553	UNCLASSIFIED	lactonamycin	data/natural_products/unclassified/lactonamycin.yaml
CHEBI:66676	ALKALOIDS	marineosin-a	data/natural_products/alkaloids/marineosin-a.yaml
CHEBI:66678	ALKALOIDS	marinopyrrole-a	data/natural_products/alkaloids/marinopyrrole-a.yaml
CHEBI:66679	ALKALOIDS	marinopyrrole-b	data/natural_products/alkaloids/marinopyrrole-b.yaml
CHEBI:66687	FATTY_ACIDS	mediomycin-a	data/natural_products/fatty_acids/mediomycin-a.yaml
CHEBI:6701	POLYKETIDES	maytansine	data/natural_products/polyketides/maytansine.yaml
CHEBI:67183	ALKALOIDS	pyochelin-i	data/natural_products/alkaloids/pyochelin-i.yaml
CHEBI:67811	AMINO_ACIDS_AND_PEPTIDES	zorbamycin	data/natural_products/amino_acids_and_peptides/zorbamycin.yaml
CHEBI:68236	TERPENOIDS	platensimycin	data/natural_products/terpenoids/platensimycin.yaml
CHEBI:68241	TERPENOIDS	platencin	data/natural_products/terpenoids/platencin.yaml
CHEBI:68551	AMINO_ACIDS_AND_PEPTIDES	linaclotide	data/natural_products/amino_acids_and_peptides/linaclotide.yaml
CHEBI:68676	CARBOHYDRATES	legionaminic-acid	data/natural_products/carbohydrates/legionaminic-acid.yaml
CHEBI:69231	ALKALOIDS	caerulomycin-a	data/natural_products/alkaloids/caerulomycin-a.yaml
CHEBI:6925	AMINO_ACIDS_AND_PEPTIDES	microcystin-lr	data/natural_products/amino_acids_and_peptides/microcystin-lr.yaml
CHEBI:7025	POLYKETIDES	mupirocin	data/natural_products/polyketides/mupirocin.yaml
CHEBI:70399	ALKALOIDS	meleagrine	data/natural_products/alkaloids/meleagrine.yaml
CHEBI:7061	ALKALOIDS	myxochelin-b	data/natural_products/alkaloids/myxochelin-b.yaml
CHEBI:70816	TERPENOIDS	pentalenolactone	data/natural_products/terpenoids/pentalenolactone.yaml
CHEBI:70976	AMINO_ACIDS_AND_PEPTIDES	em-n-em-acetyltryptophan	data/natural_products/amino_acids_and_peptides/em-n-em-acetyltryptophan.yaml
CHEBI:71599	UNCLASSIFIED	pulcherriminic-acid	data/natural_products/unclassified/pulcherriminic-acid.yaml
CHEBI:71609	UNCLASSIFIED	albonoursin	data/natural_products/unclassified/albonoursin.yaml
CHEBI:71961	CARBOHYDRATES	lividomycin-a	data/natural_products/carbohydrates/lividomycin-a.yaml
CHEBI:72590	UNCLASSIFIED	rhizoxin-a	data/natural_products/unclassified/rhizoxin-a.yaml
CHEBI:73167	POLYKETIDES	concanamycin-a	data/natural_products/polyketides/concanamycin-a.yaml
CHEBI:73237	ALKALOIDS	noscapine	data/natural_products/alkaloids/noscapine.yaml
CHEBI:73546	ALKALOIDS	grixazone-a	data/natural_products/alkaloids/grixazone-a.yaml
CHEBI:73877	UNCLASSIFIED	astechrome	data/natural_products/unclassified/astechrome.yaml
CHEBI:73878	ALKALOIDS	hexadehydroastechrome	data/natural_products/alkaloids/hexadehydroastechrome.yaml
CHEBI:74221	ALKALOIDS	aspernidine-a	data/natural_products/alkaloids/aspernidine-a.yaml
CHEBI:74235	ALKALOIDS	isoindolin-1-one	data/natural_products/alkaloids/isoindolin-1-one.yaml
CHEBI:7488	POLYKETIDES	natamycin	data/natural_products/polyketides/natamycin.yaml
CHEBI:74926	POLYKETIDES	patulin	data/natural_products/polyketides/patulin.yaml
CHEBI:7508	CARBOHYDRATES	framycetin	data/natural_products/carbohydrates/framycetin.yaml
CHEBI:75276	UNCLASSIFIED	ikarugamycin	data/natural_products/unclassified/ikarugamycin.yaml
CHEBI:7569	POLYKETIDES	nigericin	data/natural_products/polyketides/nigericin.yaml
CHEBI:75926	ALKALOIDS	2-4-quinolinediol	data/natural_products/alkaloids/2-4-quinolinediol.yaml
CHEBI:7719	SHIKIMATES_AND_PHENYLPROPANOIDS	ochratoxin-a	data/natural_products/shikimates_and_phenylpropanoids/ochratoxin-a.yaml
CHEBI:77692	POLYKETIDES	peloruside-a	data/natural_products/polyketides/peloruside-a.yaml
CHEBI:77742	FATTY_ACIDS	bongkrekic-acid	data/natural_products/fatty_acids/bongkrekic-acid.yaml
CHEBI:77772	ALKALOIDS	ilicicolin-h	data/natural_products/alkaloids/ilicicolin-h.yaml
CHEBI:77879	POLYKETIDES	elaiophylin	data/natural_products/polyketides/elaiophylin.yaml
CHEBI:78156	POLYKETIDES	mucidin	data/natural_products/polyketides/mucidin.yaml
CHEBI:78591	POLYKETIDES	pederin	data/natural_products/polyketides/pederin.yaml
CHEBI:78688	POLYKETIDES	2-4-diacetylphloroglucinol	data/natural_products/polyketides/2-4-diacetylphloroglucinol.yaml
CHEBI:79296	ALKALOIDS	indigoidine	data/natural_products/alkaloids/indigoidine.yaml
CHEBI:79391	ALKALOIDS	chuangxinmycin	data/natural_products/alkaloids/chuangxinmycin.yaml
CHEBI:80049	AMINO_ACIDS_AND_PEPTIDES	coelichelin	data/natural_products/amino_acids_and_peptides/coelichelin.yaml
CHEBI:80729	ALKALOIDS	toxoflavin	data/natural_products/alkaloids/toxoflavin.yaml
CHEBI:82621	POLYKETIDES	monascin	data/natural_products/polyketides/monascin.yaml
CHEBI:82758	ALKALOIDS	prodigiosin	data/natural_products/alkaloids/prodigiosin.yaml
CHEBI:82799	TERPENOIDS	r-nephthenol	data/natural_products/terpenoids/r-nephthenol.yaml
CHEBI:83206	AMINO_ACIDS_AND_PEPTIDES	albomycin-delta1	data/natural_products/amino_acids_and_peptides/albomycin-delta1.yaml
CHEBI:83267	POLYKETIDES	filipin-iii	data/natural_products/polyketides/filipin-iii.yaml
CHEBI:8349	POLYKETIDES	pradimicin-a	data/natural_products/polyketides/pradimicin-a.yaml
CHEBI:84037	POLYKETIDES	ravidomycin	data/natural_products/polyketides/ravidomycin.yaml
CHEBI:84050	ALKALOIDS	et-743	data/natural_products/alkaloids/et-743.yaml
CHEBI:84168	POLYKETIDES	4-hydroxy-6-pentadecylpyran-2-one	data/natural_products/polyketides/4-hydroxy-6-pentadecylpyran-2-one.yaml
CHEBI:84171	POLYKETIDES	4-hydroxy-6-2-oxoheptadecyl-pyran-2-one	data/natural_products/polyketides/4-hydroxy-6-2-oxoheptadecyl-pyran-2-one.yaml
CHEBI:84360	CARBOHYDRATES	cetoniacytone-a	data/natural_products/carbohydrates/cetoniacytone-a.yaml
CHEBI:84366	ALKALOIDS	caldoniamide-a	data/natural_products/alkaloids/caldoniamide-a.yaml
CHEBI:84367	ALKALOIDS	cladoniamide-b	data/natural_products/alkaloids/cladoniamide-b.yaml
CHEBI:84368	ALKALOIDS	cladoniamide-c	data/natural_products/alkaloids/cladoniamide-c.yaml
CHEBI:84369	ALKALOIDS	cladoniamide-d	data/natural_products/alkaloids/cladoniamide-d.yaml
CHEBI:84370	ALKALOIDS	cladoniamide-e	data/natural_products/alkaloids/cladoniamide-e.yaml
CHEBI:84371	ALKALOIDS	cladoniamide-f	data/natural_products/alkaloids/cladoniamide-f.yaml
CHEBI:84582	ALKALOIDS	schizokinen	data/natural_products/alkaloids/schizokinen.yaml
CHEBI:84585	AMINO_ACIDS_AND_PEPTIDES	vibrioferrin	data/natural_products/amino_acids_and_peptides/vibrioferrin.yaml
CHEBI:84711	UNCLASSIFIED	staphyloferrin-a	data/natural_products/unclassified/staphyloferrin-a.yaml
CHEBI:85129	AMINO_ACIDS_AND_PEPTIDES	ristocetin-a	data/natural_products/amino_acids_and_peptides/ristocetin-a.yaml
CHEBI:85251	AMINO_ACIDS_AND_PEPTIDES	teicoplanin-a2-2	data/natural_products/amino_acids_and_peptides/teicoplanin-a2-2.yaml
CHEBI:85616	UNCLASSIFIED	viridicatumtoxin	data/natural_products/unclassified/viridicatumtoxin.yaml
CHEBI:85997	CARBOHYDRATES	sangivamycin	data/natural_products/carbohydrates/sangivamycin.yaml
CHEBI:86012	CARBOHYDRATES	oxetanocin-a	data/natural_products/carbohydrates/oxetanocin-a.yaml
CHEBI:8614	ALKALOIDS	psilocybin	data/natural_products/alkaloids/psilocybin.yaml
CHEBI:8653	ALKALOIDS	pyocyanine	data/natural_products/alkaloids/pyocyanine.yaml
CHEBI:87084	POLYKETIDES	rosamicin	data/natural_products/polyketides/rosamicin.yaml
CHEBI:87399	UNCLASSIFIED	uk-63598	data/natural_products/unclassified/uk-63598.yaml
CHEBI:88049	ALKALOIDS	7-em-epi-em-cylindrospermopsin	data/natural_products/alkaloids/7-em-epi-em-cylindrospermopsin.yaml
CHEBI:90284	UNCLASSIFIED	pirazofurin	data/natural_products/unclassified/pirazofurin.yaml
CHEBI:90888	ALKALOIDS	aurachin-c	data/natural_products/alkaloids/aurachin-c.yaml
CHEBI:90924	ALKALOIDS	aurachin-a	data/natural_products/alkaloids/aurachin-a.yaml
CHEBI:90941	CARBOHYDRATES	sibiromycin	data/natural_products/carbohydrates/sibiromycin.yaml
CHEBI:9168	POLYKETIDES	rapamycin	data/natural_products/polyketides/rapamycin.yaml
CHEBI:9169	CARBOHYDRATES	sisomicin	data/natural_products/carbohydrates/sisomicin.yaml
CHEBI:9200	POLYKETIDES	soraphen-a	data/natural_products/polyketides/soraphen-a.yaml
CHEBI:9215	CARBOHYDRATES	spectinomycin	data/natural_products/carbohydrates/spectinomycin.yaml
CHEBI:92181	POLYKETIDES	lasalocid	data/natural_products/polyketides/lasalocid.yaml
CHEBI:9232	POLYKETIDES	spinosyn-d	data/natural_products/polyketides/spinosyn-d.yaml
CHEBI:9243	UNCLASSIFIED	sporidesmin-a	data/natural_products/unclassified/sporidesmin-a.yaml
CHEBI:9287	ALKALOIDS	streptonigrin	data/natural_products/alkaloids/streptonigrin.yaml
CHEBI:9367	ALKALOIDS	swainsonine	data/natural_products/alkaloids/swainsonine.yaml
CHEBI:9381	TERPENOIDS	t-2-toxin	data/natural_products/terpenoids/t-2-toxin.yaml
CHEBI:9470	POLYKETIDES	tetracenomycin-c	data/natural_products/polyketides/tetracenomycin-c.yaml
CHEBI:9519	ALKALOIDS	thebaine	data/natural_products/alkaloids/thebaine.yaml
CHEBI:9543	ALKALOIDS	thienodolin	data/natural_products/alkaloids/thienodolin.yaml
CHEBI:9555	ALKALOIDS	thioguanine	data/natural_products/alkaloids/thioguanine.yaml
CHEBI:9973	ALKALOIDS	vibriobactin	data/natural_products/alkaloids/vibriobactin.yaml
naturalproductmech:mibig-00109dc6f8	POLYKETIDES	versipelostatin	data/natural_products/polyketides/versipelostatin.yaml
naturalproductmech:mibig-0018095d97	ALKALOIDS	closthioamide	data/natural_products/alkaloids/closthioamide.yaml
naturalproductmech:mibig-0037b4bc65	ALKALOIDS	rotihibin-a	data/natural_products/alkaloids/rotihibin-a.yaml
naturalproductmech:mibig-00426b0212	ALKALOIDS	porothramycin-a	data/natural_products/alkaloids/porothramycin-a.yaml
naturalproductmech:mibig-005498ea51	SHIKIMATES_AND_PHENYLPROPANOIDS	pentabromopseudilin	data/natural_products/shikimates_and_phenylpropanoids/pentabromopseudilin.yaml
naturalproductmech:mibig-00586a7acf	AMINO_ACIDS_AND_PEPTIDES	pacidamycin-2	data/natural_products/amino_acids_and_peptides/pacidamycin-2.yaml
naturalproductmech:mibig-0072dccd44	POLYKETIDES	bartoloside-e	data/natural_products/polyketides/bartoloside-e.yaml
naturalproductmech:mibig-007406ddf9	SHIKIMATES_AND_PHENYLPROPANOIDS	compound-8	data/natural_products/shikimates_and_phenylpropanoids/compound-8.yaml
naturalproductmech:mibig-0075dfbf0a	POLYKETIDES	macbecin	data/natural_products/polyketides/macbecin.yaml
naturalproductmech:mibig-009525b616	POLYKETIDES	ciml-d	data/natural_products/polyketides/ciml-d.yaml
naturalproductmech:mibig-00a364fe41	UNCLASSIFIED	mycosporine-glycine	data/natural_products/unclassified/mycosporine-glycine.yaml
naturalproductmech:mibig-00bcc9b9a7	POLYKETIDES	be-43767	data/natural_products/polyketides/be-43767.yaml
naturalproductmech:mibig-00dc13eb78	ALKALOIDS	imizoquin-c	data/natural_products/alkaloids/imizoquin-c.yaml
naturalproductmech:mibig-00e11b712c	AMINO_ACIDS_AND_PEPTIDES	avaroferrin	data/natural_products/amino_acids_and_peptides/avaroferrin.yaml
naturalproductmech:mibig-0118f04440	ALKALOIDS	loline	data/natural_products/alkaloids/loline.yaml
naturalproductmech:mibig-0122983292	AMINO_ACIDS_AND_PEPTIDES	epidermin	data/natural_products/amino_acids_and_peptides/epidermin.yaml
naturalproductmech:mibig-015ef4abcf	ALKALOIDS	psychrophilin-f	data/natural_products/alkaloids/psychrophilin-f.yaml
naturalproductmech:mibig-0163c915a0	FATTY_ACIDS	dioic-acid-moiety	data/natural_products/fatty_acids/dioic-acid-moiety.yaml
naturalproductmech:mibig-01731d46ec	AMINO_ACIDS_AND_PEPTIDES	feglymycin	data/natural_products/amino_acids_and_peptides/feglymycin.yaml
naturalproductmech:mibig-01862fe881	ALKALOIDS	limazepine-e	data/natural_products/alkaloids/limazepine-e.yaml
naturalproductmech:mibig-01c95beb36	CARBOHYDRATES	arginomycin	data/natural_products/carbohydrates/arginomycin.yaml
naturalproductmech:mibig-01f380e306	POLYKETIDES	tartrolon-g	data/natural_products/polyketides/tartrolon-g.yaml
naturalproductmech:mibig-02045ec850	AMINO_ACIDS_AND_PEPTIDES	tubulysin-a	data/natural_products/amino_acids_and_peptides/tubulysin-a.yaml
naturalproductmech:mibig-0229cb5e95	AMINO_ACIDS_AND_PEPTIDES	prenylagaramide-b	data/natural_products/amino_acids_and_peptides/prenylagaramide-b.yaml
naturalproductmech:mibig-0245ed9503	UNCLASSIFIED	fr-900098	data/natural_products/unclassified/fr-900098.yaml
naturalproductmech:mibig-0266645c57	POLYKETIDES	cervinomycin-c2	data/natural_products/polyketides/cervinomycin-c2.yaml
naturalproductmech:mibig-026b84f2dc	TERPENOIDS	acorenol	data/natural_products/terpenoids/acorenol.yaml
naturalproductmech:mibig-026c0fba10	SHIKIMATES_AND_PHENYLPROPANOIDS	cacibiocin-b	data/natural_products/shikimates_and_phenylpropanoids/cacibiocin-b.yaml
naturalproductmech:mibig-027ccc2a70	UNCLASSIFIED	nostopeptolide-a2	data/natural_products/unclassified/nostopeptolide-a2.yaml
naturalproductmech:mibig-02928ccd01	FATTY_ACIDS	salinipostin-e	data/natural_products/fatty_acids/salinipostin-e.yaml
naturalproductmech:mibig-029836bf63	UNCLASSIFIED	heronamide-b	data/natural_products/unclassified/heronamide-b.yaml
naturalproductmech:mibig-02c10e7eaf	AMINO_ACIDS_AND_PEPTIDES	cyanochelin-a	data/natural_products/amino_acids_and_peptides/cyanochelin-a.yaml
naturalproductmech:mibig-02c505563a	POLYKETIDES	cryptosporioptide-a	data/natural_products/polyketides/cryptosporioptide-a.yaml
naturalproductmech:mibig-02d70de917	UNCLASSIFIED	vicenistatin	data/natural_products/unclassified/vicenistatin.yaml
naturalproductmech:mibig-02e3a91d63	POLYKETIDES	monactin	data/natural_products/polyketides/monactin.yaml
naturalproductmech:mibig-02e96b1efa	POLYKETIDES	aldgamycin-p	data/natural_products/polyketides/aldgamycin-p.yaml
naturalproductmech:mibig-02f0c67532	UNCLASSIFIED	fulvuthiacene-a	data/natural_products/unclassified/fulvuthiacene-a.yaml
naturalproductmech:mibig-02fd0657f5	AMINO_ACIDS_AND_PEPTIDES	potashchelin-c	data/natural_products/amino_acids_and_peptides/potashchelin-c.yaml
naturalproductmech:mibig-031f252e22	POLYKETIDES	allocyclinone-d	data/natural_products/polyketides/allocyclinone-d.yaml
naturalproductmech:mibig-032cbe9b62	UNCLASSIFIED	paenibacterin	data/natural_products/unclassified/paenibacterin.yaml
naturalproductmech:mibig-035d26a4a6	UNCLASSIFIED	dithioclapurine	data/natural_products/unclassified/dithioclapurine.yaml
naturalproductmech:mibig-0369167f94	ALKALOIDS	psychrophilin-c	data/natural_products/alkaloids/psychrophilin-c.yaml
naturalproductmech:mibig-03758e4173	POLYKETIDES	decumbenone-b	data/natural_products/polyketides/decumbenone-b.yaml
naturalproductmech:mibig-038ee07fcc	UNCLASSIFIED	nannocystin-a	data/natural_products/unclassified/nannocystin-a.yaml
naturalproductmech:mibig-03d3b55995	AMINO_ACIDS_AND_PEPTIDES	vatiamide-e	data/natural_products/amino_acids_and_peptides/vatiamide-e.yaml
naturalproductmech:mibig-03db3f2962	ALKALOIDS	ammosester-b	data/natural_products/alkaloids/ammosester-b.yaml
naturalproductmech:mibig-03df1f25c3	ALKALOIDS	stieleriacine-a2	data/natural_products/alkaloids/stieleriacine-a2.yaml
naturalproductmech:mibig-03f1e441c0	TERPENOIDS	yanuthone-d	data/natural_products/terpenoids/yanuthone-d.yaml
naturalproductmech:mibig-041f0f3d58	ALKALOIDS	pyrrolomycin-b	data/natural_products/alkaloids/pyrrolomycin-b.yaml
naturalproductmech:mibig-042c7eea46	CARBOHYDRATES	apramycin	data/natural_products/carbohydrates/apramycin.yaml
naturalproductmech:mibig-04593f87e6	UNCLASSIFIED	teixobactin	data/natural_products/unclassified/teixobactin.yaml
naturalproductmech:mibig-046d545469	AMINO_ACIDS_AND_PEPTIDES	nukacin-isk-1	data/natural_products/amino_acids_and_peptides/nukacin-isk-1.yaml
naturalproductmech:mibig-047ef95f51	POLYKETIDES	pamamycin-649b	data/natural_products/polyketides/pamamycin-649b.yaml
naturalproductmech:mibig-04b988ae44	UNCLASSIFIED	pyrrocidine-b	data/natural_products/unclassified/pyrrocidine-b.yaml
naturalproductmech:mibig-04c341bc33	TERPENOIDS	cyslabdan-c	data/natural_products/terpenoids/cyslabdan-c.yaml
naturalproductmech:mibig-04dcc8b38a	POLYKETIDES	pentangumycin	data/natural_products/polyketides/pentangumycin.yaml
naturalproductmech:mibig-04fef71b28	AMINO_ACIDS_AND_PEPTIDES	gamexpeptide-c	data/natural_products/amino_acids_and_peptides/gamexpeptide-c.yaml
naturalproductmech:mibig-053a1aaa01	AMINO_ACIDS_AND_PEPTIDES	pacidamycin-4	data/natural_products/amino_acids_and_peptides/pacidamycin-4.yaml
naturalproductmech:mibig-05420ecdad	ALKALOIDS	serratiochelin-c	data/natural_products/alkaloids/serratiochelin-c.yaml
naturalproductmech:mibig-05a2069b99	UNCLASSIFIED	bombyxamycin-a	data/natural_products/unclassified/bombyxamycin-a.yaml
naturalproductmech:mibig-05afd936c8	POLYKETIDES	kendomycin	data/natural_products/polyketides/kendomycin.yaml
naturalproductmech:mibig-05ca4bd7f0	POLYKETIDES	aldgamycin-k	data/natural_products/polyketides/aldgamycin-k.yaml
naturalproductmech:mibig-05d3a7c303	POLYKETIDES	loseolamycin-a1	data/natural_products/polyketides/loseolamycin-a1.yaml
naturalproductmech:mibig-05db09f148	UNCLASSIFIED	paraherquonin	data/natural_products/unclassified/paraherquonin.yaml
naturalproductmech:mibig-05fc614dae	CARBOHYDRATES	liposidomycin-l	data/natural_products/carbohydrates/liposidomycin-l.yaml
naturalproductmech:mibig-060446dd91	UNCLASSIFIED	keanumycin-a	data/natural_products/unclassified/keanumycin-a.yaml
naturalproductmech:mibig-0611282d49	UNCLASSIFIED	dkxanthene-574	data/natural_products/unclassified/dkxanthene-574.yaml
naturalproductmech:mibig-06138dcab3	POLYKETIDES	phorbactazole-a	data/natural_products/polyketides/phorbactazole-a.yaml
naturalproductmech:mibig-06204b676b	UNCLASSIFIED	aflatoxin-g1	data/natural_products/unclassified/aflatoxin-g1.yaml
naturalproductmech:mibig-0643813b18	POLYKETIDES	isofuranonaphthoquinone-b	data/natural_products/polyketides/isofuranonaphthoquinone-b.yaml
naturalproductmech:mibig-0658bf8e16	POLYKETIDES	leupyrrin-d	data/natural_products/polyketides/leupyrrin-d.yaml
naturalproductmech:mibig-06642c99fb	UNCLASSIFIED	hassallidin-d	data/natural_products/unclassified/hassallidin-d.yaml
naturalproductmech:mibig-066fb5437f	ALKALOIDS	closoxazole-b	data/natural_products/alkaloids/closoxazole-b.yaml
naturalproductmech:mibig-06827ebbfc	UNCLASSIFIED	vioprolide-a	data/natural_products/unclassified/vioprolide-a.yaml
naturalproductmech:mibig-06927b7e16	UNCLASSIFIED	asterrelenin	data/natural_products/unclassified/asterrelenin.yaml
naturalproductmech:mibig-06d4f6759f	AMINO_ACIDS_AND_PEPTIDES	microginin-755	data/natural_products/amino_acids_and_peptides/microginin-755.yaml
naturalproductmech:mibig-06e8749233	CARBOHYDRATES	oligosaccharide-3-glcnac-1-4-glcnac-1-4-glcnac-1-4-1-6-anhydro-glcnac	data/natural_products/carbohydrates/oligosaccharide-3-glcnac-1-4-glcnac-1-4-glcnac-1-4-1-6-anhydro-glcnac.yaml
naturalproductmech:mibig-06ee60b602	POLYKETIDES	calicheamicin	data/natural_products/polyketides/calicheamicin.yaml
naturalproductmech:mibig-07177025c6	UNCLASSIFIED	colletorin-b	data/natural_products/unclassified/colletorin-b.yaml
naturalproductmech:mibig-07356c7a34	POLYKETIDES	jomthonic-acid-b	data/natural_products/polyketides/jomthonic-acid-b.yaml
naturalproductmech:mibig-073eed8f4b	AMINO_ACIDS_AND_PEPTIDES	kocurin	data/natural_products/amino_acids_and_peptides/kocurin.yaml
naturalproductmech:mibig-07405aeb75	AMINO_ACIDS_AND_PEPTIDES	marthiapeptide-a	data/natural_products/amino_acids_and_peptides/marthiapeptide-a.yaml
naturalproductmech:mibig-076837ffc7	AMINO_ACIDS_AND_PEPTIDES	cinnabaramide-a	data/natural_products/amino_acids_and_peptides/cinnabaramide-a.yaml
naturalproductmech:mibig-077a91ddc8	UNCLASSIFIED	locillomycin	data/natural_products/unclassified/locillomycin.yaml
naturalproductmech:mibig-0788a44225	CARBOHYDRATES	a-503083-a	data/natural_products/carbohydrates/a-503083-a.yaml
naturalproductmech:mibig-078e4803f6	POLYKETIDES	terrestric-acid	data/natural_products/polyketides/terrestric-acid.yaml
naturalproductmech:mibig-0802893527	AMINO_ACIDS_AND_PEPTIDES	imizoquin-b	data/natural_products/amino_acids_and_peptides/imizoquin-b.yaml
naturalproductmech:mibig-080d9481a3	AMINO_ACIDS_AND_PEPTIDES	bacilysin	data/natural_products/amino_acids_and_peptides/bacilysin.yaml
naturalproductmech:mibig-08273545fa	AMINO_ACIDS_AND_PEPTIDES	sessilin-a	data/natural_products/amino_acids_and_peptides/sessilin-a.yaml
naturalproductmech:mibig-083c304beb	POLYKETIDES	grincamycin	data/natural_products/polyketides/grincamycin.yaml
naturalproductmech:mibig-083e785437	CARBOHYDRATES	photolose	data/natural_products/carbohydrates/photolose.yaml
naturalproductmech:mibig-087035ab5d	AMINO_ACIDS_AND_PEPTIDES	gaburedin-a	data/natural_products/amino_acids_and_peptides/gaburedin-a.yaml
naturalproductmech:mibig-08763e9bdc	AMINO_ACIDS_AND_PEPTIDES	isocomplestatin	data/natural_products/amino_acids_and_peptides/isocomplestatin.yaml
naturalproductmech:mibig-08be9ef8b0	POLYKETIDES	fumonisin-b3	data/natural_products/polyketides/fumonisin-b3.yaml
naturalproductmech:mibig-08c1062e94	POLYKETIDES	2-3-dihydrosorbicillin	data/natural_products/polyketides/2-3-dihydrosorbicillin.yaml
naturalproductmech:mibig-08c35872c0	POLYKETIDES	tylactone	data/natural_products/polyketides/tylactone.yaml
naturalproductmech:mibig-08d0762edb	POLYKETIDES	mycemycin-a	data/natural_products/polyketides/mycemycin-a.yaml
naturalproductmech:mibig-08d2bb53af	AMINO_ACIDS_AND_PEPTIDES	pseudovibriamide-b4	data/natural_products/amino_acids_and_peptides/pseudovibriamide-b4.yaml
naturalproductmech:mibig-08e62a89df	POLYKETIDES	mensacaricin	data/natural_products/polyketides/mensacaricin.yaml
naturalproductmech:mibig-08ec55c449	ALKALOIDS	izumiphenazine-c	data/natural_products/alkaloids/izumiphenazine-c.yaml
naturalproductmech:mibig-09015d044e	UNCLASSIFIED	emeridone-f	data/natural_products/unclassified/emeridone-f.yaml
naturalproductmech:mibig-09107046b4	AMINO_ACIDS_AND_PEPTIDES	ericin-s	data/natural_products/amino_acids_and_peptides/ericin-s.yaml
naturalproductmech:mibig-0910c6211d	ALKALOIDS	gaburedin-d	data/natural_products/alkaloids/gaburedin-d.yaml
naturalproductmech:mibig-094f8c95c8	UNCLASSIFIED	nodulisporic-acid-f	data/natural_products/unclassified/nodulisporic-acid-f.yaml
naturalproductmech:mibig-095c196e17	POLYKETIDES	luminaolide	data/natural_products/polyketides/luminaolide.yaml
naturalproductmech:mibig-095dd20eab	UNCLASSIFIED	pactamide-d	data/natural_products/unclassified/pactamide-d.yaml
naturalproductmech:mibig-097256c9a9	POLYKETIDES	asparasone-a	data/natural_products/polyketides/asparasone-a.yaml
naturalproductmech:mibig-099cf744f9	ALKALOIDS	5athq-9n	data/natural_products/alkaloids/5athq-9n.yaml
naturalproductmech:mibig-09c929043b	UNCLASSIFIED	frontalamide-a	data/natural_products/unclassified/frontalamide-a.yaml
naturalproductmech:mibig-09cf9a45f2	ALKALOIDS	watasemycin-b	data/natural_products/alkaloids/watasemycin-b.yaml
naturalproductmech:mibig-0a1a366833	UNCLASSIFIED	okaramine-b	data/natural_products/unclassified/okaramine-b.yaml
naturalproductmech:mibig-0a1c9f30af	FATTY_ACIDS	galactosylceramide	data/natural_products/fatty_acids/galactosylceramide.yaml
naturalproductmech:mibig-0a46a0ec04	AMINO_ACIDS_AND_PEPTIDES	radamycin	data/natural_products/amino_acids_and_peptides/radamycin.yaml
naturalproductmech:mibig-0a57512072	POLYKETIDES	lysolipin-i	data/natural_products/polyketides/lysolipin-i.yaml
naturalproductmech:mibig-0a7091b76f	UNCLASSIFIED	burkholdac-a	data/natural_products/unclassified/burkholdac-a.yaml
naturalproductmech:mibig-0a89c3541b	ALKALOIDS	congocidine	data/natural_products/alkaloids/congocidine.yaml
naturalproductmech:mibig-0a94131bdf	POLYKETIDES	chivosazol	data/natural_products/polyketides/chivosazol.yaml
naturalproductmech:mibig-0a9f63a500	SHIKIMATES_AND_PHENYLPROPANOIDS	xenocoumacin-1	data/natural_products/shikimates_and_phenylpropanoids/xenocoumacin-1.yaml
naturalproductmech:mibig-0abae5b591	UNCLASSIFIED	enduracidin-b	data/natural_products/unclassified/enduracidin-b.yaml
naturalproductmech:mibig-0acc87a2e5	UNCLASSIFIED	fa2097	data/natural_products/unclassified/fa2097.yaml
naturalproductmech:mibig-0ae653ce61	ALKALOIDS	chaetoglobosin-c	data/natural_products/alkaloids/chaetoglobosin-c.yaml
naturalproductmech:mibig-0b01916148	AMINO_ACIDS_AND_PEPTIDES	microcystin	data/natural_products/amino_acids_and_peptides/microcystin.yaml
naturalproductmech:mibig-0b095685c4	POLYKETIDES	phomopsin-b	data/natural_products/polyketides/phomopsin-b.yaml
naturalproductmech:mibig-0b0a404b69	ALKALOIDS	photobactin	data/natural_products/alkaloids/photobactin.yaml
naturalproductmech:mibig-0b5d40140f	AMINO_ACIDS_AND_PEPTIDES	subtilosin-a	data/natural_products/amino_acids_and_peptides/subtilosin-a.yaml
naturalproductmech:mibig-0b661d26aa	AMINO_ACIDS_AND_PEPTIDES	cahuitamycin-a	data/natural_products/amino_acids_and_peptides/cahuitamycin-a.yaml
naturalproductmech:mibig-0b798a7449	UNCLASSIFIED	bombyxamycin-b	data/natural_products/unclassified/bombyxamycin-b.yaml
naturalproductmech:mibig-0b86a253f1	UNCLASSIFIED	echinomycin	data/natural_products/unclassified/echinomycin.yaml
naturalproductmech:mibig-0b9cecc4b0	CARBOHYDRATES	showdomycin	data/natural_products/carbohydrates/showdomycin.yaml
naturalproductmech:mibig-0bd0a2e60f	AMINO_ACIDS_AND_PEPTIDES	cyclothiazomycin-b1	data/natural_products/amino_acids_and_peptides/cyclothiazomycin-b1.yaml
naturalproductmech:mibig-0bd6ab53bc	TERPENOIDS	4-acetoxytetrahydrobotryslactone	data/natural_products/terpenoids/4-acetoxytetrahydrobotryslactone.yaml
naturalproductmech:mibig-0bfdbd3cfa	FATTY_ACIDS	salinipostin-c	data/natural_products/fatty_acids/salinipostin-c.yaml
naturalproductmech:mibig-0c1de78dda	ALKALOIDS	5athq-9i	data/natural_products/alkaloids/5athq-9i.yaml
naturalproductmech:mibig-0c26028cb2	ALKALOIDS	lymphostinol	data/natural_products/alkaloids/lymphostinol.yaml
naturalproductmech:mibig-0c2b352386	FATTY_ACIDS	desulfoclethramycin	data/natural_products/fatty_acids/desulfoclethramycin.yaml
naturalproductmech:mibig-0c34c884c4	AMINO_ACIDS_AND_PEPTIDES	ge81112	data/natural_products/amino_acids_and_peptides/ge81112.yaml
naturalproductmech:mibig-0c4bcd09ec	UNCLASSIFIED	brasiliamide-d	data/natural_products/unclassified/brasiliamide-d.yaml
naturalproductmech:mibig-0c6cf3417d	UNCLASSIFIED	massiliachelin	data/natural_products/unclassified/massiliachelin.yaml
naturalproductmech:mibig-0c80cf3f29	ALKALOIDS	baumannoferrin-a	data/natural_products/alkaloids/baumannoferrin-a.yaml
naturalproductmech:mibig-0c963509fd	ALKALOIDS	chaetoglobosin-a	data/natural_products/alkaloids/chaetoglobosin-a.yaml
naturalproductmech:mibig-0cbf70fdaa	UNCLASSIFIED	nocardiopsin-d	data/natural_products/unclassified/nocardiopsin-d.yaml
naturalproductmech:mibig-0cca2be4be	AMINO_ACIDS_AND_PEPTIDES	bosamycin-b	data/natural_products/amino_acids_and_peptides/bosamycin-b.yaml
naturalproductmech:mibig-0ce6527209	UNCLASSIFIED	jamaicamide-a	data/natural_products/unclassified/jamaicamide-a.yaml
naturalproductmech:mibig-0d10efb888	UNCLASSIFIED	4-deoxygadusol	data/natural_products/unclassified/4-deoxygadusol.yaml
naturalproductmech:mibig-0d1179a74d	AMINO_ACIDS_AND_PEPTIDES	pseudovibriamide-a1	data/natural_products/amino_acids_and_peptides/pseudovibriamide-a1.yaml
naturalproductmech:mibig-0d1525f9fe	UNCLASSIFIED	pheganomycin	data/natural_products/unclassified/pheganomycin.yaml
naturalproductmech:mibig-0d22a8452a	UNCLASSIFIED	ws9326c	data/natural_products/unclassified/ws9326c.yaml
naturalproductmech:mibig-0d5d5c8f30	AMINO_ACIDS_AND_PEPTIDES	malonomycin	data/natural_products/amino_acids_and_peptides/malonomycin.yaml
naturalproductmech:mibig-0d66b83278	TERPENOIDS	6-isoheptadecyl-4-o-geranyl-2-methoxyhydroquinone	data/natural_products/terpenoids/6-isoheptadecyl-4-o-geranyl-2-methoxyhydroquinone.yaml
naturalproductmech:mibig-0d69f59d36	FATTY_ACIDS	methyl-2s-4-methyl-2-octanoylamino-pentanoate	data/natural_products/fatty_acids/methyl-2s-4-methyl-2-octanoylamino-pentanoate.yaml
naturalproductmech:mibig-0d83d03407	AMINO_ACIDS_AND_PEPTIDES	bolagladin-a	data/natural_products/amino_acids_and_peptides/bolagladin-a.yaml
naturalproductmech:mibig-0d84c1cddc	ALKALOIDS	colibrimycin	data/natural_products/alkaloids/colibrimycin.yaml
naturalproductmech:mibig-0d8e1169ce	POLYKETIDES	duclauxin	data/natural_products/polyketides/duclauxin.yaml
naturalproductmech:mibig-0dabf0a208	UNCLASSIFIED	thiolactomycin	data/natural_products/unclassified/thiolactomycin.yaml
naturalproductmech:mibig-0dc1decf40	POLYKETIDES	fluostatin-g	data/natural_products/polyketides/fluostatin-g.yaml
naturalproductmech:mibig-0dc63932d0	UNCLASSIFIED	syringomycin	data/natural_products/unclassified/syringomycin.yaml
naturalproductmech:mibig-0dcba95782	AMINO_ACIDS_AND_PEPTIDES	bacillomycin-d	data/natural_products/amino_acids_and_peptides/bacillomycin-d.yaml
naturalproductmech:mibig-0dd7b68dcd	AMINO_ACIDS_AND_PEPTIDES	compound-3	data/natural_products/amino_acids_and_peptides/compound-3.yaml
naturalproductmech:mibig-0e2171938b	AMINO_ACIDS_AND_PEPTIDES	2-formyloxymethylclavam	data/natural_products/amino_acids_and_peptides/2-formyloxymethylclavam.yaml
naturalproductmech:mibig-0e3ead265f	POLYKETIDES	flaviolin-rhamnoside	data/natural_products/polyketides/flaviolin-rhamnoside.yaml
naturalproductmech:mibig-0e441fc615	AMINO_ACIDS_AND_PEPTIDES	mechercharmycin	data/natural_products/amino_acids_and_peptides/mechercharmycin.yaml
naturalproductmech:mibig-0e45c3215b	ALKALOIDS	asterriquinone-ct5	data/natural_products/alkaloids/asterriquinone-ct5.yaml
naturalproductmech:mibig-0e51dee0e5	AMINO_ACIDS_AND_PEPTIDES	keratinimicin-c	data/natural_products/amino_acids_and_peptides/keratinimicin-c.yaml
naturalproductmech:mibig-0e7dc695d0	TERPENOIDS	asperaculane-a	data/natural_products/terpenoids/asperaculane-a.yaml
naturalproductmech:mibig-0e8fb283fe	UNCLASSIFIED	pelgipeptin-a	data/natural_products/unclassified/pelgipeptin-a.yaml
naturalproductmech:mibig-0e93e6d8f3	AMINO_ACIDS_AND_PEPTIDES	2-2-hydroxyethyl-clavam	data/natural_products/amino_acids_and_peptides/2-2-hydroxyethyl-clavam.yaml
naturalproductmech:mibig-0ea28266f1	TERPENOIDS	sodorifen	data/natural_products/terpenoids/sodorifen.yaml
naturalproductmech:mibig-0ea630dfd0	POLYKETIDES	rustmicin	data/natural_products/polyketides/rustmicin.yaml
naturalproductmech:mibig-0eb8c93c6f	TERPENOIDS	2-methylisoborneol	data/natural_products/terpenoids/2-methylisoborneol.yaml
naturalproductmech:mibig-0ebff6883a	POLYKETIDES	kiamycin	data/natural_products/polyketides/kiamycin.yaml
naturalproductmech:mibig-0ec1fe5f0f	AMINO_ACIDS_AND_PEPTIDES	tp-1161	data/natural_products/amino_acids_and_peptides/tp-1161.yaml
naturalproductmech:mibig-0ed362dd75	ALKALOIDS	2-methylisoborneol-2	data/natural_products/alkaloids/2-methylisoborneol-2.yaml
naturalproductmech:mibig-0f32a3d575	AMINO_ACIDS_AND_PEPTIDES	saccharochelin-e	data/natural_products/amino_acids_and_peptides/saccharochelin-e.yaml
naturalproductmech:mibig-0f4777d2a4	POLYKETIDES	carotenoid	data/natural_products/polyketides/carotenoid.yaml
naturalproductmech:mibig-0f5eeb8dd0	SHIKIMATES_AND_PHENYLPROPANOIDS	semivioxanthin	data/natural_products/shikimates_and_phenylpropanoids/semivioxanthin.yaml
naturalproductmech:mibig-0f74c2ae70	POLYKETIDES	meridamycin	data/natural_products/polyketides/meridamycin.yaml
naturalproductmech:mibig-0fa917b9ae	FATTY_ACIDS	1233b	data/natural_products/fatty_acids/1233b.yaml
naturalproductmech:mibig-0fb6156b95	UNCLASSIFIED	subglutinol-b	data/natural_products/unclassified/subglutinol-b.yaml
naturalproductmech:mibig-0fb6b72d81	AMINO_ACIDS_AND_PEPTIDES	theonellamide	data/natural_products/amino_acids_and_peptides/theonellamide.yaml
naturalproductmech:mibig-0fe3bf9750	TERPENOIDS	hordediene	data/natural_products/terpenoids/hordediene.yaml
naturalproductmech:mibig-0fee8c3707	UNCLASSIFIED	microviridin-j	data/natural_products/unclassified/microviridin-j.yaml
naturalproductmech:mibig-100cb9a936	POLYKETIDES	isofuranonaphthoquinone-a	data/natural_products/polyketides/isofuranonaphthoquinone-a.yaml
naturalproductmech:mibig-102ef52197	ALKALOIDS	indimicin-a	data/natural_products/alkaloids/indimicin-a.yaml
naturalproductmech:mibig-10303d5bf6	POLYKETIDES	hatomarubigin-c	data/natural_products/polyketides/hatomarubigin-c.yaml
naturalproductmech:mibig-103b343943	AMINO_ACIDS_AND_PEPTIDES	zelkovamycin-b	data/natural_products/amino_acids_and_peptides/zelkovamycin-b.yaml
naturalproductmech:mibig-104a86830c	UNCLASSIFIED	pactamide-b	data/natural_products/unclassified/pactamide-b.yaml
naturalproductmech:mibig-10534efe32	UNCLASSIFIED	rakicidin-b	data/natural_products/unclassified/rakicidin-b.yaml
naturalproductmech:mibig-1056767e6b	UNCLASSIFIED	cda2b	data/natural_products/unclassified/cda2b.yaml
naturalproductmech:mibig-10668139e4	UNCLASSIFIED	telomestatin	data/natural_products/unclassified/telomestatin.yaml
naturalproductmech:mibig-107f44eb47	POLYKETIDES	sporolide-b	data/natural_products/polyketides/sporolide-b.yaml
naturalproductmech:mibig-1085be1f35	ALKALOIDS	malbrancheamide-a	data/natural_products/alkaloids/malbrancheamide-a.yaml
naturalproductmech:mibig-1092ec04a8	UNCLASSIFIED	gramibactin	data/natural_products/unclassified/gramibactin.yaml
naturalproductmech:mibig-109e69b9bd	AMINO_ACIDS_AND_PEPTIDES	virginiafactin-d	data/natural_products/amino_acids_and_peptides/virginiafactin-d.yaml
naturalproductmech:mibig-10aedf879d	POLYKETIDES	pamamycin-607	data/natural_products/polyketides/pamamycin-607.yaml
naturalproductmech:mibig-10fda622fe	TERPENOIDS	12-hydroxydehydrobotrydienol	data/natural_products/terpenoids/12-hydroxydehydrobotrydienol.yaml
naturalproductmech:mibig-1115383916	UNCLASSIFIED	acu-dioxomorpholine-b	data/natural_products/unclassified/acu-dioxomorpholine-b.yaml
naturalproductmech:mibig-111d6c7e51	ALKALOIDS	n-formylloline	data/natural_products/alkaloids/n-formylloline.yaml
naturalproductmech:mibig-1155c4085f	ALKALOIDS	1-6-phenazinedimethanol	data/natural_products/alkaloids/1-6-phenazinedimethanol.yaml
naturalproductmech:mibig-115d7582e0	UNCLASSIFIED	azinomycin-b	data/natural_products/unclassified/azinomycin-b.yaml
naturalproductmech:mibig-11621888ac	UNCLASSIFIED	miharamycin-a	data/natural_products/unclassified/miharamycin-a.yaml
naturalproductmech:mibig-11a1ff13cc	POLYKETIDES	hatomarubigin-b	data/natural_products/polyketides/hatomarubigin-b.yaml
naturalproductmech:mibig-124162ee94	ALKALOIDS	argimycin-piv	data/natural_products/alkaloids/argimycin-piv.yaml
naturalproductmech:mibig-124d23f1e5	POLYKETIDES	dehydrocurvularin	data/natural_products/polyketides/dehydrocurvularin.yaml
naturalproductmech:mibig-1253be8cf8	POLYKETIDES	6-isoheptadecyl-4-o-dihydrogeranyl-2-methoxyhydroquinone	data/natural_products/polyketides/6-isoheptadecyl-4-o-dihydrogeranyl-2-methoxyhydroquinone.yaml
naturalproductmech:mibig-12602acb75	POLYKETIDES	cosmomycin-c	data/natural_products/polyketides/cosmomycin-c.yaml
naturalproductmech:mibig-128484f040	UNCLASSIFIED	sungeidine-a	data/natural_products/unclassified/sungeidine-a.yaml
naturalproductmech:mibig-128f11885c	UNCLASSIFIED	napyradiomycin-4	data/natural_products/unclassified/napyradiomycin-4.yaml
naturalproductmech:mibig-1295eec683	ALKALOIDS	communesin-b	data/natural_products/alkaloids/communesin-b.yaml
naturalproductmech:mibig-1297596e1c	UNCLASSIFIED	hormaomycin-a1	data/natural_products/unclassified/hormaomycin-a1.yaml
naturalproductmech:mibig-12a62b4126	POLYKETIDES	homopiloquinone	data/natural_products/polyketides/homopiloquinone.yaml
naturalproductmech:mibig-12c5ea5323	AMINO_ACIDS_AND_PEPTIDES	amonabactin-p-750	data/natural_products/amino_acids_and_peptides/amonabactin-p-750.yaml
naturalproductmech:mibig-12dcf2ebce	ALKALOIDS	ergovaline	data/natural_products/alkaloids/ergovaline.yaml
naturalproductmech:mibig-12ddf2da91	POLYKETIDES	benastatin-b	data/natural_products/polyketides/benastatin-b.yaml
naturalproductmech:mibig-12e78217a1	POLYKETIDES	saquayamycin-z	data/natural_products/polyketides/saquayamycin-z.yaml
naturalproductmech:mibig-12f16033d3	CARBOHYDRATES	oligosaccharide-1-glcnac-1-4-1-6-anhydro-glcnac	data/natural_products/carbohydrates/oligosaccharide-1-glcnac-1-4-1-6-anhydro-glcnac.yaml
naturalproductmech:mibig-13030664c0	UNCLASSIFIED	clifednamide-e	data/natural_products/unclassified/clifednamide-e.yaml
naturalproductmech:mibig-1311eabb76	UNCLASSIFIED	stieleriacine-b2	data/natural_products/unclassified/stieleriacine-b2.yaml
naturalproductmech:mibig-1347378e5d	POLYKETIDES	campyrone-b	data/natural_products/polyketides/campyrone-b.yaml
naturalproductmech:mibig-1375f78f6d	POLYKETIDES	t22azaphilone	data/natural_products/polyketides/t22azaphilone.yaml
naturalproductmech:mibig-137c619e9f	AMINO_ACIDS_AND_PEPTIDES	a50926-b	data/natural_products/amino_acids_and_peptides/a50926-b.yaml
naturalproductmech:mibig-1383252107	AMINO_ACIDS_AND_PEPTIDES	bacillopaline	data/natural_products/amino_acids_and_peptides/bacillopaline.yaml
naturalproductmech:mibig-138859c37f	AMINO_ACIDS_AND_PEPTIDES	tubulysin-b	data/natural_products/amino_acids_and_peptides/tubulysin-b.yaml
naturalproductmech:mibig-1398555989	CARBOHYDRATES	streptothricin-f	data/natural_products/carbohydrates/streptothricin-f.yaml
naturalproductmech:mibig-13a88562da	POLYKETIDES	lorneic-acid-a	data/natural_products/polyketides/lorneic-acid-a.yaml
naturalproductmech:mibig-13c88aacab	TERPENOIDS	thioplatensilin	data/natural_products/terpenoids/thioplatensilin.yaml
naturalproductmech:mibig-13de024174	POLYKETIDES	monocillin-v	data/natural_products/polyketides/monocillin-v.yaml
naturalproductmech:mibig-13e3c54c7c	POLYKETIDES	meilingmycin	data/natural_products/polyketides/meilingmycin.yaml
naturalproductmech:mibig-13f5534fd5	AMINO_ACIDS_AND_PEPTIDES	depsibosamycin-b	data/natural_products/amino_acids_and_peptides/depsibosamycin-b.yaml
naturalproductmech:mibig-1439bab61e	ALKALOIDS	3-epi-welwitindolinone-b-isothiocyanate	data/natural_products/alkaloids/3-epi-welwitindolinone-b-isothiocyanate.yaml
naturalproductmech:mibig-14769cd3b6	ALKALOIDS	phomacin-e	data/natural_products/alkaloids/phomacin-e.yaml
naturalproductmech:mibig-14989426ab	POLYKETIDES	ossamycin	data/natural_products/polyketides/ossamycin.yaml
naturalproductmech:mibig-14d7cc15c5	POLYKETIDES	resistomycin	data/natural_products/polyketides/resistomycin.yaml
naturalproductmech:mibig-153236a4d1	UNCLASSIFIED	okaramine-d	data/natural_products/unclassified/okaramine-d.yaml
naturalproductmech:mibig-154a93685e	ALKALOIDS	communesin-h	data/natural_products/alkaloids/communesin-h.yaml
naturalproductmech:mibig-15541061e0	AMINO_ACIDS_AND_PEPTIDES	syringafactin-a	data/natural_products/amino_acids_and_peptides/syringafactin-a.yaml
naturalproductmech:mibig-15711df6bb	POLYKETIDES	fluostatin-d	data/natural_products/polyketides/fluostatin-d.yaml
naturalproductmech:mibig-157d5d867d	ALKALOIDS	sesbanimide-e	data/natural_products/alkaloids/sesbanimide-e.yaml
naturalproductmech:mibig-157e75a131	POLYKETIDES	betaenone-a	data/natural_products/polyketides/betaenone-a.yaml
naturalproductmech:mibig-158d84566b	ALKALOIDS	ambiguine-p	data/natural_products/alkaloids/ambiguine-p.yaml
naturalproductmech:mibig-158e50fe85	AMINO_ACIDS_AND_PEPTIDES	piricyclamide-7005e3	data/natural_products/amino_acids_and_peptides/piricyclamide-7005e3.yaml
naturalproductmech:mibig-15ad5ca75d	ALKALOIDS	welwitindolinone-b-isothiocyanate	data/natural_products/alkaloids/welwitindolinone-b-isothiocyanate.yaml
naturalproductmech:mibig-160c8c344c	TERPENOIDS	platensilin	data/natural_products/terpenoids/platensilin.yaml
naturalproductmech:mibig-167cd23557	UNCLASSIFIED	largimycin-a3	data/natural_products/unclassified/largimycin-a3.yaml
naturalproductmech:mibig-168c211a3d	AMINO_ACIDS_AND_PEPTIDES	stlassin	data/natural_products/amino_acids_and_peptides/stlassin.yaml
naturalproductmech:mibig-169c3d5515	AMINO_ACIDS_AND_PEPTIDES	heinamide-b5	data/natural_products/amino_acids_and_peptides/heinamide-b5.yaml
naturalproductmech:mibig-16d5808425	AMINO_ACIDS_AND_PEPTIDES	huascopeptin	data/natural_products/amino_acids_and_peptides/huascopeptin.yaml
naturalproductmech:mibig-16d64bc2cb	UNCLASSIFIED	kitacinnamycin-a	data/natural_products/unclassified/kitacinnamycin-a.yaml
naturalproductmech:mibig-16e489c366	POLYKETIDES	brasilinolide-c	data/natural_products/polyketides/brasilinolide-c.yaml
naturalproductmech:mibig-170342f201	AMINO_ACIDS_AND_PEPTIDES	isodomoic-acid-b	data/natural_products/amino_acids_and_peptides/isodomoic-acid-b.yaml
naturalproductmech:mibig-17059fc028	AMINO_ACIDS_AND_PEPTIDES	myxoprincomide-c506	data/natural_products/amino_acids_and_peptides/myxoprincomide-c506.yaml
naturalproductmech:mibig-1712242414	AMINO_ACIDS_AND_PEPTIDES	friulimicin-a	data/natural_products/amino_acids_and_peptides/friulimicin-a.yaml
naturalproductmech:mibig-171826f703	UNCLASSIFIED	lobosamide-b	data/natural_products/unclassified/lobosamide-b.yaml
naturalproductmech:mibig-171daf3d42	ALKALOIDS	aurachin-re	data/natural_products/alkaloids/aurachin-re.yaml
naturalproductmech:mibig-1729312967	AMINO_ACIDS_AND_PEPTIDES	scytocyclamide-b	data/natural_products/amino_acids_and_peptides/scytocyclamide-b.yaml
naturalproductmech:mibig-17453b9a69	AMINO_ACIDS_AND_PEPTIDES	tauramamide	data/natural_products/amino_acids_and_peptides/tauramamide.yaml
naturalproductmech:mibig-1752f46d70	ALKALOIDS	corynecin-iii	data/natural_products/alkaloids/corynecin-iii.yaml
naturalproductmech:mibig-1756f20ded	AMINO_ACIDS_AND_PEPTIDES	microcystin-lm	data/natural_products/amino_acids_and_peptides/microcystin-lm.yaml
naturalproductmech:mibig-17614175a8	ALKALOIDS	marinacarboline-c	data/natural_products/alkaloids/marinacarboline-c.yaml
naturalproductmech:mibig-178140d34c	SHIKIMATES_AND_PHENYLPROPANOIDS	chartreusin	data/natural_products/shikimates_and_phenylpropanoids/chartreusin.yaml
naturalproductmech:mibig-17fa2a8971	FATTY_ACIDS	n-myristoyl-d-asparagine	data/natural_products/fatty_acids/n-myristoyl-d-asparagine.yaml
naturalproductmech:mibig-1824ca86bb	POLYKETIDES	lovastatin	data/natural_products/polyketides/lovastatin.yaml
naturalproductmech:mibig-1826fe4e49	POLYKETIDES	k-41a	data/natural_products/polyketides/k-41a.yaml
naturalproductmech:mibig-182e475a70	ALKALOIDS	2-heptylquinolin-4-1h-one	data/natural_products/alkaloids/2-heptylquinolin-4-1h-one.yaml
naturalproductmech:mibig-184ce3d582	AMINO_ACIDS_AND_PEPTIDES	koranimine	data/natural_products/amino_acids_and_peptides/koranimine.yaml
naturalproductmech:mibig-185794c7f8	ALKALOIDS	o-sulfonated-actinopolymorphol-c	data/natural_products/alkaloids/o-sulfonated-actinopolymorphol-c.yaml
naturalproductmech:mibig-18630c76c6	AMINO_ACIDS_AND_PEPTIDES	ririwpeptide-a	data/natural_products/amino_acids_and_peptides/ririwpeptide-a.yaml
naturalproductmech:mibig-18658335e2	UNCLASSIFIED	ape-vf	data/natural_products/unclassified/ape-vf.yaml
naturalproductmech:mibig-1881debca3	POLYKETIDES	hygrocin-b	data/natural_products/polyketides/hygrocin-b.yaml
naturalproductmech:mibig-18960c6fdc	UNCLASSIFIED	stechlisin-c3	data/natural_products/unclassified/stechlisin-c3.yaml
naturalproductmech:mibig-18ba3c758c	UNCLASSIFIED	youssoufene-b4	data/natural_products/unclassified/youssoufene-b4.yaml
naturalproductmech:mibig-18c1dde7bd	AMINO_ACIDS_AND_PEPTIDES	patellamide-b	data/natural_products/amino_acids_and_peptides/patellamide-b.yaml
naturalproductmech:mibig-18de581c96	POLYKETIDES	a23187	data/natural_products/polyketides/a23187.yaml
naturalproductmech:mibig-18e3a7edca	UNCLASSIFIED	chaetocin	data/natural_products/unclassified/chaetocin.yaml
naturalproductmech:mibig-18f05f36f2	ALKALOIDS	marinacarboline-b	data/natural_products/alkaloids/marinacarboline-b.yaml
naturalproductmech:mibig-19291ef2c1	AMINO_ACIDS_AND_PEPTIDES	saccharochelin-g	data/natural_products/amino_acids_and_peptides/saccharochelin-g.yaml
naturalproductmech:mibig-193acb83ac	AMINO_ACIDS_AND_PEPTIDES	azolemycin-a	data/natural_products/amino_acids_and_peptides/azolemycin-a.yaml
naturalproductmech:mibig-1971f7cb72	UNCLASSIFIED	marinostatin	data/natural_products/unclassified/marinostatin.yaml
naturalproductmech:mibig-19936671d7	UNCLASSIFIED	kitacinnamycin-d	data/natural_products/unclassified/kitacinnamycin-d.yaml
naturalproductmech:mibig-19c74f323f	AMINO_ACIDS_AND_PEPTIDES	chitinimide-b	data/natural_products/amino_acids_and_peptides/chitinimide-b.yaml
naturalproductmech:mibig-19d04b1f10	AMINO_ACIDS_AND_PEPTIDES	cahuitamycin-b	data/natural_products/amino_acids_and_peptides/cahuitamycin-b.yaml
naturalproductmech:mibig-19d3009d56	UNCLASSIFIED	xenoacremone-a	data/natural_products/unclassified/xenoacremone-a.yaml
naturalproductmech:mibig-1a08210df0	POLYKETIDES	primycin	data/natural_products/polyketides/primycin.yaml
naturalproductmech:mibig-1a1125a519	ALKALOIDS	dorrigocin-b	data/natural_products/alkaloids/dorrigocin-b.yaml
naturalproductmech:mibig-1a2493f8d7	POLYKETIDES	f9775a	data/natural_products/polyketides/f9775a.yaml
naturalproductmech:mibig-1a27beb813	TERPENOIDS	phyllocladan-16-ol	data/natural_products/terpenoids/phyllocladan-16-ol.yaml
naturalproductmech:mibig-1a4db46ddd	ALKALOIDS	ak-toxin-i	data/natural_products/alkaloids/ak-toxin-i.yaml
naturalproductmech:mibig-1a7ffa17aa	AMINO_ACIDS_AND_PEPTIDES	corpeptin-a	data/natural_products/amino_acids_and_peptides/corpeptin-a.yaml
naturalproductmech:mibig-1a9c7c4d3c	POLYKETIDES	steffimycin-d	data/natural_products/polyketides/steffimycin-d.yaml
naturalproductmech:mibig-1ab8038bd1	AMINO_ACIDS_AND_PEPTIDES	ethynylserine	data/natural_products/amino_acids_and_peptides/ethynylserine.yaml
naturalproductmech:mibig-1acf40c3b8	POLYKETIDES	tirandamycin	data/natural_products/polyketides/tirandamycin.yaml
naturalproductmech:mibig-1b1273b287	UNCLASSIFIED	apratoxin-a	data/natural_products/unclassified/apratoxin-a.yaml
naturalproductmech:mibig-1b1afb1677	SHIKIMATES_AND_PHENYLPROPANOIDS	morpholine-containing-hemiacetal-piperazine-compound	data/natural_products/shikimates_and_phenylpropanoids/morpholine-containing-hemiacetal-piperazine-compound.yaml
naturalproductmech:mibig-1b1f1399fd	ALKALOIDS	communesin-a	data/natural_products/alkaloids/communesin-a.yaml
naturalproductmech:mibig-1b40629585	ALKALOIDS	diazaquinomycin-j	data/natural_products/alkaloids/diazaquinomycin-j.yaml
naturalproductmech:mibig-1b4bc2d894	TERPENOIDS	preterpestacin-2	data/natural_products/terpenoids/preterpestacin-2.yaml
naturalproductmech:mibig-1b4e668a78	POLYKETIDES	carbamidocyclophane-r	data/natural_products/polyketides/carbamidocyclophane-r.yaml
naturalproductmech:mibig-1b52363e8b	AMINO_ACIDS_AND_PEPTIDES	delftibactin-a	data/natural_products/amino_acids_and_peptides/delftibactin-a.yaml
naturalproductmech:mibig-1b525e6428	AMINO_ACIDS_AND_PEPTIDES	azolemycin-c	data/natural_products/amino_acids_and_peptides/azolemycin-c.yaml
naturalproductmech:mibig-1b65a2ee0d	ALKALOIDS	endophenazine-g	data/natural_products/alkaloids/endophenazine-g.yaml
naturalproductmech:mibig-1b7d91c87a	POLYKETIDES	nectriapyrone-c	data/natural_products/polyketides/nectriapyrone-c.yaml
naturalproductmech:mibig-1b9429254e	AMINO_ACIDS_AND_PEPTIDES	lipopeptide-8d1-1	data/natural_products/amino_acids_and_peptides/lipopeptide-8d1-1.yaml
naturalproductmech:mibig-1bce92c894	ALKALOIDS	bengamide	data/natural_products/alkaloids/bengamide.yaml
naturalproductmech:mibig-1bd1037c43	UNCLASSIFIED	cacaoidin	data/natural_products/unclassified/cacaoidin.yaml
naturalproductmech:mibig-1bda3674fd	AMINO_ACIDS_AND_PEPTIDES	patellamide-c	data/natural_products/amino_acids_and_peptides/patellamide-c.yaml
naturalproductmech:mibig-1be2ff794e	UNCLASSIFIED	melithiazol-a	data/natural_products/unclassified/melithiazol-a.yaml
naturalproductmech:mibig-1bf22ba166	POLYKETIDES	bartoloside-f	data/natural_products/polyketides/bartoloside-f.yaml
naturalproductmech:mibig-1bf4736d18	AMINO_ACIDS_AND_PEPTIDES	kawaguchipeptin-a	data/natural_products/amino_acids_and_peptides/kawaguchipeptin-a.yaml
naturalproductmech:mibig-1c128b87bd	TERPENOIDS	hirsutene	data/natural_products/terpenoids/hirsutene.yaml
naturalproductmech:mibig-1c14174a30	TERPENOIDS	secobotrytriene-10-12-15-triol	data/natural_products/terpenoids/secobotrytriene-10-12-15-triol.yaml
naturalproductmech:mibig-1c20913388	POLYKETIDES	nanchangmycin	data/natural_products/polyketides/nanchangmycin.yaml
naturalproductmech:mibig-1c3089d99a	ALKALOIDS	spiroindimicin-a	data/natural_products/alkaloids/spiroindimicin-a.yaml
naturalproductmech:mibig-1c327fb90c	ALKALOIDS	hancockiamide-c	data/natural_products/alkaloids/hancockiamide-c.yaml
naturalproductmech:mibig-1c3981c751	AMINO_ACIDS_AND_PEPTIDES	microcin-c7	data/natural_products/amino_acids_and_peptides/microcin-c7.yaml
naturalproductmech:mibig-1c3c39c7b5	AMINO_ACIDS_AND_PEPTIDES	jbir-35	data/natural_products/amino_acids_and_peptides/jbir-35.yaml
naturalproductmech:mibig-1c73bce7d5	UNCLASSIFIED	lobosamide-a	data/natural_products/unclassified/lobosamide-a.yaml
naturalproductmech:mibig-1cc1aa7754	ALKALOIDS	8-epi-ilicicolin-h	data/natural_products/alkaloids/8-epi-ilicicolin-h.yaml
naturalproductmech:mibig-1cc423caef	UNCLASSIFIED	chrodrimanin-b	data/natural_products/unclassified/chrodrimanin-b.yaml
naturalproductmech:mibig-1cd5a7984e	POLYKETIDES	frankiamicin	data/natural_products/polyketides/frankiamicin.yaml
naturalproductmech:mibig-1cda183e48	ALKALOIDS	dihydrofusarin-c	data/natural_products/alkaloids/dihydrofusarin-c.yaml
naturalproductmech:mibig-1ce63b857a	AMINO_ACIDS_AND_PEPTIDES	holrhizin-a	data/natural_products/amino_acids_and_peptides/holrhizin-a.yaml
naturalproductmech:mibig-1cf0cdee54	POLYKETIDES	oryzine-b	data/natural_products/polyketides/oryzine-b.yaml
naturalproductmech:mibig-1cfc336944	AMINO_ACIDS_AND_PEPTIDES	napsamycin-b	data/natural_products/amino_acids_and_peptides/napsamycin-b.yaml
naturalproductmech:mibig-1d0a7a14b5	ALKALOIDS	psychrophilin-a	data/natural_products/alkaloids/psychrophilin-a.yaml
naturalproductmech:mibig-1d2431dfe4	POLYKETIDES	byssochlamic-acid	data/natural_products/polyketides/byssochlamic-acid.yaml
naturalproductmech:mibig-1d2a5a8fa9	UNCLASSIFIED	kutzneride-5	data/natural_products/unclassified/kutzneride-5.yaml
naturalproductmech:mibig-1d37bf9b31	UNCLASSIFIED	andalusicin-a	data/natural_products/unclassified/andalusicin-a.yaml
naturalproductmech:mibig-1d4fd3f8ec	AMINO_ACIDS_AND_PEPTIDES	erythrochelin	data/natural_products/amino_acids_and_peptides/erythrochelin.yaml
naturalproductmech:mibig-1d61032005	POLYKETIDES	bartoloside-b	data/natural_products/polyketides/bartoloside-b.yaml
naturalproductmech:mibig-1d61e418dd	ALKALOIDS	c-3-sulfonylated-derivative	data/natural_products/alkaloids/c-3-sulfonylated-derivative.yaml
naturalproductmech:mibig-1d6420b86f	TERPENOIDS	pimara-8-14-15-diene	data/natural_products/terpenoids/pimara-8-14-15-diene.yaml
naturalproductmech:mibig-1d6d8308ed	AMINO_ACIDS_AND_PEPTIDES	edha	data/natural_products/amino_acids_and_peptides/edha.yaml
naturalproductmech:mibig-1d752846d9	POLYKETIDES	ripostatin-c	data/natural_products/polyketides/ripostatin-c.yaml
naturalproductmech:mibig-1d970c9bbb	UNCLASSIFIED	grisemycin	data/natural_products/unclassified/grisemycin.yaml
naturalproductmech:mibig-1dcbc6311a	ALKALOIDS	cytochalasin-e	data/natural_products/alkaloids/cytochalasin-e.yaml
naturalproductmech:mibig-1dcbdd4315	AMINO_ACIDS_AND_PEPTIDES	microginin-626	data/natural_products/amino_acids_and_peptides/microginin-626.yaml
naturalproductmech:mibig-1dcf062722	ALKALOIDS	pyrrolomycin-d	data/natural_products/alkaloids/pyrrolomycin-d.yaml
naturalproductmech:mibig-1ddd2d09af	UNCLASSIFIED	sw-163g	data/natural_products/unclassified/sw-163g.yaml
naturalproductmech:mibig-1deac30423	TERPENOIDS	aculin-a	data/natural_products/terpenoids/aculin-a.yaml
naturalproductmech:mibig-1df980aa74	ALKALOIDS	piperazine-compound-2	data/natural_products/alkaloids/piperazine-compound-2.yaml
naturalproductmech:mibig-1e06238f05	TERPENOIDS	10-dehydroxy-dihydrobotrydialone	data/natural_products/terpenoids/10-dehydroxy-dihydrobotrydialone.yaml
naturalproductmech:mibig-1e08a8eb0e	POLYKETIDES	oosporein	data/natural_products/polyketides/oosporein.yaml
naturalproductmech:mibig-1e0dcc87ee	ALKALOIDS	mycophenolic-acid-2	data/natural_products/alkaloids/mycophenolic-acid-2.yaml
naturalproductmech:mibig-1e0e32e6fe	POLYKETIDES	aq-270a	data/natural_products/polyketides/aq-270a.yaml
naturalproductmech:mibig-1e280124c6	AMINO_ACIDS_AND_PEPTIDES	prezeamine-i	data/natural_products/amino_acids_and_peptides/prezeamine-i.yaml
naturalproductmech:mibig-1e3897ffd3	TERPENOIDS	snf4435c	data/natural_products/terpenoids/snf4435c.yaml
naturalproductmech:mibig-1e5a3884b3	TERPENOIDS	aphidicolan-16-ol	data/natural_products/terpenoids/aphidicolan-16-ol.yaml
naturalproductmech:mibig-1e5cb80de7	UNCLASSIFIED	xenoamicin-a	data/natural_products/unclassified/xenoamicin-a.yaml
naturalproductmech:mibig-1e62088a6a	ALKALOIDS	dorrigocin-a	data/natural_products/alkaloids/dorrigocin-a.yaml
naturalproductmech:mibig-1e7b5e53a5	POLYKETIDES	ripostatin-b	data/natural_products/polyketides/ripostatin-b.yaml
naturalproductmech:mibig-1ea8852cad	UNCLASSIFIED	citrulassin-a	data/natural_products/unclassified/citrulassin-a.yaml
naturalproductmech:mibig-1eb5f5fdb3	ALKALOIDS	aspochalasin-c	data/natural_products/alkaloids/aspochalasin-c.yaml
naturalproductmech:mibig-1ec00b4139	ALKALOIDS	lactimidomycin	data/natural_products/alkaloids/lactimidomycin.yaml
naturalproductmech:mibig-1eef3ae967	POLYKETIDES	trichoxide	data/natural_products/polyketides/trichoxide.yaml
naturalproductmech:mibig-1effb406fc	ALKALOIDS	3-2-acetoxy-3-oxo-4-methylhexyl-indole	data/natural_products/alkaloids/3-2-acetoxy-3-oxo-4-methylhexyl-indole.yaml
naturalproductmech:mibig-1f00ca2ee8	FATTY_ACIDS	neocarzilin-b	data/natural_products/fatty_acids/neocarzilin-b.yaml
naturalproductmech:mibig-1f0ca3ac36	POLYKETIDES	nocamycin	data/natural_products/polyketides/nocamycin.yaml
naturalproductmech:mibig-1f3a3ade1b	POLYKETIDES	rifamorpholine-a	data/natural_products/polyketides/rifamorpholine-a.yaml
naturalproductmech:mibig-1f3ed39fc1	UNCLASSIFIED	woodybactin-a	data/natural_products/unclassified/woodybactin-a.yaml
naturalproductmech:mibig-1f40c62d44	UNCLASSIFIED	myxochromide-b	data/natural_products/unclassified/myxochromide-b.yaml
naturalproductmech:mibig-1f9f1257cb	POLYKETIDES	carbamidocyclophane-f	data/natural_products/polyketides/carbamidocyclophane-f.yaml
naturalproductmech:mibig-2012dd935c	UNCLASSIFIED	beauverolide-ba	data/natural_products/unclassified/beauverolide-ba.yaml
naturalproductmech:mibig-201c924354	POLYKETIDES	rifamorpholine-d	data/natural_products/polyketides/rifamorpholine-d.yaml
naturalproductmech:mibig-203cdcce8f	POLYKETIDES	viriditoxin	data/natural_products/polyketides/viriditoxin.yaml
naturalproductmech:mibig-2051662e36	POLYKETIDES	akml-d	data/natural_products/polyketides/akml-d.yaml
naturalproductmech:mibig-209109010c	ALKALOIDS	trichostatin-rk	data/natural_products/alkaloids/trichostatin-rk.yaml
naturalproductmech:mibig-20e4e9a755	TERPENOIDS	ent-kauren-16alpha-ol	data/natural_products/terpenoids/ent-kauren-16alpha-ol.yaml
naturalproductmech:mibig-2116a58d54	AMINO_ACIDS_AND_PEPTIDES	pristinin-a3	data/natural_products/amino_acids_and_peptides/pristinin-a3.yaml
naturalproductmech:mibig-213b96e278	AMINO_ACIDS_AND_PEPTIDES	kistamicin-a	data/natural_products/amino_acids_and_peptides/kistamicin-a.yaml
naturalproductmech:mibig-215067038f	FATTY_ACIDS	n-acyl-lysine	data/natural_products/fatty_acids/n-acyl-lysine.yaml
naturalproductmech:mibig-216120fec9	UNCLASSIFIED	microansamycin-g	data/natural_products/unclassified/microansamycin-g.yaml
naturalproductmech:mibig-216aae818e	POLYKETIDES	naphtocyclinoic-acid	data/natural_products/polyketides/naphtocyclinoic-acid.yaml
naturalproductmech:mibig-218a203f96	CARBOHYDRATES	liposidomycin-n	data/natural_products/carbohydrates/liposidomycin-n.yaml
naturalproductmech:mibig-2193edd919	POLYKETIDES	4-methyl-5-methylheptatriene-ketolactone	data/natural_products/polyketides/4-methyl-5-methylheptatriene-ketolactone.yaml
naturalproductmech:mibig-21a81cb2e3	TERPENOIDS	deschloro-merochlorin-b	data/natural_products/terpenoids/deschloro-merochlorin-b.yaml
naturalproductmech:mibig-21c4af6890	TERPENOIDS	compound-11	data/natural_products/terpenoids/compound-11.yaml
naturalproductmech:mibig-21e059f035	POLYKETIDES	trioxacarcin-a	data/natural_products/polyketides/trioxacarcin-a.yaml
naturalproductmech:mibig-21e4f2495f	TERPENOIDS	euphol	data/natural_products/terpenoids/euphol.yaml
naturalproductmech:mibig-2248a601eb	AMINO_ACIDS_AND_PEPTIDES	longicatenamide-b	data/natural_products/amino_acids_and_peptides/longicatenamide-b.yaml
naturalproductmech:mibig-22785aa840	AMINO_ACIDS_AND_PEPTIDES	saccharochelin-a	data/natural_products/amino_acids_and_peptides/saccharochelin-a.yaml
naturalproductmech:mibig-227b3faab8	UNCLASSIFIED	dkxanthene-518	data/natural_products/unclassified/dkxanthene-518.yaml
naturalproductmech:mibig-22e5366540	POLYKETIDES	hatomarubigin-a	data/natural_products/polyketides/hatomarubigin-a.yaml
naturalproductmech:mibig-22fed17184	CARBOHYDRATES	everninomicin-d	data/natural_products/carbohydrates/everninomicin-d.yaml
naturalproductmech:mibig-233abdafd9	UNCLASSIFIED	deschlorosvetamycin-a	data/natural_products/unclassified/deschlorosvetamycin-a.yaml
naturalproductmech:mibig-23591b57da	SHIKIMATES_AND_PHENYLPROPANOIDS	echoside-d	data/natural_products/shikimates_and_phenylpropanoids/echoside-d.yaml
naturalproductmech:mibig-236ff619a0	POLYKETIDES	flexirubin	data/natural_products/polyketides/flexirubin.yaml
naturalproductmech:mibig-23808e8dbe	ALKALOIDS	ambiguine-e-isonitrile	data/natural_products/alkaloids/ambiguine-e-isonitrile.yaml
naturalproductmech:mibig-23a811b367	POLYKETIDES	allocyclinone-b	data/natural_products/polyketides/allocyclinone-b.yaml
naturalproductmech:mibig-23fd94d01a	AMINO_ACIDS_AND_PEPTIDES	alanylclavam	data/natural_products/amino_acids_and_peptides/alanylclavam.yaml
naturalproductmech:mibig-241ecc69e8	UNCLASSIFIED	capsular-polysaccharide	data/natural_products/unclassified/capsular-polysaccharide.yaml
naturalproductmech:mibig-24332f178c	POLYKETIDES	14-hydroxyisochainin	data/natural_products/polyketides/14-hydroxyisochainin.yaml
naturalproductmech:mibig-2436e2aa24	POLYKETIDES	lankamycin	data/natural_products/polyketides/lankamycin.yaml
naturalproductmech:mibig-2439ae3dde	POLYKETIDES	chlorothricin	data/natural_products/polyketides/chlorothricin.yaml
naturalproductmech:mibig-2439f38772	ALKALOIDS	desmethylbassianin	data/natural_products/alkaloids/desmethylbassianin.yaml
naturalproductmech:mibig-2459be6395	UNCLASSIFIED	colletorin-d	data/natural_products/unclassified/colletorin-d.yaml
naturalproductmech:mibig-247120aa23	TERPENOIDS	dehydrobotrydienol	data/natural_products/terpenoids/dehydrobotrydienol.yaml
naturalproductmech:mibig-2479c1faa0	AMINO_ACIDS_AND_PEPTIDES	ristocetin-b	data/natural_products/amino_acids_and_peptides/ristocetin-b.yaml
naturalproductmech:mibig-2486b41088	POLYKETIDES	phenalamide	data/natural_products/polyketides/phenalamide.yaml
naturalproductmech:mibig-248b6e640f	AMINO_ACIDS_AND_PEPTIDES	zelkovamycin-e	data/natural_products/amino_acids_and_peptides/zelkovamycin-e.yaml
naturalproductmech:mibig-2491bd6a33	POLYKETIDES	azicemicin-b	data/natural_products/polyketides/azicemicin-b.yaml
naturalproductmech:mibig-24b010d9e9	TERPENOIDS	chejuenolide-a	data/natural_products/terpenoids/chejuenolide-a.yaml
naturalproductmech:mibig-24b3d649ca	POLYKETIDES	fasamycin-c	data/natural_products/polyketides/fasamycin-c.yaml
naturalproductmech:mibig-24c970f147	POLYKETIDES	phorbactazole-f	data/natural_products/polyketides/phorbactazole-f.yaml
naturalproductmech:mibig-24cff8f4cb	ALKALOIDS	marinopyrrole-c	data/natural_products/alkaloids/marinopyrrole-c.yaml
naturalproductmech:mibig-24dfb3f1a5	AMINO_ACIDS_AND_PEPTIDES	balhimycin	data/natural_products/amino_acids_and_peptides/balhimycin.yaml
naturalproductmech:mibig-2503f1d72b	POLYKETIDES	gephyronic-acid	data/natural_products/polyketides/gephyronic-acid.yaml
naturalproductmech:mibig-25247adfea	UNCLASSIFIED	polyoxypeptin	data/natural_products/unclassified/polyoxypeptin.yaml
naturalproductmech:mibig-25326f18b6	UNCLASSIFIED	svetamycin-a	data/natural_products/unclassified/svetamycin-a.yaml
naturalproductmech:mibig-255b1f8528	UNCLASSIFIED	alchivemycin-b	data/natural_products/unclassified/alchivemycin-b.yaml
naturalproductmech:mibig-255dcd6740	AMINO_ACIDS_AND_PEPTIDES	avoparcin	data/natural_products/amino_acids_and_peptides/avoparcin.yaml
naturalproductmech:mibig-25928c67ea	POLYKETIDES	desertomycin-g	data/natural_products/polyketides/desertomycin-g.yaml
naturalproductmech:mibig-25974eacaa	POLYKETIDES	metatricycloene	data/natural_products/polyketides/metatricycloene.yaml
naturalproductmech:mibig-25b236a48c	UNCLASSIFIED	cyclodileucine	data/natural_products/unclassified/cyclodileucine.yaml
naturalproductmech:mibig-25c372982a	ALKALOIDS	8-9-dihydrolactimidomycin	data/natural_products/alkaloids/8-9-dihydrolactimidomycin.yaml
naturalproductmech:mibig-25f2512655	POLYKETIDES	tan-1612	data/natural_products/polyketides/tan-1612.yaml
naturalproductmech:mibig-2625840838	UNCLASSIFIED	kitacinnamycin-c	data/natural_products/unclassified/kitacinnamycin-c.yaml
naturalproductmech:mibig-2647c7f88c	POLYKETIDES	dothistromin	data/natural_products/polyketides/dothistromin.yaml
naturalproductmech:mibig-26530192a7	POLYKETIDES	arimetamycin-c	data/natural_products/polyketides/arimetamycin-c.yaml
naturalproductmech:mibig-2668dbbf13	AMINO_ACIDS_AND_PEPTIDES	saccharochelin-b	data/natural_products/amino_acids_and_peptides/saccharochelin-b.yaml
naturalproductmech:mibig-268e43a43c	AMINO_ACIDS_AND_PEPTIDES	antipain	data/natural_products/amino_acids_and_peptides/antipain.yaml
naturalproductmech:mibig-269a84b809	ALKALOIDS	azetidomonamide-b	data/natural_products/alkaloids/azetidomonamide-b.yaml
naturalproductmech:mibig-26ceab9fc4	POLYKETIDES	scopranone-a	data/natural_products/polyketides/scopranone-a.yaml
naturalproductmech:mibig-26e291935a	POLYKETIDES	prolipyrone-b	data/natural_products/polyketides/prolipyrone-b.yaml
naturalproductmech:mibig-270e604149	ALKALOIDS	watasemycin-a	data/natural_products/alkaloids/watasemycin-a.yaml
naturalproductmech:mibig-27288803fd	ALKALOIDS	ucs1025a	data/natural_products/alkaloids/ucs1025a.yaml
naturalproductmech:mibig-27ad7f4a05	ALKALOIDS	ng-391	data/natural_products/alkaloids/ng-391.yaml
naturalproductmech:mibig-27b36d36c8	UNCLASSIFIED	heme-d1	data/natural_products/unclassified/heme-d1.yaml
naturalproductmech:mibig-27ccc7e80f	AMINO_ACIDS_AND_PEPTIDES	potashchelin-a	data/natural_products/amino_acids_and_peptides/potashchelin-a.yaml
naturalproductmech:mibig-27eba6bb08	AMINO_ACIDS_AND_PEPTIDES	spumigin-e	data/natural_products/amino_acids_and_peptides/spumigin-e.yaml
naturalproductmech:mibig-2803ab3773	AMINO_ACIDS_AND_PEPTIDES	fabrubactin-a	data/natural_products/amino_acids_and_peptides/fabrubactin-a.yaml
naturalproductmech:mibig-2819121d38	POLYKETIDES	allocyclinone-c	data/natural_products/polyketides/allocyclinone-c.yaml
naturalproductmech:mibig-28342ce052	AMINO_ACIDS_AND_PEPTIDES	microcystin-la	data/natural_products/amino_acids_and_peptides/microcystin-la.yaml
naturalproductmech:mibig-2841ec8f81	TERPENOIDS	aspterric-acid	data/natural_products/terpenoids/aspterric-acid.yaml
naturalproductmech:mibig-28490231db	POLYKETIDES	ws-79089a	data/natural_products/polyketides/ws-79089a.yaml
naturalproductmech:mibig-2861a3bbbe	POLYKETIDES	brasilinolide-b	data/natural_products/polyketides/brasilinolide-b.yaml
naturalproductmech:mibig-2872558e2c	AMINO_ACIDS_AND_PEPTIDES	nostophycin	data/natural_products/amino_acids_and_peptides/nostophycin.yaml
naturalproductmech:mibig-28a30d7bb8	UNCLASSIFIED	sungeidine-b	data/natural_products/unclassified/sungeidine-b.yaml
naturalproductmech:mibig-28cb1714de	ALKALOIDS	fusarin-d	data/natural_products/alkaloids/fusarin-d.yaml
naturalproductmech:mibig-28eeb6c281	UNCLASSIFIED	ashimide-b	data/natural_products/unclassified/ashimide-b.yaml
naturalproductmech:mibig-290ce17209	POLYKETIDES	pulvomycin-c	data/natural_products/polyketides/pulvomycin-c.yaml
naturalproductmech:mibig-29175535e7	POLYKETIDES	ciml-c	data/natural_products/polyketides/ciml-c.yaml
naturalproductmech:mibig-291e1c29b8	FATTY_ACIDS	salinipostin-b	data/natural_products/fatty_acids/salinipostin-b.yaml
naturalproductmech:mibig-293fb92bb7	AMINO_ACIDS_AND_PEPTIDES	vazabitide-a	data/natural_products/amino_acids_and_peptides/vazabitide-a.yaml
naturalproductmech:mibig-298e047897	SHIKIMATES_AND_PHENYLPROPANOIDS	bromophene	data/natural_products/shikimates_and_phenylpropanoids/bromophene.yaml
naturalproductmech:mibig-29c24263f2	AMINO_ACIDS_AND_PEPTIDES	matlystatin-a	data/natural_products/amino_acids_and_peptides/matlystatin-a.yaml
naturalproductmech:mibig-29d4c43865	UNCLASSIFIED	napyradiomycin-2	data/natural_products/unclassified/napyradiomycin-2.yaml
naturalproductmech:mibig-2a227a8236	ALKALOIDS	communesin-c	data/natural_products/alkaloids/communesin-c.yaml
naturalproductmech:mibig-2a3858036a	UNCLASSIFIED	10-epi-3-deoh-hsaf	data/natural_products/unclassified/10-epi-3-deoh-hsaf.yaml
naturalproductmech:mibig-2a5996bc17	TERPENOIDS	tiancilactone-h	data/natural_products/terpenoids/tiancilactone-h.yaml
naturalproductmech:mibig-2a8f698992	AMINO_ACIDS_AND_PEPTIDES	microginin-735	data/natural_products/amino_acids_and_peptides/microginin-735.yaml
naturalproductmech:mibig-2a93671b3b	UNCLASSIFIED	minimycin	data/natural_products/unclassified/minimycin.yaml
naturalproductmech:mibig-2aa6807a9d	UNCLASSIFIED	telomycin	data/natural_products/unclassified/telomycin.yaml
naturalproductmech:mibig-2adbf4ffec	ALKALOIDS	ambiguine-b-isonitrile	data/natural_products/alkaloids/ambiguine-b-isonitrile.yaml
naturalproductmech:mibig-2ae39e1a11	UNCLASSIFIED	myxothiazol	data/natural_products/unclassified/myxothiazol.yaml
naturalproductmech:mibig-2b08b7299b	POLYKETIDES	terpenomycin	data/natural_products/polyketides/terpenomycin.yaml
naturalproductmech:mibig-2b1c996e00	ALKALOIDS	9-deoxy-tilivalline	data/natural_products/alkaloids/9-deoxy-tilivalline.yaml
naturalproductmech:mibig-2b1f1e7493	AMINO_ACIDS_AND_PEPTIDES	sevadicin	data/natural_products/amino_acids_and_peptides/sevadicin.yaml
naturalproductmech:mibig-2b2178b97e	AMINO_ACIDS_AND_PEPTIDES	tmc-2b	data/natural_products/amino_acids_and_peptides/tmc-2b.yaml
naturalproductmech:mibig-2b2384b902	UNCLASSIFIED	lactonamycin-z	data/natural_products/unclassified/lactonamycin-z.yaml
naturalproductmech:mibig-2b3b1f5a96	ALKALOIDS	aminochelin	data/natural_products/alkaloids/aminochelin.yaml
naturalproductmech:mibig-2b79198ba8	AMINO_ACIDS_AND_PEPTIDES	leupeptin-c	data/natural_products/amino_acids_and_peptides/leupeptin-c.yaml
naturalproductmech:mibig-2b8aee01b5	TERPENOIDS	pestalodiol-e	data/natural_products/terpenoids/pestalodiol-e.yaml
naturalproductmech:mibig-2babbb5f30	ALKALOIDS	dihydroisoflavipucine	data/natural_products/alkaloids/dihydroisoflavipucine.yaml
naturalproductmech:mibig-2bc16f1c40	ALKALOIDS	communesin-e	data/natural_products/alkaloids/communesin-e.yaml
naturalproductmech:mibig-2bd59ca78c	ALKALOIDS	13-epi-dorrigocin-a	data/natural_products/alkaloids/13-epi-dorrigocin-a.yaml
naturalproductmech:mibig-2bec63ce52	POLYKETIDES	2-methoxy-5-methyl-6-13-methyltetradecyl-phenol	data/natural_products/polyketides/2-methoxy-5-methyl-6-13-methyltetradecyl-phenol.yaml
naturalproductmech:mibig-2bee7ff4de	POLYKETIDES	allocyclinone-a	data/natural_products/polyketides/allocyclinone-a.yaml
naturalproductmech:mibig-2c00a52b40	POLYKETIDES	dephosphonocalyculin-a	data/natural_products/polyketides/dephosphonocalyculin-a.yaml
naturalproductmech:mibig-2ca1e49987	FATTY_ACIDS	salinipostin-f	data/natural_products/fatty_acids/salinipostin-f.yaml
naturalproductmech:mibig-2ca675e701	AMINO_ACIDS_AND_PEPTIDES	minutissamide-b	data/natural_products/amino_acids_and_peptides/minutissamide-b.yaml
naturalproductmech:mibig-2cef442430	TERPENOIDS	secobotrydiene-3-10-15-triol	data/natural_products/terpenoids/secobotrydiene-3-10-15-triol.yaml
naturalproductmech:mibig-2d09306d15	POLYKETIDES	herboxidiene	data/natural_products/polyketides/herboxidiene.yaml
naturalproductmech:mibig-2d1a7d69ca	UNCLASSIFIED	cypemycin	data/natural_products/unclassified/cypemycin.yaml
naturalproductmech:mibig-2d1bbce203	POLYKETIDES	saquayamycin-a	data/natural_products/polyketides/saquayamycin-a.yaml
naturalproductmech:mibig-2d2c52b5a4	AMINO_ACIDS_AND_PEPTIDES	gausemycin-a	data/natural_products/amino_acids_and_peptides/gausemycin-a.yaml
naturalproductmech:mibig-2d49c2c4bf	AMINO_ACIDS_AND_PEPTIDES	group-1-methanobactin	data/natural_products/amino_acids_and_peptides/group-1-methanobactin.yaml
naturalproductmech:mibig-2d73e2d1a3	ALKALOIDS	malleobactin-b	data/natural_products/alkaloids/malleobactin-b.yaml
naturalproductmech:mibig-2d82b18af5	AMINO_ACIDS_AND_PEPTIDES	l-2-amino-4-methoxy-trans-3-butenoic-acid	data/natural_products/amino_acids_and_peptides/l-2-amino-4-methoxy-trans-3-butenoic-acid.yaml
naturalproductmech:mibig-2da816c586	POLYKETIDES	stambomycin-b	data/natural_products/polyketides/stambomycin-b.yaml
naturalproductmech:mibig-2db2e5cd3e	UNCLASSIFIED	terezine-d	data/natural_products/unclassified/terezine-d.yaml
naturalproductmech:mibig-2dc5a6506a	TERPENOIDS	3-deoxyaphidicolin	data/natural_products/terpenoids/3-deoxyaphidicolin.yaml
naturalproductmech:mibig-2dd11a4d18	ALKALOIDS	berninamycin-j	data/natural_products/alkaloids/berninamycin-j.yaml
naturalproductmech:mibig-2dffee1aea	POLYKETIDES	amphi-enterobactin-1	data/natural_products/polyketides/amphi-enterobactin-1.yaml
naturalproductmech:mibig-2e356855fd	AMINO_ACIDS_AND_PEPTIDES	microviridin-n8	data/natural_products/amino_acids_and_peptides/microviridin-n8.yaml
naturalproductmech:mibig-2e61ef33e1	CARBOHYDRATES	liposidomycin-g	data/natural_products/carbohydrates/liposidomycin-g.yaml
naturalproductmech:mibig-2e63ac5f79	AMINO_ACIDS_AND_PEPTIDES	saccharochelin-d	data/natural_products/amino_acids_and_peptides/saccharochelin-d.yaml
naturalproductmech:mibig-2ea0148bb2	POLYKETIDES	aurantinin-c	data/natural_products/polyketides/aurantinin-c.yaml
naturalproductmech:mibig-2eabc8a543	POLYKETIDES	myxalamid-a	data/natural_products/polyketides/myxalamid-a.yaml
naturalproductmech:mibig-2ec3a77a7b	ALKALOIDS	indimicin-b	data/natural_products/alkaloids/indimicin-b.yaml
naturalproductmech:mibig-2ec92b363f	UNCLASSIFIED	sungeidine-h	data/natural_products/unclassified/sungeidine-h.yaml
naturalproductmech:mibig-2ef29279d6	POLYKETIDES	agnestin-b	data/natural_products/polyketides/agnestin-b.yaml
naturalproductmech:mibig-2f0f595990	AMINO_ACIDS_AND_PEPTIDES	detoxin-s1	data/natural_products/amino_acids_and_peptides/detoxin-s1.yaml
naturalproductmech:mibig-2f24a4753d	UNCLASSIFIED	piloquinone	data/natural_products/unclassified/piloquinone.yaml
naturalproductmech:mibig-2f505e94e3	AMINO_ACIDS_AND_PEPTIDES	detoxin-n2	data/natural_products/amino_acids_and_peptides/detoxin-n2.yaml
naturalproductmech:mibig-2f56aeb70a	ALKALOIDS	azetidomonamide-a	data/natural_products/alkaloids/azetidomonamide-a.yaml
naturalproductmech:mibig-2f5f003d07	AMINO_ACIDS_AND_PEPTIDES	polymyxin	data/natural_products/amino_acids_and_peptides/polymyxin.yaml
naturalproductmech:mibig-2f5f24a080	UNCLASSIFIED	desmethylsalinamide-c	data/natural_products/unclassified/desmethylsalinamide-c.yaml
naturalproductmech:mibig-2f61bd46e5	POLYKETIDES	photopyrone-b	data/natural_products/polyketides/photopyrone-b.yaml
naturalproductmech:mibig-2f67f3f6ae	POLYKETIDES	bisvertinolone-spelled-bisvertinolon-in-paper	data/natural_products/polyketides/bisvertinolone-spelled-bisvertinolon-in-paper.yaml
naturalproductmech:mibig-2f96cc9641	AMINO_ACIDS_AND_PEPTIDES	arylomycin	data/natural_products/amino_acids_and_peptides/arylomycin.yaml
naturalproductmech:mibig-2fa24cb6ba	POLYKETIDES	scopranone-b	data/natural_products/polyketides/scopranone-b.yaml
naturalproductmech:mibig-2fdcc2eedf	POLYKETIDES	photopyrone-c	data/natural_products/polyketides/photopyrone-c.yaml
naturalproductmech:mibig-3003e53797	UNCLASSIFIED	incarnatapeptin-b	data/natural_products/unclassified/incarnatapeptin-b.yaml
naturalproductmech:mibig-30099a7524	POLYKETIDES	actinospirol-a	data/natural_products/polyketides/actinospirol-a.yaml
naturalproductmech:mibig-302fcb080c	POLYKETIDES	4-epi-15-epi-brefeldin-a	data/natural_products/polyketides/4-epi-15-epi-brefeldin-a.yaml
naturalproductmech:mibig-306d1b749c	TERPENOIDS	astellolide-a	data/natural_products/terpenoids/astellolide-a.yaml
naturalproductmech:mibig-3074a8f1cc	ALKALOIDS	neolymphostinol-b	data/natural_products/alkaloids/neolymphostinol-b.yaml
naturalproductmech:mibig-307675fe5b	UNCLASSIFIED	pseudodesmin-a	data/natural_products/unclassified/pseudodesmin-a.yaml
naturalproductmech:mibig-3089dc7277	SHIKIMATES_AND_PHENYLPROPANOIDS	bactobolin	data/natural_products/shikimates_and_phenylpropanoids/bactobolin.yaml
naturalproductmech:mibig-30a67209ce	AMINO_ACIDS_AND_PEPTIDES	actinonin	data/natural_products/amino_acids_and_peptides/actinonin.yaml
naturalproductmech:mibig-30aec3e89d	UNCLASSIFIED	beauverolide-ka	data/natural_products/unclassified/beauverolide-ka.yaml
naturalproductmech:mibig-30be53f555	AMINO_ACIDS_AND_PEPTIDES	lacticin-z	data/natural_products/amino_acids_and_peptides/lacticin-z.yaml
naturalproductmech:mibig-30cb089bda	POLYKETIDES	epemicin-b	data/natural_products/polyketides/epemicin-b.yaml
naturalproductmech:mibig-30d8ebd1df	ALKALOIDS	propanochelin	data/natural_products/alkaloids/propanochelin.yaml
naturalproductmech:mibig-30e709ebd7	ALKALOIDS	fusatin	data/natural_products/alkaloids/fusatin.yaml
naturalproductmech:mibig-3109c835c4	UNCLASSIFIED	wap-8294a2	data/natural_products/unclassified/wap-8294a2.yaml
naturalproductmech:mibig-311de772a9	TERPENOIDS	momilactone-b	data/natural_products/terpenoids/momilactone-b.yaml
naturalproductmech:mibig-31266dfbb0	AMINO_ACIDS_AND_PEPTIDES	tallysomycin-a	data/natural_products/amino_acids_and_peptides/tallysomycin-a.yaml
naturalproductmech:mibig-312f0d259a	UNCLASSIFIED	cyclic-trichrysobactin	data/natural_products/unclassified/cyclic-trichrysobactin.yaml
naturalproductmech:mibig-3181c1cf18	POLYKETIDES	kendomycin-b	data/natural_products/polyketides/kendomycin-b.yaml
naturalproductmech:mibig-3199bfde50	AMINO_ACIDS_AND_PEPTIDES	prenylagaramide-c	data/natural_products/amino_acids_and_peptides/prenylagaramide-c.yaml
naturalproductmech:mibig-31aee984bf	POLYKETIDES	saprolmycin-e	data/natural_products/polyketides/saprolmycin-e.yaml
naturalproductmech:mibig-31b3c2b649	AMINO_ACIDS_AND_PEPTIDES	nocardicin-a	data/natural_products/amino_acids_and_peptides/nocardicin-a.yaml
naturalproductmech:mibig-31bf3d70f5	ALKALOIDS	ammosester-a	data/natural_products/alkaloids/ammosester-a.yaml
naturalproductmech:mibig-31c4f73017	AMINO_ACIDS_AND_PEPTIDES	dechlorocuracomycin	data/natural_products/amino_acids_and_peptides/dechlorocuracomycin.yaml
naturalproductmech:mibig-31e2535fae	UNCLASSIFIED	clovibactin	data/natural_products/unclassified/clovibactin.yaml
naturalproductmech:mibig-322808d3cc	AMINO_ACIDS_AND_PEPTIDES	microsclerodermin	data/natural_products/amino_acids_and_peptides/microsclerodermin.yaml
naturalproductmech:mibig-323ab92296	ALKALOIDS	communesin-g	data/natural_products/alkaloids/communesin-g.yaml
naturalproductmech:mibig-323e398a79	POLYKETIDES	aurantoside-a	data/natural_products/polyketides/aurantoside-a.yaml
naturalproductmech:mibig-329edfbb3e	AMINO_ACIDS_AND_PEPTIDES	macolacin	data/natural_products/amino_acids_and_peptides/macolacin.yaml
naturalproductmech:mibig-32acf1decd	POLYKETIDES	hexacosalactone-a	data/natural_products/polyketides/hexacosalactone-a.yaml
naturalproductmech:mibig-32b7a54e39	TERPENOIDS	8-hydroxy-6-protoilludene	data/natural_products/terpenoids/8-hydroxy-6-protoilludene.yaml
naturalproductmech:mibig-32c0ddd1cc	CARBOHYDRATES	actinospectacin	data/natural_products/carbohydrates/actinospectacin.yaml
naturalproductmech:mibig-32d213798c	AMINO_ACIDS_AND_PEPTIDES	lariatin	data/natural_products/amino_acids_and_peptides/lariatin.yaml
naturalproductmech:mibig-33000dfbaf	POLYKETIDES	phoslactomycin-b	data/natural_products/polyketides/phoslactomycin-b.yaml
naturalproductmech:mibig-3304d00e38	POLYKETIDES	furaquinocin-b	data/natural_products/polyketides/furaquinocin-b.yaml
naturalproductmech:mibig-330d218eb1	FATTY_ACIDS	bisucaberin-b	data/natural_products/fatty_acids/bisucaberin-b.yaml
naturalproductmech:mibig-3320618e95	POLYKETIDES	lenoremycin	data/natural_products/polyketides/lenoremycin.yaml
naturalproductmech:mibig-3358de9614	POLYKETIDES	asperfuranone	data/natural_products/polyketides/asperfuranone.yaml
naturalproductmech:mibig-3386f88d6f	AMINO_ACIDS_AND_PEPTIDES	rc-aip1	data/natural_products/amino_acids_and_peptides/rc-aip1.yaml
naturalproductmech:mibig-33c45d2cb9	POLYKETIDES	gregatin-a	data/natural_products/polyketides/gregatin-a.yaml
naturalproductmech:mibig-33d65bf6bd	AMINO_ACIDS_AND_PEPTIDES	microcyclamide	data/natural_products/amino_acids_and_peptides/microcyclamide.yaml
naturalproductmech:mibig-33f92897ae	POLYKETIDES	photopyrone-g	data/natural_products/polyketides/photopyrone-g.yaml
naturalproductmech:mibig-3421b5e37a	ALKALOIDS	aurachin-d	data/natural_products/alkaloids/aurachin-d.yaml
naturalproductmech:mibig-343c7cc24f	POLYKETIDES	aurantinin-b	data/natural_products/polyketides/aurantinin-b.yaml
naturalproductmech:mibig-3456826281	ALKALOIDS	chaetoglobosin-p	data/natural_products/alkaloids/chaetoglobosin-p.yaml
naturalproductmech:mibig-3461a006e1	UNCLASSIFIED	w493-b	data/natural_products/unclassified/w493-b.yaml
naturalproductmech:mibig-349529d158	AMINO_ACIDS_AND_PEPTIDES	cyclothiazomycin-c	data/natural_products/amino_acids_and_peptides/cyclothiazomycin-c.yaml
naturalproductmech:mibig-349eb3ff75	AMINO_ACIDS_AND_PEPTIDES	thioviridamide	data/natural_products/amino_acids_and_peptides/thioviridamide.yaml
naturalproductmech:mibig-34ab171b17	ALKALOIDS	tenellin	data/natural_products/alkaloids/tenellin.yaml
naturalproductmech:mibig-34d633007b	POLYKETIDES	microansamycin-a	data/natural_products/polyketides/microansamycin-a.yaml
naturalproductmech:mibig-34dab48dce	CARBOHYDRATES	streptozotocin	data/natural_products/carbohydrates/streptozotocin.yaml
naturalproductmech:mibig-34e1b1b21e	UNCLASSIFIED	terpenibactin-c	data/natural_products/unclassified/terpenibactin-c.yaml
naturalproductmech:mibig-34f967f24b	FATTY_ACIDS	chlorosphaerolactylate-d	data/natural_products/fatty_acids/chlorosphaerolactylate-d.yaml
naturalproductmech:mibig-35031539fd	POLYKETIDES	11-epichaetomugilin-a	data/natural_products/polyketides/11-epichaetomugilin-a.yaml
naturalproductmech:mibig-350f9389f0	AMINO_ACIDS_AND_PEPTIDES	fusaoctaxin-a	data/natural_products/amino_acids_and_peptides/fusaoctaxin-a.yaml
naturalproductmech:mibig-35224555cf	AMINO_ACIDS_AND_PEPTIDES	glidobactin-c	data/natural_products/amino_acids_and_peptides/glidobactin-c.yaml
naturalproductmech:mibig-35356a652f	FATTY_ACIDS	salinipostin-j	data/natural_products/fatty_acids/salinipostin-j.yaml
naturalproductmech:mibig-35516bebbc	AMINO_ACIDS_AND_PEPTIDES	xenortide-d	data/natural_products/amino_acids_and_peptides/xenortide-d.yaml
naturalproductmech:mibig-355defe486	TERPENOIDS	fumihopaside-a	data/natural_products/terpenoids/fumihopaside-a.yaml
naturalproductmech:mibig-35b2609d3e	UNCLASSIFIED	phyllostictine-a	data/natural_products/unclassified/phyllostictine-a.yaml
naturalproductmech:mibig-35b4c58b5a	POLYKETIDES	tetranactin	data/natural_products/polyketides/tetranactin.yaml
naturalproductmech:mibig-35b72425b8	UNCLASSIFIED	bassianolide	data/natural_products/unclassified/bassianolide.yaml
naturalproductmech:mibig-35ec517ad6	TERPENOIDS	marinoterpin-b	data/natural_products/terpenoids/marinoterpin-b.yaml
naturalproductmech:mibig-3617115ac1	AMINO_ACIDS_AND_PEPTIDES	holrhizin-c	data/natural_products/amino_acids_and_peptides/holrhizin-c.yaml
naturalproductmech:mibig-36446ade58	POLYKETIDES	decumbenone-c	data/natural_products/polyketides/decumbenone-c.yaml
naturalproductmech:mibig-3647fdc1fc	POLYKETIDES	jerangolid-a	data/natural_products/polyketides/jerangolid-a.yaml
naturalproductmech:mibig-36da3363a1	AMINO_ACIDS_AND_PEPTIDES	phaeornamide	data/natural_products/amino_acids_and_peptides/phaeornamide.yaml
naturalproductmech:mibig-36f47126b7	TERPENOIDS	6-anteisoheptadecyl-4-o-geranyl-2-methoxyhydroquinone	data/natural_products/terpenoids/6-anteisoheptadecyl-4-o-geranyl-2-methoxyhydroquinone.yaml
naturalproductmech:mibig-3749610d08	UNCLASSIFIED	endopyrrole-a	data/natural_products/unclassified/endopyrrole-a.yaml
naturalproductmech:mibig-3779efb61c	ALKALOIDS	lynamicin-a	data/natural_products/alkaloids/lynamicin-a.yaml
naturalproductmech:mibig-378e421b63	AMINO_ACIDS_AND_PEPTIDES	bonnevillamide-e	data/natural_products/amino_acids_and_peptides/bonnevillamide-e.yaml
naturalproductmech:mibig-37d4308b56	SHIKIMATES_AND_PHENYLPROPANOIDS	collinomycin	data/natural_products/shikimates_and_phenylpropanoids/collinomycin.yaml
naturalproductmech:mibig-37eef9afb2	AMINO_ACIDS_AND_PEPTIDES	emerimicin-vii	data/natural_products/amino_acids_and_peptides/emerimicin-vii.yaml
naturalproductmech:mibig-3803b0fc76	POLYKETIDES	spliceostatin-m	data/natural_products/polyketides/spliceostatin-m.yaml
naturalproductmech:mibig-380600c810	ALKALOIDS	5-dimethylallylindole-3-acetonitrile	data/natural_products/alkaloids/5-dimethylallylindole-3-acetonitrile.yaml
naturalproductmech:mibig-382f734395	SHIKIMATES_AND_PHENYLPROPANOIDS	echoside-a	data/natural_products/shikimates_and_phenylpropanoids/echoside-a.yaml
naturalproductmech:mibig-3835812e03	TERPENOIDS	cyclooctatin	data/natural_products/terpenoids/cyclooctatin.yaml
naturalproductmech:mibig-383a92387c	ALKALOIDS	endophenazine-a	data/natural_products/alkaloids/endophenazine-a.yaml
naturalproductmech:mibig-38493c3e9b	AMINO_ACIDS_AND_PEPTIDES	puwainaphycin-f	data/natural_products/amino_acids_and_peptides/puwainaphycin-f.yaml
naturalproductmech:mibig-3852dcbc1a	ALKALOIDS	spiroindimicin-c	data/natural_products/alkaloids/spiroindimicin-c.yaml
naturalproductmech:mibig-38657362df	ALKALOIDS	cytoglobosin-x	data/natural_products/alkaloids/cytoglobosin-x.yaml
naturalproductmech:mibig-3872c30f1f	ALKALOIDS	tryptoquialanine	data/natural_products/alkaloids/tryptoquialanine.yaml
naturalproductmech:mibig-38730f70ef	ALKALOIDS	labradorin-1	data/natural_products/alkaloids/labradorin-1.yaml
naturalproductmech:mibig-38793ceb8f	AMINO_ACIDS_AND_PEPTIDES	puwainaphycin-c	data/natural_products/amino_acids_and_peptides/puwainaphycin-c.yaml
naturalproductmech:mibig-387dff4052	ALKALOIDS	zwittermicin-a	data/natural_products/alkaloids/zwittermicin-a.yaml
naturalproductmech:mibig-389d6b09a2	UNCLASSIFIED	thalassospiramide-a	data/natural_products/unclassified/thalassospiramide-a.yaml
naturalproductmech:mibig-38a3ad6447	ALKALOIDS	aspcandine	data/natural_products/alkaloids/aspcandine.yaml
naturalproductmech:mibig-38a5886bf0	UNCLASSIFIED	clifednamide-j	data/natural_products/unclassified/clifednamide-j.yaml
naturalproductmech:mibig-38b14de63f	POLYKETIDES	macrolactin-e	data/natural_products/polyketides/macrolactin-e.yaml
naturalproductmech:mibig-38bc86114b	POLYKETIDES	xantholipin	data/natural_products/polyketides/xantholipin.yaml
naturalproductmech:mibig-39007f6149	POLYKETIDES	ebelactone-a	data/natural_products/polyketides/ebelactone-a.yaml
naturalproductmech:mibig-390b0e4f55	TERPENOIDS	juniperol-longiborneol	data/natural_products/terpenoids/juniperol-longiborneol.yaml
naturalproductmech:mibig-3929251f4a	ALKALOIDS	guanipiperazine-b	data/natural_products/alkaloids/guanipiperazine-b.yaml
naturalproductmech:mibig-39315124e4	ALKALOIDS	sulfadixiamycin-b	data/natural_products/alkaloids/sulfadixiamycin-b.yaml
naturalproductmech:mibig-398052bb98	UNCLASSIFIED	pyrrocidine-a	data/natural_products/unclassified/pyrrocidine-a.yaml
naturalproductmech:mibig-39c3780793	AMINO_ACIDS_AND_PEPTIDES	fabrubactin-b	data/natural_products/amino_acids_and_peptides/fabrubactin-b.yaml
naturalproductmech:mibig-39ca043bc0	ALKALOIDS	3-2-acetoxy-3-oxo-4-methylpentyl-indole	data/natural_products/alkaloids/3-2-acetoxy-3-oxo-4-methylpentyl-indole.yaml
naturalproductmech:mibig-39d1c4dde2	AMINO_ACIDS_AND_PEPTIDES	trunkamide	data/natural_products/amino_acids_and_peptides/trunkamide.yaml
naturalproductmech:mibig-39e725b20b	UNCLASSIFIED	af-toxin	data/natural_products/unclassified/af-toxin.yaml
naturalproductmech:mibig-39f27be5a3	TERPENOIDS	snf4435d	data/natural_products/terpenoids/snf4435d.yaml
naturalproductmech:mibig-3a0d13e305	POLYKETIDES	pamamycin-635g	data/natural_products/polyketides/pamamycin-635g.yaml
naturalproductmech:mibig-3a10cd9dfc	ALKALOIDS	stieleriacine-a1	data/natural_products/alkaloids/stieleriacine-a1.yaml
naturalproductmech:mibig-3a297bbcdf	UNCLASSIFIED	marformycin-a	data/natural_products/unclassified/marformycin-a.yaml
naturalproductmech:mibig-3a5e98b320	UNCLASSIFIED	caboxamycin	data/natural_products/unclassified/caboxamycin.yaml
naturalproductmech:mibig-3a7c795f88	AMINO_ACIDS_AND_PEPTIDES	cystomanamide-b	data/natural_products/amino_acids_and_peptides/cystomanamide-b.yaml
naturalproductmech:mibig-3aa9fcb0a8	ALKALOIDS	celesticetin	data/natural_products/alkaloids/celesticetin.yaml
naturalproductmech:mibig-3ac11afb65	UNCLASSIFIED	chaetolivacine-b	data/natural_products/unclassified/chaetolivacine-b.yaml
naturalproductmech:mibig-3af27c73f8	AMINO_ACIDS_AND_PEPTIDES	teicoplanin-a2-5	data/natural_products/amino_acids_and_peptides/teicoplanin-a2-5.yaml
naturalproductmech:mibig-3af76eb6e0	AMINO_ACIDS_AND_PEPTIDES	cystomanamide-c	data/natural_products/amino_acids_and_peptides/cystomanamide-c.yaml
naturalproductmech:mibig-3b0a47e4fd	POLYKETIDES	chelocardin	data/natural_products/polyketides/chelocardin.yaml
naturalproductmech:mibig-3b0e0e27b2	POLYKETIDES	phaeospelide-a	data/natural_products/polyketides/phaeospelide-a.yaml
naturalproductmech:mibig-3b2b52313e	AMINO_ACIDS_AND_PEPTIDES	kutzneride-6	data/natural_products/amino_acids_and_peptides/kutzneride-6.yaml
naturalproductmech:mibig-3b30f40a24	POLYKETIDES	secalonic-acid-a	data/natural_products/polyketides/secalonic-acid-a.yaml
naturalproductmech:mibig-3b45a315ff	CARBOHYDRATES	a-503083-b	data/natural_products/carbohydrates/a-503083-b.yaml
naturalproductmech:mibig-3b68b449c3	POLYKETIDES	isosporothric-acid	data/natural_products/polyketides/isosporothric-acid.yaml
naturalproductmech:mibig-3b73f6a516	POLYKETIDES	6-anteisoheptadecyl-4-o-dihydrogeranyl-2-methoxyhydroquinone	data/natural_products/polyketides/6-anteisoheptadecyl-4-o-dihydrogeranyl-2-methoxyhydroquinone.yaml
naturalproductmech:mibig-3b85e99c4b	UNCLASSIFIED	orfamide-b	data/natural_products/unclassified/orfamide-b.yaml
naturalproductmech:mibig-3b8fbb619f	ALKALOIDS	pyridomycin	data/natural_products/alkaloids/pyridomycin.yaml
naturalproductmech:mibig-3b9895cff4	AMINO_ACIDS_AND_PEPTIDES	polytheonamide-a	data/natural_products/amino_acids_and_peptides/polytheonamide-a.yaml
naturalproductmech:mibig-3bad3e6e64	AMINO_ACIDS_AND_PEPTIDES	tenuecyclamide-c	data/natural_products/amino_acids_and_peptides/tenuecyclamide-c.yaml
naturalproductmech:mibig-3bbb3fde18	FATTY_ACIDS	n-acyl-serinol	data/natural_products/fatty_acids/n-acyl-serinol.yaml
naturalproductmech:mibig-3bc0ccde6c	ALKALOIDS	tjipanazole-d	data/natural_products/alkaloids/tjipanazole-d.yaml
naturalproductmech:mibig-3bc900ab20	ALKALOIDS	glandicoline-a	data/natural_products/alkaloids/glandicoline-a.yaml
naturalproductmech:mibig-3bd6fb0518	UNCLASSIFIED	terpenibactin-b	data/natural_products/unclassified/terpenibactin-b.yaml
naturalproductmech:mibig-3beee0c1ff	AMINO_ACIDS_AND_PEPTIDES	ficellomycin	data/natural_products/amino_acids_and_peptides/ficellomycin.yaml
naturalproductmech:mibig-3c0126554c	ALKALOIDS	phenaszenketide-c	data/natural_products/alkaloids/phenaszenketide-c.yaml
naturalproductmech:mibig-3c084106f6	AMINO_ACIDS_AND_PEPTIDES	belactosin-c	data/natural_products/amino_acids_and_peptides/belactosin-c.yaml
naturalproductmech:mibig-3c7f7716fb	POLYKETIDES	phorbactazole-c	data/natural_products/polyketides/phorbactazole-c.yaml
naturalproductmech:mibig-3c7f7ca5f2	POLYKETIDES	aldgamycin-j	data/natural_products/polyketides/aldgamycin-j.yaml
naturalproductmech:mibig-3c897b35f6	ALKALOIDS	ambiguine-i-isonitrile	data/natural_products/alkaloids/ambiguine-i-isonitrile.yaml
naturalproductmech:mibig-3c962bd6c1	UNCLASSIFIED	ornibactin-c4	data/natural_products/unclassified/ornibactin-c4.yaml
naturalproductmech:mibig-3c99d74fdd	UNCLASSIFIED	nocobactin-na-10152b	data/natural_products/unclassified/nocobactin-na-10152b.yaml
naturalproductmech:mibig-3c9fac5063	TERPENOIDS	compound-5	data/natural_products/terpenoids/compound-5.yaml
naturalproductmech:mibig-3ca07fe5ff	ALKALOIDS	loonamycin-a	data/natural_products/alkaloids/loonamycin-a.yaml
naturalproductmech:mibig-3cae748709	UNCLASSIFIED	locillomycin-b	data/natural_products/unclassified/locillomycin-b.yaml
naturalproductmech:mibig-3cd414889d	UNCLASSIFIED	be-43547a2	data/natural_products/unclassified/be-43547a2.yaml
naturalproductmech:mibig-3ce3677bd8	POLYKETIDES	4-hexadecanoyl-3-hydroxy-2-hydroxymethyl-2h-furan-5-one	data/natural_products/polyketides/4-hexadecanoyl-3-hydroxy-2-hydroxymethyl-2h-furan-5-one.yaml
naturalproductmech:mibig-3cf3f299f6	POLYKETIDES	fluostatin-p	data/natural_products/polyketides/fluostatin-p.yaml
naturalproductmech:mibig-3cf7d44c79	UNCLASSIFIED	ornibactin-c6	data/natural_products/unclassified/ornibactin-c6.yaml
naturalproductmech:mibig-3d01c83d0e	CARBOHYDRATES	alginate	data/natural_products/carbohydrates/alginate.yaml
naturalproductmech:mibig-3d1d7be500	ALKALOIDS	myxofacycline-e	data/natural_products/alkaloids/myxofacycline-e.yaml
naturalproductmech:mibig-3d20e0df73	POLYKETIDES	curacin-a	data/natural_products/polyketides/curacin-a.yaml
naturalproductmech:mibig-3d3752f09e	POLYKETIDES	myxalamid	data/natural_products/polyketides/myxalamid.yaml
naturalproductmech:mibig-3d49f1c267	POLYKETIDES	pseudopyronine-b	data/natural_products/polyketides/pseudopyronine-b.yaml
naturalproductmech:mibig-3d5a319a7d	POLYKETIDES	efomycin-l	data/natural_products/polyketides/efomycin-l.yaml
naturalproductmech:mibig-3d5e976492	TERPENOIDS	tiancilactone-e	data/natural_products/terpenoids/tiancilactone-e.yaml
naturalproductmech:mibig-3d67ffb49f	ALKALOIDS	homoanatoxin-a	data/natural_products/alkaloids/homoanatoxin-a.yaml
naturalproductmech:mibig-3d8ff34000	AMINO_ACIDS_AND_PEPTIDES	keratinimicin-b	data/natural_products/amino_acids_and_peptides/keratinimicin-b.yaml
naturalproductmech:mibig-3d9bf926f7	POLYKETIDES	efomycin-k	data/natural_products/polyketides/efomycin-k.yaml
naturalproductmech:mibig-3db26f5a68	ALKALOIDS	prodigiosin-r2	data/natural_products/alkaloids/prodigiosin-r2.yaml
naturalproductmech:mibig-3dbef7a0f0	AMINO_ACIDS_AND_PEPTIDES	muscoride-a	data/natural_products/amino_acids_and_peptides/muscoride-a.yaml
naturalproductmech:mibig-3ddeaf475e	TERPENOIDS	pr-toxin	data/natural_products/terpenoids/pr-toxin.yaml
naturalproductmech:mibig-3dfd6581bf	CARBOHYDRATES	acarviostatin-ii03	data/natural_products/carbohydrates/acarviostatin-ii03.yaml
naturalproductmech:mibig-3e0749b853	UNCLASSIFIED	enniatin	data/natural_products/unclassified/enniatin.yaml
naturalproductmech:mibig-3e377f7a3a	UNCLASSIFIED	a-94964	data/natural_products/unclassified/a-94964.yaml
naturalproductmech:mibig-3e651964d5	POLYKETIDES	lomaiviticin-e	data/natural_products/polyketides/lomaiviticin-e.yaml
naturalproductmech:mibig-3e7b2e9aed	ALKALOIDS	acu-dioxomorpholine-a	data/natural_products/alkaloids/acu-dioxomorpholine-a.yaml
naturalproductmech:mibig-3ea5964816	ALKALOIDS	communesin-d	data/natural_products/alkaloids/communesin-d.yaml
naturalproductmech:mibig-3ea93f8f98	TERPENOIDS	penifulvin-a	data/natural_products/terpenoids/penifulvin-a.yaml
naturalproductmech:mibig-3eaca80e7e	POLYKETIDES	camporidine-b	data/natural_products/polyketides/camporidine-b.yaml
naturalproductmech:mibig-3ee41ca902	TERPENOIDS	phyllostictine-b	data/natural_products/terpenoids/phyllostictine-b.yaml
naturalproductmech:mibig-3ef577b8a8	UNCLASSIFIED	deoxyhangtaimycin	data/natural_products/unclassified/deoxyhangtaimycin.yaml
naturalproductmech:mibig-3ef8ac9bbc	ALKALOIDS	lomofungin	data/natural_products/alkaloids/lomofungin.yaml
naturalproductmech:mibig-3f1c37e6b9	POLYKETIDES	kijanimicin	data/natural_products/polyketides/kijanimicin.yaml
naturalproductmech:mibig-3f31665448	AMINO_ACIDS_AND_PEPTIDES	prunipeptin	data/natural_products/amino_acids_and_peptides/prunipeptin.yaml
naturalproductmech:mibig-3f32c24a93	UNCLASSIFIED	clifednamide-f	data/natural_products/unclassified/clifednamide-f.yaml
naturalproductmech:mibig-3f35f559e8	UNCLASSIFIED	neoantimycin	data/natural_products/unclassified/neoantimycin.yaml
naturalproductmech:mibig-3f443567d8	ALKALOIDS	phenazine-sc	data/natural_products/alkaloids/phenazine-sc.yaml
naturalproductmech:mibig-3f4d7c9236	ALKALOIDS	indolmycin	data/natural_products/alkaloids/indolmycin.yaml
naturalproductmech:mibig-3f6a31b458	UNCLASSIFIED	10-epi-maltophilin	data/natural_products/unclassified/10-epi-maltophilin.yaml
naturalproductmech:mibig-3fa4c276b2	POLYKETIDES	formicamycin-j	data/natural_products/polyketides/formicamycin-j.yaml
naturalproductmech:mibig-3fe146ce04	ALKALOIDS	cj-15-696	data/natural_products/alkaloids/cj-15-696.yaml
naturalproductmech:mibig-3fe2768896	UNCLASSIFIED	rakicidin-a	data/natural_products/unclassified/rakicidin-a.yaml
naturalproductmech:mibig-3fea776d08	CARBOHYDRATES	huimycin	data/natural_products/carbohydrates/huimycin.yaml
naturalproductmech:mibig-3fecaf27c3	AMINO_ACIDS_AND_PEPTIDES	aerucyclamide-d	data/natural_products/amino_acids_and_peptides/aerucyclamide-d.yaml
naturalproductmech:mibig-4011e10aea	POLYKETIDES	mayamycin	data/natural_products/polyketides/mayamycin.yaml
naturalproductmech:mibig-40499df579	UNCLASSIFIED	icosalide-a	data/natural_products/unclassified/icosalide-a.yaml
naturalproductmech:mibig-406bd2960d	UNCLASSIFIED	pyreudione-a	data/natural_products/unclassified/pyreudione-a.yaml
naturalproductmech:mibig-40803c057d	POLYKETIDES	scb1	data/natural_products/polyketides/scb1.yaml
naturalproductmech:mibig-408c62617c	AMINO_ACIDS_AND_PEPTIDES	anabaenopeptin-802	data/natural_products/amino_acids_and_peptides/anabaenopeptin-802.yaml
naturalproductmech:mibig-40c6463114	TERPENOIDS	21-h-hopane-3beta-22-diol	data/natural_products/terpenoids/21-h-hopane-3beta-22-diol.yaml
naturalproductmech:mibig-40c8cf3b71	AMINO_ACIDS_AND_PEPTIDES	amychelin-b	data/natural_products/amino_acids_and_peptides/amychelin-b.yaml
naturalproductmech:mibig-40f15fe8fd	POLYKETIDES	difficidin	data/natural_products/polyketides/difficidin.yaml
naturalproductmech:mibig-40f7b0ba19	ALKALOIDS	cyanogramide-b	data/natural_products/alkaloids/cyanogramide-b.yaml
naturalproductmech:mibig-410144bb32	POLYKETIDES	merocyclophane-c	data/natural_products/polyketides/merocyclophane-c.yaml
naturalproductmech:mibig-414d23d178	UNCLASSIFIED	penitrem-e	data/natural_products/unclassified/penitrem-e.yaml
naturalproductmech:mibig-414eb3722e	UNCLASSIFIED	bis-malleicyprol	data/natural_products/unclassified/bis-malleicyprol.yaml
naturalproductmech:mibig-415a4f90e6	AMINO_ACIDS_AND_PEPTIDES	cycloserine	data/natural_products/amino_acids_and_peptides/cycloserine.yaml
naturalproductmech:mibig-4167a09249	POLYKETIDES	12-13-dihydroxymagnaporthepyrone	data/natural_products/polyketides/12-13-dihydroxymagnaporthepyrone.yaml
naturalproductmech:mibig-41718a6a62	AMINO_ACIDS_AND_PEPTIDES	heterobactin-a	data/natural_products/amino_acids_and_peptides/heterobactin-a.yaml
naturalproductmech:mibig-4177ea2ffa	ALKALOIDS	marinacarboline-a	data/natural_products/alkaloids/marinacarboline-a.yaml
naturalproductmech:mibig-417a914484	POLYKETIDES	bartoloside-k	data/natural_products/polyketides/bartoloside-k.yaml
naturalproductmech:mibig-418891ce5b	UNCLASSIFIED	quinomycin	data/natural_products/unclassified/quinomycin.yaml
naturalproductmech:mibig-418bf2bc44	AMINO_ACIDS_AND_PEPTIDES	basidioferrin	data/natural_products/amino_acids_and_peptides/basidioferrin.yaml
naturalproductmech:mibig-41a7dd6467	AMINO_ACIDS_AND_PEPTIDES	siamycin-i	data/natural_products/amino_acids_and_peptides/siamycin-i.yaml
naturalproductmech:mibig-41bdd645a6	UNCLASSIFIED	ma026	data/natural_products/unclassified/ma026.yaml
naturalproductmech:mibig-41c6be88f1	POLYKETIDES	cosmomycin-d	data/natural_products/polyketides/cosmomycin-d.yaml
naturalproductmech:mibig-41d358aaea	UNCLASSIFIED	triticone-a	data/natural_products/unclassified/triticone-a.yaml
naturalproductmech:mibig-41d46f87ca	POLYKETIDES	pseudopederin	data/natural_products/polyketides/pseudopederin.yaml
naturalproductmech:mibig-420b08feef	UNCLASSIFIED	sgr-ptm-compound-b	data/natural_products/unclassified/sgr-ptm-compound-b.yaml
naturalproductmech:mibig-421505cc6b	UNCLASSIFIED	hitachimycin	data/natural_products/unclassified/hitachimycin.yaml
naturalproductmech:mibig-422278c7f7	UNCLASSIFIED	heptyltyrazolone	data/natural_products/unclassified/heptyltyrazolone.yaml
naturalproductmech:mibig-422c8eccaf	AMINO_ACIDS_AND_PEPTIDES	3-methylarginine	data/natural_products/amino_acids_and_peptides/3-methylarginine.yaml
naturalproductmech:mibig-42319a4b11	ALKALOIDS	jomthonic-acid-c	data/natural_products/alkaloids/jomthonic-acid-c.yaml
naturalproductmech:mibig-423a22f634	ALKALOIDS	ammosamaic-acid-cogener	data/natural_products/alkaloids/ammosamaic-acid-cogener.yaml
naturalproductmech:mibig-423ba2e941	FATTY_ACIDS	mediomycin-a-2	data/natural_products/fatty_acids/mediomycin-a-2.yaml
naturalproductmech:mibig-4246f43bb8	UNCLASSIFIED	fijimycin-a	data/natural_products/unclassified/fijimycin-a.yaml
naturalproductmech:mibig-4251597f48	AMINO_ACIDS_AND_PEPTIDES	scytodecamide	data/natural_products/amino_acids_and_peptides/scytodecamide.yaml
naturalproductmech:mibig-428f101e70	POLYKETIDES	formicamycin-k	data/natural_products/polyketides/formicamycin-k.yaml
naturalproductmech:mibig-4298865bb8	ALKALOIDS	n-acetylnorloline	data/natural_products/alkaloids/n-acetylnorloline.yaml
naturalproductmech:mibig-42af3387f5	UNCLASSIFIED	lokisin	data/natural_products/unclassified/lokisin.yaml
naturalproductmech:mibig-42b01245df	POLYKETIDES	labrenzin	data/natural_products/polyketides/labrenzin.yaml
naturalproductmech:mibig-42f1e90dfe	AMINO_ACIDS_AND_PEPTIDES	gobichelin-a	data/natural_products/amino_acids_and_peptides/gobichelin-a.yaml
naturalproductmech:mibig-42f24564a1	AMINO_ACIDS_AND_PEPTIDES	jbir-34	data/natural_products/amino_acids_and_peptides/jbir-34.yaml
naturalproductmech:mibig-42f99235c6	AMINO_ACIDS_AND_PEPTIDES	leupeptin-a	data/natural_products/amino_acids_and_peptides/leupeptin-a.yaml
naturalproductmech:mibig-43218accdf	ALKALOIDS	argimycin-pv	data/natural_products/alkaloids/argimycin-pv.yaml
naturalproductmech:mibig-433e947767	AMINO_ACIDS_AND_PEPTIDES	cyclothiazomycin	data/natural_products/amino_acids_and_peptides/cyclothiazomycin.yaml
naturalproductmech:mibig-436434b23f	POLYKETIDES	monocillin-iv	data/natural_products/polyketides/monocillin-iv.yaml
naturalproductmech:mibig-437906d7bf	POLYKETIDES	esperamicin	data/natural_products/polyketides/esperamicin.yaml
naturalproductmech:mibig-43840b1b80	UNCLASSIFIED	be-14106	data/natural_products/unclassified/be-14106.yaml
naturalproductmech:mibig-43ba5aeadd	POLYKETIDES	scopranone-c	data/natural_products/polyketides/scopranone-c.yaml
naturalproductmech:mibig-43d1ee1b20	ALKALOIDS	diazaquinomycin-f	data/natural_products/alkaloids/diazaquinomycin-f.yaml
naturalproductmech:mibig-43e6ceb71e	UNCLASSIFIED	malleobactin-x	data/natural_products/unclassified/malleobactin-x.yaml
naturalproductmech:mibig-43e8312129	FATTY_ACIDS	zeamine-ii	data/natural_products/fatty_acids/zeamine-ii.yaml
naturalproductmech:mibig-4408b5c322	UNCLASSIFIED	nocardiopsin-b	data/natural_products/unclassified/nocardiopsin-b.yaml
naturalproductmech:mibig-441a8c4d3f	TERPENOIDS	lankacidin-c	data/natural_products/terpenoids/lankacidin-c.yaml
naturalproductmech:mibig-442c237cfd	ALKALOIDS	odilorhabdin-noso-95a	data/natural_products/alkaloids/odilorhabdin-noso-95a.yaml
naturalproductmech:mibig-446380bb70	ALKALOIDS	endophenazine-f	data/natural_products/alkaloids/endophenazine-f.yaml
naturalproductmech:mibig-447235379c	TERPENOIDS	6-isoheptadecyl-4-o-dihydrofarnesyl-2-methoxyhydroquinone	data/natural_products/terpenoids/6-isoheptadecyl-4-o-dihydrofarnesyl-2-methoxyhydroquinone.yaml
naturalproductmech:mibig-447ade53ad	CARBOHYDRATES	polyoxin-h	data/natural_products/carbohydrates/polyoxin-h.yaml
naturalproductmech:mibig-44bf0cb08c	AMINO_ACIDS_AND_PEPTIDES	chitinimide-c	data/natural_products/amino_acids_and_peptides/chitinimide-c.yaml
naturalproductmech:mibig-44d24accdb	POLYKETIDES	phenylnannolone-a	data/natural_products/polyketides/phenylnannolone-a.yaml
naturalproductmech:mibig-44e8a59293	POLYKETIDES	oronofacic-acid	data/natural_products/polyketides/oronofacic-acid.yaml
naturalproductmech:mibig-44f3ef7776	AMINO_ACIDS_AND_PEPTIDES	megapolibactin-a	data/natural_products/amino_acids_and_peptides/megapolibactin-a.yaml
naturalproductmech:mibig-4502321bd9	UNCLASSIFIED	tolaasin-i	data/natural_products/unclassified/tolaasin-i.yaml
naturalproductmech:mibig-4505b19edb	ALKALOIDS	12-epi-hapalindole-c-isonitrile	data/natural_products/alkaloids/12-epi-hapalindole-c-isonitrile.yaml
naturalproductmech:mibig-4519ae749a	POLYKETIDES	isofuranonaphthoquinone-d	data/natural_products/polyketides/isofuranonaphthoquinone-d.yaml
naturalproductmech:mibig-45334f6cee	AMINO_ACIDS_AND_PEPTIDES	lapcin	data/natural_products/amino_acids_and_peptides/lapcin.yaml
naturalproductmech:mibig-45384bf4f0	AMINO_ACIDS_AND_PEPTIDES	aeruginosin-98-a	data/natural_products/amino_acids_and_peptides/aeruginosin-98-a.yaml
naturalproductmech:mibig-453a7a10a2	AMINO_ACIDS_AND_PEPTIDES	cahuitamycin-c	data/natural_products/amino_acids_and_peptides/cahuitamycin-c.yaml
naturalproductmech:mibig-453c013dd5	TERPENOIDS	isochloro-merochlorin-b	data/natural_products/terpenoids/isochloro-merochlorin-b.yaml
naturalproductmech:mibig-4542c27ff4	AMINO_ACIDS_AND_PEPTIDES	potashchelin-d	data/natural_products/amino_acids_and_peptides/potashchelin-d.yaml
naturalproductmech:mibig-458d2ea22b	CARBOHYDRATES	streptothricin-c	data/natural_products/carbohydrates/streptothricin-c.yaml
naturalproductmech:mibig-4597c767c9	POLYKETIDES	2e-4e-6e-8e-n-2-hydroxy-5-oxocyclopent-1-en-1-yl-9-o-tolyl-nona-2-4-6-8-tetraena	data/natural_products/polyketides/2e-4e-6e-8e-n-2-hydroxy-5-oxocyclopent-1-en-1-yl-9-o-tolyl-nona-2-4-6-8-tetraena.yaml
naturalproductmech:mibig-45aa4eac2a	POLYKETIDES	metathramycin	data/natural_products/polyketides/metathramycin.yaml
naturalproductmech:mibig-45bd834dfa	POLYKETIDES	bryostatin	data/natural_products/polyketides/bryostatin.yaml
naturalproductmech:mibig-45bd9dc971	ALKALOIDS	cepaciachelin	data/natural_products/alkaloids/cepaciachelin.yaml
naturalproductmech:mibig-45c1747c4f	AMINO_ACIDS_AND_PEPTIDES	azolemycin-b	data/natural_products/amino_acids_and_peptides/azolemycin-b.yaml
naturalproductmech:mibig-45c1d1a2e6	AMINO_ACIDS_AND_PEPTIDES	planosporicin	data/natural_products/amino_acids_and_peptides/planosporicin.yaml
naturalproductmech:mibig-45d5d15d63	UNCLASSIFIED	psychrophilin-i	data/natural_products/unclassified/psychrophilin-i.yaml
naturalproductmech:mibig-45d7d9cfd1	UNCLASSIFIED	trithioclapurine	data/natural_products/unclassified/trithioclapurine.yaml
naturalproductmech:mibig-45d8467be8	POLYKETIDES	hatomarubigin-d	data/natural_products/polyketides/hatomarubigin-d.yaml
naturalproductmech:mibig-45ec675c07	POLYKETIDES	pacificanone-a	data/natural_products/polyketides/pacificanone-a.yaml
naturalproductmech:mibig-4617b5664b	POLYKETIDES	chromomycin-a3	data/natural_products/polyketides/chromomycin-a3.yaml
naturalproductmech:mibig-464fc6f109	AMINO_ACIDS_AND_PEPTIDES	megapolibactin-f	data/natural_products/amino_acids_and_peptides/megapolibactin-f.yaml
naturalproductmech:mibig-466d3fef37	UNCLASSIFIED	prekainic-acid	data/natural_products/unclassified/prekainic-acid.yaml
naturalproductmech:mibig-467e1a4238	UNCLASSIFIED	arthrofactin-a	data/natural_products/unclassified/arthrofactin-a.yaml
naturalproductmech:mibig-4684834f05	CARBOHYDRATES	everninomicin-e	data/natural_products/carbohydrates/everninomicin-e.yaml
naturalproductmech:mibig-468d467f6a	FATTY_ACIDS	chlorosphaerolactylate-c	data/natural_products/fatty_acids/chlorosphaerolactylate-c.yaml
naturalproductmech:mibig-46c9f41d46	ALKALOIDS	demethoxygriseoluteic-acid	data/natural_products/alkaloids/demethoxygriseoluteic-acid.yaml
naturalproductmech:mibig-46fefb3b37	AMINO_ACIDS_AND_PEPTIDES	cystomanamide-a	data/natural_products/amino_acids_and_peptides/cystomanamide-a.yaml
naturalproductmech:mibig-4707c744c7	POLYKETIDES	arenimycin-a	data/natural_products/polyketides/arenimycin-a.yaml
naturalproductmech:mibig-472be7e9b4	AMINO_ACIDS_AND_PEPTIDES	sanglifehrin-a	data/natural_products/amino_acids_and_peptides/sanglifehrin-a.yaml
naturalproductmech:mibig-47aa8453ec	AMINO_ACIDS_AND_PEPTIDES	aeruginosamide-c	data/natural_products/amino_acids_and_peptides/aeruginosamide-c.yaml
naturalproductmech:mibig-47d20319b6	ALKALOIDS	pzn7	data/natural_products/alkaloids/pzn7.yaml
naturalproductmech:mibig-47d65e5c20	POLYKETIDES	1-6-dihydro-8-propylanthraquinone	data/natural_products/polyketides/1-6-dihydro-8-propylanthraquinone.yaml
naturalproductmech:mibig-47e25f64fe	AMINO_ACIDS_AND_PEPTIDES	ge2270	data/natural_products/amino_acids_and_peptides/ge2270.yaml
naturalproductmech:mibig-4807feced4	AMINO_ACIDS_AND_PEPTIDES	heinamide-b1	data/natural_products/amino_acids_and_peptides/heinamide-b1.yaml
naturalproductmech:mibig-48432214c0	AMINO_ACIDS_AND_PEPTIDES	heinamide-a2	data/natural_products/amino_acids_and_peptides/heinamide-a2.yaml
naturalproductmech:mibig-4843c9a9b1	UNCLASSIFIED	montamide-a	data/natural_products/unclassified/montamide-a.yaml
naturalproductmech:mibig-489bd6e2d9	UNCLASSIFIED	myxarylin	data/natural_products/unclassified/myxarylin.yaml
naturalproductmech:mibig-490475bd95	AMINO_ACIDS_AND_PEPTIDES	mersacidin	data/natural_products/amino_acids_and_peptides/mersacidin.yaml
naturalproductmech:mibig-492ccbb627	AMINO_ACIDS_AND_PEPTIDES	capreomycin-iia	data/natural_products/amino_acids_and_peptides/capreomycin-iia.yaml
naturalproductmech:mibig-4930c38413	TERPENOIDS	hygromycin-a	data/natural_products/terpenoids/hygromycin-a.yaml
naturalproductmech:mibig-494040c9fb	UNCLASSIFIED	ape-ec	data/natural_products/unclassified/ape-ec.yaml
naturalproductmech:mibig-4957b41c61	AMINO_ACIDS_AND_PEPTIDES	albomycin-epsilon	data/natural_products/amino_acids_and_peptides/albomycin-epsilon.yaml
naturalproductmech:mibig-496d868766	ALKALOIDS	pyrroloformamide-d	data/natural_products/alkaloids/pyrroloformamide-d.yaml
naturalproductmech:mibig-497c56536d	POLYKETIDES	cylindrocyclophane-e	data/natural_products/polyketides/cylindrocyclophane-e.yaml
naturalproductmech:mibig-49a15188aa	POLYKETIDES	chaetoviridin-e	data/natural_products/polyketides/chaetoviridin-e.yaml
naturalproductmech:mibig-49aeb7dc53	POLYKETIDES	palmerolide-a	data/natural_products/polyketides/palmerolide-a.yaml
naturalproductmech:mibig-49aef618d9	UNCLASSIFIED	higginsianin-b	data/natural_products/unclassified/higginsianin-b.yaml
naturalproductmech:mibig-49b703a280	POLYKETIDES	conglobatin	data/natural_products/polyketides/conglobatin.yaml
naturalproductmech:mibig-49c2b5b8af	CARBOHYDRATES	vancosamine	data/natural_products/carbohydrates/vancosamine.yaml
naturalproductmech:mibig-49c3386c34	POLYKETIDES	scb2	data/natural_products/polyketides/scb2.yaml
naturalproductmech:mibig-49ca9fad2a	TERPENOIDS	cattleyene	data/natural_products/terpenoids/cattleyene.yaml
naturalproductmech:mibig-49cfffc3c7	ALKALOIDS	pentanochelin	data/natural_products/alkaloids/pentanochelin.yaml
naturalproductmech:mibig-4a159e2bec	POLYKETIDES	ustilaginoidin-d	data/natural_products/polyketides/ustilaginoidin-d.yaml
naturalproductmech:mibig-4a9dcd5d0a	POLYKETIDES	arixanthomycin-c	data/natural_products/polyketides/arixanthomycin-c.yaml
naturalproductmech:mibig-4aa88635e9	UNCLASSIFIED	prosekin	data/natural_products/unclassified/prosekin.yaml
naturalproductmech:mibig-4ab350af67	AMINO_ACIDS_AND_PEPTIDES	scabichelin	data/natural_products/amino_acids_and_peptides/scabichelin.yaml
naturalproductmech:mibig-4acf6c9688	ALKALOIDS	endophenazine-b	data/natural_products/alkaloids/endophenazine-b.yaml
naturalproductmech:mibig-4ad0625f00	POLYKETIDES	ustilaginoidin-e	data/natural_products/polyketides/ustilaginoidin-e.yaml
naturalproductmech:mibig-4aec36dbac	UNCLASSIFIED	stechlisin-e2	data/natural_products/unclassified/stechlisin-e2.yaml
naturalproductmech:mibig-4b02b12302	UNCLASSIFIED	sandarazol-b	data/natural_products/unclassified/sandarazol-b.yaml
naturalproductmech:mibig-4b0da50869	UNCLASSIFIED	cystobactamid-919-2	data/natural_products/unclassified/cystobactamid-919-2.yaml
naturalproductmech:mibig-4b1562dcf5	POLYKETIDES	lomaiviticin-a	data/natural_products/polyketides/lomaiviticin-a.yaml
naturalproductmech:mibig-4b20625e30	AMINO_ACIDS_AND_PEPTIDES	streptomonomicin	data/natural_products/amino_acids_and_peptides/streptomonomicin.yaml
naturalproductmech:mibig-4b38dfeb80	UNCLASSIFIED	sansalvamide	data/natural_products/unclassified/sansalvamide.yaml
naturalproductmech:mibig-4b80aeb3e1	UNCLASSIFIED	viscosin	data/natural_products/unclassified/viscosin.yaml
naturalproductmech:mibig-4b83bfc007	UNCLASSIFIED	equisetin	data/natural_products/unclassified/equisetin.yaml
naturalproductmech:mibig-4baaaaf007	AMINO_ACIDS_AND_PEPTIDES	pseudovibriamide-b2	data/natural_products/amino_acids_and_peptides/pseudovibriamide-b2.yaml
naturalproductmech:mibig-4bb2ad6d05	ALKALOIDS	stams-9n	data/natural_products/alkaloids/stams-9n.yaml
naturalproductmech:mibig-4bbff632b4	UNCLASSIFIED	citreohybridonol	data/natural_products/unclassified/citreohybridonol.yaml
naturalproductmech:mibig-4bde525501	UNCLASSIFIED	depsibosamycin-d	data/natural_products/unclassified/depsibosamycin-d.yaml
naturalproductmech:mibig-4c0d1526ef	AMINO_ACIDS_AND_PEPTIDES	napsamycin-c	data/natural_products/amino_acids_and_peptides/napsamycin-c.yaml
naturalproductmech:mibig-4c106eac10	UNCLASSIFIED	beauvericin	data/natural_products/unclassified/beauvericin.yaml
naturalproductmech:mibig-4c140c7b24	AMINO_ACIDS_AND_PEPTIDES	azolemycin-d	data/natural_products/amino_acids_and_peptides/azolemycin-d.yaml
naturalproductmech:mibig-4c415ec76c	POLYKETIDES	cervimycin-d	data/natural_products/polyketides/cervimycin-d.yaml
naturalproductmech:mibig-4c4c71285f	TERPENOIDS	7-deoxypactamycin	data/natural_products/terpenoids/7-deoxypactamycin.yaml
naturalproductmech:mibig-4c577dc2f9	POLYKETIDES	preburnettiene-b	data/natural_products/polyketides/preburnettiene-b.yaml
naturalproductmech:mibig-4cac02f12e	POLYKETIDES	onnamide-a	data/natural_products/polyketides/onnamide-a.yaml
naturalproductmech:mibig-4cb89c9b34	POLYKETIDES	leupyrrin-a2	data/natural_products/polyketides/leupyrrin-a2.yaml
naturalproductmech:mibig-4cd0d81347	POLYKETIDES	clifednamide-d	data/natural_products/polyketides/clifednamide-d.yaml
naturalproductmech:mibig-4ceab14858	AMINO_ACIDS_AND_PEPTIDES	bleomycin-b2	data/natural_products/amino_acids_and_peptides/bleomycin-b2.yaml
naturalproductmech:mibig-4d0b5369c8	AMINO_ACIDS_AND_PEPTIDES	bosamycin-e	data/natural_products/amino_acids_and_peptides/bosamycin-e.yaml
naturalproductmech:mibig-4d157842ca	POLYKETIDES	scytophycin	data/natural_products/polyketides/scytophycin.yaml
naturalproductmech:mibig-4d218fcef2	AMINO_ACIDS_AND_PEPTIDES	guangnanmycin	data/natural_products/amino_acids_and_peptides/guangnanmycin.yaml
naturalproductmech:mibig-4d42aab3e9	AMINO_ACIDS_AND_PEPTIDES	thioholgamide-b	data/natural_products/amino_acids_and_peptides/thioholgamide-b.yaml
naturalproductmech:mibig-4d56933bfd	AMINO_ACIDS_AND_PEPTIDES	heinamide-a1	data/natural_products/amino_acids_and_peptides/heinamide-a1.yaml
naturalproductmech:mibig-4d7de6b1ef	AMINO_ACIDS_AND_PEPTIDES	duramycin	data/natural_products/amino_acids_and_peptides/duramycin.yaml
naturalproductmech:mibig-4d9bbd4b83	AMINO_ACIDS_AND_PEPTIDES	grimoviridin	data/natural_products/amino_acids_and_peptides/grimoviridin.yaml
naturalproductmech:mibig-4da510b81b	ALKALOIDS	5-2-hydroxyacetyl-5-10-dihydrophenazine-1-carboxylic-acid	data/natural_products/alkaloids/5-2-hydroxyacetyl-5-10-dihydrophenazine-1-carboxylic-acid.yaml
naturalproductmech:mibig-4da9352970	UNCLASSIFIED	divergolide-d	data/natural_products/unclassified/divergolide-d.yaml
naturalproductmech:mibig-4dd6726176	POLYKETIDES	epipyrone-a	data/natural_products/polyketides/epipyrone-a.yaml
naturalproductmech:mibig-4dfea98f8f	AMINO_ACIDS_AND_PEPTIDES	corynazolicin	data/natural_products/amino_acids_and_peptides/corynazolicin.yaml
naturalproductmech:mibig-4e02b2b78e	CARBOHYDRATES	caprazamycin	data/natural_products/carbohydrates/caprazamycin.yaml
naturalproductmech:mibig-4e0bae7207	UNCLASSIFIED	cda3b	data/natural_products/unclassified/cda3b.yaml
naturalproductmech:mibig-4e1ca9a24c	POLYKETIDES	resistoflavine	data/natural_products/polyketides/resistoflavine.yaml
naturalproductmech:mibig-4e23f802fb	AMINO_ACIDS_AND_PEPTIDES	gaburedin-e	data/natural_products/amino_acids_and_peptides/gaburedin-e.yaml
naturalproductmech:mibig-4e2bf1afbd	TERPENOIDS	zealexin-a1	data/natural_products/terpenoids/zealexin-a1.yaml
naturalproductmech:mibig-4e3f72f112	AMINO_ACIDS_AND_PEPTIDES	bosamycin-d	data/natural_products/amino_acids_and_peptides/bosamycin-d.yaml
naturalproductmech:mibig-4e447db278	POLYKETIDES	fr901512	data/natural_products/polyketides/fr901512.yaml
naturalproductmech:mibig-4e6a4b882b	POLYKETIDES	macrobrevin	data/natural_products/polyketides/macrobrevin.yaml
naturalproductmech:mibig-4e6eae01d4	POLYKETIDES	nonactin	data/natural_products/polyketides/nonactin.yaml
naturalproductmech:mibig-4e89e4df7a	AMINO_ACIDS_AND_PEPTIDES	actinoidin-b	data/natural_products/amino_acids_and_peptides/actinoidin-b.yaml
naturalproductmech:mibig-4e9443cf70	ALKALOIDS	reductasporine	data/natural_products/alkaloids/reductasporine.yaml
naturalproductmech:mibig-4e95f9fea5	ALKALOIDS	cyanogramide-c	data/natural_products/alkaloids/cyanogramide-c.yaml
naturalproductmech:mibig-4ea6daa815	ALKALOIDS	migrastatin	data/natural_products/alkaloids/migrastatin.yaml
naturalproductmech:mibig-4ea966a727	ALKALOIDS	cc-1065	data/natural_products/alkaloids/cc-1065.yaml
naturalproductmech:mibig-4eaf8de3d0	UNCLASSIFIED	legonoxamine-b	data/natural_products/unclassified/legonoxamine-b.yaml
naturalproductmech:mibig-4ebb786cfe	ALKALOIDS	tjipanazole-l	data/natural_products/alkaloids/tjipanazole-l.yaml
naturalproductmech:mibig-4ef7ea8cff	POLYKETIDES	bartoloside-g	data/natural_products/polyketides/bartoloside-g.yaml
naturalproductmech:mibig-4f068981a4	SHIKIMATES_AND_PHENYLPROPANOIDS	3-p-hydroxyphenyl-1-2-propanediol	data/natural_products/shikimates_and_phenylpropanoids/3-p-hydroxyphenyl-1-2-propanediol.yaml
naturalproductmech:mibig-4f30549108	AMINO_ACIDS_AND_PEPTIDES	microsclerodermin-m	data/natural_products/amino_acids_and_peptides/microsclerodermin-m.yaml
naturalproductmech:mibig-4f4a6acf18	POLYKETIDES	pyxipyrrolone-a	data/natural_products/polyketides/pyxipyrrolone-a.yaml
naturalproductmech:mibig-4f7eeca6fc	POLYKETIDES	pellasoren	data/natural_products/polyketides/pellasoren.yaml
naturalproductmech:mibig-4fa65fe073	AMINO_ACIDS_AND_PEPTIDES	paeninodin	data/natural_products/amino_acids_and_peptides/paeninodin.yaml
naturalproductmech:mibig-4fb749bfc6	UNCLASSIFIED	microviridin-n5	data/natural_products/unclassified/microviridin-n5.yaml
naturalproductmech:mibig-4fba1a804c	POLYKETIDES	3-methoxy-1-2-dehydropenicillide	data/natural_products/polyketides/3-methoxy-1-2-dehydropenicillide.yaml
naturalproductmech:mibig-4fbb76a2e5	POLYKETIDES	carbamidocyclophane-t	data/natural_products/polyketides/carbamidocyclophane-t.yaml
naturalproductmech:mibig-4ff3f33dde	POLYKETIDES	ustilaginoidin-o	data/natural_products/polyketides/ustilaginoidin-o.yaml
naturalproductmech:mibig-4ffb4ff3ee	UNCLASSIFIED	surfactin	data/natural_products/unclassified/surfactin.yaml
naturalproductmech:mibig-5005ff3a20	POLYKETIDES	crocacin	data/natural_products/polyketides/crocacin.yaml
naturalproductmech:mibig-5044e5068f	AMINO_ACIDS_AND_PEPTIDES	bacilysin-2	data/natural_products/amino_acids_and_peptides/bacilysin-2.yaml
naturalproductmech:mibig-5048765781	POLYKETIDES	baikalomycin-c	data/natural_products/polyketides/baikalomycin-c.yaml
naturalproductmech:mibig-5059880552	POLYKETIDES	streptovaricin	data/natural_products/polyketides/streptovaricin.yaml
naturalproductmech:mibig-50633d4b88	ALKALOIDS	aspochalasin-e	data/natural_products/alkaloids/aspochalasin-e.yaml
naturalproductmech:mibig-5074757eb4	AMINO_ACIDS_AND_PEPTIDES	pseudovibriamide-b1	data/natural_products/amino_acids_and_peptides/pseudovibriamide-b1.yaml
naturalproductmech:mibig-508c7e1829	UNCLASSIFIED	ashimide-a	data/natural_products/unclassified/ashimide-a.yaml
naturalproductmech:mibig-5099894cd7	POLYKETIDES	fluostatin-f	data/natural_products/polyketides/fluostatin-f.yaml
naturalproductmech:mibig-50b34bf743	UNCLASSIFIED	hancockiamide-e	data/natural_products/unclassified/hancockiamide-e.yaml
naturalproductmech:mibig-50d3b9ca5e	AMINO_ACIDS_AND_PEPTIDES	taiwachelin	data/natural_products/amino_acids_and_peptides/taiwachelin.yaml
naturalproductmech:mibig-50f89f311d	AMINO_ACIDS_AND_PEPTIDES	tubulysin-f	data/natural_products/amino_acids_and_peptides/tubulysin-f.yaml
naturalproductmech:mibig-50ffc398b7	AMINO_ACIDS_AND_PEPTIDES	sandarazol-d	data/natural_products/amino_acids_and_peptides/sandarazol-d.yaml
naturalproductmech:mibig-51362f64bc	POLYKETIDES	hexaricin-b	data/natural_products/polyketides/hexaricin-b.yaml
naturalproductmech:mibig-51607ce958	UNCLASSIFIED	pretrichodermamide-c	data/natural_products/unclassified/pretrichodermamide-c.yaml
naturalproductmech:mibig-5172626ac8	TERPENOIDS	enterocin	data/natural_products/terpenoids/enterocin.yaml
naturalproductmech:mibig-517478b183	AMINO_ACIDS_AND_PEPTIDES	nostocyclopeptide-a2	data/natural_products/amino_acids_and_peptides/nostocyclopeptide-a2.yaml
naturalproductmech:mibig-519e7f28b5	POLYKETIDES	2-3-dihydrosorbicillinol	data/natural_products/polyketides/2-3-dihydrosorbicillinol.yaml
naturalproductmech:mibig-51b6ae3659	POLYKETIDES	17-o-methylniphimycin	data/natural_products/polyketides/17-o-methylniphimycin.yaml
naturalproductmech:mibig-51edfdbde1	AMINO_ACIDS_AND_PEPTIDES	landepoxcin-b	data/natural_products/amino_acids_and_peptides/landepoxcin-b.yaml
naturalproductmech:mibig-51f020c90a	AMINO_ACIDS_AND_PEPTIDES	viridisamide-a	data/natural_products/amino_acids_and_peptides/viridisamide-a.yaml
naturalproductmech:mibig-51f14054eb	POLYKETIDES	pamamycin-621a	data/natural_products/polyketides/pamamycin-621a.yaml
naturalproductmech:mibig-5209b855e4	UNCLASSIFIED	2-oxocyclopiazonic-acid	data/natural_products/unclassified/2-oxocyclopiazonic-acid.yaml
naturalproductmech:mibig-5240e25646	FATTY_ACIDS	bongkrekic-acid-2	data/natural_products/fatty_acids/bongkrekic-acid-2.yaml
naturalproductmech:mibig-5265fbfee5	UNCLASSIFIED	mutanocyclin	data/natural_products/unclassified/mutanocyclin.yaml
naturalproductmech:mibig-5270d6c3ac	UNCLASSIFIED	nigrifactin	data/natural_products/unclassified/nigrifactin.yaml
naturalproductmech:mibig-5271b017b3	ALKALOIDS	brasiliamide-i	data/natural_products/alkaloids/brasiliamide-i.yaml
naturalproductmech:mibig-52cc098496	POLYKETIDES	tetronomycin	data/natural_products/polyketides/tetronomycin.yaml
naturalproductmech:mibig-52ced204a3	AMINO_ACIDS_AND_PEPTIDES	endopyrrole-b	data/natural_products/amino_acids_and_peptides/endopyrrole-b.yaml
naturalproductmech:mibig-530bc2905b	ALKALOIDS	argimycin-pvi	data/natural_products/alkaloids/argimycin-pvi.yaml
naturalproductmech:mibig-532157d135	UNCLASSIFIED	coprisamide-c	data/natural_products/unclassified/coprisamide-c.yaml
naturalproductmech:mibig-5339b40e51	POLYKETIDES	sch-47554	data/natural_products/polyketides/sch-47554.yaml
naturalproductmech:mibig-533ddeefb5	UNCLASSIFIED	cryptophycin-a	data/natural_products/unclassified/cryptophycin-a.yaml
naturalproductmech:mibig-534183c79b	AMINO_ACIDS_AND_PEPTIDES	detoxin-p1	data/natural_products/amino_acids_and_peptides/detoxin-p1.yaml
naturalproductmech:mibig-53585e6d66	POLYKETIDES	tln-05220	data/natural_products/polyketides/tln-05220.yaml
naturalproductmech:mibig-53609c9e33	CARBOHYDRATES	liposidomycin-k	data/natural_products/carbohydrates/liposidomycin-k.yaml
naturalproductmech:mibig-5395461679	ALKALOIDS	yersiniabactin	data/natural_products/alkaloids/yersiniabactin.yaml
naturalproductmech:mibig-539b803574	UNCLASSIFIED	desmethylsalinamide-e	data/natural_products/unclassified/desmethylsalinamide-e.yaml
naturalproductmech:mibig-53a949a775	UNCLASSIFIED	microviridin-1748	data/natural_products/unclassified/microviridin-1748.yaml
naturalproductmech:mibig-53b30a7e6b	AMINO_ACIDS_AND_PEPTIDES	heinamide-b4	data/natural_products/amino_acids_and_peptides/heinamide-b4.yaml
naturalproductmech:mibig-53cf674777	AMINO_ACIDS_AND_PEPTIDES	uk-68-597	data/natural_products/amino_acids_and_peptides/uk-68-597.yaml
naturalproductmech:mibig-53e5327f78	AMINO_ACIDS_AND_PEPTIDES	surugamide-d	data/natural_products/amino_acids_and_peptides/surugamide-d.yaml
naturalproductmech:mibig-540c385815	AMINO_ACIDS_AND_PEPTIDES	tubulysin-h	data/natural_products/amino_acids_and_peptides/tubulysin-h.yaml
naturalproductmech:mibig-5429277cfb	TERPENOIDS	tiancilactone-c	data/natural_products/terpenoids/tiancilactone-c.yaml
naturalproductmech:mibig-542b01f1fe	AMINO_ACIDS_AND_PEPTIDES	zelkovamycin-d	data/natural_products/amino_acids_and_peptides/zelkovamycin-d.yaml
naturalproductmech:mibig-543520f6e9	AMINO_ACIDS_AND_PEPTIDES	ditryptophenaline	data/natural_products/amino_acids_and_peptides/ditryptophenaline.yaml
naturalproductmech:mibig-54379f5e60	POLYKETIDES	arixanthomycin-b	data/natural_products/polyketides/arixanthomycin-b.yaml
naturalproductmech:mibig-5448ad6f55	CARBOHYDRATES	mildiomycin	data/natural_products/carbohydrates/mildiomycin.yaml
naturalproductmech:mibig-5458ad4d20	ALKALOIDS	cytochalasin-k	data/natural_products/alkaloids/cytochalasin-k.yaml
naturalproductmech:mibig-54663a9139	SHIKIMATES_AND_PHENYLPROPANOIDS	2-4-dihydroxy-3-methoxypropiophenone	data/natural_products/shikimates_and_phenylpropanoids/2-4-dihydroxy-3-methoxypropiophenone.yaml
naturalproductmech:mibig-548d2e87d1	POLYKETIDES	rubropunctatine	data/natural_products/polyketides/rubropunctatine.yaml
naturalproductmech:mibig-5498ccc60d	ALKALOIDS	ambiguine-j-isonitrile	data/natural_products/alkaloids/ambiguine-j-isonitrile.yaml
naturalproductmech:mibig-549922c785	UNCLASSIFIED	vatiamide-f	data/natural_products/unclassified/vatiamide-f.yaml
naturalproductmech:mibig-54a8c938bd	AMINO_ACIDS_AND_PEPTIDES	lactocillin	data/natural_products/amino_acids_and_peptides/lactocillin.yaml
naturalproductmech:mibig-54cb619abd	CARBOHYDRATES	liposidomycin-h	data/natural_products/carbohydrates/liposidomycin-h.yaml
naturalproductmech:mibig-54d0e249da	POLYKETIDES	linearmycin-a	data/natural_products/polyketides/linearmycin-a.yaml
naturalproductmech:mibig-54fd054422	POLYKETIDES	rubiginone-a2	data/natural_products/polyketides/rubiginone-a2.yaml
naturalproductmech:mibig-550d894c33	CARBOHYDRATES	caprazamycin-aglycon	data/natural_products/carbohydrates/caprazamycin-aglycon.yaml
naturalproductmech:mibig-551065bed2	ALKALOIDS	legonindolizine-a	data/natural_products/alkaloids/legonindolizine-a.yaml
naturalproductmech:mibig-551270042f	AMINO_ACIDS_AND_PEPTIDES	pacifibactin	data/natural_products/amino_acids_and_peptides/pacifibactin.yaml
naturalproductmech:mibig-55150ce0a8	AMINO_ACIDS_AND_PEPTIDES	anacyclamide-a10	data/natural_products/amino_acids_and_peptides/anacyclamide-a10.yaml
naturalproductmech:mibig-551aee8133	POLYKETIDES	desertomycin-a	data/natural_products/polyketides/desertomycin-a.yaml
naturalproductmech:mibig-551f8ef8e4	POLYKETIDES	scb3	data/natural_products/polyketides/scb3.yaml
naturalproductmech:mibig-55457a1611	ALKALOIDS	rubradirin	data/natural_products/alkaloids/rubradirin.yaml
naturalproductmech:mibig-559e9d03ee	UNCLASSIFIED	aculeximycin	data/natural_products/unclassified/aculeximycin.yaml
naturalproductmech:mibig-55d5b3a5d6	POLYKETIDES	megalomicin-a	data/natural_products/polyketides/megalomicin-a.yaml
naturalproductmech:mibig-55dd9ccc19	UNCLASSIFIED	acidobactin-a	data/natural_products/unclassified/acidobactin-a.yaml
naturalproductmech:mibig-560750e959	TERPENOIDS	platencin-2	data/natural_products/terpenoids/platencin-2.yaml
naturalproductmech:mibig-56196b2115	POLYKETIDES	cervinomycin-c1	data/natural_products/polyketides/cervinomycin-c1.yaml
naturalproductmech:mibig-563029be12	TERPENOIDS	marinoterpin-a	data/natural_products/terpenoids/marinoterpin-a.yaml
naturalproductmech:mibig-5634f6b25e	AMINO_ACIDS_AND_PEPTIDES	patellin-3	data/natural_products/amino_acids_and_peptides/patellin-3.yaml
naturalproductmech:mibig-5648c328b5	ALKALOIDS	8-oxo-fusatin	data/natural_products/alkaloids/8-oxo-fusatin.yaml
naturalproductmech:mibig-566cdea0b9	AMINO_ACIDS_AND_PEPTIDES	nocathiacin-i	data/natural_products/amino_acids_and_peptides/nocathiacin-i.yaml
naturalproductmech:mibig-567d6adfb7	UNCLASSIFIED	kutzneride-7	data/natural_products/unclassified/kutzneride-7.yaml
naturalproductmech:mibig-56bc8e5dd3	POLYKETIDES	fluostatin-c	data/natural_products/polyketides/fluostatin-c.yaml
naturalproductmech:mibig-570bf598d4	UNCLASSIFIED	camporidine-a	data/natural_products/unclassified/camporidine-a.yaml
naturalproductmech:mibig-572e365778	AMINO_ACIDS_AND_PEPTIDES	friulimicin-b	data/natural_products/amino_acids_and_peptides/friulimicin-b.yaml
naturalproductmech:mibig-5730bd08ca	UNCLASSIFIED	gliovirin	data/natural_products/unclassified/gliovirin.yaml
naturalproductmech:mibig-5780b79a20	UNCLASSIFIED	hypeptin	data/natural_products/unclassified/hypeptin.yaml
naturalproductmech:mibig-57d0ff6d62	AMINO_ACIDS_AND_PEPTIDES	virginiafactin-a	data/natural_products/amino_acids_and_peptides/virginiafactin-a.yaml
naturalproductmech:mibig-581704dba6	ALKALOIDS	ulbactin-g	data/natural_products/alkaloids/ulbactin-g.yaml
naturalproductmech:mibig-584debc273	UNCLASSIFIED	heronamide-f	data/natural_products/unclassified/heronamide-f.yaml
naturalproductmech:mibig-58540c3bc0	UNCLASSIFIED	didemnin-y	data/natural_products/unclassified/didemnin-y.yaml
naturalproductmech:mibig-585f60e5da	UNCLASSIFIED	fujikurin-b	data/natural_products/unclassified/fujikurin-b.yaml
naturalproductmech:mibig-5879a27c10	SHIKIMATES_AND_PHENYLPROPANOIDS	mellein	data/natural_products/shikimates_and_phenylpropanoids/mellein.yaml
naturalproductmech:mibig-58a1cd674f	CARBOHYDRATES	a-503083-f	data/natural_products/carbohydrates/a-503083-f.yaml
naturalproductmech:mibig-58d711e68f	POLYKETIDES	ustilaginoidin-g	data/natural_products/polyketides/ustilaginoidin-g.yaml
naturalproductmech:mibig-59020fa5fd	AMINO_ACIDS_AND_PEPTIDES	microviridin-1739	data/natural_products/amino_acids_and_peptides/microviridin-1739.yaml
naturalproductmech:mibig-591a288508	POLYKETIDES	lomaiviticin-d	data/natural_products/polyketides/lomaiviticin-d.yaml
naturalproductmech:mibig-592432a7ee	ALKALOIDS	safracin-b	data/natural_products/alkaloids/safracin-b.yaml
naturalproductmech:mibig-592e9d971b	POLYKETIDES	oxosorbicillinol	data/natural_products/polyketides/oxosorbicillinol.yaml
naturalproductmech:mibig-59301e0706	POLYKETIDES	anthracimycin	data/natural_products/polyketides/anthracimycin.yaml
naturalproductmech:mibig-5942c19a89	UNCLASSIFIED	penitrem-a	data/natural_products/unclassified/penitrem-a.yaml
naturalproductmech:mibig-598bbd8f40	ALKALOIDS	psychrophilin-e	data/natural_products/alkaloids/psychrophilin-e.yaml
naturalproductmech:mibig-599f37e981	POLYKETIDES	rubiginone-j	data/natural_products/polyketides/rubiginone-j.yaml
naturalproductmech:mibig-59b7206fd7	UNCLASSIFIED	pactamide-f	data/natural_products/unclassified/pactamide-f.yaml
naturalproductmech:mibig-59db7f642f	AMINO_ACIDS_AND_PEPTIDES	rhabdopeptide-2	data/natural_products/amino_acids_and_peptides/rhabdopeptide-2.yaml
naturalproductmech:mibig-5a11cea583	POLYKETIDES	lomaiviticin-c	data/natural_products/polyketides/lomaiviticin-c.yaml
naturalproductmech:mibig-5a1fc87090	AMINO_ACIDS_AND_PEPTIDES	pseudovibriamide-b6	data/natural_products/amino_acids_and_peptides/pseudovibriamide-b6.yaml
naturalproductmech:mibig-5a2b2bf988	ALKALOIDS	saframycin-a	data/natural_products/alkaloids/saframycin-a.yaml
naturalproductmech:mibig-5a317a2bac	POLYKETIDES	mycotrienin-i	data/natural_products/polyketides/mycotrienin-i.yaml
naturalproductmech:mibig-5a45103ea4	POLYKETIDES	lacunalide-a	data/natural_products/polyketides/lacunalide-a.yaml
naturalproductmech:mibig-5a64ae543f	AMINO_ACIDS_AND_PEPTIDES	frankobactin-a1	data/natural_products/amino_acids_and_peptides/frankobactin-a1.yaml
naturalproductmech:mibig-5a8376cc82	ALKALOIDS	berninamycin-k	data/natural_products/alkaloids/berninamycin-k.yaml
naturalproductmech:mibig-5a9505e7e9	AMINO_ACIDS_AND_PEPTIDES	humidimycin	data/natural_products/amino_acids_and_peptides/humidimycin.yaml
naturalproductmech:mibig-5a982ded92	TERPENOIDS	tiancilactone-b	data/natural_products/terpenoids/tiancilactone-b.yaml
naturalproductmech:mibig-5ab77d877b	UNCLASSIFIED	cereulide	data/natural_products/unclassified/cereulide.yaml
naturalproductmech:mibig-5abdfc7ca8	UNCLASSIFIED	dkxanthene-560	data/natural_products/unclassified/dkxanthene-560.yaml
naturalproductmech:mibig-5ac2e70945	UNCLASSIFIED	didemnin-x	data/natural_products/unclassified/didemnin-x.yaml
naturalproductmech:mibig-5b017fce51	POLYKETIDES	warkmycin-cs2	data/natural_products/polyketides/warkmycin-cs2.yaml
naturalproductmech:mibig-5b0b86a310	POLYKETIDES	fumosorinone	data/natural_products/polyketides/fumosorinone.yaml
naturalproductmech:mibig-5b68961954	POLYKETIDES	phenylnannolone-b	data/natural_products/polyketides/phenylnannolone-b.yaml
naturalproductmech:mibig-5b76aaeeb1	ALKALOIDS	4-hydroxy-3-nitrosobenzamide	data/natural_products/alkaloids/4-hydroxy-3-nitrosobenzamide.yaml
naturalproductmech:mibig-5ba07fdfe2	POLYKETIDES	pyrophen	data/natural_products/polyketides/pyrophen.yaml
naturalproductmech:mibig-5ba1f538ac	UNCLASSIFIED	paraherquamide	data/natural_products/unclassified/paraherquamide.yaml
naturalproductmech:mibig-5bc03ef6c3	AMINO_ACIDS_AND_PEPTIDES	carbapenem-mm4550	data/natural_products/amino_acids_and_peptides/carbapenem-mm4550.yaml
naturalproductmech:mibig-5bee3b54de	POLYKETIDES	tautomycin	data/natural_products/polyketides/tautomycin.yaml
naturalproductmech:mibig-5c01eb8db2	UNCLASSIFIED	dkxanthene-544	data/natural_products/unclassified/dkxanthene-544.yaml
naturalproductmech:mibig-5c02b1946e	POLYKETIDES	mycemycin-c	data/natural_products/polyketides/mycemycin-c.yaml
naturalproductmech:mibig-5c11c9377b	AMINO_ACIDS_AND_PEPTIDES	nosiheptide	data/natural_products/amino_acids_and_peptides/nosiheptide.yaml
naturalproductmech:mibig-5c29f63ba4	AMINO_ACIDS_AND_PEPTIDES	ketomemicin-b4	data/natural_products/amino_acids_and_peptides/ketomemicin-b4.yaml
naturalproductmech:mibig-5c6c586532	AMINO_ACIDS_AND_PEPTIDES	histicorrugatin	data/natural_products/amino_acids_and_peptides/histicorrugatin.yaml
naturalproductmech:mibig-5c75ae209a	UNCLASSIFIED	coelimycin-p1	data/natural_products/unclassified/coelimycin-p1.yaml
naturalproductmech:mibig-5c8efda537	ALKALOIDS	argimycin-pix	data/natural_products/alkaloids/argimycin-pix.yaml
naturalproductmech:mibig-5c99426371	AMINO_ACIDS_AND_PEPTIDES	anabaenopeptin-908	data/natural_products/amino_acids_and_peptides/anabaenopeptin-908.yaml
naturalproductmech:mibig-5cc30bdfce	POLYKETIDES	bartoloside-d	data/natural_products/polyketides/bartoloside-d.yaml
naturalproductmech:mibig-5cc4b239f3	TERPENOIDS	compound-12	data/natural_products/terpenoids/compound-12.yaml
naturalproductmech:mibig-5cf1186271	POLYKETIDES	fumonisin-b1	data/natural_products/polyketides/fumonisin-b1.yaml
naturalproductmech:mibig-5cf4c39e1c	AMINO_ACIDS_AND_PEPTIDES	cittilin-b	data/natural_products/amino_acids_and_peptides/cittilin-b.yaml
naturalproductmech:mibig-5d0da5d514	POLYKETIDES	tetrocarcin-a	data/natural_products/polyketides/tetrocarcin-a.yaml
naturalproductmech:mibig-5d27990896	AMINO_ACIDS_AND_PEPTIDES	clarexpoxcin-c	data/natural_products/amino_acids_and_peptides/clarexpoxcin-c.yaml
naturalproductmech:mibig-5d4255d298	AMINO_ACIDS_AND_PEPTIDES	megapolibactin-acyc	data/natural_products/amino_acids_and_peptides/megapolibactin-acyc.yaml
naturalproductmech:mibig-5d539649c4	UNCLASSIFIED	cda3a	data/natural_products/unclassified/cda3a.yaml
naturalproductmech:mibig-5d737c7c96	POLYKETIDES	aq-284a	data/natural_products/polyketides/aq-284a.yaml
naturalproductmech:mibig-5d935bf5ad	TERPENOIDS	preterpestacin-1	data/natural_products/terpenoids/preterpestacin-1.yaml
naturalproductmech:mibig-5d94d08d11	UNCLASSIFIED	bananamide-e	data/natural_products/unclassified/bananamide-e.yaml
naturalproductmech:mibig-5ded833978	TERPENOIDS	calidoustene-c	data/natural_products/terpenoids/calidoustene-c.yaml
naturalproductmech:mibig-5e11066f3e	AMINO_ACIDS_AND_PEPTIDES	puwainaphycin-a	data/natural_products/amino_acids_and_peptides/puwainaphycin-a.yaml
naturalproductmech:mibig-5e1a2136ee	AMINO_ACIDS_AND_PEPTIDES	serinocyclin-b	data/natural_products/amino_acids_and_peptides/serinocyclin-b.yaml
naturalproductmech:mibig-5e2a89df3c	UNCLASSIFIED	kitacinnamycin-e	data/natural_products/unclassified/kitacinnamycin-e.yaml
naturalproductmech:mibig-5e3fd640fc	AMINO_ACIDS_AND_PEPTIDES	aculeacin-a	data/natural_products/amino_acids_and_peptides/aculeacin-a.yaml
naturalproductmech:mibig-5e50053f05	TERPENOIDS	napyradiomycin-a80915c	data/natural_products/terpenoids/napyradiomycin-a80915c.yaml
naturalproductmech:mibig-5e65a927fa	UNCLASSIFIED	heat-stable-antifungal-factor	data/natural_products/unclassified/heat-stable-antifungal-factor.yaml
naturalproductmech:mibig-5e6c7bf5e9	POLYKETIDES	thuggacin-a	data/natural_products/polyketides/thuggacin-a.yaml
naturalproductmech:mibig-5e79bacb6c	AMINO_ACIDS_AND_PEPTIDES	desmethyl-ristocetin-a	data/natural_products/amino_acids_and_peptides/desmethyl-ristocetin-a.yaml
naturalproductmech:mibig-5e7bce85a3	UNCLASSIFIED	microtermolide-a	data/natural_products/unclassified/microtermolide-a.yaml
naturalproductmech:mibig-5e7f0cb2fc	TERPENOIDS	merochlorin-b	data/natural_products/terpenoids/merochlorin-b.yaml
naturalproductmech:mibig-5e815badc9	POLYKETIDES	amphi-enterobactin-2	data/natural_products/polyketides/amphi-enterobactin-2.yaml
naturalproductmech:mibig-5ee35e8818	POLYKETIDES	formicamycin-l	data/natural_products/polyketides/formicamycin-l.yaml
naturalproductmech:mibig-5ee5852d29	TERPENOIDS	ent-quiannulatene	data/natural_products/terpenoids/ent-quiannulatene.yaml
naturalproductmech:mibig-5f090fb477	AMINO_ACIDS_AND_PEPTIDES	sandarazol-a	data/natural_products/amino_acids_and_peptides/sandarazol-a.yaml
naturalproductmech:mibig-5f0ecf1049	UNCLASSIFIED	tolaasin-a	data/natural_products/unclassified/tolaasin-a.yaml
naturalproductmech:mibig-5f226348c7	POLYKETIDES	cervinomycin-b3	data/natural_products/polyketides/cervinomycin-b3.yaml
naturalproductmech:mibig-5f24f2f1e9	POLYKETIDES	chalcomycin-a	data/natural_products/polyketides/chalcomycin-a.yaml
naturalproductmech:mibig-5f2fad2a0d	POLYKETIDES	chaxamycin-a	data/natural_products/polyketides/chaxamycin-a.yaml
naturalproductmech:mibig-5f38ad57e1	POLYKETIDES	4-methyl-5-dimethyltetradecahexaene-ketolactone	data/natural_products/polyketides/4-methyl-5-dimethyltetradecahexaene-ketolactone.yaml
naturalproductmech:mibig-5f48a4a219	POLYKETIDES	neoabyssomicin-b	data/natural_products/polyketides/neoabyssomicin-b.yaml
naturalproductmech:mibig-5f5b21736b	POLYKETIDES	ll-d49194-2	data/natural_products/polyketides/ll-d49194-2.yaml
naturalproductmech:mibig-5f5b82a5ad	AMINO_ACIDS_AND_PEPTIDES	a50926-a	data/natural_products/amino_acids_and_peptides/a50926-a.yaml
naturalproductmech:mibig-5f6e775235	UNCLASSIFIED	n-tetradecanoyl-tyrosine	data/natural_products/unclassified/n-tetradecanoyl-tyrosine.yaml
naturalproductmech:mibig-5f9bdf228e	ALKALOIDS	methylpendolmycin	data/natural_products/alkaloids/methylpendolmycin.yaml
naturalproductmech:mibig-5fb9c4200c	UNCLASSIFIED	sartorypyrone-a	data/natural_products/unclassified/sartorypyrone-a.yaml
naturalproductmech:mibig-5fba30a40d	ALKALOIDS	jomthonic-acid-a	data/natural_products/alkaloids/jomthonic-acid-a.yaml
naturalproductmech:mibig-5fbc59612b	ALKALOIDS	distamycin	data/natural_products/alkaloids/distamycin.yaml
naturalproductmech:mibig-5fc8c318a5	AMINO_ACIDS_AND_PEPTIDES	catenulipeptin	data/natural_products/amino_acids_and_peptides/catenulipeptin.yaml
naturalproductmech:mibig-5ff806da31	AMINO_ACIDS_AND_PEPTIDES	leucinostatin-a	data/natural_products/amino_acids_and_peptides/leucinostatin-a.yaml
naturalproductmech:mibig-5ffdb106c9	UNCLASSIFIED	penitrem-b	data/natural_products/unclassified/penitrem-b.yaml
naturalproductmech:mibig-60464d2174	SHIKIMATES_AND_PHENYLPROPANOIDS	s2502	data/natural_products/shikimates_and_phenylpropanoids/s2502.yaml
naturalproductmech:mibig-6052c4ede5	ALKALOIDS	jbir-126	data/natural_products/alkaloids/jbir-126.yaml
naturalproductmech:mibig-605f87f2a1	ALKALOIDS	collismycin-a	data/natural_products/alkaloids/collismycin-a.yaml
naturalproductmech:mibig-6082a51bc7	ALKALOIDS	brabantamide-a	data/natural_products/alkaloids/brabantamide-a.yaml
naturalproductmech:mibig-608a44baf3	TERPENOIDS	pactamycin	data/natural_products/terpenoids/pactamycin.yaml
naturalproductmech:mibig-608c9f67f5	ALKALOIDS	borregomycin-c	data/natural_products/alkaloids/borregomycin-c.yaml
naturalproductmech:mibig-6099a8c4b7	POLYKETIDES	myxalamid-c	data/natural_products/polyketides/myxalamid-c.yaml
naturalproductmech:mibig-609ad36fc0	UNCLASSIFIED	dehydrodidemnin-b-aplidine	data/natural_products/unclassified/dehydrodidemnin-b-aplidine.yaml
naturalproductmech:mibig-60a30506a8	AMINO_ACIDS_AND_PEPTIDES	microviridin-n9	data/natural_products/amino_acids_and_peptides/microviridin-n9.yaml
naturalproductmech:mibig-60a41ce3ef	AMINO_ACIDS_AND_PEPTIDES	clarexpoxcin-d	data/natural_products/amino_acids_and_peptides/clarexpoxcin-d.yaml
naturalproductmech:mibig-60b8e075e3	ALKALOIDS	cj-16-173	data/natural_products/alkaloids/cj-16-173.yaml
naturalproductmech:mibig-60bde117a0	UNCLASSIFIED	linearmycin-c	data/natural_products/unclassified/linearmycin-c.yaml
naturalproductmech:mibig-60cb6674be	ALKALOIDS	carquinostatin-b	data/natural_products/alkaloids/carquinostatin-b.yaml
naturalproductmech:mibig-60d55edbf6	AMINO_ACIDS_AND_PEPTIDES	fosfazinomycin-b	data/natural_products/amino_acids_and_peptides/fosfazinomycin-b.yaml
naturalproductmech:mibig-60e3158633	POLYKETIDES	a-factor	data/natural_products/polyketides/a-factor.yaml
naturalproductmech:mibig-60e82eb8cc	UNCLASSIFIED	5-epimacrophorin-b	data/natural_products/unclassified/5-epimacrophorin-b.yaml
naturalproductmech:mibig-60ee34b437	POLYKETIDES	alkylpyrone-393	data/natural_products/polyketides/alkylpyrone-393.yaml
naturalproductmech:mibig-6112bc1e65	ALKALOIDS	chrysogine	data/natural_products/alkaloids/chrysogine.yaml
naturalproductmech:mibig-611430770e	UNCLASSIFIED	4-oxomacrophorin-a	data/natural_products/unclassified/4-oxomacrophorin-a.yaml
naturalproductmech:mibig-614271807d	POLYKETIDES	67-121c	data/natural_products/polyketides/67-121c.yaml
naturalproductmech:mibig-6144958566	AMINO_ACIDS_AND_PEPTIDES	saccharochelin-f	data/natural_products/amino_acids_and_peptides/saccharochelin-f.yaml
naturalproductmech:mibig-614b58160d	AMINO_ACIDS_AND_PEPTIDES	syringolin-a	data/natural_products/amino_acids_and_peptides/syringolin-a.yaml
naturalproductmech:mibig-616ced843c	POLYKETIDES	homopamamycin-677a	data/natural_products/polyketides/homopamamycin-677a.yaml
naturalproductmech:mibig-617f820d7d	AMINO_ACIDS_AND_PEPTIDES	puwainaphycin-b	data/natural_products/amino_acids_and_peptides/puwainaphycin-b.yaml
naturalproductmech:mibig-619480541f	SHIKIMATES_AND_PHENYLPROPANOIDS	clorobiocin	data/natural_products/shikimates_and_phenylpropanoids/clorobiocin.yaml
naturalproductmech:mibig-61ad57fcdb	POLYKETIDES	catenulisporolide-d	data/natural_products/polyketides/catenulisporolide-d.yaml
naturalproductmech:mibig-61bdf59932	POLYKETIDES	fluostatin-j	data/natural_products/polyketides/fluostatin-j.yaml
naturalproductmech:mibig-621da78626	POLYKETIDES	clifednamide-h	data/natural_products/polyketides/clifednamide-h.yaml
naturalproductmech:mibig-621de6c792	POLYKETIDES	fluostatin-o	data/natural_products/polyketides/fluostatin-o.yaml
naturalproductmech:mibig-624e16ed1d	AMINO_ACIDS_AND_PEPTIDES	cryptomaldamide	data/natural_products/amino_acids_and_peptides/cryptomaldamide.yaml
naturalproductmech:mibig-62829bd040	AMINO_ACIDS_AND_PEPTIDES	pacidamycin-5	data/natural_products/amino_acids_and_peptides/pacidamycin-5.yaml
naturalproductmech:mibig-6295b1addd	TERPENOIDS	brevione-e	data/natural_products/terpenoids/brevione-e.yaml
naturalproductmech:mibig-62a15176ec	AMINO_ACIDS_AND_PEPTIDES	nocathioamide-a	data/natural_products/amino_acids_and_peptides/nocathioamide-a.yaml
naturalproductmech:mibig-62ce01bfdf	POLYKETIDES	candicidin	data/natural_products/polyketides/candicidin.yaml
naturalproductmech:mibig-62eab510d8	ALKALOIDS	loonamycin-c	data/natural_products/alkaloids/loonamycin-c.yaml
naturalproductmech:mibig-634e83d347	AMINO_ACIDS_AND_PEPTIDES	isodomoic-acid-c	data/natural_products/amino_acids_and_peptides/isodomoic-acid-c.yaml
naturalproductmech:mibig-63a0756022	AMINO_ACIDS_AND_PEPTIDES	glidobactin	data/natural_products/amino_acids_and_peptides/glidobactin.yaml
naturalproductmech:mibig-63a202c61e	AMINO_ACIDS_AND_PEPTIDES	syringafactin-b	data/natural_products/amino_acids_and_peptides/syringafactin-b.yaml
naturalproductmech:mibig-63bc921e1a	AMINO_ACIDS_AND_PEPTIDES	livipeptin	data/natural_products/amino_acids_and_peptides/livipeptin.yaml
naturalproductmech:mibig-63bd8ae7bd	UNCLASSIFIED	retimycin-a	data/natural_products/unclassified/retimycin-a.yaml
naturalproductmech:mibig-6423a58d95	AMINO_ACIDS_AND_PEPTIDES	tenuecyclamide-a	data/natural_products/amino_acids_and_peptides/tenuecyclamide-a.yaml
naturalproductmech:mibig-6437746e58	POLYKETIDES	nargenicin-a1	data/natural_products/polyketides/nargenicin-a1.yaml
naturalproductmech:mibig-6438acd5aa	ALKALOIDS	isoflavipucine	data/natural_products/alkaloids/isoflavipucine.yaml
naturalproductmech:mibig-646d7481f6	AMINO_ACIDS_AND_PEPTIDES	microginin-705	data/natural_products/amino_acids_and_peptides/microginin-705.yaml
naturalproductmech:mibig-648e52e864	UNCLASSIFIED	penitrem-d	data/natural_products/unclassified/penitrem-d.yaml
naturalproductmech:mibig-64a8900bf1	POLYKETIDES	sporolide-a	data/natural_products/polyketides/sporolide-a.yaml
naturalproductmech:mibig-64e4f03172	UNCLASSIFIED	maklamicin	data/natural_products/unclassified/maklamicin.yaml
naturalproductmech:mibig-64e6ebd565	POLYKETIDES	lagunapyrone-a	data/natural_products/polyketides/lagunapyrone-a.yaml
naturalproductmech:mibig-64fab66500	UNCLASSIFIED	a201a	data/natural_products/unclassified/a201a.yaml
naturalproductmech:mibig-65382fd66e	ALKALOIDS	chlorizidine-a	data/natural_products/alkaloids/chlorizidine-a.yaml
naturalproductmech:mibig-655b85955e	ALKALOIDS	phenaszentine-c	data/natural_products/alkaloids/phenaszentine-c.yaml
naturalproductmech:mibig-6565673a1b	POLYKETIDES	elloramycin	data/natural_products/polyketides/elloramycin.yaml
naturalproductmech:mibig-65681d57e1	ALKALOIDS	citridone-b	data/natural_products/alkaloids/citridone-b.yaml
naturalproductmech:mibig-656e802c86	ALKALOIDS	hancockiamide-d	data/natural_products/alkaloids/hancockiamide-d.yaml
naturalproductmech:mibig-65b8fc35e7	POLYKETIDES	jbir-77	data/natural_products/polyketides/jbir-77.yaml
naturalproductmech:mibig-65bd0046bd	UNCLASSIFIED	bananamide-3	data/natural_products/unclassified/bananamide-3.yaml
naturalproductmech:mibig-65bd062ecc	POLYKETIDES	fumonisin-c2	data/natural_products/polyketides/fumonisin-c2.yaml
naturalproductmech:mibig-65d1a3fd2e	FATTY_ACIDS	deoxysporothric-acid	data/natural_products/fatty_acids/deoxysporothric-acid.yaml
naturalproductmech:mibig-65d27265cb	ALKALOIDS	tomaymycin	data/natural_products/alkaloids/tomaymycin.yaml
naturalproductmech:mibig-65d55e1251	UNCLASSIFIED	vioprolide-d	data/natural_products/unclassified/vioprolide-d.yaml
naturalproductmech:mibig-65d79b67f2	POLYKETIDES	haliamide	data/natural_products/polyketides/haliamide.yaml
naturalproductmech:mibig-65e26253b6	ALKALOIDS	n-n-dioxide-containing-derivate	data/natural_products/alkaloids/n-n-dioxide-containing-derivate.yaml
naturalproductmech:mibig-65e7e765dd	ALKALOIDS	pyrichalasin-h	data/natural_products/alkaloids/pyrichalasin-h.yaml
naturalproductmech:mibig-65ffea3920	SHIKIMATES_AND_PHENYLPROPANOIDS	neoenterocin-b	data/natural_products/shikimates_and_phenylpropanoids/neoenterocin-b.yaml
naturalproductmech:mibig-66005d18c2	AMINO_ACIDS_AND_PEPTIDES	thiostrepton	data/natural_products/amino_acids_and_peptides/thiostrepton.yaml
naturalproductmech:mibig-660389b84b	FATTY_ACIDS	ciml-a	data/natural_products/fatty_acids/ciml-a.yaml
naturalproductmech:mibig-661b53729c	ALKALOIDS	dihydroxy-dehydro-tilivalline	data/natural_products/alkaloids/dihydroxy-dehydro-tilivalline.yaml
naturalproductmech:mibig-6648129ec3	ALKALOIDS	neolymphostin-b	data/natural_products/alkaloids/neolymphostin-b.yaml
naturalproductmech:mibig-66a1288e8b	POLYKETIDES	1-2-dehydropenicillide	data/natural_products/polyketides/1-2-dehydropenicillide.yaml
naturalproductmech:mibig-66a349ed2d	ALKALOIDS	yersiniabactin-2	data/natural_products/alkaloids/yersiniabactin-2.yaml
naturalproductmech:mibig-66aa5bd7a4	UNCLASSIFIED	ml-449	data/natural_products/unclassified/ml-449.yaml
naturalproductmech:mibig-66c15418cf	AMINO_ACIDS_AND_PEPTIDES	svetamycin-h	data/natural_products/amino_acids_and_peptides/svetamycin-h.yaml
naturalproductmech:mibig-66dcd31f68	POLYKETIDES	dawenol	data/natural_products/polyketides/dawenol.yaml
naturalproductmech:mibig-66ed891ab4	UNCLASSIFIED	ilamycin-c1	data/natural_products/unclassified/ilamycin-c1.yaml
naturalproductmech:mibig-66eed2d46d	FATTY_ACIDS	baa	data/natural_products/fatty_acids/baa.yaml
naturalproductmech:mibig-66f19eeb2c	UNCLASSIFIED	pyreudione-b	data/natural_products/unclassified/pyreudione-b.yaml
naturalproductmech:mibig-66f5266fe7	AMINO_ACIDS_AND_PEPTIDES	microginin-769	data/natural_products/amino_acids_and_peptides/microginin-769.yaml
naturalproductmech:mibig-66fc25e381	AMINO_ACIDS_AND_PEPTIDES	fuscachelin-a	data/natural_products/amino_acids_and_peptides/fuscachelin-a.yaml
naturalproductmech:mibig-66fe38f8e4	AMINO_ACIDS_AND_PEPTIDES	thiomuracin-a	data/natural_products/amino_acids_and_peptides/thiomuracin-a.yaml
naturalproductmech:mibig-6718604645	CARBOHYDRATES	a-500359-b	data/natural_products/carbohydrates/a-500359-b.yaml
naturalproductmech:mibig-6734685bb3	POLYKETIDES	bacillaene	data/natural_products/polyketides/bacillaene.yaml
naturalproductmech:mibig-6749897cf4	ALKALOIDS	tolypyridone-c	data/natural_products/alkaloids/tolypyridone-c.yaml
naturalproductmech:mibig-674cdfe4e0	UNCLASSIFIED	bii-rafflesfungin	data/natural_products/unclassified/bii-rafflesfungin.yaml
naturalproductmech:mibig-6752ae6cca	ALKALOIDS	leporin-b	data/natural_products/alkaloids/leporin-b.yaml
naturalproductmech:mibig-67868173e8	ALKALOIDS	gladiofungin-b	data/natural_products/alkaloids/gladiofungin-b.yaml
naturalproductmech:mibig-6793e9afaa	POLYKETIDES	pestheic-acid	data/natural_products/polyketides/pestheic-acid.yaml
naturalproductmech:mibig-67adf8c8c8	AMINO_ACIDS_AND_PEPTIDES	napsamycin-a	data/natural_products/amino_acids_and_peptides/napsamycin-a.yaml
naturalproductmech:mibig-6875fb47e1	ALKALOIDS	azodyrecin-a	data/natural_products/alkaloids/azodyrecin-a.yaml
naturalproductmech:mibig-6882785ab1	POLYKETIDES	difluostatin-a	data/natural_products/polyketides/difluostatin-a.yaml
naturalproductmech:mibig-6886375de9	POLYKETIDES	merochlorin-c	data/natural_products/polyketides/merochlorin-c.yaml
naturalproductmech:mibig-689f97d555	UNCLASSIFIED	waikikiamide-c	data/natural_products/unclassified/waikikiamide-c.yaml
naturalproductmech:mibig-68b0bc4e7b	TERPENOIDS	tiancilactone-d	data/natural_products/terpenoids/tiancilactone-d.yaml
naturalproductmech:mibig-68f2729cd2	AMINO_ACIDS_AND_PEPTIDES	pacidamycin-6	data/natural_products/amino_acids_and_peptides/pacidamycin-6.yaml
naturalproductmech:mibig-690319db5c	FATTY_ACIDS	fabclavine-polyamine	data/natural_products/fatty_acids/fabclavine-polyamine.yaml
naturalproductmech:mibig-690a460d41	POLYKETIDES	a-74528	data/natural_products/polyketides/a-74528.yaml
naturalproductmech:mibig-69156ec175	ALKALOIDS	bicornutin-a2	data/natural_products/alkaloids/bicornutin-a2.yaml
naturalproductmech:mibig-69304e0d10	AMINO_ACIDS_AND_PEPTIDES	corbomycin	data/natural_products/amino_acids_and_peptides/corbomycin.yaml
naturalproductmech:mibig-6943afad10	AMINO_ACIDS_AND_PEPTIDES	streptamidine	data/natural_products/amino_acids_and_peptides/streptamidine.yaml
naturalproductmech:mibig-694468d1ce	ALKALOIDS	penigequinolone-a	data/natural_products/alkaloids/penigequinolone-a.yaml
naturalproductmech:mibig-695cae6453	ALKALOIDS	ammosester-c	data/natural_products/alkaloids/ammosester-c.yaml
naturalproductmech:mibig-69702086bc	AMINO_ACIDS_AND_PEPTIDES	puwainaphycin-d	data/natural_products/amino_acids_and_peptides/puwainaphycin-d.yaml
naturalproductmech:mibig-6977d4d792	AMINO_ACIDS_AND_PEPTIDES	cephamycin-c	data/natural_products/amino_acids_and_peptides/cephamycin-c.yaml
naturalproductmech:mibig-697eb70f76	TERPENOIDS	methylenomycin-a	data/natural_products/terpenoids/methylenomycin-a.yaml
naturalproductmech:mibig-69d23b03fd	AMINO_ACIDS_AND_PEPTIDES	berninamycin-b	data/natural_products/amino_acids_and_peptides/berninamycin-b.yaml
naturalproductmech:mibig-69d62877b0	AMINO_ACIDS_AND_PEPTIDES	thiovarsolin-b	data/natural_products/amino_acids_and_peptides/thiovarsolin-b.yaml
naturalproductmech:mibig-69d89b774c	FATTY_ACIDS	falcarindiol	data/natural_products/fatty_acids/falcarindiol.yaml
naturalproductmech:mibig-69dbd8eb7e	AMINO_ACIDS_AND_PEPTIDES	landepoxcin-a	data/natural_products/amino_acids_and_peptides/landepoxcin-a.yaml
naturalproductmech:mibig-69e644c0de	CARBOHYDRATES	avilamycin-a	data/natural_products/carbohydrates/avilamycin-a.yaml
naturalproductmech:mibig-6a16688698	POLYKETIDES	10-11-dihydro-8-deoxy-12-13-deepoxy-12-13-dihydrochalcomycin	data/natural_products/polyketides/10-11-dihydro-8-deoxy-12-13-deepoxy-12-13-dihydrochalcomycin.yaml
naturalproductmech:mibig-6a17b24033	AMINO_ACIDS_AND_PEPTIDES	andrimid	data/natural_products/amino_acids_and_peptides/andrimid.yaml
naturalproductmech:mibig-6a225bddbb	ALKALOIDS	paenilamicin-b1	data/natural_products/alkaloids/paenilamicin-b1.yaml
naturalproductmech:mibig-6a3f1200b4	CARBOHYDRATES	capsular-polysaccharide-2	data/natural_products/carbohydrates/capsular-polysaccharide-2.yaml
naturalproductmech:mibig-6a42d04b13	FATTY_ACIDS	legonoxamine-a	data/natural_products/fatty_acids/legonoxamine-a.yaml
naturalproductmech:mibig-6a5848e1b6	AMINO_ACIDS_AND_PEPTIDES	xenortide-b	data/natural_products/amino_acids_and_peptides/xenortide-b.yaml
naturalproductmech:mibig-6a66cb2f42	POLYKETIDES	betaenone-c	data/natural_products/polyketides/betaenone-c.yaml
naturalproductmech:mibig-6a9399d351	AMINO_ACIDS_AND_PEPTIDES	citrulline	data/natural_products/amino_acids_and_peptides/citrulline.yaml
naturalproductmech:mibig-6abb767320	AMINO_ACIDS_AND_PEPTIDES	amphibactin-h	data/natural_products/amino_acids_and_peptides/amphibactin-h.yaml
naturalproductmech:mibig-6aec66f8ae	AMINO_ACIDS_AND_PEPTIDES	pacidamycin-3	data/natural_products/amino_acids_and_peptides/pacidamycin-3.yaml
naturalproductmech:mibig-6af1e8dd8f	UNCLASSIFIED	rakicidin-b-2	data/natural_products/unclassified/rakicidin-b-2.yaml
naturalproductmech:mibig-6af212b9a4	ALKALOIDS	k-252a-2	data/natural_products/alkaloids/k-252a-2.yaml
naturalproductmech:mibig-6af5182744	ALKALOIDS	4-z-annimycin	data/natural_products/alkaloids/4-z-annimycin.yaml
naturalproductmech:mibig-6b177781f6	POLYKETIDES	stambomycin-a	data/natural_products/polyketides/stambomycin-a.yaml
naturalproductmech:mibig-6b37fdb0b8	AMINO_ACIDS_AND_PEPTIDES	paenilarvin-b	data/natural_products/amino_acids_and_peptides/paenilarvin-b.yaml
naturalproductmech:mibig-6b592423b3	UNCLASSIFIED	novofumigatonin	data/natural_products/unclassified/novofumigatonin.yaml
naturalproductmech:mibig-6b7ba4ec24	CARBOHYDRATES	a-90289-a	data/natural_products/carbohydrates/a-90289-a.yaml
naturalproductmech:mibig-6b8d48e084	AMINO_ACIDS_AND_PEPTIDES	pseudovibriamide-a2	data/natural_products/amino_acids_and_peptides/pseudovibriamide-a2.yaml
naturalproductmech:mibig-6b8ffeb841	UNCLASSIFIED	clifednamide-a	data/natural_products/unclassified/clifednamide-a.yaml
naturalproductmech:mibig-6ba2a50f26	UNCLASSIFIED	aflatoxin	data/natural_products/unclassified/aflatoxin.yaml
naturalproductmech:mibig-6bc518541b	POLYKETIDES	undecyltyrazolone	data/natural_products/polyketides/undecyltyrazolone.yaml
naturalproductmech:mibig-6c009f6560	SHIKIMATES_AND_PHENYLPROPANOIDS	butyrolactone-i	data/natural_products/shikimates_and_phenylpropanoids/butyrolactone-i.yaml
naturalproductmech:mibig-6c04914d23	ALKALOIDS	3-2-hydroxy-3-oxo-4-methylpentyl-indole	data/natural_products/alkaloids/3-2-hydroxy-3-oxo-4-methylpentyl-indole.yaml
naturalproductmech:mibig-6c0a49ca65	UNCLASSIFIED	orfamide-a	data/natural_products/unclassified/orfamide-a.yaml
naturalproductmech:mibig-6c1bd93a9d	ALKALOIDS	at2433-a1	data/natural_products/alkaloids/at2433-a1.yaml
naturalproductmech:mibig-6c2ad799cb	POLYKETIDES	unii-yc2q1o94pt	data/natural_products/polyketides/unii-yc2q1o94pt.yaml
naturalproductmech:mibig-6c482532dd	POLYKETIDES	chaxamycin-b	data/natural_products/polyketides/chaxamycin-b.yaml
naturalproductmech:mibig-6c4bbb7775	UNCLASSIFIED	hormaomycin-a4	data/natural_products/unclassified/hormaomycin-a4.yaml
naturalproductmech:mibig-6c52d8f50e	ALKALOIDS	tetrachlorizine	data/natural_products/alkaloids/tetrachlorizine.yaml
naturalproductmech:mibig-6c534d543b	POLYKETIDES	rhizopodin	data/natural_products/polyketides/rhizopodin.yaml
naturalproductmech:mibig-6c54649d10	ALKALOIDS	myxochelin-n	data/natural_products/alkaloids/myxochelin-n.yaml
naturalproductmech:mibig-6c6ba6ca50	POLYKETIDES	ankaflavin	data/natural_products/polyketides/ankaflavin.yaml
naturalproductmech:mibig-6c7f57416d	ALKALOIDS	quinocarcin	data/natural_products/alkaloids/quinocarcin.yaml
naturalproductmech:mibig-6ce779d3a4	POLYKETIDES	cyphomycin	data/natural_products/polyketides/cyphomycin.yaml
naturalproductmech:mibig-6d23951df5	AMINO_ACIDS_AND_PEPTIDES	rhabdopeptide-3	data/natural_products/amino_acids_and_peptides/rhabdopeptide-3.yaml
naturalproductmech:mibig-6d47134ae7	AMINO_ACIDS_AND_PEPTIDES	arsinothricin	data/natural_products/amino_acids_and_peptides/arsinothricin.yaml
naturalproductmech:mibig-6d77987130	POLYKETIDES	hypothemycin	data/natural_products/polyketides/hypothemycin.yaml
naturalproductmech:mibig-6d81621c5d	POLYKETIDES	formicamycin-i	data/natural_products/polyketides/formicamycin-i.yaml
naturalproductmech:mibig-6d9ff88343	POLYKETIDES	pulvomycin-d	data/natural_products/polyketides/pulvomycin-d.yaml
naturalproductmech:mibig-6dac608461	POLYKETIDES	pulvomycin-b	data/natural_products/polyketides/pulvomycin-b.yaml
naturalproductmech:mibig-6dc3684890	UNCLASSIFIED	sirodesmin-pl	data/natural_products/unclassified/sirodesmin-pl.yaml
naturalproductmech:mibig-6dc5287e72	POLYKETIDES	tautomycetin	data/natural_products/polyketides/tautomycetin.yaml
naturalproductmech:mibig-6dc5cd4a56	POLYKETIDES	cmc-thuggacin-a	data/natural_products/polyketides/cmc-thuggacin-a.yaml
naturalproductmech:mibig-6dc8b75919	AMINO_ACIDS_AND_PEPTIDES	obafluorin	data/natural_products/amino_acids_and_peptides/obafluorin.yaml
naturalproductmech:mibig-6e0973d7ec	SHIKIMATES_AND_PHENYLPROPANOIDS	neoenterocin-a	data/natural_products/shikimates_and_phenylpropanoids/neoenterocin-a.yaml
naturalproductmech:mibig-6e96262d73	UNCLASSIFIED	jessenipeptin	data/natural_products/unclassified/jessenipeptin.yaml
naturalproductmech:mibig-6ebec5c5b0	FATTY_ACIDS	fuelimicin-b	data/natural_products/fatty_acids/fuelimicin-b.yaml
naturalproductmech:mibig-6ee4a1a9d4	ALKALOIDS	siphonazole	data/natural_products/alkaloids/siphonazole.yaml
naturalproductmech:mibig-6ef4cba33d	POLYKETIDES	butyrolactol-a	data/natural_products/polyketides/butyrolactol-a.yaml
naturalproductmech:mibig-6ef560faa6	POLYKETIDES	maduropeptin	data/natural_products/polyketides/maduropeptin.yaml
naturalproductmech:mibig-6f48d22ee3	TERPENOIDS	6-isopalmityl-4-o-dihydrofarnesyl-2-methoxyhydroquinone	data/natural_products/terpenoids/6-isopalmityl-4-o-dihydrofarnesyl-2-methoxyhydroquinone.yaml
naturalproductmech:mibig-6f5a0ca9d2	POLYKETIDES	setomimycin	data/natural_products/polyketides/setomimycin.yaml
naturalproductmech:mibig-6f6ba05434	ALKALOIDS	neolymphostin-b-2	data/natural_products/alkaloids/neolymphostin-b-2.yaml
naturalproductmech:mibig-6f76d66387	AMINO_ACIDS_AND_PEPTIDES	actagardine	data/natural_products/amino_acids_and_peptides/actagardine.yaml
naturalproductmech:mibig-6f9b457f65	POLYKETIDES	microansamycin-f	data/natural_products/polyketides/microansamycin-f.yaml
naturalproductmech:mibig-6f9e5ea5f0	POLYKETIDES	nataxazole	data/natural_products/polyketides/nataxazole.yaml
naturalproductmech:mibig-6fbddc2719	AMINO_ACIDS_AND_PEPTIDES	longicatenamide-a	data/natural_products/amino_acids_and_peptides/longicatenamide-a.yaml
naturalproductmech:mibig-6fc5164982	POLYKETIDES	thiomarinol	data/natural_products/polyketides/thiomarinol.yaml
naturalproductmech:mibig-6fef67d3f2	ALKALOIDS	fumiquinazoline-c	data/natural_products/alkaloids/fumiquinazoline-c.yaml
naturalproductmech:mibig-7018304bec	POLYKETIDES	yangpumicin-a	data/natural_products/polyketides/yangpumicin-a.yaml
naturalproductmech:mibig-7025b12525	UNCLASSIFIED	be-43547a1	data/natural_products/unclassified/be-43547a1.yaml
naturalproductmech:mibig-70480c3e2c	AMINO_ACIDS_AND_PEPTIDES	tryptorubin-b	data/natural_products/amino_acids_and_peptides/tryptorubin-b.yaml
naturalproductmech:mibig-706609b57e	AMINO_ACIDS_AND_PEPTIDES	leinamycin	data/natural_products/amino_acids_and_peptides/leinamycin.yaml
naturalproductmech:mibig-707112a6f4	ALKALOIDS	pendolmycin	data/natural_products/alkaloids/pendolmycin.yaml
naturalproductmech:mibig-70917234e5	POLYKETIDES	isofuranonaphthoquinone-f	data/natural_products/polyketides/isofuranonaphthoquinone-f.yaml
naturalproductmech:mibig-70e417de0c	AMINO_ACIDS_AND_PEPTIDES	sulfazecin	data/natural_products/amino_acids_and_peptides/sulfazecin.yaml
naturalproductmech:mibig-70fbc79e0e	AMINO_ACIDS_AND_PEPTIDES	desmethyl-ristocetin-b	data/natural_products/amino_acids_and_peptides/desmethyl-ristocetin-b.yaml
naturalproductmech:mibig-711af3a104	AMINO_ACIDS_AND_PEPTIDES	delftibactin-b	data/natural_products/amino_acids_and_peptides/delftibactin-b.yaml
naturalproductmech:mibig-713fc46c0d	AMINO_ACIDS_AND_PEPTIDES	thiostreptamide-s4	data/natural_products/amino_acids_and_peptides/thiostreptamide-s4.yaml
naturalproductmech:mibig-7163dcc196	POLYKETIDES	colabomycin-e	data/natural_products/polyketides/colabomycin-e.yaml
naturalproductmech:mibig-7163f2db37	TERPENOIDS	lycosantalonol	data/natural_products/terpenoids/lycosantalonol.yaml
naturalproductmech:mibig-716dd33a6c	CARBOHYDRATES	oligosaccharide-2-glcnac-1-4-glcnac-1-4-1-6-anhydro-glcnac	data/natural_products/carbohydrates/oligosaccharide-2-glcnac-1-4-glcnac-1-4-1-6-anhydro-glcnac.yaml
naturalproductmech:mibig-71aa61cfbb	AMINO_ACIDS_AND_PEPTIDES	siomycin-a	data/natural_products/amino_acids_and_peptides/siomycin-a.yaml
naturalproductmech:mibig-71abc9f8ac	TERPENOIDS	viguiepinol	data/natural_products/terpenoids/viguiepinol.yaml
naturalproductmech:mibig-71b40672f5	POLYKETIDES	carbamidocyclophane-o	data/natural_products/polyketides/carbamidocyclophane-o.yaml
naturalproductmech:mibig-71c6dd1658	UNCLASSIFIED	dkxanthene-556	data/natural_products/unclassified/dkxanthene-556.yaml
naturalproductmech:mibig-722e115623	POLYKETIDES	thalnumycin-b	data/natural_products/polyketides/thalnumycin-b.yaml
naturalproductmech:mibig-723ce15f16	AMINO_ACIDS_AND_PEPTIDES	lacticin-481	data/natural_products/amino_acids_and_peptides/lacticin-481.yaml
naturalproductmech:mibig-726e58e91f	AMINO_ACIDS_AND_PEPTIDES	bonnevillamide-d	data/natural_products/amino_acids_and_peptides/bonnevillamide-d.yaml
naturalproductmech:mibig-72b5d4d23d	POLYKETIDES	tetarimycin-b	data/natural_products/polyketides/tetarimycin-b.yaml
naturalproductmech:mibig-7308bf132e	ALKALOIDS	sulfadixiamycin-c	data/natural_products/alkaloids/sulfadixiamycin-c.yaml
naturalproductmech:mibig-7310154172	POLYKETIDES	elansolid-a1	data/natural_products/polyketides/elansolid-a1.yaml
naturalproductmech:mibig-7328f79763	POLYKETIDES	fostriecin	data/natural_products/polyketides/fostriecin.yaml
naturalproductmech:mibig-736432dd5f	ALKALOIDS	parabactin	data/natural_products/alkaloids/parabactin.yaml
naturalproductmech:mibig-7369bf06d5	POLYKETIDES	misakinolide-a	data/natural_products/polyketides/misakinolide-a.yaml
naturalproductmech:mibig-737fbdbf46	POLYKETIDES	stambomycin-d	data/natural_products/polyketides/stambomycin-d.yaml
naturalproductmech:mibig-73807666b7	ALKALOIDS	pyreudione-c	data/natural_products/alkaloids/pyreudione-c.yaml
naturalproductmech:mibig-7388714a6d	AMINO_ACIDS_AND_PEPTIDES	serobactin-c	data/natural_products/amino_acids_and_peptides/serobactin-c.yaml
naturalproductmech:mibig-739f641fbd	POLYKETIDES	lacunalide-b	data/natural_products/polyketides/lacunalide-b.yaml
naturalproductmech:mibig-73b2424191	UNCLASSIFIED	marformycin-e	data/natural_products/unclassified/marformycin-e.yaml
naturalproductmech:mibig-73ba44dafe	POLYKETIDES	lasalocid-2	data/natural_products/polyketides/lasalocid-2.yaml
naturalproductmech:mibig-73ec255bab	AMINO_ACIDS_AND_PEPTIDES	lipopeptide-8d1-2	data/natural_products/amino_acids_and_peptides/lipopeptide-8d1-2.yaml
naturalproductmech:mibig-7403d3ac5d	TERPENOIDS	brasilane-a	data/natural_products/terpenoids/brasilane-a.yaml
naturalproductmech:mibig-7416ecb248	POLYKETIDES	stigmatellin	data/natural_products/polyketides/stigmatellin.yaml
naturalproductmech:mibig-74217a9789	AMINO_ACIDS_AND_PEPTIDES	jbir-78	data/natural_products/amino_acids_and_peptides/jbir-78.yaml
naturalproductmech:mibig-74249caf1b	AMINO_ACIDS_AND_PEPTIDES	chitinimide-a	data/natural_products/amino_acids_and_peptides/chitinimide-a.yaml
naturalproductmech:mibig-742b147290	POLYKETIDES	alnumycin-c	data/natural_products/polyketides/alnumycin-c.yaml
naturalproductmech:mibig-742d5276bb	POLYKETIDES	benastatin-a	data/natural_products/polyketides/benastatin-a.yaml
naturalproductmech:mibig-745e28d74e	AMINO_ACIDS_AND_PEPTIDES	clarexpoxcin-e	data/natural_products/amino_acids_and_peptides/clarexpoxcin-e.yaml
naturalproductmech:mibig-74688f0742	AMINO_ACIDS_AND_PEPTIDES	patellin-6	data/natural_products/amino_acids_and_peptides/patellin-6.yaml
naturalproductmech:mibig-748d87630e	ALKALOIDS	limazepine-d	data/natural_products/alkaloids/limazepine-d.yaml
naturalproductmech:mibig-7493afa688	CARBOHYDRATES	acarviostatin-iii03	data/natural_products/carbohydrates/acarviostatin-iii03.yaml
naturalproductmech:mibig-749ee21065	AMINO_ACIDS_AND_PEPTIDES	microcystin-laba	data/natural_products/amino_acids_and_peptides/microcystin-laba.yaml
naturalproductmech:mibig-74c7b20b0d	CARBOHYDRATES	oligosaccharide-5-6-phosphoglcn-1-4-glcnac-1-4-1-6-anhydro-glcnac	data/natural_products/carbohydrates/oligosaccharide-5-6-phosphoglcn-1-4-glcnac-1-4-1-6-anhydro-glcnac.yaml
naturalproductmech:mibig-74d11c4e2b	AMINO_ACIDS_AND_PEPTIDES	bogorol-a	data/natural_products/amino_acids_and_peptides/bogorol-a.yaml
naturalproductmech:mibig-74e97790a7	POLYKETIDES	ll-f28249	data/natural_products/polyketides/ll-f28249.yaml
naturalproductmech:mibig-74fe715c96	POLYKETIDES	julichrome-q6-6	data/natural_products/polyketides/julichrome-q6-6.yaml
naturalproductmech:mibig-7511e360a8	TERPENOIDS	taxa-4-5-11-12-diene	data/natural_products/terpenoids/taxa-4-5-11-12-diene.yaml
naturalproductmech:mibig-7539d4c93b	POLYKETIDES	thailandamide	data/natural_products/polyketides/thailandamide.yaml
naturalproductmech:mibig-7542267beb	POLYKETIDES	kinamycin	data/natural_products/polyketides/kinamycin.yaml
naturalproductmech:mibig-75489ba075	UNCLASSIFIED	bananamide-d	data/natural_products/unclassified/bananamide-d.yaml
naturalproductmech:mibig-7549a55246	POLYKETIDES	sungeidine-g	data/natural_products/polyketides/sungeidine-g.yaml
naturalproductmech:mibig-755b319847	ALKALOIDS	lazarimide-c	data/natural_products/alkaloids/lazarimide-c.yaml
naturalproductmech:mibig-7571577e94	ALKALOIDS	azotochelin	data/natural_products/alkaloids/azotochelin.yaml
naturalproductmech:mibig-75955f8e79	POLYKETIDES	pederone	data/natural_products/polyketides/pederone.yaml
naturalproductmech:mibig-75969a8e53	ALKALOIDS	acinetobactin	data/natural_products/alkaloids/acinetobactin.yaml
naturalproductmech:mibig-75ae151510	UNCLASSIFIED	thanamycin	data/natural_products/unclassified/thanamycin.yaml
naturalproductmech:mibig-75bb629e1b	FATTY_ACIDS	2z-4z-6e-octa-2-4-6-trienoic-acid	data/natural_products/fatty_acids/2z-4z-6e-octa-2-4-6-trienoic-acid.yaml
naturalproductmech:mibig-75c5842e5b	POLYKETIDES	rufoschweinitzin	data/natural_products/polyketides/rufoschweinitzin.yaml
naturalproductmech:mibig-75c7941688	ALKALOIDS	methylarcyriarubin	data/natural_products/alkaloids/methylarcyriarubin.yaml
naturalproductmech:mibig-75d7a33032	UNCLASSIFIED	myxofacycline-d	data/natural_products/unclassified/myxofacycline-d.yaml
naturalproductmech:mibig-75fb3f2f02	POLYKETIDES	photopyrone-a	data/natural_products/polyketides/photopyrone-a.yaml
naturalproductmech:mibig-760082bdee	POLYKETIDES	arimetamycin-b	data/natural_products/polyketides/arimetamycin-b.yaml
naturalproductmech:mibig-760bef2970	AMINO_ACIDS_AND_PEPTIDES	cystargolide-b	data/natural_products/amino_acids_and_peptides/cystargolide-b.yaml
naturalproductmech:mibig-761557f01e	TERPENOIDS	gibberellin	data/natural_products/terpenoids/gibberellin.yaml
naturalproductmech:mibig-76579e8010	ALKALOIDS	anthelvencin-b	data/natural_products/alkaloids/anthelvencin-b.yaml
naturalproductmech:mibig-765cf5a2f7	UNCLASSIFIED	combamide-a	data/natural_products/unclassified/combamide-a.yaml
naturalproductmech:mibig-766ef1e698	POLYKETIDES	vatiamide-c	data/natural_products/polyketides/vatiamide-c.yaml
naturalproductmech:mibig-7693c328ff	SHIKIMATES_AND_PHENYLPROPANOIDS	bagremycin-a	data/natural_products/shikimates_and_phenylpropanoids/bagremycin-a.yaml
naturalproductmech:mibig-76bc5ac001	ALKALOIDS	gladiofungin-a	data/natural_products/alkaloids/gladiofungin-a.yaml
naturalproductmech:mibig-76eb9abc99	POLYKETIDES	aurofusarin	data/natural_products/polyketides/aurofusarin.yaml
naturalproductmech:mibig-77135413a2	UNCLASSIFIED	chaetolivacine-a	data/natural_products/unclassified/chaetolivacine-a.yaml
naturalproductmech:mibig-775629690b	UNCLASSIFIED	kitacinnamycin-f	data/natural_products/unclassified/kitacinnamycin-f.yaml
naturalproductmech:mibig-776251bbc4	TERPENOIDS	nfat-133	data/natural_products/terpenoids/nfat-133.yaml
naturalproductmech:mibig-7782b1e673	POLYKETIDES	deschlorothricin	data/natural_products/polyketides/deschlorothricin.yaml
naturalproductmech:mibig-779317a78d	POLYKETIDES	mycalamide-a	data/natural_products/polyketides/mycalamide-a.yaml
naturalproductmech:mibig-779c0d4054	ALKALOIDS	sesbanimide-f	data/natural_products/alkaloids/sesbanimide-f.yaml
naturalproductmech:mibig-77ae413586	AMINO_ACIDS_AND_PEPTIDES	aerucyclamide-c	data/natural_products/amino_acids_and_peptides/aerucyclamide-c.yaml
naturalproductmech:mibig-77d1cb66a2	UNCLASSIFIED	higginsianin-c	data/natural_products/unclassified/higginsianin-c.yaml
naturalproductmech:mibig-77d6e7ec88	SHIKIMATES_AND_PHENYLPROPANOIDS	s2507	data/natural_products/shikimates_and_phenylpropanoids/s2507.yaml
naturalproductmech:mibig-77daefad60	TERPENOIDS	brassicicene-c	data/natural_products/terpenoids/brassicicene-c.yaml
naturalproductmech:mibig-77f24cb6bc	AMINO_ACIDS_AND_PEPTIDES	teicoplanin-a2-1	data/natural_products/amino_acids_and_peptides/teicoplanin-a2-1.yaml
naturalproductmech:mibig-77fa6dc77b	AMINO_ACIDS_AND_PEPTIDES	azotobactin-d	data/natural_products/amino_acids_and_peptides/azotobactin-d.yaml
naturalproductmech:mibig-78029bd145	UNCLASSIFIED	hapalosin-d	data/natural_products/unclassified/hapalosin-d.yaml
naturalproductmech:mibig-781b2846c8	AMINO_ACIDS_AND_PEPTIDES	keratinimicin-a	data/natural_products/amino_acids_and_peptides/keratinimicin-a.yaml
naturalproductmech:mibig-781f134970	AMINO_ACIDS_AND_PEPTIDES	cupriachelin	data/natural_products/amino_acids_and_peptides/cupriachelin.yaml
naturalproductmech:mibig-7822673a33	POLYKETIDES	monensin	data/natural_products/polyketides/monensin.yaml
naturalproductmech:mibig-7849763ba1	AMINO_ACIDS_AND_PEPTIDES	rhizocticin-a	data/natural_products/amino_acids_and_peptides/rhizocticin-a.yaml
naturalproductmech:mibig-786a56b5ca	TERPENOIDS	preterpestacin-3	data/natural_products/terpenoids/preterpestacin-3.yaml
naturalproductmech:mibig-7886ad2b6b	ALKALOIDS	vulnibactin	data/natural_products/alkaloids/vulnibactin.yaml
naturalproductmech:mibig-7886d201d2	POLYKETIDES	baikalomycin-b	data/natural_products/polyketides/baikalomycin-b.yaml
naturalproductmech:mibig-7889230b85	ALKALOIDS	myxofacycline-g	data/natural_products/alkaloids/myxofacycline-g.yaml
naturalproductmech:mibig-788dcf30b7	POLYKETIDES	bartoloside-i	data/natural_products/polyketides/bartoloside-i.yaml
naturalproductmech:mibig-78ea4c55fb	POLYKETIDES	youssoufene-a1	data/natural_products/polyketides/youssoufene-a1.yaml
naturalproductmech:mibig-78fa72b792	UNCLASSIFIED	rakicidin-d	data/natural_products/unclassified/rakicidin-d.yaml
naturalproductmech:mibig-78ff5d80de	POLYKETIDES	epipyriculol	data/natural_products/polyketides/epipyriculol.yaml
naturalproductmech:mibig-792764c65d	POLYKETIDES	unknown-amide-8	data/natural_products/polyketides/unknown-amide-8.yaml
naturalproductmech:mibig-792929a133	AMINO_ACIDS_AND_PEPTIDES	chitinimide-e	data/natural_products/amino_acids_and_peptides/chitinimide-e.yaml
naturalproductmech:mibig-7950af79c1	TERPENOIDS	10-epi-dihydrobotrydial	data/natural_products/terpenoids/10-epi-dihydrobotrydial.yaml
naturalproductmech:mibig-795efe527e	UNCLASSIFIED	brasiliamide-a	data/natural_products/unclassified/brasiliamide-a.yaml
naturalproductmech:mibig-7987ee099c	UNCLASSIFIED	r-n1-s-5-oxohexan-2-yl-2-tetradecanamidosuccinamide	data/natural_products/unclassified/r-n1-s-5-oxohexan-2-yl-2-tetradecanamidosuccinamide.yaml
naturalproductmech:mibig-79a3f58611	POLYKETIDES	nocardiopsistin-b	data/natural_products/polyketides/nocardiopsistin-b.yaml
naturalproductmech:mibig-79a9442eba	AMINO_ACIDS_AND_PEPTIDES	syringafactin-f	data/natural_products/amino_acids_and_peptides/syringafactin-f.yaml
naturalproductmech:mibig-79b7fa0b10	POLYKETIDES	dehydroprobetaenone-i	data/natural_products/polyketides/dehydroprobetaenone-i.yaml
naturalproductmech:mibig-79c165f935	POLYKETIDES	leupyrrin-a1	data/natural_products/polyketides/leupyrrin-a1.yaml
naturalproductmech:mibig-79ce4aca52	TERPENOIDS	botryendial	data/natural_products/terpenoids/botryendial.yaml
naturalproductmech:mibig-79d73c7bd8	POLYKETIDES	prealnumycin	data/natural_products/polyketides/prealnumycin.yaml
naturalproductmech:mibig-79db69f499	POLYKETIDES	burnettiene-a	data/natural_products/polyketides/burnettiene-a.yaml
naturalproductmech:mibig-79ea2b2bbd	POLYKETIDES	germicidin	data/natural_products/polyketides/germicidin.yaml
naturalproductmech:mibig-79eab208c8	POLYKETIDES	cervimycin-a	data/natural_products/polyketides/cervimycin-a.yaml
naturalproductmech:mibig-7a0a19126a	AMINO_ACIDS_AND_PEPTIDES	ristomycin-a	data/natural_products/amino_acids_and_peptides/ristomycin-a.yaml
naturalproductmech:mibig-7a2a294289	AMINO_ACIDS_AND_PEPTIDES	alazopeptin	data/natural_products/amino_acids_and_peptides/alazopeptin.yaml
naturalproductmech:mibig-7a2f12266e	SHIKIMATES_AND_PHENYLPROPANOIDS	echoside-e	data/natural_products/shikimates_and_phenylpropanoids/echoside-e.yaml
naturalproductmech:mibig-7a3852723b	AMINO_ACIDS_AND_PEPTIDES	serobactin-a	data/natural_products/amino_acids_and_peptides/serobactin-a.yaml
naturalproductmech:mibig-7a476dbad3	ALKALOIDS	glandicoline-b	data/natural_products/alkaloids/glandicoline-b.yaml
naturalproductmech:mibig-7a4fe83bf6	ALKALOIDS	pzn5	data/natural_products/alkaloids/pzn5.yaml
naturalproductmech:mibig-7a5504bb2f	AMINO_ACIDS_AND_PEPTIDES	biarylitide-yfh	data/natural_products/amino_acids_and_peptides/biarylitide-yfh.yaml
naturalproductmech:mibig-7a6cba59e1	AMINO_ACIDS_AND_PEPTIDES	potensibactin	data/natural_products/amino_acids_and_peptides/potensibactin.yaml
naturalproductmech:mibig-7a791b74f3	POLYKETIDES	mycolactone-b	data/natural_products/polyketides/mycolactone-b.yaml
naturalproductmech:mibig-7a9e252be9	ALKALOIDS	enantio-pyochelin	data/natural_products/alkaloids/enantio-pyochelin.yaml
naturalproductmech:mibig-7aaeb1c31a	AMINO_ACIDS_AND_PEPTIDES	dichrysobactin	data/natural_products/amino_acids_and_peptides/dichrysobactin.yaml
naturalproductmech:mibig-7ac28d3342	TERPENOIDS	oryzalides	data/natural_products/terpenoids/oryzalides.yaml
naturalproductmech:mibig-7ac293f4da	POLYKETIDES	sorbicillinol	data/natural_products/polyketides/sorbicillinol.yaml
naturalproductmech:mibig-7ac49f431c	AMINO_ACIDS_AND_PEPTIDES	sandarazol-g	data/natural_products/amino_acids_and_peptides/sandarazol-g.yaml
naturalproductmech:mibig-7ae2191113	UNCLASSIFIED	kutzneride-8	data/natural_products/unclassified/kutzneride-8.yaml
naturalproductmech:mibig-7aff864d10	POLYKETIDES	nogalamycin	data/natural_products/polyketides/nogalamycin.yaml
naturalproductmech:mibig-7b17906ed0	POLYKETIDES	compound-1	data/natural_products/polyketides/compound-1.yaml
naturalproductmech:mibig-7b44dfec44	POLYKETIDES	monascorubrin	data/natural_products/polyketides/monascorubrin.yaml
naturalproductmech:mibig-7b45e48275	TERPENOIDS	10-oxodehydrodihydrobotrydial	data/natural_products/terpenoids/10-oxodehydrodihydrobotrydial.yaml
naturalproductmech:mibig-7b4b8bd7ee	UNCLASSIFIED	be-43547b2	data/natural_products/unclassified/be-43547b2.yaml
naturalproductmech:mibig-7b519e87dd	AMINO_ACIDS_AND_PEPTIDES	ilamycin-e1	data/natural_products/amino_acids_and_peptides/ilamycin-e1.yaml
naturalproductmech:mibig-7b5fde4f37	UNCLASSIFIED	rhodochelin	data/natural_products/unclassified/rhodochelin.yaml
naturalproductmech:mibig-7b65901f3b	POLYKETIDES	agnestadride-a	data/natural_products/polyketides/agnestadride-a.yaml
naturalproductmech:mibig-7b787c88d0	UNCLASSIFIED	salinamide-f	data/natural_products/unclassified/salinamide-f.yaml
naturalproductmech:mibig-7bbaea7ef9	POLYKETIDES	sek90	data/natural_products/polyketides/sek90.yaml
naturalproductmech:mibig-7bc3610bc0	UNCLASSIFIED	desmamide-a	data/natural_products/unclassified/desmamide-a.yaml
naturalproductmech:mibig-7bc5e7b427	TERPENOIDS	cucurbitacin-c	data/natural_products/terpenoids/cucurbitacin-c.yaml
naturalproductmech:mibig-7bca73c487	AMINO_ACIDS_AND_PEPTIDES	cutimycin	data/natural_products/amino_acids_and_peptides/cutimycin.yaml
naturalproductmech:mibig-7bfc47df44	AMINO_ACIDS_AND_PEPTIDES	microviridin-b	data/natural_products/amino_acids_and_peptides/microviridin-b.yaml
naturalproductmech:mibig-7c1d213638	UNCLASSIFIED	thaxtomin-b	data/natural_products/unclassified/thaxtomin-b.yaml
naturalproductmech:mibig-7c243964b9	UNCLASSIFIED	higginsianin-e	data/natural_products/unclassified/higginsianin-e.yaml
naturalproductmech:mibig-7c3b343c3b	AMINO_ACIDS_AND_PEPTIDES	amyxirubin-b	data/natural_products/amino_acids_and_peptides/amyxirubin-b.yaml
naturalproductmech:mibig-7c574bedd2	UNCLASSIFIED	burkholdac-b	data/natural_products/unclassified/burkholdac-b.yaml
naturalproductmech:mibig-7c5b732cca	POLYKETIDES	lipstatin	data/natural_products/polyketides/lipstatin.yaml
naturalproductmech:mibig-7c688d5ec7	AMINO_ACIDS_AND_PEPTIDES	thiopeptin	data/natural_products/amino_acids_and_peptides/thiopeptin.yaml
naturalproductmech:mibig-7c6d5a71b5	POLYKETIDES	sf2487	data/natural_products/polyketides/sf2487.yaml
naturalproductmech:mibig-7c89b3cad5	UNCLASSIFIED	tundrenone	data/natural_products/unclassified/tundrenone.yaml
naturalproductmech:mibig-7c9bb8594f	TERPENOIDS	zealexin-b3	data/natural_products/terpenoids/zealexin-b3.yaml
naturalproductmech:mibig-7cabcb4611	AMINO_ACIDS_AND_PEPTIDES	pneumocandin-b0	data/natural_products/amino_acids_and_peptides/pneumocandin-b0.yaml
naturalproductmech:mibig-7cc773adf1	SHIKIMATES_AND_PHENYLPROPANOIDS	8-methyldiaporthin	data/natural_products/shikimates_and_phenylpropanoids/8-methyldiaporthin.yaml
naturalproductmech:mibig-7ce8def8c3	UNCLASSIFIED	skyllamycin-b	data/natural_products/unclassified/skyllamycin-b.yaml
naturalproductmech:mibig-7d1353d67e	ALKALOIDS	esmeraldin	data/natural_products/alkaloids/esmeraldin.yaml
naturalproductmech:mibig-7d2ed1bf30	POLYKETIDES	leupyrrin-c	data/natural_products/polyketides/leupyrrin-c.yaml
naturalproductmech:mibig-7d310d5766	ALKALOIDS	fusaridione-a	data/natural_products/alkaloids/fusaridione-a.yaml
naturalproductmech:mibig-7d4b23fe6b	ALKALOIDS	kitasetaline	data/natural_products/alkaloids/kitasetaline.yaml
naturalproductmech:mibig-7d571b616b	UNCLASSIFIED	friulimicin-d	data/natural_products/unclassified/friulimicin-d.yaml
naturalproductmech:mibig-7d5a470d9a	AMINO_ACIDS_AND_PEPTIDES	zelkovamycin-c	data/natural_products/amino_acids_and_peptides/zelkovamycin-c.yaml
naturalproductmech:mibig-7d6d6d4f4a	UNCLASSIFIED	waikikiamide-b	data/natural_products/unclassified/waikikiamide-b.yaml
naturalproductmech:mibig-7da0aed3a0	POLYKETIDES	necroxime-d	data/natural_products/polyketides/necroxime-d.yaml
naturalproductmech:mibig-7db3200445	AMINO_ACIDS_AND_PEPTIDES	domoic-acid	data/natural_products/amino_acids_and_peptides/domoic-acid.yaml
naturalproductmech:mibig-7db420f4a3	AMINO_ACIDS_AND_PEPTIDES	iturin	data/natural_products/amino_acids_and_peptides/iturin.yaml
naturalproductmech:mibig-7db8009b57	TERPENOIDS	naematolin	data/natural_products/terpenoids/naematolin.yaml
naturalproductmech:mibig-7dde145c14	UNCLASSIFIED	pelgipeptin-b	data/natural_products/unclassified/pelgipeptin-b.yaml
naturalproductmech:mibig-7defb20308	AMINO_ACIDS_AND_PEPTIDES	aeruginoside-126b	data/natural_products/amino_acids_and_peptides/aeruginoside-126b.yaml
naturalproductmech:mibig-7e0b3771ba	POLYKETIDES	verrucosidin	data/natural_products/polyketides/verrucosidin.yaml
naturalproductmech:mibig-7e164af87c	AMINO_ACIDS_AND_PEPTIDES	tallysomycin-b	data/natural_products/amino_acids_and_peptides/tallysomycin-b.yaml
naturalproductmech:mibig-7e373b3a47	POLYKETIDES	bryostatin-2	data/natural_products/polyketides/bryostatin-2.yaml
naturalproductmech:mibig-7e3a083ad7	ALKALOIDS	hancockiamide-b	data/natural_products/alkaloids/hancockiamide-b.yaml
naturalproductmech:mibig-7e3e40faee	POLYKETIDES	arixanthomycin-a	data/natural_products/polyketides/arixanthomycin-a.yaml
naturalproductmech:mibig-7e588eb432	POLYKETIDES	ansaseomycin-a	data/natural_products/polyketides/ansaseomycin-a.yaml
naturalproductmech:mibig-7e634fdd10	POLYKETIDES	carbamidocyclophane-d	data/natural_products/polyketides/carbamidocyclophane-d.yaml
naturalproductmech:mibig-7e6a16458a	POLYKETIDES	aq-256	data/natural_products/polyketides/aq-256.yaml
naturalproductmech:mibig-7e718c4f11	AMINO_ACIDS_AND_PEPTIDES	nodularin	data/natural_products/amino_acids_and_peptides/nodularin.yaml
naturalproductmech:mibig-7e8d9d4505	AMINO_ACIDS_AND_PEPTIDES	fuscachelin-c	data/natural_products/amino_acids_and_peptides/fuscachelin-c.yaml
naturalproductmech:mibig-7ec421beeb	AMINO_ACIDS_AND_PEPTIDES	thiovarsolin-d	data/natural_products/amino_acids_and_peptides/thiovarsolin-d.yaml
naturalproductmech:mibig-7ecb27199a	UNCLASSIFIED	14-n-n-dimethylleucyloxy-paspalinine	data/natural_products/unclassified/14-n-n-dimethylleucyloxy-paspalinine.yaml
naturalproductmech:mibig-7ed5a331c3	ALKALOIDS	anguibactin	data/natural_products/alkaloids/anguibactin.yaml
naturalproductmech:mibig-7efe746be0	AMINO_ACIDS_AND_PEPTIDES	plantaribactin	data/natural_products/amino_acids_and_peptides/plantaribactin.yaml
naturalproductmech:mibig-7f07fb1c16	FATTY_ACIDS	amphibactin-i	data/natural_products/fatty_acids/amphibactin-i.yaml
naturalproductmech:mibig-7f3382dda9	AMINO_ACIDS_AND_PEPTIDES	dendrothelin-a	data/natural_products/amino_acids_and_peptides/dendrothelin-a.yaml
naturalproductmech:mibig-7f9f9bacb5	SHIKIMATES_AND_PHENYLPROPANOIDS	aflavarin	data/natural_products/shikimates_and_phenylpropanoids/aflavarin.yaml
naturalproductmech:mibig-7fabb6cf23	SHIKIMATES_AND_PHENYLPROPANOIDS	e-n-2-hydroxy-5-oxocyclopent-1-en-1-yl-5-o-tolyl-pent-4-enamide	data/natural_products/shikimates_and_phenylpropanoids/e-n-2-hydroxy-5-oxocyclopent-1-en-1-yl-5-o-tolyl-pent-4-enamide.yaml
naturalproductmech:mibig-7fc6e870d5	ALKALOIDS	aspochalasin-m	data/natural_products/alkaloids/aspochalasin-m.yaml
naturalproductmech:mibig-7fc8631300	POLYKETIDES	radicicol	data/natural_products/polyketides/radicicol.yaml
naturalproductmech:mibig-7fe57fd9ee	AMINO_ACIDS_AND_PEPTIDES	thiocillin-i	data/natural_products/amino_acids_and_peptides/thiocillin-i.yaml
naturalproductmech:mibig-7ff559b2e2	AMINO_ACIDS_AND_PEPTIDES	bosamycin-a	data/natural_products/amino_acids_and_peptides/bosamycin-a.yaml
naturalproductmech:mibig-7ff8b53e53	TERPENOIDS	taxa-4-20-11-12-diene	data/natural_products/terpenoids/taxa-4-20-11-12-diene.yaml
naturalproductmech:mibig-801a93942c	ALKALOIDS	ambiguine-k-isonitrile	data/natural_products/alkaloids/ambiguine-k-isonitrile.yaml
naturalproductmech:mibig-8029a6a4d2	SHIKIMATES_AND_PHENYLPROPANOIDS	prenylhydroquinone	data/natural_products/shikimates_and_phenylpropanoids/prenylhydroquinone.yaml
naturalproductmech:mibig-802c0de93e	POLYKETIDES	fasamycin-d	data/natural_products/polyketides/fasamycin-d.yaml
naturalproductmech:mibig-8054005b40	TERPENOIDS	yossoside-iv	data/natural_products/terpenoids/yossoside-iv.yaml
naturalproductmech:mibig-8058f66e37	AMINO_ACIDS_AND_PEPTIDES	microviridin-n3	data/natural_products/amino_acids_and_peptides/microviridin-n3.yaml
naturalproductmech:mibig-80acf3886c	AMINO_ACIDS_AND_PEPTIDES	scytocyclamide-b3	data/natural_products/amino_acids_and_peptides/scytocyclamide-b3.yaml
naturalproductmech:mibig-80e0af6cc7	AMINO_ACIDS_AND_PEPTIDES	ws9326d	data/natural_products/amino_acids_and_peptides/ws9326d.yaml
naturalproductmech:mibig-80ef61b944	POLYKETIDES	cinerubin-b	data/natural_products/polyketides/cinerubin-b.yaml
naturalproductmech:mibig-80fdb61c53	POLYKETIDES	lipomycin	data/natural_products/polyketides/lipomycin.yaml
naturalproductmech:mibig-8100fdd410	ALKALOIDS	curvupallide-b	data/natural_products/alkaloids/curvupallide-b.yaml
naturalproductmech:mibig-81083d3849	POLYKETIDES	fumonisin-c3	data/natural_products/polyketides/fumonisin-c3.yaml
naturalproductmech:mibig-8117adfb07	POLYKETIDES	eurocidin-d	data/natural_products/polyketides/eurocidin-d.yaml
naturalproductmech:mibig-8148c2e9b0	AMINO_ACIDS_AND_PEPTIDES	prezeamine	data/natural_products/amino_acids_and_peptides/prezeamine.yaml
naturalproductmech:mibig-814a57f54b	UNCLASSIFIED	fulvuthiacene-b	data/natural_products/unclassified/fulvuthiacene-b.yaml
naturalproductmech:mibig-815868923e	UNCLASSIFIED	triticone-c	data/natural_products/unclassified/triticone-c.yaml
naturalproductmech:mibig-81768a4509	FATTY_ACIDS	myxofacycline-c	data/natural_products/fatty_acids/myxofacycline-c.yaml
naturalproductmech:mibig-8194ce5f85	ALKALOIDS	8-oxo-isopentenyladenine	data/natural_products/alkaloids/8-oxo-isopentenyladenine.yaml
naturalproductmech:mibig-81ab14f848	UNCLASSIFIED	colletochlorin-d	data/natural_products/unclassified/colletochlorin-d.yaml
naturalproductmech:mibig-81da63fd62	ALKALOIDS	piscibactin	data/natural_products/alkaloids/piscibactin.yaml
naturalproductmech:mibig-81dbb033ef	POLYKETIDES	terreic-acid	data/natural_products/polyketides/terreic-acid.yaml
naturalproductmech:mibig-81ddce7439	POLYKETIDES	maduralactomycin-a	data/natural_products/polyketides/maduralactomycin-a.yaml
naturalproductmech:mibig-81de3c8757	AMINO_ACIDS_AND_PEPTIDES	ketomemicin-b3	data/natural_products/amino_acids_and_peptides/ketomemicin-b3.yaml
naturalproductmech:mibig-81e4eeca10	TERPENOIDS	brasilane-d	data/natural_products/terpenoids/brasilane-d.yaml
naturalproductmech:mibig-81e97b6b8c	AMINO_ACIDS_AND_PEPTIDES	streptide	data/natural_products/amino_acids_and_peptides/streptide.yaml
naturalproductmech:mibig-81eb456def	UNCLASSIFIED	putisolvin-v	data/natural_products/unclassified/putisolvin-v.yaml
naturalproductmech:mibig-81f3b94459	ALKALOIDS	naphthyridinomycin	data/natural_products/alkaloids/naphthyridinomycin.yaml
naturalproductmech:mibig-82041a5d45	AMINO_ACIDS_AND_PEPTIDES	myxochromide-a	data/natural_products/amino_acids_and_peptides/myxochromide-a.yaml
naturalproductmech:mibig-821d9ffc0f	TERPENOIDS	kainic-acid-lactone	data/natural_products/terpenoids/kainic-acid-lactone.yaml
naturalproductmech:mibig-8220bd1a70	UNCLASSIFIED	be-43547b3	data/natural_products/unclassified/be-43547b3.yaml
naturalproductmech:mibig-824039d923	AMINO_ACIDS_AND_PEPTIDES	pacidamycin-d	data/natural_products/amino_acids_and_peptides/pacidamycin-d.yaml
naturalproductmech:mibig-82477855f7	FATTY_ACIDS	myxofacycline-a	data/natural_products/fatty_acids/myxofacycline-a.yaml
naturalproductmech:mibig-8252d9cf90	POLYKETIDES	chlortetracycline	data/natural_products/polyketides/chlortetracycline.yaml
naturalproductmech:mibig-826d2ff0d3	TERPENOIDS	cyslabdan-b	data/natural_products/terpenoids/cyslabdan-b.yaml
naturalproductmech:mibig-827514e357	TERPENOIDS	phytocassane	data/natural_products/terpenoids/phytocassane.yaml
naturalproductmech:mibig-82a62a3a81	AMINO_ACIDS_AND_PEPTIDES	gramibactin-b	data/natural_products/amino_acids_and_peptides/gramibactin-b.yaml
naturalproductmech:mibig-832a504b45	FATTY_ACIDS	macrolactin-1c	data/natural_products/fatty_acids/macrolactin-1c.yaml
naturalproductmech:mibig-837c20aac7	AMINO_ACIDS_AND_PEPTIDES	felipeptin-a1	data/natural_products/amino_acids_and_peptides/felipeptin-a1.yaml
naturalproductmech:mibig-837e8684b2	UNCLASSIFIED	divergolide-a	data/natural_products/unclassified/divergolide-a.yaml
naturalproductmech:mibig-8387ca366f	POLYKETIDES	aranciamycin	data/natural_products/polyketides/aranciamycin.yaml
naturalproductmech:mibig-83ca694b27	POLYKETIDES	fusarielin-h	data/natural_products/polyketides/fusarielin-h.yaml
naturalproductmech:mibig-83cb836ba7	UNCLASSIFIED	stechlisin-b2	data/natural_products/unclassified/stechlisin-b2.yaml
naturalproductmech:mibig-83f6485333	AMINO_ACIDS_AND_PEPTIDES	alcaligin	data/natural_products/amino_acids_and_peptides/alcaligin.yaml
naturalproductmech:mibig-8408074459	UNCLASSIFIED	rhizoferrin	data/natural_products/unclassified/rhizoferrin.yaml
naturalproductmech:mibig-840e9a6048	UNCLASSIFIED	beauveriolide-iii	data/natural_products/unclassified/beauveriolide-iii.yaml
naturalproductmech:mibig-8426508598	TERPENOIDS	carotenoid-2	data/natural_products/terpenoids/carotenoid-2.yaml
naturalproductmech:mibig-842d895433	POLYKETIDES	wakodecalines-a	data/natural_products/polyketides/wakodecalines-a.yaml
naturalproductmech:mibig-844250525c	UNCLASSIFIED	nocuolactylate-b	data/natural_products/unclassified/nocuolactylate-b.yaml
naturalproductmech:mibig-8449fabbdf	POLYKETIDES	grayanic-acid	data/natural_products/polyketides/grayanic-acid.yaml
naturalproductmech:mibig-844dd607b2	UNCLASSIFIED	marformycin-b	data/natural_products/unclassified/marformycin-b.yaml
naturalproductmech:mibig-8460498c49	SHIKIMATES_AND_PHENYLPROPANOIDS	stipitatic-acid	data/natural_products/shikimates_and_phenylpropanoids/stipitatic-acid.yaml
naturalproductmech:mibig-8460e112d7	UNCLASSIFIED	cyanogramide	data/natural_products/unclassified/cyanogramide.yaml
naturalproductmech:mibig-846736d598	AMINO_ACIDS_AND_PEPTIDES	heinamide-b3	data/natural_products/amino_acids_and_peptides/heinamide-b3.yaml
naturalproductmech:mibig-8489588bad	POLYKETIDES	cylindrocyclophane-f	data/natural_products/polyketides/cylindrocyclophane-f.yaml
naturalproductmech:mibig-8495b64e25	AMINO_ACIDS_AND_PEPTIDES	felipeptin-a2	data/natural_products/amino_acids_and_peptides/felipeptin-a2.yaml
naturalproductmech:mibig-84df2bc4e7	FATTY_ACIDS	n-acyl-ornithine	data/natural_products/fatty_acids/n-acyl-ornithine.yaml
naturalproductmech:mibig-84f0f21c5f	UNCLASSIFIED	acidobactamide-b	data/natural_products/unclassified/acidobactamide-b.yaml
naturalproductmech:mibig-85126698ac	POLYKETIDES	aldgamycin-e	data/natural_products/polyketides/aldgamycin-e.yaml
naturalproductmech:mibig-8527fc2a0f	AMINO_ACIDS_AND_PEPTIDES	gaburedin-c	data/natural_products/amino_acids_and_peptides/gaburedin-c.yaml
naturalproductmech:mibig-852edd7855	POLYKETIDES	c-1027	data/natural_products/polyketides/c-1027.yaml
naturalproductmech:mibig-8538472b7e	ALKALOIDS	violacein-2	data/natural_products/alkaloids/violacein-2.yaml
naturalproductmech:mibig-8598803f74	UNCLASSIFIED	higginsianin-a	data/natural_products/unclassified/higginsianin-a.yaml
naturalproductmech:mibig-85d4f41a57	AMINO_ACIDS_AND_PEPTIDES	ilamycin-b1	data/natural_products/amino_acids_and_peptides/ilamycin-b1.yaml
naturalproductmech:mibig-8612fdecf8	POLYKETIDES	isoharziphilone-1	data/natural_products/polyketides/isoharziphilone-1.yaml
naturalproductmech:mibig-8621668956	POLYKETIDES	calbistrin-a	data/natural_products/polyketides/calbistrin-a.yaml
naturalproductmech:mibig-86258f37c8	POLYKETIDES	oligomycin	data/natural_products/polyketides/oligomycin.yaml
naturalproductmech:mibig-862d8324db	POLYKETIDES	gaudimycin-c	data/natural_products/polyketides/gaudimycin-c.yaml
naturalproductmech:mibig-864f62763e	UNCLASSIFIED	enterobactin	data/natural_products/unclassified/enterobactin.yaml
naturalproductmech:mibig-8654ed11ca	TERPENOIDS	nanangelenin-a	data/natural_products/terpenoids/nanangelenin-a.yaml
naturalproductmech:mibig-86718c0605	AMINO_ACIDS_AND_PEPTIDES	sandarazol-c	data/natural_products/amino_acids_and_peptides/sandarazol-c.yaml
naturalproductmech:mibig-867d2111b7	POLYKETIDES	squalestatin-s1	data/natural_products/polyketides/squalestatin-s1.yaml
naturalproductmech:mibig-86a2a6f3da	POLYKETIDES	granaticin	data/natural_products/polyketides/granaticin.yaml
naturalproductmech:mibig-86af1a69c4	AMINO_ACIDS_AND_PEPTIDES	aerucyclamide-a	data/natural_products/amino_acids_and_peptides/aerucyclamide-a.yaml
naturalproductmech:mibig-86b16625ae	POLYKETIDES	niphimycin-c	data/natural_products/polyketides/niphimycin-c.yaml
naturalproductmech:mibig-86ba13a848	TERPENOIDS	thioplatencin	data/natural_products/terpenoids/thioplatencin.yaml
naturalproductmech:mibig-86c1a19619	UNCLASSIFIED	shimalactone-b	data/natural_products/unclassified/shimalactone-b.yaml
naturalproductmech:mibig-86c58edfc8	POLYKETIDES	formicamycin-h	data/natural_products/polyketides/formicamycin-h.yaml
naturalproductmech:mibig-86d8678f9c	POLYKETIDES	photopyrone-e	data/natural_products/polyketides/photopyrone-e.yaml
naturalproductmech:mibig-870838e513	POLYKETIDES	preburnettiene-a	data/natural_products/polyketides/preburnettiene-a.yaml
naturalproductmech:mibig-8720e7a572	ALKALOIDS	dihydroxy-tilivalline	data/natural_products/alkaloids/dihydroxy-tilivalline.yaml
naturalproductmech:mibig-873e47f527	ALKALOIDS	albicidin	data/natural_products/alkaloids/albicidin.yaml
naturalproductmech:mibig-87448967a3	UNCLASSIFIED	amipurimycin	data/natural_products/unclassified/amipurimycin.yaml
naturalproductmech:mibig-87460012be	AMINO_ACIDS_AND_PEPTIDES	tubulysin-i	data/natural_products/amino_acids_and_peptides/tubulysin-i.yaml
naturalproductmech:mibig-876b13a5c5	POLYKETIDES	mycinamicin-ii	data/natural_products/polyketides/mycinamicin-ii.yaml
naturalproductmech:mibig-8790fa9521	UNCLASSIFIED	valinomycin	data/natural_products/unclassified/valinomycin.yaml
naturalproductmech:mibig-87ab9eb1c7	ALKALOIDS	lynamicin-f	data/natural_products/alkaloids/lynamicin-f.yaml
naturalproductmech:mibig-87b0f2c0a4	AMINO_ACIDS_AND_PEPTIDES	microginin-558	data/natural_products/amino_acids_and_peptides/microginin-558.yaml
naturalproductmech:mibig-87b937f840	AMINO_ACIDS_AND_PEPTIDES	bottromycin-a2	data/natural_products/amino_acids_and_peptides/bottromycin-a2.yaml
naturalproductmech:mibig-87bc8dde37	AMINO_ACIDS_AND_PEPTIDES	fabclavine-ia	data/natural_products/amino_acids_and_peptides/fabclavine-ia.yaml
naturalproductmech:mibig-8801a278be	POLYKETIDES	desmethyl-tan-1612	data/natural_products/polyketides/desmethyl-tan-1612.yaml
naturalproductmech:mibig-88261c35cc	POLYKETIDES	murayaquinone	data/natural_products/polyketides/murayaquinone.yaml
naturalproductmech:mibig-8828c74fc7	ALKALOIDS	safracin-a	data/natural_products/alkaloids/safracin-a.yaml
naturalproductmech:mibig-88418e0901	POLYKETIDES	monocillin-ii	data/natural_products/polyketides/monocillin-ii.yaml
naturalproductmech:mibig-88434947af	POLYKETIDES	pestalotiollide-c	data/natural_products/polyketides/pestalotiollide-c.yaml
naturalproductmech:mibig-886e246fe1	UNCLASSIFIED	penigainamide-c	data/natural_products/unclassified/penigainamide-c.yaml
naturalproductmech:mibig-887d915d3c	POLYKETIDES	leupyrrin-b2	data/natural_products/polyketides/leupyrrin-b2.yaml
naturalproductmech:mibig-88977ed5df	ALKALOIDS	lynamicin-d	data/natural_products/alkaloids/lynamicin-d.yaml
naturalproductmech:mibig-88ab645a96	UNCLASSIFIED	hormaomycin	data/natural_products/unclassified/hormaomycin.yaml
naturalproductmech:mibig-88c4d0db6b	UNCLASSIFIED	variobactin-a	data/natural_products/unclassified/variobactin-a.yaml
naturalproductmech:mibig-88c999f5e5	CARBOHYDRATES	a-90289-b	data/natural_products/carbohydrates/a-90289-b.yaml
naturalproductmech:mibig-88d7ec7c22	POLYKETIDES	formicamycin-d	data/natural_products/polyketides/formicamycin-d.yaml
naturalproductmech:mibig-88e1d1883a	AMINO_ACIDS_AND_PEPTIDES	keanumycin-c	data/natural_products/amino_acids_and_peptides/keanumycin-c.yaml
naturalproductmech:mibig-89037aa699	UNCLASSIFIED	aspergillic-acid	data/natural_products/unclassified/aspergillic-acid.yaml
naturalproductmech:mibig-8904b7e092	ALKALOIDS	bicornutin-a1	data/natural_products/alkaloids/bicornutin-a1.yaml
naturalproductmech:mibig-8917393bb8	UNCLASSIFIED	skyllamycin-a	data/natural_products/unclassified/skyllamycin-a.yaml
naturalproductmech:mibig-8918d2a0ba	CARBOHYDRATES	aristeromycin	data/natural_products/carbohydrates/aristeromycin.yaml
naturalproductmech:mibig-8920af415c	ALKALOIDS	indigoidine-2	data/natural_products/alkaloids/indigoidine-2.yaml
naturalproductmech:mibig-8928039d6f	AMINO_ACIDS_AND_PEPTIDES	cyclofaulknamycin	data/natural_products/amino_acids_and_peptides/cyclofaulknamycin.yaml
naturalproductmech:mibig-8928480f33	POLYKETIDES	fujikurin-c	data/natural_products/polyketides/fujikurin-c.yaml
naturalproductmech:mibig-895a33a925	FATTY_ACIDS	himeic-acid-a	data/natural_products/fatty_acids/himeic-acid-a.yaml
naturalproductmech:mibig-899dc18a26	AMINO_ACIDS_AND_PEPTIDES	thanafactin-a	data/natural_products/amino_acids_and_peptides/thanafactin-a.yaml
naturalproductmech:mibig-89a15d6aef	CARBOHYDRATES	everninomicin-g	data/natural_products/carbohydrates/everninomicin-g.yaml
naturalproductmech:mibig-89c208b99a	POLYKETIDES	laidlomycin	data/natural_products/polyketides/laidlomycin.yaml
naturalproductmech:mibig-89c381d425	UNCLASSIFIED	sw-163e	data/natural_products/unclassified/sw-163e.yaml
naturalproductmech:mibig-89c5d521b8	TERPENOIDS	clavaric-acid	data/natural_products/terpenoids/clavaric-acid.yaml
naturalproductmech:mibig-89ce099f20	AMINO_ACIDS_AND_PEPTIDES	thienamycin	data/natural_products/amino_acids_and_peptides/thienamycin.yaml
naturalproductmech:mibig-89dfa84e83	UNCLASSIFIED	macrophorin-a	data/natural_products/unclassified/macrophorin-a.yaml
naturalproductmech:mibig-89e658ea5b	POLYKETIDES	ibomycin	data/natural_products/polyketides/ibomycin.yaml
naturalproductmech:mibig-89f140d82d	UNCLASSIFIED	hectochlorin	data/natural_products/unclassified/hectochlorin.yaml
naturalproductmech:mibig-89fb41e04b	ALKALOIDS	marinacarboline-d	data/natural_products/alkaloids/marinacarboline-d.yaml
naturalproductmech:mibig-8a066a26bc	POLYKETIDES	zopfiellin	data/natural_products/polyketides/zopfiellin.yaml
naturalproductmech:mibig-8a23419be1	AMINO_ACIDS_AND_PEPTIDES	polymyxin-b	data/natural_products/amino_acids_and_peptides/polymyxin-b.yaml
naturalproductmech:mibig-8a44f2487d	AMINO_ACIDS_AND_PEPTIDES	depsibosamycin-c	data/natural_products/amino_acids_and_peptides/depsibosamycin-c.yaml
naturalproductmech:mibig-8a4f276e10	POLYKETIDES	microansamycin-b	data/natural_products/polyketides/microansamycin-b.yaml
naturalproductmech:mibig-8a55524478	ALKALOIDS	12-epi-hapalindole-j-isonitrile	data/natural_products/alkaloids/12-epi-hapalindole-j-isonitrile.yaml
naturalproductmech:mibig-8a5b015182	CARBOHYDRATES	liposidomycin-b	data/natural_products/carbohydrates/liposidomycin-b.yaml
naturalproductmech:mibig-8a5d1c6ab2	POLYKETIDES	ambruticin	data/natural_products/polyketides/ambruticin.yaml
naturalproductmech:mibig-8a6d84df98	POLYKETIDES	alnumycin-a	data/natural_products/polyketides/alnumycin-a.yaml
naturalproductmech:mibig-8a6f861a62	AMINO_ACIDS_AND_PEPTIDES	aeruginosin-98-b	data/natural_products/amino_acids_and_peptides/aeruginosin-98-b.yaml
naturalproductmech:mibig-8a87fd1011	POLYKETIDES	tetarimycin-a	data/natural_products/polyketides/tetarimycin-a.yaml
naturalproductmech:mibig-8a8aaf4fce	TERPENOIDS	6-anteisoheptadecyl-4-o-dihydrofarnesyl-2-methoxyhydroquinone	data/natural_products/terpenoids/6-anteisoheptadecyl-4-o-dihydrofarnesyl-2-methoxyhydroquinone.yaml
naturalproductmech:mibig-8ac0e3545b	AMINO_ACIDS_AND_PEPTIDES	eponemycin	data/natural_products/amino_acids_and_peptides/eponemycin.yaml
naturalproductmech:mibig-8ae790cf17	UNCLASSIFIED	salinipeptin-c	data/natural_products/unclassified/salinipeptin-c.yaml
naturalproductmech:mibig-8af8446e0b	POLYKETIDES	trans-resorcylide	data/natural_products/polyketides/trans-resorcylide.yaml
naturalproductmech:mibig-8b023d76df	AMINO_ACIDS_AND_PEPTIDES	bleomycin	data/natural_products/amino_acids_and_peptides/bleomycin.yaml
naturalproductmech:mibig-8b07d4e5d9	AMINO_ACIDS_AND_PEPTIDES	citrocin	data/natural_products/amino_acids_and_peptides/citrocin.yaml
naturalproductmech:mibig-8b0b12acd8	ALKALOIDS	odilorhabdin-noso-95c	data/natural_products/alkaloids/odilorhabdin-noso-95c.yaml
naturalproductmech:mibig-8b2fab44e2	AMINO_ACIDS_AND_PEPTIDES	griseoviridin	data/natural_products/amino_acids_and_peptides/griseoviridin.yaml
naturalproductmech:mibig-8b2fd1a243	AMINO_ACIDS_AND_PEPTIDES	dehydrophos	data/natural_products/amino_acids_and_peptides/dehydrophos.yaml
naturalproductmech:mibig-8b3c5b55e5	POLYKETIDES	catenulisporolide-a	data/natural_products/polyketides/catenulisporolide-a.yaml
naturalproductmech:mibig-8b4cd14741	TERPENOIDS	10-oxodihydrobotry-1-9-4-5-diendial	data/natural_products/terpenoids/10-oxodihydrobotry-1-9-4-5-diendial.yaml
naturalproductmech:mibig-8b75a849b8	TERPENOIDS	calidoustene-a	data/natural_products/terpenoids/calidoustene-a.yaml
naturalproductmech:mibig-8b7d98a72d	UNCLASSIFIED	nocuolactylate-c	data/natural_products/unclassified/nocuolactylate-c.yaml
naturalproductmech:mibig-8b9bc078cd	ALKALOIDS	anthramycin	data/natural_products/alkaloids/anthramycin.yaml
naturalproductmech:mibig-8ba5fcdb02	POLYKETIDES	tartrolon-d	data/natural_products/polyketides/tartrolon-d.yaml
naturalproductmech:mibig-8be7c2696d	AMINO_ACIDS_AND_PEPTIDES	entianin	data/natural_products/amino_acids_and_peptides/entianin.yaml
naturalproductmech:mibig-8bf661ff9b	ALKALOIDS	spicamycin	data/natural_products/alkaloids/spicamycin.yaml
naturalproductmech:mibig-8c0124f84a	POLYKETIDES	ws-79089c	data/natural_products/polyketides/ws-79089c.yaml
naturalproductmech:mibig-8c0c1683b4	AMINO_ACIDS_AND_PEPTIDES	chitinimide-d	data/natural_products/amino_acids_and_peptides/chitinimide-d.yaml
naturalproductmech:mibig-8c2b069361	ALKALOIDS	dimethylcoprogen	data/natural_products/alkaloids/dimethylcoprogen.yaml
naturalproductmech:mibig-8c73cbbdd0	ALKALOIDS	phenazine-sb	data/natural_products/alkaloids/phenazine-sb.yaml
naturalproductmech:mibig-8c8a57f2e1	ALKALOIDS	7-prenylisatin	data/natural_products/alkaloids/7-prenylisatin.yaml
naturalproductmech:mibig-8c8fca770e	TERPENOIDS	xylarenic-acid-b	data/natural_products/terpenoids/xylarenic-acid-b.yaml
naturalproductmech:mibig-8c9a7c64ac	POLYKETIDES	phthoxazolin	data/natural_products/polyketides/phthoxazolin.yaml
naturalproductmech:mibig-8cb1d988f5	AMINO_ACIDS_AND_PEPTIDES	glidobactin-b	data/natural_products/amino_acids_and_peptides/glidobactin-b.yaml
naturalproductmech:mibig-8ccc71f2f0	CARBOHYDRATES	liposidomycin-m	data/natural_products/carbohydrates/liposidomycin-m.yaml
naturalproductmech:mibig-8ce5d78f7e	UNCLASSIFIED	largimycin-a1	data/natural_products/unclassified/largimycin-a1.yaml
naturalproductmech:mibig-8cf63c8e38	POLYKETIDES	coronatine	data/natural_products/polyketides/coronatine.yaml
naturalproductmech:mibig-8cfa1d3681	POLYKETIDES	2-acetyl-1-3-6-8-tetrahydroxynaphthalene	data/natural_products/polyketides/2-acetyl-1-3-6-8-tetrahydroxynaphthalene.yaml
naturalproductmech:mibig-8cfa676ff6	ALKALOIDS	roseophilin	data/natural_products/alkaloids/roseophilin.yaml
naturalproductmech:mibig-8d1c622f81	TERPENOIDS	ent-kauren-16alpha-ol-2	data/natural_products/terpenoids/ent-kauren-16alpha-ol-2.yaml
naturalproductmech:mibig-8d58bfa044	ALKALOIDS	melanin	data/natural_products/alkaloids/melanin.yaml
naturalproductmech:mibig-8d845b071d	AMINO_ACIDS_AND_PEPTIDES	luminmycin-a	data/natural_products/amino_acids_and_peptides/luminmycin-a.yaml
naturalproductmech:mibig-8d85be6abb	ALKALOIDS	citridone-b-2	data/natural_products/alkaloids/citridone-b-2.yaml
naturalproductmech:mibig-8d8a114171	AMINO_ACIDS_AND_PEPTIDES	salivaricin-d	data/natural_products/amino_acids_and_peptides/salivaricin-d.yaml
naturalproductmech:mibig-8d8e8601d0	CARBOHYDRATES	istamycin	data/natural_products/carbohydrates/istamycin.yaml
naturalproductmech:mibig-8dd526720f	AMINO_ACIDS_AND_PEPTIDES	anachelin	data/natural_products/amino_acids_and_peptides/anachelin.yaml
naturalproductmech:mibig-8dd6d955d9	UNCLASSIFIED	psychrophilin-h	data/natural_products/unclassified/psychrophilin-h.yaml
naturalproductmech:mibig-8dfb937ebb	TERPENOIDS	dichloro-merochlorin-b	data/natural_products/terpenoids/dichloro-merochlorin-b.yaml
naturalproductmech:mibig-8dfce2dc21	POLYKETIDES	3-3-diflaviolin	data/natural_products/polyketides/3-3-diflaviolin.yaml
naturalproductmech:mibig-8e08b44b31	FATTY_ACIDS	woodybactin-d	data/natural_products/fatty_acids/woodybactin-d.yaml
naturalproductmech:mibig-8e09316737	UNCLASSIFIED	21-22-diprenylated-paxilline	data/natural_products/unclassified/21-22-diprenylated-paxilline.yaml
naturalproductmech:mibig-8e0d48f606	POLYKETIDES	palmerolide-c	data/natural_products/polyketides/palmerolide-c.yaml
naturalproductmech:mibig-8e1aee17c6	UNCLASSIFIED	enduracidin-a	data/natural_products/unclassified/enduracidin-a.yaml
naturalproductmech:mibig-8e2e9011da	POLYKETIDES	bafilomycin-b1	data/natural_products/polyketides/bafilomycin-b1.yaml
naturalproductmech:mibig-8e620a7331	ALKALOIDS	lynamicin-g	data/natural_products/alkaloids/lynamicin-g.yaml
naturalproductmech:mibig-8e6be49279	ALKALOIDS	citridone-a	data/natural_products/alkaloids/citridone-a.yaml
naturalproductmech:mibig-8e7060a898	AMINO_ACIDS_AND_PEPTIDES	bosamycin-f	data/natural_products/amino_acids_and_peptides/bosamycin-f.yaml
naturalproductmech:mibig-8e920fa3c9	UNCLASSIFIED	kutzneride-4	data/natural_products/unclassified/kutzneride-4.yaml
naturalproductmech:mibig-8ea4588d64	POLYKETIDES	calyculinamide-a	data/natural_products/polyketides/calyculinamide-a.yaml
naturalproductmech:mibig-8eb2e16588	ALKALOIDS	dehydro-tilivalline	data/natural_products/alkaloids/dehydro-tilivalline.yaml
naturalproductmech:mibig-8eb634bd2e	AMINO_ACIDS_AND_PEPTIDES	anantin-b2	data/natural_products/amino_acids_and_peptides/anantin-b2.yaml
naturalproductmech:mibig-8ecf532445	TERPENOIDS	koraiol	data/natural_products/terpenoids/koraiol.yaml
naturalproductmech:mibig-8edb2cb471	POLYKETIDES	ws-79089d	data/natural_products/polyketides/ws-79089d.yaml
naturalproductmech:mibig-8edd52830e	POLYKETIDES	akml-c	data/natural_products/polyketides/akml-c.yaml
naturalproductmech:mibig-8eee2cf7bc	ALKALOIDS	indimicin-c	data/natural_products/alkaloids/indimicin-c.yaml
naturalproductmech:mibig-8f008d9d95	POLYKETIDES	palmerolide-b	data/natural_products/polyketides/palmerolide-b.yaml
naturalproductmech:mibig-8f1123b739	POLYKETIDES	midecamycin	data/natural_products/polyketides/midecamycin.yaml
naturalproductmech:mibig-8f1a24ff66	UNCLASSIFIED	clifednamide-i	data/natural_products/unclassified/clifednamide-i.yaml
naturalproductmech:mibig-8f1eb91f8d	AMINO_ACIDS_AND_PEPTIDES	tasikamide-b	data/natural_products/amino_acids_and_peptides/tasikamide-b.yaml
naturalproductmech:mibig-8f24495487	POLYKETIDES	quartromicin-a1	data/natural_products/polyketides/quartromicin-a1.yaml
naturalproductmech:mibig-8f4f29f0d1	AMINO_ACIDS_AND_PEPTIDES	pseudovibriamide-a4	data/natural_products/amino_acids_and_peptides/pseudovibriamide-a4.yaml
naturalproductmech:mibig-8f6371287a	POLYKETIDES	pentamycin	data/natural_products/polyketides/pentamycin.yaml
naturalproductmech:mibig-8f761e16f2	ALKALOIDS	marinophenazine-a	data/natural_products/alkaloids/marinophenazine-a.yaml
naturalproductmech:mibig-8f937b8f89	POLYKETIDES	macrolactin-h	data/natural_products/polyketides/macrolactin-h.yaml
naturalproductmech:mibig-8f9a5d6a95	UNCLASSIFIED	heronamide-d	data/natural_products/unclassified/heronamide-d.yaml
naturalproductmech:mibig-8fc088b7a7	POLYKETIDES	warkmycin-cs1	data/natural_products/polyketides/warkmycin-cs1.yaml
naturalproductmech:mibig-8fd0224b39	ALKALOIDS	pimprinine	data/natural_products/alkaloids/pimprinine.yaml
naturalproductmech:mibig-8fe31f101d	FATTY_ACIDS	oryzine-a	data/natural_products/fatty_acids/oryzine-a.yaml
naturalproductmech:mibig-8ffa6e142d	POLYKETIDES	ebelactone-b	data/natural_products/polyketides/ebelactone-b.yaml
naturalproductmech:mibig-9005f502cc	UNCLASSIFIED	icosalide-b	data/natural_products/unclassified/icosalide-b.yaml
naturalproductmech:mibig-9015522a17	AMINO_ACIDS_AND_PEPTIDES	am-toxin	data/natural_products/amino_acids_and_peptides/am-toxin.yaml
naturalproductmech:mibig-90363bf123	TERPENOIDS	ks-505a	data/natural_products/terpenoids/ks-505a.yaml
naturalproductmech:mibig-90494a0512	AMINO_ACIDS_AND_PEPTIDES	aborycin	data/natural_products/amino_acids_and_peptides/aborycin.yaml
naturalproductmech:mibig-90548001e6	UNCLASSIFIED	microansamycin-h	data/natural_products/unclassified/microansamycin-h.yaml
naturalproductmech:mibig-905cb70bbb	ALKALOIDS	lazarimide-a	data/natural_products/alkaloids/lazarimide-a.yaml
naturalproductmech:mibig-905ccbc6f4	POLYKETIDES	geldanamycin-2	data/natural_products/polyketides/geldanamycin-2.yaml
naturalproductmech:mibig-905ce62e03	ALKALOIDS	spiroindimicin-d	data/natural_products/alkaloids/spiroindimicin-d.yaml
naturalproductmech:mibig-90be3e9859	POLYKETIDES	rubiginone-l	data/natural_products/polyketides/rubiginone-l.yaml
naturalproductmech:mibig-90c066a9a2	TERPENOIDS	sesterfisheric-acid	data/natural_products/terpenoids/sesterfisheric-acid.yaml
naturalproductmech:mibig-90cc844890	POLYKETIDES	salinomycin	data/natural_products/polyketides/salinomycin.yaml
naturalproductmech:mibig-90ddadb4c6	POLYKETIDES	tautomycetin-2	data/natural_products/polyketides/tautomycetin-2.yaml
naturalproductmech:mibig-90dfe4c714	FATTY_ACIDS	chlorosphaerolactylate-a	data/natural_products/fatty_acids/chlorosphaerolactylate-a.yaml
naturalproductmech:mibig-911a297128	UNCLASSIFIED	triticone-b	data/natural_products/unclassified/triticone-b.yaml
naturalproductmech:mibig-913edfac99	TERPENOIDS	sespenine	data/natural_products/terpenoids/sespenine.yaml
naturalproductmech:mibig-91513fb680	AMINO_ACIDS_AND_PEPTIDES	naseseazine-c	data/natural_products/amino_acids_and_peptides/naseseazine-c.yaml
naturalproductmech:mibig-915b38da02	AMINO_ACIDS_AND_PEPTIDES	anabaenopeptin-816	data/natural_products/amino_acids_and_peptides/anabaenopeptin-816.yaml
naturalproductmech:mibig-917c096258	ALKALOIDS	legonmycin-b	data/natural_products/alkaloids/legonmycin-b.yaml
naturalproductmech:mibig-9195c6539c	TERPENOIDS	pleuromutilin	data/natural_products/terpenoids/pleuromutilin.yaml
naturalproductmech:mibig-919833c265	ALKALOIDS	ulbactin-f	data/natural_products/alkaloids/ulbactin-f.yaml
naturalproductmech:mibig-91bcef2bc6	AMINO_ACIDS_AND_PEPTIDES	ferrichrome	data/natural_products/amino_acids_and_peptides/ferrichrome.yaml
naturalproductmech:mibig-91dbf331ec	UNCLASSIFIED	hapalosin-g	data/natural_products/unclassified/hapalosin-g.yaml
naturalproductmech:mibig-92222a5c70	POLYKETIDES	fd-891	data/natural_products/polyketides/fd-891.yaml
naturalproductmech:mibig-923eb77b58	ALKALOIDS	paenilamicin-b2	data/natural_products/alkaloids/paenilamicin-b2.yaml
naturalproductmech:mibig-9252d8f439	AMINO_ACIDS_AND_PEPTIDES	lp2006	data/natural_products/amino_acids_and_peptides/lp2006.yaml
naturalproductmech:mibig-9285758214	AMINO_ACIDS_AND_PEPTIDES	piricyclamide-7005e1	data/natural_products/amino_acids_and_peptides/piricyclamide-7005e1.yaml
naturalproductmech:mibig-928d3a93b2	TERPENOIDS	yossoside-v	data/natural_products/terpenoids/yossoside-v.yaml
naturalproductmech:mibig-9292426248	POLYKETIDES	photopyrone-h	data/natural_products/polyketides/photopyrone-h.yaml
naturalproductmech:mibig-929635ea3f	CARBOHYDRATES	amicetin	data/natural_products/carbohydrates/amicetin.yaml
naturalproductmech:mibig-929bdafcd6	POLYKETIDES	1233a	data/natural_products/polyketides/1233a.yaml
naturalproductmech:mibig-929fa64ace	ALKALOIDS	imizoquin-d	data/natural_products/alkaloids/imizoquin-d.yaml
naturalproductmech:mibig-92a1e3d468	UNCLASSIFIED	ornibactin-c8	data/natural_products/unclassified/ornibactin-c8.yaml
naturalproductmech:mibig-92c7bb9c67	SHIKIMATES_AND_PHENYLPROPANOIDS	compound-7-2	data/natural_products/shikimates_and_phenylpropanoids/compound-7-2.yaml
naturalproductmech:mibig-92dae612b1	ALKALOIDS	jawsamycin	data/natural_products/alkaloids/jawsamycin.yaml
naturalproductmech:mibig-92f786b464	CARBOHYDRATES	2-amino-2-deoxyadenosine	data/natural_products/carbohydrates/2-amino-2-deoxyadenosine.yaml
naturalproductmech:mibig-92fcd9adaf	POLYKETIDES	fr-900520	data/natural_products/polyketides/fr-900520.yaml
naturalproductmech:mibig-930874fc4d	POLYKETIDES	gulmirecin-a	data/natural_products/polyketides/gulmirecin-a.yaml
naturalproductmech:mibig-931bf37f71	UNCLASSIFIED	acetylaranotin	data/natural_products/unclassified/acetylaranotin.yaml
naturalproductmech:mibig-93230fa74b	UNCLASSIFIED	spliceostatin	data/natural_products/unclassified/spliceostatin.yaml
naturalproductmech:mibig-9324f0f60f	POLYKETIDES	lucensomycin	data/natural_products/polyketides/lucensomycin.yaml
naturalproductmech:mibig-9327399d6d	UNCLASSIFIED	stechlisin-d3	data/natural_products/unclassified/stechlisin-d3.yaml
naturalproductmech:mibig-93558dbdb2	UNCLASSIFIED	laterocidine	data/natural_products/unclassified/laterocidine.yaml
naturalproductmech:mibig-935a33d794	POLYKETIDES	zunyimycin-a	data/natural_products/polyketides/zunyimycin-a.yaml
naturalproductmech:mibig-93620f7e6b	CARBOHYDRATES	bd-12	data/natural_products/carbohydrates/bd-12.yaml
naturalproductmech:mibig-939fcbb8c7	UNCLASSIFIED	shimalactone-a	data/natural_products/unclassified/shimalactone-a.yaml
naturalproductmech:mibig-93b4043f98	AMINO_ACIDS_AND_PEPTIDES	pacidamycin-7	data/natural_products/amino_acids_and_peptides/pacidamycin-7.yaml
naturalproductmech:mibig-93b850337c	POLYKETIDES	streptoketide-a	data/natural_products/polyketides/streptoketide-a.yaml
naturalproductmech:mibig-93b93ea3fe	ALKALOIDS	borregomycin-b	data/natural_products/alkaloids/borregomycin-b.yaml
naturalproductmech:mibig-93cd602e65	ALKALOIDS	labradorin-2	data/natural_products/alkaloids/labradorin-2.yaml
naturalproductmech:mibig-93eec4abe8	POLYKETIDES	phosphocalyculin-a	data/natural_products/polyketides/phosphocalyculin-a.yaml
naturalproductmech:mibig-94110fd4f5	UNCLASSIFIED	fluvirucin-b2	data/natural_products/unclassified/fluvirucin-b2.yaml
naturalproductmech:mibig-94199b7261	AMINO_ACIDS_AND_PEPTIDES	kyamicin	data/natural_products/amino_acids_and_peptides/kyamicin.yaml
naturalproductmech:mibig-942dcb1c8b	POLYKETIDES	necroxime-a	data/natural_products/polyketides/necroxime-a.yaml
naturalproductmech:mibig-943f22380e	AMINO_ACIDS_AND_PEPTIDES	myxovalargin-a	data/natural_products/amino_acids_and_peptides/myxovalargin-a.yaml
naturalproductmech:mibig-945e9310be	AMINO_ACIDS_AND_PEPTIDES	trivanchrobactin	data/natural_products/amino_acids_and_peptides/trivanchrobactin.yaml
naturalproductmech:mibig-94762f8b7b	POLYKETIDES	niphimycin-i	data/natural_products/polyketides/niphimycin-i.yaml
naturalproductmech:mibig-9494ba9b7a	UNCLASSIFIED	pactamide-e	data/natural_products/unclassified/pactamide-e.yaml
naturalproductmech:mibig-94b4d71751	ALKALOIDS	borregomycin-d	data/natural_products/alkaloids/borregomycin-d.yaml
naturalproductmech:mibig-94bace90a5	POLYKETIDES	pentamycin-2	data/natural_products/polyketides/pentamycin-2.yaml
naturalproductmech:mibig-94cd08e7f8	POLYKETIDES	tartrolon-d-2	data/natural_products/polyketides/tartrolon-d-2.yaml
naturalproductmech:mibig-94cd12e49c	ALKALOIDS	pseudochelin-a	data/natural_products/alkaloids/pseudochelin-a.yaml
naturalproductmech:mibig-94d1374f4a	AMINO_ACIDS_AND_PEPTIDES	fabclavine-ib	data/natural_products/amino_acids_and_peptides/fabclavine-ib.yaml
naturalproductmech:mibig-94ddc97ad6	UNCLASSIFIED	dkxanthene-504	data/natural_products/unclassified/dkxanthene-504.yaml
naturalproductmech:mibig-95308e3c7c	POLYKETIDES	sf2575	data/natural_products/polyketides/sf2575.yaml
naturalproductmech:mibig-95669530cd	POLYKETIDES	usnic-acid	data/natural_products/polyketides/usnic-acid.yaml
naturalproductmech:mibig-95871863b6	FATTY_ACIDS	salinipostin-i	data/natural_products/fatty_acids/salinipostin-i.yaml
naturalproductmech:mibig-9597c978b5	AMINO_ACIDS_AND_PEPTIDES	ulleungdin	data/natural_products/amino_acids_and_peptides/ulleungdin.yaml
naturalproductmech:mibig-959cfc317a	AMINO_ACIDS_AND_PEPTIDES	microviridin-n7	data/natural_products/amino_acids_and_peptides/microviridin-n7.yaml
naturalproductmech:mibig-95a6bcd310	POLYKETIDES	angolamycin	data/natural_products/polyketides/angolamycin.yaml
naturalproductmech:mibig-95b8e4ade2	POLYKETIDES	spirangien-o	data/natural_products/polyketides/spirangien-o.yaml
naturalproductmech:mibig-95bd5cbf76	ALKALOIDS	5-acetyl-5-10-dihydrophenazine-1-carboxylic-acid	data/natural_products/alkaloids/5-acetyl-5-10-dihydrophenazine-1-carboxylic-acid.yaml
naturalproductmech:mibig-95c375019f	TERPENOIDS	fusarochromanone	data/natural_products/terpenoids/fusarochromanone.yaml
naturalproductmech:mibig-95e1d7bb84	UNCLASSIFIED	pyrroloformamide-a	data/natural_products/unclassified/pyrroloformamide-a.yaml
naturalproductmech:mibig-9606620456	UNCLASSIFIED	10-epi-xanthobaccin-c	data/natural_products/unclassified/10-epi-xanthobaccin-c.yaml
naturalproductmech:mibig-961d4744ba	POLYKETIDES	thioangucycline-a	data/natural_products/polyketides/thioangucycline-a.yaml
naturalproductmech:mibig-962ca9dde5	POLYKETIDES	catenulisporolide-b	data/natural_products/polyketides/catenulisporolide-b.yaml
naturalproductmech:mibig-96413e60aa	UNCLASSIFIED	dkxanthene	data/natural_products/unclassified/dkxanthene.yaml
naturalproductmech:mibig-967cb45404	UNCLASSIFIED	tmc-2a	data/natural_products/unclassified/tmc-2a.yaml
naturalproductmech:mibig-9695f42bf3	AMINO_ACIDS_AND_PEPTIDES	emerimicin-v	data/natural_products/amino_acids_and_peptides/emerimicin-v.yaml
naturalproductmech:mibig-96a3e0ef7d	UNCLASSIFIED	putisolvin-iii	data/natural_products/unclassified/putisolvin-iii.yaml
naturalproductmech:mibig-96b3df2d52	POLYKETIDES	meridamycin-2	data/natural_products/polyketides/meridamycin-2.yaml
naturalproductmech:mibig-96f04eb43c	UNCLASSIFIED	atpenin-b	data/natural_products/unclassified/atpenin-b.yaml
naturalproductmech:mibig-96f2bb1bcd	AMINO_ACIDS_AND_PEPTIDES	bottromycin-d	data/natural_products/amino_acids_and_peptides/bottromycin-d.yaml
naturalproductmech:mibig-96ff336a6a	POLYKETIDES	polyketomycin	data/natural_products/polyketides/polyketomycin.yaml
naturalproductmech:mibig-97178951c1	UNCLASSIFIED	oxepinamide-f	data/natural_products/unclassified/oxepinamide-f.yaml
naturalproductmech:mibig-9717ab5032	FATTY_ACIDS	bovienimide-a	data/natural_products/fatty_acids/bovienimide-a.yaml
naturalproductmech:mibig-9731285d87	POLYKETIDES	rishirilide-a	data/natural_products/polyketides/rishirilide-a.yaml
naturalproductmech:mibig-973a5e64e8	ALKALOIDS	guanitoxin	data/natural_products/alkaloids/guanitoxin.yaml
naturalproductmech:mibig-974978c55a	POLYKETIDES	secalonic-acid-b	data/natural_products/polyketides/secalonic-acid-b.yaml
naturalproductmech:mibig-9760d9ebef	CARBOHYDRATES	everninomicin-a	data/natural_products/carbohydrates/everninomicin-a.yaml
naturalproductmech:mibig-976b7306e7	POLYKETIDES	cryptosporioptide-b	data/natural_products/polyketides/cryptosporioptide-b.yaml
naturalproductmech:mibig-97792c7fb9	POLYKETIDES	thioangucycline-b	data/natural_products/polyketides/thioangucycline-b.yaml
naturalproductmech:mibig-977c60611f	AMINO_ACIDS_AND_PEPTIDES	staphylopine	data/natural_products/amino_acids_and_peptides/staphylopine.yaml
naturalproductmech:mibig-97990df03e	UNCLASSIFIED	verticillin	data/natural_products/unclassified/verticillin.yaml
naturalproductmech:mibig-97ae0794cf	ALKALOIDS	iodinin	data/natural_products/alkaloids/iodinin.yaml
naturalproductmech:mibig-97bda18ea1	AMINO_ACIDS_AND_PEPTIDES	biarylitide-yyh	data/natural_products/amino_acids_and_peptides/biarylitide-yyh.yaml
naturalproductmech:mibig-97d503f3c1	UNCLASSIFIED	divergolide-b	data/natural_products/unclassified/divergolide-b.yaml
naturalproductmech:mibig-980f877e20	POLYKETIDES	orinocin	data/natural_products/polyketides/orinocin.yaml
naturalproductmech:mibig-984713f8cb	UNCLASSIFIED	hangtaimycin	data/natural_products/unclassified/hangtaimycin.yaml
naturalproductmech:mibig-986328565f	AMINO_ACIDS_AND_PEPTIDES	detoxin-p3	data/natural_products/amino_acids_and_peptides/detoxin-p3.yaml
naturalproductmech:mibig-9898bb8a6a	ALKALOIDS	nanangelenin-b	data/natural_products/alkaloids/nanangelenin-b.yaml
naturalproductmech:mibig-98e03d0c22	UNCLASSIFIED	gibepyrone-d	data/natural_products/unclassified/gibepyrone-d.yaml
naturalproductmech:mibig-9900bb3859	POLYKETIDES	malleicyprol	data/natural_products/polyketides/malleicyprol.yaml
naturalproductmech:mibig-99085b9c8b	UNCLASSIFIED	myxochromide-a-2	data/natural_products/unclassified/myxochromide-a-2.yaml
naturalproductmech:mibig-99123891e3	ALKALOIDS	prodigiosin-r1	data/natural_products/alkaloids/prodigiosin-r1.yaml
naturalproductmech:mibig-9913db0837	AMINO_ACIDS_AND_PEPTIDES	muraymycin-c1	data/natural_products/amino_acids_and_peptides/muraymycin-c1.yaml
naturalproductmech:mibig-991d417f9b	AMINO_ACIDS_AND_PEPTIDES	microginin-721	data/natural_products/amino_acids_and_peptides/microginin-721.yaml
naturalproductmech:mibig-9963ca7389	AMINO_ACIDS_AND_PEPTIDES	limnothamide	data/natural_products/amino_acids_and_peptides/limnothamide.yaml
naturalproductmech:mibig-999e615425	UNCLASSIFIED	roquefortine-c	data/natural_products/unclassified/roquefortine-c.yaml
naturalproductmech:mibig-99b4b0ff1d	POLYKETIDES	oocydin-a	data/natural_products/polyketides/oocydin-a.yaml
naturalproductmech:mibig-99bfaba46c	AMINO_ACIDS_AND_PEPTIDES	clarexpoxcin-b	data/natural_products/amino_acids_and_peptides/clarexpoxcin-b.yaml
naturalproductmech:mibig-99cf50fc74	POLYKETIDES	rifamorpholine-c	data/natural_products/polyketides/rifamorpholine-c.yaml
naturalproductmech:mibig-99d2d2ed49	POLYKETIDES	venturicidin-a	data/natural_products/polyketides/venturicidin-a.yaml
naturalproductmech:mibig-99d596933e	POLYKETIDES	dihydrobisvertinolone	data/natural_products/polyketides/dihydrobisvertinolone.yaml
naturalproductmech:mibig-99e6028e7d	POLYKETIDES	21-methoxy-calyculinamide	data/natural_products/polyketides/21-methoxy-calyculinamide.yaml
naturalproductmech:mibig-9a50a54818	AMINO_ACIDS_AND_PEPTIDES	leucinostatin-b	data/natural_products/amino_acids_and_peptides/leucinostatin-b.yaml
naturalproductmech:mibig-9a5b28276d	CARBOHYDRATES	avilamycin-c	data/natural_products/carbohydrates/avilamycin-c.yaml
naturalproductmech:mibig-9a98e97f7e	UNCLASSIFIED	cremimycin	data/natural_products/unclassified/cremimycin.yaml
naturalproductmech:mibig-9a9e3a0cb4	POLYKETIDES	hexaricin-c	data/natural_products/polyketides/hexaricin-c.yaml
naturalproductmech:mibig-9aa382c5b9	POLYKETIDES	malleilactone	data/natural_products/polyketides/malleilactone.yaml
naturalproductmech:mibig-9aabe14e89	UNCLASSIFIED	kirromycin	data/natural_products/unclassified/kirromycin.yaml
naturalproductmech:mibig-9b040d7e03	TERPENOIDS	norbotrydialone-acetate	data/natural_products/terpenoids/norbotrydialone-acetate.yaml
naturalproductmech:mibig-9b51ff8630	UNCLASSIFIED	totopotensamide-b	data/natural_products/unclassified/totopotensamide-b.yaml
naturalproductmech:mibig-9b873ebd24	POLYKETIDES	nonyltyrazolone	data/natural_products/polyketides/nonyltyrazolone.yaml
naturalproductmech:mibig-9ba3682704	POLYKETIDES	vatiamide-b	data/natural_products/polyketides/vatiamide-b.yaml
naturalproductmech:mibig-9bf3a9e95b	ALKALOIDS	synechobactin-b	data/natural_products/alkaloids/synechobactin-b.yaml
naturalproductmech:mibig-9c07f9a429	SHIKIMATES_AND_PHENYLPROPANOIDS	dichlorodiaporthin	data/natural_products/shikimates_and_phenylpropanoids/dichlorodiaporthin.yaml
naturalproductmech:mibig-9c16ffae05	POLYKETIDES	xiamenmycin-a	data/natural_products/polyketides/xiamenmycin-a.yaml
naturalproductmech:mibig-9c1bac9fd5	POLYKETIDES	persiamycin-a	data/natural_products/polyketides/persiamycin-a.yaml
naturalproductmech:mibig-9c1beabea6	POLYKETIDES	6-palmityl-4-o-dihydrofarnesyl-2-methoxyhydroquinone	data/natural_products/polyketides/6-palmityl-4-o-dihydrofarnesyl-2-methoxyhydroquinone.yaml
naturalproductmech:mibig-9c2039ada4	AMINO_ACIDS_AND_PEPTIDES	tubulysin-d	data/natural_products/amino_acids_and_peptides/tubulysin-d.yaml
naturalproductmech:mibig-9c2ccf1612	AMINO_ACIDS_AND_PEPTIDES	chitinimide-g	data/natural_products/amino_acids_and_peptides/chitinimide-g.yaml
naturalproductmech:mibig-9c34d4011b	UNCLASSIFIED	cystobactamid-919-1	data/natural_products/unclassified/cystobactamid-919-1.yaml
naturalproductmech:mibig-9c39e79d9c	UNCLASSIFIED	fr900359	data/natural_products/unclassified/fr900359.yaml
naturalproductmech:mibig-9c4f216124	UNCLASSIFIED	totopotensamide-a	data/natural_products/unclassified/totopotensamide-a.yaml
naturalproductmech:mibig-9c55d75029	UNCLASSIFIED	dudomycin-a	data/natural_products/unclassified/dudomycin-a.yaml
naturalproductmech:mibig-9c96870911	UNCLASSIFIED	amipurimycin-2	data/natural_products/unclassified/amipurimycin-2.yaml
naturalproductmech:mibig-9ca881fcd0	POLYKETIDES	asukamycin	data/natural_products/polyketides/asukamycin.yaml
naturalproductmech:mibig-9ccf31bede	UNCLASSIFIED	woodybactin-c	data/natural_products/unclassified/woodybactin-c.yaml
naturalproductmech:mibig-9cd99885a0	UNCLASSIFIED	micropeptin-k139	data/natural_products/unclassified/micropeptin-k139.yaml
naturalproductmech:mibig-9ce10a9265	POLYKETIDES	lagunapyrone-c	data/natural_products/polyketides/lagunapyrone-c.yaml
naturalproductmech:mibig-9cf0806d70	AMINO_ACIDS_AND_PEPTIDES	peucechelin	data/natural_products/amino_acids_and_peptides/peucechelin.yaml
naturalproductmech:mibig-9cfbfa50cd	ALKALOIDS	4-e-annimycin	data/natural_products/alkaloids/4-e-annimycin.yaml
naturalproductmech:mibig-9d2ff106d8	UNCLASSIFIED	fr900359-2	data/natural_products/unclassified/fr900359-2.yaml
naturalproductmech:mibig-9d360a983b	TERPENOIDS	4-acetylnivalenol	data/natural_products/terpenoids/4-acetylnivalenol.yaml
naturalproductmech:mibig-9d3dfc0fa4	SHIKIMATES_AND_PHENYLPROPANOIDS	2-4-dibromo-6-2-4-dibromophenoxy-phenol	data/natural_products/shikimates_and_phenylpropanoids/2-4-dibromo-6-2-4-dibromophenoxy-phenol.yaml
naturalproductmech:mibig-9d6461095d	POLYKETIDES	compound-3-2	data/natural_products/polyketides/compound-3-2.yaml
naturalproductmech:mibig-9d68d30d50	POLYKETIDES	vatiamide-d	data/natural_products/polyketides/vatiamide-d.yaml
naturalproductmech:mibig-9d97b52fb7	UNCLASSIFIED	micacocidin	data/natural_products/unclassified/micacocidin.yaml
naturalproductmech:mibig-9dc1c51ea5	UNCLASSIFIED	colletorin-a	data/natural_products/unclassified/colletorin-a.yaml
naturalproductmech:mibig-9e0cffb06c	AMINO_ACIDS_AND_PEPTIDES	berninamycin-a	data/natural_products/amino_acids_and_peptides/berninamycin-a.yaml
naturalproductmech:mibig-9e24870ca8	POLYKETIDES	alpiniamide	data/natural_products/polyketides/alpiniamide.yaml
naturalproductmech:mibig-9e3bd2912f	AMINO_ACIDS_AND_PEPTIDES	cittilin-a	data/natural_products/amino_acids_and_peptides/cittilin-a.yaml
naturalproductmech:mibig-9e506d78a3	FATTY_ACIDS	salinipostin-h	data/natural_products/fatty_acids/salinipostin-h.yaml
naturalproductmech:mibig-9e66504844	POLYKETIDES	act-toxin-ii	data/natural_products/polyketides/act-toxin-ii.yaml
naturalproductmech:mibig-9e7780178e	AMINO_ACIDS_AND_PEPTIDES	dehydroxynocardamine	data/natural_products/amino_acids_and_peptides/dehydroxynocardamine.yaml
naturalproductmech:mibig-9e82bf2657	POLYKETIDES	galtamycin-c	data/natural_products/polyketides/galtamycin-c.yaml
naturalproductmech:mibig-9e9a51b0bf	POLYKETIDES	disorazol-a	data/natural_products/polyketides/disorazol-a.yaml
naturalproductmech:mibig-9ec2b0838e	UNCLASSIFIED	vacidobactin-b	data/natural_products/unclassified/vacidobactin-b.yaml
naturalproductmech:mibig-9ec6c64697	SHIKIMATES_AND_PHENYLPROPANOIDS	venemycin	data/natural_products/shikimates_and_phenylpropanoids/venemycin.yaml
naturalproductmech:mibig-9ecbc5f416	POLYKETIDES	uncialamycin	data/natural_products/polyketides/uncialamycin.yaml
naturalproductmech:mibig-9ee79bcb7c	POLYKETIDES	cercosporin	data/natural_products/polyketides/cercosporin.yaml
naturalproductmech:mibig-9f028b88eb	POLYKETIDES	xenolozoyenone	data/natural_products/polyketides/xenolozoyenone.yaml
naturalproductmech:mibig-9f05c51ff7	ALKALOIDS	heme-d1-2	data/natural_products/alkaloids/heme-d1-2.yaml
naturalproductmech:mibig-9f48ee3545	UNCLASSIFIED	cmc-thuggacin-b	data/natural_products/unclassified/cmc-thuggacin-b.yaml
naturalproductmech:mibig-9f52d61a3c	AMINO_ACIDS_AND_PEPTIDES	lentinulin-a	data/natural_products/amino_acids_and_peptides/lentinulin-a.yaml
naturalproductmech:mibig-9f5eef94e9	AMINO_ACIDS_AND_PEPTIDES	thiovarsolin-c	data/natural_products/amino_acids_and_peptides/thiovarsolin-c.yaml
naturalproductmech:mibig-9f87d809f6	UNCLASSIFIED	oxazolomycin	data/natural_products/unclassified/oxazolomycin.yaml
naturalproductmech:mibig-9f8b82d183	POLYKETIDES	reedsmycin-c	data/natural_products/polyketides/reedsmycin-c.yaml
naturalproductmech:mibig-9f978c0043	ALKALOIDS	xiamycin-a	data/natural_products/alkaloids/xiamycin-a.yaml
naturalproductmech:mibig-9f9cd8eed7	AMINO_ACIDS_AND_PEPTIDES	aeruginoside-126a	data/natural_products/amino_acids_and_peptides/aeruginoside-126a.yaml
naturalproductmech:mibig-9fae2cc0f2	ALKALOIDS	dehydrohistidyltryptophanyldiketopiperazine	data/natural_products/alkaloids/dehydrohistidyltryptophanyldiketopiperazine.yaml
naturalproductmech:mibig-9fd3fd0d57	ALKALOIDS	carquinostatin-a	data/natural_products/alkaloids/carquinostatin-a.yaml
naturalproductmech:mibig-9fd577c5ae	AMINO_ACIDS_AND_PEPTIDES	minutissamide-a	data/natural_products/amino_acids_and_peptides/minutissamide-a.yaml
naturalproductmech:mibig-9fdfea0f0d	AMINO_ACIDS_AND_PEPTIDES	clarexpoxcin-a	data/natural_products/amino_acids_and_peptides/clarexpoxcin-a.yaml
naturalproductmech:mibig-9ff63b44d1	POLYKETIDES	curacin-a-2	data/natural_products/polyketides/curacin-a-2.yaml
naturalproductmech:mibig-a023a53bf8	AMINO_ACIDS_AND_PEPTIDES	microginin-773	data/natural_products/amino_acids_and_peptides/microginin-773.yaml
naturalproductmech:mibig-a025d0f83c	UNCLASSIFIED	capsimycin	data/natural_products/unclassified/capsimycin.yaml
naturalproductmech:mibig-a033f9fea7	ALKALOIDS	ambiguine-a-isonitrile	data/natural_products/alkaloids/ambiguine-a-isonitrile.yaml
naturalproductmech:mibig-a0453972fa	UNCLASSIFIED	lydicamycin	data/natural_products/unclassified/lydicamycin.yaml
naturalproductmech:mibig-a06abb6616	POLYKETIDES	tan1532b	data/natural_products/polyketides/tan1532b.yaml
naturalproductmech:mibig-a073b33792	AMINO_ACIDS_AND_PEPTIDES	heinamide-a3	data/natural_products/amino_acids_and_peptides/heinamide-a3.yaml
naturalproductmech:mibig-a0963ff8e6	AMINO_ACIDS_AND_PEPTIDES	vicibactin	data/natural_products/amino_acids_and_peptides/vicibactin.yaml
naturalproductmech:mibig-a09b19da6a	AMINO_ACIDS_AND_PEPTIDES	clavam-2-carboxylate	data/natural_products/amino_acids_and_peptides/clavam-2-carboxylate.yaml
naturalproductmech:mibig-a0c17b3912	AMINO_ACIDS_AND_PEPTIDES	variochelin-a	data/natural_products/amino_acids_and_peptides/variochelin-a.yaml
naturalproductmech:mibig-a0eefae421	UNCLASSIFIED	10-epi-hsaf	data/natural_products/unclassified/10-epi-hsaf.yaml
naturalproductmech:mibig-a0f07855c9	AMINO_ACIDS_AND_PEPTIDES	sandarazol-f	data/natural_products/amino_acids_and_peptides/sandarazol-f.yaml
naturalproductmech:mibig-a103929a4e	UNCLASSIFIED	sinapigladioside	data/natural_products/unclassified/sinapigladioside.yaml
naturalproductmech:mibig-a127194140	ALKALOIDS	spiroindimicin-b	data/natural_products/alkaloids/spiroindimicin-b.yaml
naturalproductmech:mibig-a1391b5f90	UNCLASSIFIED	antimycin-a1b	data/natural_products/unclassified/antimycin-a1b.yaml
naturalproductmech:mibig-a152339a78	POLYKETIDES	cervinomycin-c4	data/natural_products/polyketides/cervinomycin-c4.yaml
naturalproductmech:mibig-a17c99054d	UNCLASSIFIED	penigainamide-a	data/natural_products/unclassified/penigainamide-a.yaml
naturalproductmech:mibig-a1a184a309	POLYKETIDES	monocillin-vii	data/natural_products/polyketides/monocillin-vii.yaml
naturalproductmech:mibig-a1b941cf4c	AMINO_ACIDS_AND_PEPTIDES	subtilin	data/natural_products/amino_acids_and_peptides/subtilin.yaml
naturalproductmech:mibig-a1c6942987	TERPENOIDS	botrydienal	data/natural_products/terpenoids/botrydienal.yaml
naturalproductmech:mibig-a1cdd931ac	AMINO_ACIDS_AND_PEPTIDES	microviridin-1688	data/natural_products/amino_acids_and_peptides/microviridin-1688.yaml
naturalproductmech:mibig-a1d6c29562	POLYKETIDES	hedamycin	data/natural_products/polyketides/hedamycin.yaml
naturalproductmech:mibig-a1f17e4264	AMINO_ACIDS_AND_PEPTIDES	incarnatapeptin-a	data/natural_products/amino_acids_and_peptides/incarnatapeptin-a.yaml
naturalproductmech:mibig-a20d67b08f	ALKALOIDS	anatoxin-a	data/natural_products/alkaloids/anatoxin-a.yaml
naturalproductmech:mibig-a2224c49d4	UNCLASSIFIED	salinamide-e	data/natural_products/unclassified/salinamide-e.yaml
naturalproductmech:mibig-a22ef75ad7	ALKALOIDS	griseoluteic-acid	data/natural_products/alkaloids/griseoluteic-acid.yaml
naturalproductmech:mibig-a2612403c2	UNCLASSIFIED	w493-a	data/natural_products/unclassified/w493-a.yaml
naturalproductmech:mibig-a266595001	POLYKETIDES	accramycin-a	data/natural_products/polyketides/accramycin-a.yaml
naturalproductmech:mibig-a27b1b488e	POLYKETIDES	dihydroisosporothric-acid	data/natural_products/polyketides/dihydroisosporothric-acid.yaml
naturalproductmech:mibig-a27f568cc1	UNCLASSIFIED	tolaasin-f	data/natural_products/unclassified/tolaasin-f.yaml
naturalproductmech:mibig-a2a55ace74	POLYKETIDES	abyssomicin-w	data/natural_products/polyketides/abyssomicin-w.yaml
naturalproductmech:mibig-a2b558b44b	ALKALOIDS	yatakemycin	data/natural_products/alkaloids/yatakemycin.yaml
naturalproductmech:mibig-a2b74a45ae	TERPENOIDS	8-9-epibotrydial	data/natural_products/terpenoids/8-9-epibotrydial.yaml
naturalproductmech:mibig-a2cd3daeea	CARBOHYDRATES	a-500359-a	data/natural_products/carbohydrates/a-500359-a.yaml
naturalproductmech:mibig-a2d0f9972a	POLYKETIDES	actinorhodin	data/natural_products/polyketides/actinorhodin.yaml
naturalproductmech:mibig-a2d8dd6abe	ALKALOIDS	tjipanazole-k	data/natural_products/alkaloids/tjipanazole-k.yaml
naturalproductmech:mibig-a3506f99f6	POLYKETIDES	mutaxanthene-a	data/natural_products/polyketides/mutaxanthene-a.yaml
naturalproductmech:mibig-a351f9f402	SHIKIMATES_AND_PHENYLPROPANOIDS	3-5-dibromo-2-2-4-dibromophenoxy-phenol	data/natural_products/shikimates_and_phenylpropanoids/3-5-dibromo-2-2-4-dibromophenoxy-phenol.yaml
naturalproductmech:mibig-a3569df257	TERPENOIDS	raimonol	data/natural_products/terpenoids/raimonol.yaml
naturalproductmech:mibig-a368c076b1	AMINO_ACIDS_AND_PEPTIDES	potashchelin-b	data/natural_products/amino_acids_and_peptides/potashchelin-b.yaml
naturalproductmech:mibig-a36913e102	POLYKETIDES	compound-4	data/natural_products/polyketides/compound-4.yaml
naturalproductmech:mibig-a36b57cc8e	AMINO_ACIDS_AND_PEPTIDES	kainic-acid	data/natural_products/amino_acids_and_peptides/kainic-acid.yaml
naturalproductmech:mibig-a3e8d76ca7	POLYKETIDES	desertomycin-b	data/natural_products/polyketides/desertomycin-b.yaml
naturalproductmech:mibig-a3fda55603	ALKALOIDS	microansamycin-i	data/natural_products/alkaloids/microansamycin-i.yaml
naturalproductmech:mibig-a469ae857b	UNCLASSIFIED	azaspirene	data/natural_products/unclassified/azaspirene.yaml
naturalproductmech:mibig-a46a52da5c	POLYKETIDES	palmerolide-h	data/natural_products/polyketides/palmerolide-h.yaml
naturalproductmech:mibig-a476c274a7	AMINO_ACIDS_AND_PEPTIDES	tabtoxin	data/natural_products/amino_acids_and_peptides/tabtoxin.yaml
naturalproductmech:mibig-a4b7a9cfbf	POLYKETIDES	pochonin-m	data/natural_products/polyketides/pochonin-m.yaml
naturalproductmech:mibig-a4fac30c3f	POLYKETIDES	fogacin	data/natural_products/polyketides/fogacin.yaml
naturalproductmech:mibig-a51c74b16d	AMINO_ACIDS_AND_PEPTIDES	ectoine	data/natural_products/amino_acids_and_peptides/ectoine.yaml
naturalproductmech:mibig-a5214a210b	UNCLASSIFIED	vioprolide-c	data/natural_products/unclassified/vioprolide-c.yaml
naturalproductmech:mibig-a562b76392	AMINO_ACIDS_AND_PEPTIDES	fabclavine-iia	data/natural_products/amino_acids_and_peptides/fabclavine-iia.yaml
naturalproductmech:mibig-a56e9434ac	POLYKETIDES	amphi-enterobactin-3	data/natural_products/polyketides/amphi-enterobactin-3.yaml
naturalproductmech:mibig-a58ee03ee4	ALKALOIDS	altemicidin	data/natural_products/alkaloids/altemicidin.yaml
naturalproductmech:mibig-a5f221f40e	POLYKETIDES	phorbactazole-e	data/natural_products/polyketides/phorbactazole-e.yaml
naturalproductmech:mibig-a6095244f7	AMINO_ACIDS_AND_PEPTIDES	xenotetrapeptide	data/natural_products/amino_acids_and_peptides/xenotetrapeptide.yaml
naturalproductmech:mibig-a6104a2a79	ALKALOIDS	fusaric-acid	data/natural_products/alkaloids/fusaric-acid.yaml
naturalproductmech:mibig-a6251036a6	UNCLASSIFIED	tetrathioclapurine	data/natural_products/unclassified/tetrathioclapurine.yaml
naturalproductmech:mibig-a62fcbc332	POLYKETIDES	10-11-dihydroxymagnaporthepyrone	data/natural_products/polyketides/10-11-dihydroxymagnaporthepyrone.yaml
naturalproductmech:mibig-a658a4145b	AMINO_ACIDS_AND_PEPTIDES	fuscachelin-b	data/natural_products/amino_acids_and_peptides/fuscachelin-b.yaml
naturalproductmech:mibig-a6646cb3e0	CARBOHYDRATES	oligosaccharide-4-glcn-1-4-glcnac-1-4-1-6-anhydro-glcnac	data/natural_products/carbohydrates/oligosaccharide-4-glcn-1-4-glcnac-1-4-1-6-anhydro-glcnac.yaml
naturalproductmech:mibig-a67b9d4402	ALKALOIDS	nybomycin	data/natural_products/alkaloids/nybomycin.yaml
naturalproductmech:mibig-a68485e2ae	FATTY_ACIDS	sporothric-acid	data/natural_products/fatty_acids/sporothric-acid.yaml
naturalproductmech:mibig-a687692d9d	ALKALOIDS	pzn9	data/natural_products/alkaloids/pzn9.yaml
naturalproductmech:mibig-a6b40bb7d7	POLYKETIDES	erdacin	data/natural_products/polyketides/erdacin.yaml
naturalproductmech:mibig-a6debb22b8	POLYKETIDES	lasiodiplodin	data/natural_products/polyketides/lasiodiplodin.yaml
naturalproductmech:mibig-a6ea09acba	AMINO_ACIDS_AND_PEPTIDES	albomycin-delta2	data/natural_products/amino_acids_and_peptides/albomycin-delta2.yaml
naturalproductmech:mibig-a7071a328f	CARBOHYDRATES	curamycin	data/natural_products/carbohydrates/curamycin.yaml
naturalproductmech:mibig-a7351d46f0	UNCLASSIFIED	myxovirescin-a1	data/natural_products/unclassified/myxovirescin-a1.yaml
naturalproductmech:mibig-a73dc5b7cc	UNCLASSIFIED	streptoketide-c	data/natural_products/unclassified/streptoketide-c.yaml
naturalproductmech:mibig-a75acad16f	TERPENOIDS	eutypinic-acid	data/natural_products/terpenoids/eutypinic-acid.yaml
naturalproductmech:mibig-a76cb10921	FATTY_ACIDS	vepe	data/natural_products/fatty_acids/vepe.yaml
naturalproductmech:mibig-a789b73142	FATTY_ACIDS	neocarzilin-a	data/natural_products/fatty_acids/neocarzilin-a.yaml
naturalproductmech:mibig-a791b2c671	ALKALOIDS	flavichalasine-f	data/natural_products/alkaloids/flavichalasine-f.yaml
naturalproductmech:mibig-a7a97dab7f	POLYKETIDES	aureothin	data/natural_products/polyketides/aureothin.yaml
naturalproductmech:mibig-a7ba65c377	TERPENOIDS	brasilicardin-a	data/natural_products/terpenoids/brasilicardin-a.yaml
naturalproductmech:mibig-a7c02b2a6d	AMINO_ACIDS_AND_PEPTIDES	fellutamide-b	data/natural_products/amino_acids_and_peptides/fellutamide-b.yaml
naturalproductmech:mibig-a7e88e8d70	POLYKETIDES	elsinochrome-c	data/natural_products/polyketides/elsinochrome-c.yaml
naturalproductmech:mibig-a7fe9cc4a2	TERPENOIDS	thioplatensimycin	data/natural_products/terpenoids/thioplatensimycin.yaml
naturalproductmech:mibig-a81cb28b5e	AMINO_ACIDS_AND_PEPTIDES	amphibactin-e	data/natural_products/amino_acids_and_peptides/amphibactin-e.yaml
naturalproductmech:mibig-a824a5c16b	UNCLASSIFIED	destruxin-a	data/natural_products/unclassified/destruxin-a.yaml
naturalproductmech:mibig-a83e5a3fde	UNCLASSIFIED	althiomycin	data/natural_products/unclassified/althiomycin.yaml
naturalproductmech:mibig-a84249a124	POLYKETIDES	palmerolide-f	data/natural_products/polyketides/palmerolide-f.yaml
naturalproductmech:mibig-a85f7a418a	AMINO_ACIDS_AND_PEPTIDES	leupeptin-b	data/natural_products/amino_acids_and_peptides/leupeptin-b.yaml
naturalproductmech:mibig-a8769a1bdc	POLYKETIDES	fluostatin-q	data/natural_products/polyketides/fluostatin-q.yaml
naturalproductmech:mibig-a87ca2aefb	AMINO_ACIDS_AND_PEPTIDES	michiganin-a	data/natural_products/amino_acids_and_peptides/michiganin-a.yaml
naturalproductmech:mibig-a896068bf1	AMINO_ACIDS_AND_PEPTIDES	4-hydroxykynurenine	data/natural_products/amino_acids_and_peptides/4-hydroxykynurenine.yaml
naturalproductmech:mibig-a8b1347a41	POLYKETIDES	apoptolidin	data/natural_products/polyketides/apoptolidin.yaml
naturalproductmech:mibig-a8d5740d05	UNCLASSIFIED	viscosinamide-a	data/natural_products/unclassified/viscosinamide-a.yaml
naturalproductmech:mibig-a8f61d50a9	POLYKETIDES	enacyloxin-iia	data/natural_products/polyketides/enacyloxin-iia.yaml
naturalproductmech:mibig-a915d3af4f	AMINO_ACIDS_AND_PEPTIDES	cyclosporin-c	data/natural_products/amino_acids_and_peptides/cyclosporin-c.yaml
naturalproductmech:mibig-a92564b3e5	POLYKETIDES	dumulmycin	data/natural_products/polyketides/dumulmycin.yaml
naturalproductmech:mibig-a9292e8846	UNCLASSIFIED	kk-1	data/natural_products/unclassified/kk-1.yaml
naturalproductmech:mibig-a931453c98	ALKALOIDS	agroclavine-i	data/natural_products/alkaloids/agroclavine-i.yaml
naturalproductmech:mibig-a949c5ff58	CARBOHYDRATES	acarviostatin-i03	data/natural_products/carbohydrates/acarviostatin-i03.yaml
naturalproductmech:mibig-a94a049c09	ALKALOIDS	argimycin-pii	data/natural_products/alkaloids/argimycin-pii.yaml
naturalproductmech:mibig-a94d32d8e6	ALKALOIDS	azodyrecin-c	data/natural_products/alkaloids/azodyrecin-c.yaml
naturalproductmech:mibig-a975571d47	ALKALOIDS	9-methylstreptimidone	data/natural_products/alkaloids/9-methylstreptimidone.yaml
naturalproductmech:mibig-a98745838a	POLYKETIDES	cryptosporioptide-c	data/natural_products/polyketides/cryptosporioptide-c.yaml
naturalproductmech:mibig-a9b484b3e1	UNCLASSIFIED	lactocin-s	data/natural_products/unclassified/lactocin-s.yaml
naturalproductmech:mibig-a9d003f4e4	TERPENOIDS	brasilane-f	data/natural_products/terpenoids/brasilane-f.yaml
naturalproductmech:mibig-a9df05d97f	UNCLASSIFIED	n-methylwelwitindolinone-c-isothiocyanate	data/natural_products/unclassified/n-methylwelwitindolinone-c-isothiocyanate.yaml
naturalproductmech:mibig-a9ea13f11f	AMINO_ACIDS_AND_PEPTIDES	emerimicin-viii	data/natural_products/amino_acids_and_peptides/emerimicin-viii.yaml
naturalproductmech:mibig-a9ec8e9cd5	UNCLASSIFIED	salinipeptin-d	data/natural_products/unclassified/salinipeptin-d.yaml
naturalproductmech:mibig-a9f74e9bb6	ALKALOIDS	bistribromopyrrole	data/natural_products/alkaloids/bistribromopyrrole.yaml
naturalproductmech:mibig-aa0393638b	UNCLASSIFIED	syringopeptin-25a	data/natural_products/unclassified/syringopeptin-25a.yaml
naturalproductmech:mibig-aa08bbbeb2	AMINO_ACIDS_AND_PEPTIDES	cyclomarin-d	data/natural_products/amino_acids_and_peptides/cyclomarin-d.yaml
naturalproductmech:mibig-aa267070b7	UNCLASSIFIED	salinipeptin-a	data/natural_products/unclassified/salinipeptin-a.yaml
naturalproductmech:mibig-aa26e4aa72	AMINO_ACIDS_AND_PEPTIDES	megapolibactin-c	data/natural_products/amino_acids_and_peptides/megapolibactin-c.yaml
naturalproductmech:mibig-aa81ffb2f4	POLYKETIDES	phenylnannolone-c	data/natural_products/polyketides/phenylnannolone-c.yaml
naturalproductmech:mibig-aaa3f63e83	FATTY_ACIDS	fr901464-2	data/natural_products/fatty_acids/fr901464-2.yaml
naturalproductmech:mibig-aaa481b62f	UNCLASSIFIED	variobactin-b	data/natural_products/unclassified/variobactin-b.yaml
naturalproductmech:mibig-aab6f1e00f	POLYKETIDES	mycemycin-b	data/natural_products/polyketides/mycemycin-b.yaml
naturalproductmech:mibig-aabd9fea32	POLYKETIDES	thailandamide-lactone	data/natural_products/polyketides/thailandamide-lactone.yaml
naturalproductmech:mibig-aac9eadf02	UNCLASSIFIED	divergolide-c	data/natural_products/unclassified/divergolide-c.yaml
naturalproductmech:mibig-aaebef4ad4	POLYKETIDES	uwm6	data/natural_products/polyketides/uwm6.yaml
naturalproductmech:mibig-ab04989a59	AMINO_ACIDS_AND_PEPTIDES	ge37468	data/natural_products/amino_acids_and_peptides/ge37468.yaml
naturalproductmech:mibig-ab1b520e80	POLYKETIDES	tetrahydrobisvertinolone	data/natural_products/polyketides/tetrahydrobisvertinolone.yaml
naturalproductmech:mibig-ab2d02b330	AMINO_ACIDS_AND_PEPTIDES	ws9326g	data/natural_products/amino_acids_and_peptides/ws9326g.yaml
naturalproductmech:mibig-ab4ad9e021	UNCLASSIFIED	ilamycin-c2	data/natural_products/unclassified/ilamycin-c2.yaml
naturalproductmech:mibig-ab5ddd856a	ALKALOIDS	cycloheximide	data/natural_products/alkaloids/cycloheximide.yaml
naturalproductmech:mibig-ab69cdf6e5	AMINO_ACIDS_AND_PEPTIDES	ferrichrome-2	data/natural_products/amino_acids_and_peptides/ferrichrome-2.yaml
naturalproductmech:mibig-ab8cd772e6	POLYKETIDES	abyssomicin-2	data/natural_products/polyketides/abyssomicin-2.yaml
naturalproductmech:mibig-aba18383fc	CARBOHYDRATES	a-503083-e	data/natural_products/carbohydrates/a-503083-e.yaml
naturalproductmech:mibig-abcb3d7c73	ALKALOIDS	dixiamycin-a	data/natural_products/alkaloids/dixiamycin-a.yaml
naturalproductmech:mibig-abcb52a0e3	POLYKETIDES	nystatin	data/natural_products/polyketides/nystatin.yaml
naturalproductmech:mibig-abd0ba8d4d	UNCLASSIFIED	sesquicillin-a	data/natural_products/unclassified/sesquicillin-a.yaml
naturalproductmech:mibig-abd1218f1d	POLYKETIDES	isofuranonaphthoquinone-c	data/natural_products/polyketides/isofuranonaphthoquinone-c.yaml
naturalproductmech:mibig-abdd388e7f	POLYKETIDES	notonesomycin-a	data/natural_products/polyketides/notonesomycin-a.yaml
naturalproductmech:mibig-abf68466fd	AMINO_ACIDS_AND_PEPTIDES	pseudovibriamide-a6	data/natural_products/amino_acids_and_peptides/pseudovibriamide-a6.yaml
naturalproductmech:mibig-ac32edbacd	CARBOHYDRATES	gentamicin	data/natural_products/carbohydrates/gentamicin.yaml
naturalproductmech:mibig-ac342ce038	SHIKIMATES_AND_PHENYLPROPANOIDS	ferroverdin	data/natural_products/shikimates_and_phenylpropanoids/ferroverdin.yaml
naturalproductmech:mibig-ac38a0f9d0	UNCLASSIFIED	bananamide-g	data/natural_products/unclassified/bananamide-g.yaml
naturalproductmech:mibig-ac46e1e3cf	AMINO_ACIDS_AND_PEPTIDES	fosfazinomycin-a	data/natural_products/amino_acids_and_peptides/fosfazinomycin-a.yaml
naturalproductmech:mibig-ac7717914d	ALKALOIDS	8-hydroxy-8-9-dihydrolactidomycin	data/natural_products/alkaloids/8-hydroxy-8-9-dihydrolactidomycin.yaml
naturalproductmech:mibig-acacd19a98	UNCLASSIFIED	colletochlorin-b	data/natural_products/unclassified/colletochlorin-b.yaml
naturalproductmech:mibig-acad162bd4	POLYKETIDES	isofuranonaphthoquinone-e	data/natural_products/polyketides/isofuranonaphthoquinone-e.yaml
naturalproductmech:mibig-acc775e1b7	TERPENOIDS	1-epibotrydial	data/natural_products/terpenoids/1-epibotrydial.yaml
naturalproductmech:mibig-acd01877b2	POLYKETIDES	baikalomycin-a	data/natural_products/polyketides/baikalomycin-a.yaml
naturalproductmech:mibig-acd6c6d6bd	UNCLASSIFIED	sandarazol-e	data/natural_products/unclassified/sandarazol-e.yaml
naturalproductmech:mibig-acd7751f53	UNCLASSIFIED	jamaicamide-c	data/natural_products/unclassified/jamaicamide-c.yaml
naturalproductmech:mibig-ace24a1c40	UNCLASSIFIED	miharamycin-a-2	data/natural_products/unclassified/miharamycin-a-2.yaml
naturalproductmech:mibig-acffdd16a2	POLYKETIDES	cercosporin-2	data/natural_products/polyketides/cercosporin-2.yaml
naturalproductmech:mibig-ad1c9140e3	POLYKETIDES	dactylocycline-a	data/natural_products/polyketides/dactylocycline-a.yaml
naturalproductmech:mibig-ad20087e2e	CARBOHYDRATES	butirosin	data/natural_products/carbohydrates/butirosin.yaml
naturalproductmech:mibig-ad23b710ca	FATTY_ACIDS	lipopolysaccharide	data/natural_products/fatty_acids/lipopolysaccharide.yaml
naturalproductmech:mibig-ad31da0bea	AMINO_ACIDS_AND_PEPTIDES	pyoverdine-sxm-1	data/natural_products/amino_acids_and_peptides/pyoverdine-sxm-1.yaml
naturalproductmech:mibig-ad74066c0e	ALKALOIDS	tjipanazole-i	data/natural_products/alkaloids/tjipanazole-i.yaml
naturalproductmech:mibig-ad77698de4	ALKALOIDS	lyngbyatoxin	data/natural_products/alkaloids/lyngbyatoxin.yaml
naturalproductmech:mibig-ad8eda13b4	TERPENOIDS	thaliandiol	data/natural_products/terpenoids/thaliandiol.yaml
naturalproductmech:mibig-ad9d9a75f6	POLYKETIDES	premetathramycin	data/natural_products/polyketides/premetathramycin.yaml
naturalproductmech:mibig-adb6bae236	FATTY_ACIDS	salinipostin-a	data/natural_products/fatty_acids/salinipostin-a.yaml
naturalproductmech:mibig-add392a87e	POLYKETIDES	rifamorpholine-e	data/natural_products/polyketides/rifamorpholine-e.yaml
naturalproductmech:mibig-ae13f148b8	AMINO_ACIDS_AND_PEPTIDES	pyreudione-d	data/natural_products/amino_acids_and_peptides/pyreudione-d.yaml
naturalproductmech:mibig-ae45d0c67b	TERPENOIDS	compound-7a	data/natural_products/terpenoids/compound-7a.yaml
naturalproductmech:mibig-ae52d985d2	AMINO_ACIDS_AND_PEPTIDES	pseudovibriamide-a3	data/natural_products/amino_acids_and_peptides/pseudovibriamide-a3.yaml
naturalproductmech:mibig-ae6def2c20	UNCLASSIFIED	incednine	data/natural_products/unclassified/incednine.yaml
naturalproductmech:mibig-ae73b1ed02	ALKALOIDS	limazepine-f	data/natural_products/alkaloids/limazepine-f.yaml
naturalproductmech:mibig-ae91ddd905	UNCLASSIFIED	dkxanthene-520	data/natural_products/unclassified/dkxanthene-520.yaml
naturalproductmech:mibig-ae9a2d70b9	AMINO_ACIDS_AND_PEPTIDES	emerimicin-ix	data/natural_products/amino_acids_and_peptides/emerimicin-ix.yaml
naturalproductmech:mibig-ae9aac4973	UNCLASSIFIED	xenematide	data/natural_products/unclassified/xenematide.yaml
naturalproductmech:mibig-aea5c131d1	POLYKETIDES	bartoloside-c	data/natural_products/polyketides/bartoloside-c.yaml
naturalproductmech:mibig-af0375092a	UNCLASSIFIED	abt1	data/natural_products/unclassified/abt1.yaml
naturalproductmech:mibig-af0fe473a9	UNCLASSIFIED	salinamide-c	data/natural_products/unclassified/salinamide-c.yaml
naturalproductmech:mibig-af3f2e942e	POLYKETIDES	tetronasin	data/natural_products/polyketides/tetronasin.yaml
naturalproductmech:mibig-af484efb6a	POLYKETIDES	decumbenone-a	data/natural_products/polyketides/decumbenone-a.yaml
naturalproductmech:mibig-af54e8c2ea	AMINO_ACIDS_AND_PEPTIDES	tasikamide-c	data/natural_products/amino_acids_and_peptides/tasikamide-c.yaml
naturalproductmech:mibig-af79f8ac64	POLYKETIDES	borrelidin	data/natural_products/polyketides/borrelidin.yaml
naturalproductmech:mibig-af88b24af3	POLYKETIDES	sorangicin-a	data/natural_products/polyketides/sorangicin-a.yaml
naturalproductmech:mibig-afa0e24c6a	AMINO_ACIDS_AND_PEPTIDES	scytocyclamide-a2	data/natural_products/amino_acids_and_peptides/scytocyclamide-a2.yaml
naturalproductmech:mibig-afac621429	POLYKETIDES	niphimycin-e	data/natural_products/polyketides/niphimycin-e.yaml
naturalproductmech:mibig-afaedc672d	POLYKETIDES	griseochelin	data/natural_products/polyketides/griseochelin.yaml
naturalproductmech:mibig-afd8113c1b	POLYKETIDES	rubrolone-a	data/natural_products/polyketides/rubrolone-a.yaml
naturalproductmech:mibig-afdd774b74	POLYKETIDES	f9775b	data/natural_products/polyketides/f9775b.yaml
naturalproductmech:mibig-afddccc369	POLYKETIDES	nosperin	data/natural_products/polyketides/nosperin.yaml
naturalproductmech:mibig-afe480396a	AMINO_ACIDS_AND_PEPTIDES	holrhizin-b	data/natural_products/amino_acids_and_peptides/holrhizin-b.yaml
naturalproductmech:mibig-affdf7bc04	POLYKETIDES	palmerolide-g	data/natural_products/polyketides/palmerolide-g.yaml
naturalproductmech:mibig-b00fad5faa	ALKALOIDS	baumannoferrin-b	data/natural_products/alkaloids/baumannoferrin-b.yaml
naturalproductmech:mibig-b011d8c36b	UNCLASSIFIED	metarhizin-a	data/natural_products/unclassified/metarhizin-a.yaml
naturalproductmech:mibig-b0171af937	ALKALOIDS	serratiochelin-a	data/natural_products/alkaloids/serratiochelin-a.yaml
naturalproductmech:mibig-b02fd2c7da	POLYKETIDES	prejadomycin	data/natural_products/polyketides/prejadomycin.yaml
naturalproductmech:mibig-b05b479164	ALKALOIDS	promysalin	data/natural_products/alkaloids/promysalin.yaml
naturalproductmech:mibig-b07b49b1e6	POLYKETIDES	lobophorin-a	data/natural_products/polyketides/lobophorin-a.yaml
naturalproductmech:mibig-b090cf542c	POLYKETIDES	reedsmycin-d	data/natural_products/polyketides/reedsmycin-d.yaml
naturalproductmech:mibig-b09a7acaf6	AMINO_ACIDS_AND_PEPTIDES	phaseolotoxin	data/natural_products/amino_acids_and_peptides/phaseolotoxin.yaml
naturalproductmech:mibig-b09cb5ee87	AMINO_ACIDS_AND_PEPTIDES	occidiofungin-a	data/natural_products/amino_acids_and_peptides/occidiofungin-a.yaml
naturalproductmech:mibig-b0f8d71e5b	ALKALOIDS	auriculamide	data/natural_products/alkaloids/auriculamide.yaml
naturalproductmech:mibig-b0fa349117	AMINO_ACIDS_AND_PEPTIDES	piricyclamide-7005e2	data/natural_products/amino_acids_and_peptides/piricyclamide-7005e2.yaml
naturalproductmech:mibig-b1027ab43e	ALKALOIDS	3r-5s-5-4-hydroxybenzyl-3-methyl-3-2e-4e-6e-8e-10e-4-8-10-trimethyldodeca-2-4-6-	data/natural_products/alkaloids/3r-5s-5-4-hydroxybenzyl-3-methyl-3-2e-4e-6e-8e-10e-4-8-10-trimethyldodeca-2-4-6-.yaml
naturalproductmech:mibig-b112d59f37	ALKALOIDS	marinopyrrole-d	data/natural_products/alkaloids/marinopyrrole-d.yaml
naturalproductmech:mibig-b113a8e29e	TERPENOIDS	betaestacin-i	data/natural_products/terpenoids/betaestacin-i.yaml
naturalproductmech:mibig-b11a321c7e	POLYKETIDES	isoharziphilone-2	data/natural_products/polyketides/isoharziphilone-2.yaml
naturalproductmech:mibig-b157811b4e	UNCLASSIFIED	mycobactin	data/natural_products/unclassified/mycobactin.yaml
naturalproductmech:mibig-b161920af1	POLYKETIDES	microansamycin-c	data/natural_products/polyketides/microansamycin-c.yaml
naturalproductmech:mibig-b1699f61fb	POLYKETIDES	rubrolone-b	data/natural_products/polyketides/rubrolone-b.yaml
naturalproductmech:mibig-b176425618	UNCLASSIFIED	salinamide-b	data/natural_products/unclassified/salinamide-b.yaml
naturalproductmech:mibig-b195ca0a3f	POLYKETIDES	fluostatin-k	data/natural_products/polyketides/fluostatin-k.yaml
naturalproductmech:mibig-b1cd1ad1ee	ALKALOIDS	myxofacycline-f	data/natural_products/alkaloids/myxofacycline-f.yaml
naturalproductmech:mibig-b1d38b6039	UNCLASSIFIED	terpendole-e	data/natural_products/unclassified/terpendole-e.yaml
naturalproductmech:mibig-b1e00d944b	AMINO_ACIDS_AND_PEPTIDES	malyngamide-i	data/natural_products/amino_acids_and_peptides/malyngamide-i.yaml
naturalproductmech:mibig-b239887553	CARBOHYDRATES	angustmycin-c	data/natural_products/carbohydrates/angustmycin-c.yaml
naturalproductmech:mibig-b24ac0edb9	ALKALOIDS	diastaphenazine	data/natural_products/alkaloids/diastaphenazine.yaml
naturalproductmech:mibig-b28de9ad1e	AMINO_ACIDS_AND_PEPTIDES	clavulanic-acid-2	data/natural_products/amino_acids_and_peptides/clavulanic-acid-2.yaml
naturalproductmech:mibig-b29233970f	POLYKETIDES	abyssomicin-c	data/natural_products/polyketides/abyssomicin-c.yaml
naturalproductmech:mibig-b2a445cb09	UNCLASSIFIED	frankobactin-b2	data/natural_products/unclassified/frankobactin-b2.yaml
naturalproductmech:mibig-b2ae90066f	UNCLASSIFIED	heronamide-b-2	data/natural_products/unclassified/heronamide-b-2.yaml
naturalproductmech:mibig-b2c08d31cb	UNCLASSIFIED	hapalosin-f	data/natural_products/unclassified/hapalosin-f.yaml
naturalproductmech:mibig-b2c1ef0d68	POLYKETIDES	dutomycin	data/natural_products/polyketides/dutomycin.yaml
naturalproductmech:mibig-b2d59bc0f8	CARBOHYDRATES	2-deoxystreptamine	data/natural_products/carbohydrates/2-deoxystreptamine.yaml
naturalproductmech:mibig-b2dece145a	UNCLASSIFIED	penitrem-f	data/natural_products/unclassified/penitrem-f.yaml
naturalproductmech:mibig-b2e8c6c655	ALKALOIDS	nocuolin-a	data/natural_products/alkaloids/nocuolin-a.yaml
naturalproductmech:mibig-b3104e0af7	ALKALOIDS	cyclizidine	data/natural_products/alkaloids/cyclizidine.yaml
naturalproductmech:mibig-b37b4ebb26	POLYKETIDES	linearmycin-b	data/natural_products/polyketides/linearmycin-b.yaml
naturalproductmech:mibig-b3fef840ed	POLYKETIDES	rubiginone-k	data/natural_products/polyketides/rubiginone-k.yaml
naturalproductmech:mibig-b47bfaa95c	ALKALOIDS	metacycloprodigiosin	data/natural_products/alkaloids/metacycloprodigiosin.yaml
naturalproductmech:mibig-b4ad51fa2f	SHIKIMATES_AND_PHENYLPROPANOIDS	4-hydroxy-3-prenylbenzoic-acid	data/natural_products/shikimates_and_phenylpropanoids/4-hydroxy-3-prenylbenzoic-acid.yaml
naturalproductmech:mibig-b4b01c78f9	UNCLASSIFIED	dkxanthene-508	data/natural_products/unclassified/dkxanthene-508.yaml
naturalproductmech:mibig-b4e35a3037	AMINO_ACIDS_AND_PEPTIDES	phosphoramidon	data/natural_products/amino_acids_and_peptides/phosphoramidon.yaml
naturalproductmech:mibig-b50a206368	UNCLASSIFIED	colletotrichin	data/natural_products/unclassified/colletotrichin.yaml
naturalproductmech:mibig-b510067695	UNCLASSIFIED	bananamide-2	data/natural_products/unclassified/bananamide-2.yaml
naturalproductmech:mibig-b51fde7813	ALKALOIDS	ambiguine-l-isonitrile	data/natural_products/alkaloids/ambiguine-l-isonitrile.yaml
naturalproductmech:mibig-b529fe76f7	UNCLASSIFIED	frederiksenibactin	data/natural_products/unclassified/frederiksenibactin.yaml
naturalproductmech:mibig-b546b14194	AMINO_ACIDS_AND_PEPTIDES	microbisporicin-a2	data/natural_products/amino_acids_and_peptides/microbisporicin-a2.yaml
naturalproductmech:mibig-b570f617de	TERPENOIDS	tiancilactone-a	data/natural_products/terpenoids/tiancilactone-a.yaml
naturalproductmech:mibig-b5ca742a5e	TERPENOIDS	dihydrobotrydial	data/natural_products/terpenoids/dihydrobotrydial.yaml
naturalproductmech:mibig-b5cd39c5ce	ALKALOIDS	synechobactin-a	data/natural_products/alkaloids/synechobactin-a.yaml
naturalproductmech:mibig-b5dd958b98	UNCLASSIFIED	ohmyungsamycin-a	data/natural_products/unclassified/ohmyungsamycin-a.yaml
naturalproductmech:mibig-b60072a678	POLYKETIDES	tetramycin-b	data/natural_products/polyketides/tetramycin-b.yaml
naturalproductmech:mibig-b64401e94d	POLYKETIDES	reveromycin-a	data/natural_products/polyketides/reveromycin-a.yaml
naturalproductmech:mibig-b66ae2776e	POLYKETIDES	rhodomycin	data/natural_products/polyketides/rhodomycin.yaml
naturalproductmech:mibig-b66c03e90b	AMINO_ACIDS_AND_PEPTIDES	microcystin-fr	data/natural_products/amino_acids_and_peptides/microcystin-fr.yaml
naturalproductmech:mibig-b671c8ae60	UNCLASSIFIED	taxlllaid-a	data/natural_products/unclassified/taxlllaid-a.yaml
naturalproductmech:mibig-b67cd12bee	POLYKETIDES	nocardiopsistin-a	data/natural_products/polyketides/nocardiopsistin-a.yaml
naturalproductmech:mibig-b67e742d2a	FATTY_ACIDS	clethramycin	data/natural_products/fatty_acids/clethramycin.yaml
naturalproductmech:mibig-b682360898	FATTY_ACIDS	zeamine-i	data/natural_products/fatty_acids/zeamine-i.yaml
naturalproductmech:mibig-b685570efa	ALKALOIDS	limazepine-c	data/natural_products/alkaloids/limazepine-c.yaml
naturalproductmech:mibig-b68e89ca68	UNCLASSIFIED	notoamide-f	data/natural_products/unclassified/notoamide-f.yaml
naturalproductmech:mibig-b697ac65fb	CARBOHYDRATES	gentamicin-2	data/natural_products/carbohydrates/gentamicin-2.yaml
naturalproductmech:mibig-b6a5238a20	AMINO_ACIDS_AND_PEPTIDES	heterobactin-s2	data/natural_products/amino_acids_and_peptides/heterobactin-s2.yaml
naturalproductmech:mibig-b6f11fae29	TERPENOIDS	6-isopalmityl-4-o-geranyl-2-methoxyhydroquinone	data/natural_products/terpenoids/6-isopalmityl-4-o-geranyl-2-methoxyhydroquinone.yaml
naturalproductmech:mibig-b77b372cbd	UNCLASSIFIED	10-epi-hydroxymaltophilin	data/natural_products/unclassified/10-epi-hydroxymaltophilin.yaml
naturalproductmech:mibig-b7882f52a2	POLYKETIDES	formicamycin-b	data/natural_products/polyketides/formicamycin-b.yaml
naturalproductmech:mibig-b7d0178c9c	AMINO_ACIDS_AND_PEPTIDES	pep5	data/natural_products/amino_acids_and_peptides/pep5.yaml
naturalproductmech:mibig-b7d597b9df	TERPENOIDS	2-hydroxysorangiadenosine	data/natural_products/terpenoids/2-hydroxysorangiadenosine.yaml
naturalproductmech:mibig-b7d861f3c0	AMINO_ACIDS_AND_PEPTIDES	pacidamycin-1	data/natural_products/amino_acids_and_peptides/pacidamycin-1.yaml
naturalproductmech:mibig-b7f6dfcc6b	AMINO_ACIDS_AND_PEPTIDES	paenilarvin-c	data/natural_products/amino_acids_and_peptides/paenilarvin-c.yaml
naturalproductmech:mibig-b7ffe60e94	UNCLASSIFIED	enteromycin	data/natural_products/unclassified/enteromycin.yaml
naturalproductmech:mibig-b8045a3033	POLYKETIDES	jbir-100	data/natural_products/polyketides/jbir-100.yaml
naturalproductmech:mibig-b80aecf6de	POLYKETIDES	amphotericin-b	data/natural_products/polyketides/amphotericin-b.yaml
naturalproductmech:mibig-b80b30b916	POLYKETIDES	corallopyronin	data/natural_products/polyketides/corallopyronin.yaml
naturalproductmech:mibig-b8185c2027	UNCLASSIFIED	shearinine-d	data/natural_products/unclassified/shearinine-d.yaml
naturalproductmech:mibig-b823ce784d	POLYKETIDES	chlorotonil-a	data/natural_products/polyketides/chlorotonil-a.yaml
naturalproductmech:mibig-b827f52d51	UNCLASSIFIED	lysobactin	data/natural_products/unclassified/lysobactin.yaml
naturalproductmech:mibig-b82ffc694c	POLYKETIDES	betaenone-b	data/natural_products/polyketides/betaenone-b.yaml
naturalproductmech:mibig-b86fecfc20	AMINO_ACIDS_AND_PEPTIDES	serinocyclin-a	data/natural_products/amino_acids_and_peptides/serinocyclin-a.yaml
naturalproductmech:mibig-b8a397b96a	UNCLASSIFIED	fusaristatin-a	data/natural_products/unclassified/fusaristatin-a.yaml
naturalproductmech:mibig-b8a604b836	AMINO_ACIDS_AND_PEPTIDES	capreomycin-iib	data/natural_products/amino_acids_and_peptides/capreomycin-iib.yaml
naturalproductmech:mibig-b8c1fd0fb6	POLYKETIDES	brasiliquinone-a	data/natural_products/polyketides/brasiliquinone-a.yaml
naturalproductmech:mibig-b91b3547c6	POLYKETIDES	bartoloside-h	data/natural_products/polyketides/bartoloside-h.yaml
naturalproductmech:mibig-b9286d993c	UNCLASSIFIED	roquefortine-d	data/natural_products/unclassified/roquefortine-d.yaml
naturalproductmech:mibig-b9324089ad	ALKALOIDS	myxochelin-a	data/natural_products/alkaloids/myxochelin-a.yaml
naturalproductmech:mibig-b95c81b56c	POLYKETIDES	lobatamide-a	data/natural_products/polyketides/lobatamide-a.yaml
naturalproductmech:mibig-b95e6a7fae	UNCLASSIFIED	bananamide-f	data/natural_products/unclassified/bananamide-f.yaml
naturalproductmech:mibig-b9854748a1	ALKALOIDS	paenilamicin	data/natural_products/alkaloids/paenilamicin.yaml
naturalproductmech:mibig-b995dcceb2	TERPENOIDS	cyatha-3-12-diene	data/natural_products/terpenoids/cyatha-3-12-diene.yaml
naturalproductmech:mibig-b99eff59ad	POLYKETIDES	fogacin-2	data/natural_products/polyketides/fogacin-2.yaml
naturalproductmech:mibig-b9a023f32b	SHIKIMATES_AND_PHENYLPROPANOIDS	echoside-b	data/natural_products/shikimates_and_phenylpropanoids/echoside-b.yaml
naturalproductmech:mibig-b9a7d2946a	POLYKETIDES	trinactin	data/natural_products/polyketides/trinactin.yaml
naturalproductmech:mibig-b9b0b11d0a	UNCLASSIFIED	terretonin	data/natural_products/unclassified/terretonin.yaml
naturalproductmech:mibig-b9d83612fb	AMINO_ACIDS_AND_PEPTIDES	frankobactin-a3	data/natural_products/amino_acids_and_peptides/frankobactin-a3.yaml
naturalproductmech:mibig-ba52e70d8e	AMINO_ACIDS_AND_PEPTIDES	frankobactin-c1	data/natural_products/amino_acids_and_peptides/frankobactin-c1.yaml
naturalproductmech:mibig-ba6b8d2e68	POLYKETIDES	tartrolon-f	data/natural_products/polyketides/tartrolon-f.yaml
naturalproductmech:mibig-ba6ee9b824	POLYKETIDES	lomaiviticin-d-2	data/natural_products/polyketides/lomaiviticin-d-2.yaml
naturalproductmech:mibig-ba7746512a	POLYKETIDES	microansamycin-e	data/natural_products/polyketides/microansamycin-e.yaml
naturalproductmech:mibig-bacca10352	ALKALOIDS	be-54017	data/natural_products/alkaloids/be-54017.yaml
naturalproductmech:mibig-bad5822c6e	AMINO_ACIDS_AND_PEPTIDES	kasumigamide	data/natural_products/amino_acids_and_peptides/kasumigamide.yaml
naturalproductmech:mibig-bad69249f0	POLYKETIDES	cytorhodin	data/natural_products/polyketides/cytorhodin.yaml
naturalproductmech:mibig-bae73df582	AMINO_ACIDS_AND_PEPTIDES	divanchrobactin	data/natural_products/amino_acids_and_peptides/divanchrobactin.yaml
naturalproductmech:mibig-bb1d7e8cf9	UNCLASSIFIED	frontalamide-b	data/natural_products/unclassified/frontalamide-b.yaml
naturalproductmech:mibig-bb2af4314c	AMINO_ACIDS_AND_PEPTIDES	serobactin-b	data/natural_products/amino_acids_and_peptides/serobactin-b.yaml
naturalproductmech:mibig-bb2d65b83b	FATTY_ACIDS	aepe	data/natural_products/fatty_acids/aepe.yaml
naturalproductmech:mibig-bb3abd88fc	POLYKETIDES	azalomycin-f3a	data/natural_products/polyketides/azalomycin-f3a.yaml
naturalproductmech:mibig-bb581c6679	ALKALOIDS	agrobactin	data/natural_products/alkaloids/agrobactin.yaml
naturalproductmech:mibig-bb64c05ac1	TERPENOIDS	3-decalonectrin	data/natural_products/terpenoids/3-decalonectrin.yaml
naturalproductmech:mibig-bb86611e1c	UNCLASSIFIED	dkxanthene-586	data/natural_products/unclassified/dkxanthene-586.yaml
naturalproductmech:mibig-bba7e7bd7d	CARBOHYDRATES	validamycin-a	data/natural_products/carbohydrates/validamycin-a.yaml
naturalproductmech:mibig-bbb6e5e923	UNCLASSIFIED	acidobactamide-c	data/natural_products/unclassified/acidobactamide-c.yaml
naturalproductmech:mibig-bbb6f44666	TERPENOIDS	11-hydroxydehydrobotrydienol	data/natural_products/terpenoids/11-hydroxydehydrobotrydienol.yaml
naturalproductmech:mibig-bbc51c6b2d	POLYKETIDES	actinospirol-b	data/natural_products/polyketides/actinospirol-b.yaml
naturalproductmech:mibig-bbf287182d	POLYKETIDES	nocamycin-v	data/natural_products/polyketides/nocamycin-v.yaml
naturalproductmech:mibig-bc01fa723a	POLYKETIDES	stambomycin-c	data/natural_products/polyketides/stambomycin-c.yaml
naturalproductmech:mibig-bc0da8b0f6	CARBOHYDRATES	desosamine-2	data/natural_products/carbohydrates/desosamine-2.yaml
naturalproductmech:mibig-bc49771bdc	ALKALOIDS	12-epi-fischerindole-i-isonitrile	data/natural_products/alkaloids/12-epi-fischerindole-i-isonitrile.yaml
naturalproductmech:mibig-bc4b9b2d61	UNCLASSIFIED	niizalactam-c	data/natural_products/unclassified/niizalactam-c.yaml
naturalproductmech:mibig-bc572fa775	TERPENOIDS	betaestacin-ii	data/natural_products/terpenoids/betaestacin-ii.yaml
naturalproductmech:mibig-bc59b5041c	POLYKETIDES	ansacarbamitocin	data/natural_products/polyketides/ansacarbamitocin.yaml
naturalproductmech:mibig-bc5aed5ce5	ALKALOIDS	guanipiperazine-a	data/natural_products/alkaloids/guanipiperazine-a.yaml
naturalproductmech:mibig-bc7520a9bc	UNCLASSIFIED	outovirin-c	data/natural_products/unclassified/outovirin-c.yaml
naturalproductmech:mibig-bc780dacd8	ALKALOIDS	fusatinic-acid	data/natural_products/alkaloids/fusatinic-acid.yaml
naturalproductmech:mibig-bc87d77ef8	ALKALOIDS	anthelvencin-c	data/natural_products/alkaloids/anthelvencin-c.yaml
naturalproductmech:mibig-bcd0443197	TERPENOIDS	marinoterpin-c	data/natural_products/terpenoids/marinoterpin-c.yaml
naturalproductmech:mibig-bce6aa73c6	UNCLASSIFIED	myxochromide-c	data/natural_products/unclassified/myxochromide-c.yaml
naturalproductmech:mibig-bd011a0625	UNCLASSIFIED	xanthomonadin-i	data/natural_products/unclassified/xanthomonadin-i.yaml
naturalproductmech:mibig-bd2711c5d2	AMINO_ACIDS_AND_PEPTIDES	detoxin-p2	data/natural_products/amino_acids_and_peptides/detoxin-p2.yaml
naturalproductmech:mibig-bd299ad730	UNCLASSIFIED	cda2a	data/natural_products/unclassified/cda2a.yaml
naturalproductmech:mibig-bd326a632f	POLYKETIDES	alchivemycin-a	data/natural_products/polyketides/alchivemycin-a.yaml
naturalproductmech:mibig-bd430ed997	AMINO_ACIDS_AND_PEPTIDES	longicatenamide-c	data/natural_products/amino_acids_and_peptides/longicatenamide-c.yaml
naturalproductmech:mibig-bd466d654c	AMINO_ACIDS_AND_PEPTIDES	epilancin-15x	data/natural_products/amino_acids_and_peptides/epilancin-15x.yaml
naturalproductmech:mibig-bd5ca8ca7f	UNCLASSIFIED	dkxanthene-530	data/natural_products/unclassified/dkxanthene-530.yaml
naturalproductmech:mibig-bd805feb0c	POLYKETIDES	bisorbicillinol	data/natural_products/polyketides/bisorbicillinol.yaml
naturalproductmech:mibig-bd984e3bce	POLYKETIDES	rubiginone-m	data/natural_products/polyketides/rubiginone-m.yaml
naturalproductmech:mibig-be04d6d547	UNCLASSIFIED	jagaricin	data/natural_products/unclassified/jagaricin.yaml
naturalproductmech:mibig-be1bb908b0	ALKALOIDS	fischerindole-l	data/natural_products/alkaloids/fischerindole-l.yaml
naturalproductmech:mibig-be278114c7	AMINO_ACIDS_AND_PEPTIDES	xenortide-c	data/natural_products/amino_acids_and_peptides/xenortide-c.yaml
naturalproductmech:mibig-be4adf1947	POLYKETIDES	flavoglaucin	data/natural_products/polyketides/flavoglaucin.yaml
naturalproductmech:mibig-be59e768e2	UNCLASSIFIED	ohmyungsamycin-b	data/natural_products/unclassified/ohmyungsamycin-b.yaml
naturalproductmech:mibig-be69fa086e	POLYKETIDES	fluostatin-n	data/natural_products/polyketides/fluostatin-n.yaml
naturalproductmech:mibig-be71a31d28	POLYKETIDES	antibiotic-hki-10311129	data/natural_products/polyketides/antibiotic-hki-10311129.yaml
naturalproductmech:mibig-be860177f5	AMINO_ACIDS_AND_PEPTIDES	2-hydroxymethylclavam	data/natural_products/amino_acids_and_peptides/2-hydroxymethylclavam.yaml
naturalproductmech:mibig-bf203b88d9	POLYKETIDES	shamixanthone	data/natural_products/polyketides/shamixanthone.yaml
naturalproductmech:mibig-bf4cb36361	UNCLASSIFIED	varicidin-a	data/natural_products/unclassified/varicidin-a.yaml
naturalproductmech:mibig-bf5595dbba	POLYKETIDES	dynemicin-a	data/natural_products/polyketides/dynemicin-a.yaml
naturalproductmech:mibig-bf7e940ee9	ALKALOIDS	dihydrolysergic-acid	data/natural_products/alkaloids/dihydrolysergic-acid.yaml
naturalproductmech:mibig-bfb8625ab0	POLYKETIDES	monocillin-vi	data/natural_products/polyketides/monocillin-vi.yaml
naturalproductmech:mibig-bfce66f157	POLYKETIDES	carbamidocyclophane-q	data/natural_products/polyketides/carbamidocyclophane-q.yaml
naturalproductmech:mibig-c026dae5e3	UNCLASSIFIED	be-43547b1	data/natural_products/unclassified/be-43547b1.yaml
naturalproductmech:mibig-c0604b5c68	POLYKETIDES	catenulisporolide-c	data/natural_products/polyketides/catenulisporolide-c.yaml
naturalproductmech:mibig-c08c967ca6	TERPENOIDS	hordetriene	data/natural_products/terpenoids/hordetriene.yaml
naturalproductmech:mibig-c08f88b2a4	UNCLASSIFIED	melinacidin-iv	data/natural_products/unclassified/melinacidin-iv.yaml
naturalproductmech:mibig-c097f8fa78	POLYKETIDES	citreoviridin	data/natural_products/polyketides/citreoviridin.yaml
naturalproductmech:mibig-c0a3e2367c	UNCLASSIFIED	bananamide-1	data/natural_products/unclassified/bananamide-1.yaml
naturalproductmech:mibig-c0aa4d560c	ALKALOIDS	serratiochelin-b	data/natural_products/alkaloids/serratiochelin-b.yaml
naturalproductmech:mibig-c0ab85fff9	ALKALOIDS	indimicin-e	data/natural_products/alkaloids/indimicin-e.yaml
naturalproductmech:mibig-c1000f6b5c	UNCLASSIFIED	myxochromide-d	data/natural_products/unclassified/myxochromide-d.yaml
naturalproductmech:mibig-c10619b615	AMINO_ACIDS_AND_PEPTIDES	precolibactin-1489	data/natural_products/amino_acids_and_peptides/precolibactin-1489.yaml
naturalproductmech:mibig-c10f92ea83	AMINO_ACIDS_AND_PEPTIDES	paenilarvin-a	data/natural_products/amino_acids_and_peptides/paenilarvin-a.yaml
naturalproductmech:mibig-c12262ec06	ALKALOIDS	diazaquinomycin-e	data/natural_products/alkaloids/diazaquinomycin-e.yaml
naturalproductmech:mibig-c1453e04d6	AMINO_ACIDS_AND_PEPTIDES	saalfelduracin	data/natural_products/amino_acids_and_peptides/saalfelduracin.yaml
naturalproductmech:mibig-c15e540a38	AMINO_ACIDS_AND_PEPTIDES	gaburedin-f	data/natural_products/amino_acids_and_peptides/gaburedin-f.yaml
naturalproductmech:mibig-c18b11c3e2	SHIKIMATES_AND_PHENYLPROPANOIDS	z-6-undecenyltyrazolone	data/natural_products/shikimates_and_phenylpropanoids/z-6-undecenyltyrazolone.yaml
naturalproductmech:mibig-c19b3883db	POLYKETIDES	pellasoren-b	data/natural_products/polyketides/pellasoren-b.yaml
naturalproductmech:mibig-c19e64c3c4	FATTY_ACIDS	stieleriacine-c	data/natural_products/fatty_acids/stieleriacine-c.yaml
naturalproductmech:mibig-c1b0b2a6f8	AMINO_ACIDS_AND_PEPTIDES	vibrioferrin-2	data/natural_products/amino_acids_and_peptides/vibrioferrin-2.yaml
naturalproductmech:mibig-c1b767cb30	POLYKETIDES	nystatin-like-pseudonocardia-polyene-a1	data/natural_products/polyketides/nystatin-like-pseudonocardia-polyene-a1.yaml
naturalproductmech:mibig-c1d464b7dd	UNCLASSIFIED	marformycin-f	data/natural_products/unclassified/marformycin-f.yaml
naturalproductmech:mibig-c1ebcd7dc0	UNCLASSIFIED	nordidemnin-b	data/natural_products/unclassified/nordidemnin-b.yaml
naturalproductmech:mibig-c2023da64a	UNCLASSIFIED	sgr-ptm-compound-d	data/natural_products/unclassified/sgr-ptm-compound-d.yaml
naturalproductmech:mibig-c2194a9950	AMINO_ACIDS_AND_PEPTIDES	scytocyclamide-c	data/natural_products/amino_acids_and_peptides/scytocyclamide-c.yaml
naturalproductmech:mibig-c25e1c1376	UNCLASSIFIED	thaxtomin-a	data/natural_products/unclassified/thaxtomin-a.yaml
naturalproductmech:mibig-c28826707b	ALKALOIDS	acurin-a	data/natural_products/alkaloids/acurin-a.yaml
naturalproductmech:mibig-c28cec818e	UNCLASSIFIED	n-methylwelwitinsolinone-c-isonitrile	data/natural_products/unclassified/n-methylwelwitinsolinone-c-isonitrile.yaml
naturalproductmech:mibig-c2939fde76	POLYKETIDES	k1115a	data/natural_products/polyketides/k1115a.yaml
naturalproductmech:mibig-c294fe65d2	POLYKETIDES	formicamycin-g	data/natural_products/polyketides/formicamycin-g.yaml
naturalproductmech:mibig-c2994d1d6a	UNCLASSIFIED	hancockiamide-a	data/natural_products/unclassified/hancockiamide-a.yaml
naturalproductmech:mibig-c2e4d35396	UNCLASSIFIED	myxochromide-s	data/natural_products/unclassified/myxochromide-s.yaml
naturalproductmech:mibig-c3017c1ae1	UNCLASSIFIED	salinipeptin-b	data/natural_products/unclassified/salinipeptin-b.yaml
naturalproductmech:mibig-c312b4992a	TERPENOIDS	brasilane-e	data/natural_products/terpenoids/brasilane-e.yaml
naturalproductmech:mibig-c33373024b	UNCLASSIFIED	didemnin-b	data/natural_products/unclassified/didemnin-b.yaml
naturalproductmech:mibig-c33fd38850	AMINO_ACIDS_AND_PEPTIDES	thiomuracin	data/natural_products/amino_acids_and_peptides/thiomuracin.yaml
naturalproductmech:mibig-c34861c65f	UNCLASSIFIED	largimycin-a2	data/natural_products/unclassified/largimycin-a2.yaml
naturalproductmech:mibig-c3a21dacb9	TERPENOIDS	isobrevione-e	data/natural_products/terpenoids/isobrevione-e.yaml
naturalproductmech:mibig-c3a853f63e	POLYKETIDES	aclacinomycin	data/natural_products/polyketides/aclacinomycin.yaml
naturalproductmech:mibig-c3bad40c03	POLYKETIDES	photopyrone-f	data/natural_products/polyketides/photopyrone-f.yaml
naturalproductmech:mibig-c3d24ab1b9	TERPENOIDS	sordaricin-b	data/natural_products/terpenoids/sordaricin-b.yaml
naturalproductmech:mibig-c3e1e7013a	POLYKETIDES	pyxipyrrolone-b	data/natural_products/polyketides/pyxipyrrolone-b.yaml
naturalproductmech:mibig-c3f0f2b7cd	AMINO_ACIDS_AND_PEPTIDES	scytocyclamide-b2	data/natural_products/amino_acids_and_peptides/scytocyclamide-b2.yaml
naturalproductmech:mibig-c41f174960	AMINO_ACIDS_AND_PEPTIDES	phomopsin-e	data/natural_products/amino_acids_and_peptides/phomopsin-e.yaml
naturalproductmech:mibig-c439953997	AMINO_ACIDS_AND_PEPTIDES	cebulantin	data/natural_products/amino_acids_and_peptides/cebulantin.yaml
naturalproductmech:mibig-c44315f3ee	ALKALOIDS	loonamycin-b	data/natural_products/alkaloids/loonamycin-b.yaml
naturalproductmech:mibig-c46ee854ae	TERPENOIDS	thalianin	data/natural_products/terpenoids/thalianin.yaml
naturalproductmech:mibig-c4912c165f	UNCLASSIFIED	merochlorin-d	data/natural_products/unclassified/merochlorin-d.yaml
naturalproductmech:mibig-c4bdc9614b	POLYKETIDES	scytalone	data/natural_products/polyketides/scytalone.yaml
naturalproductmech:mibig-c4beb24d4c	UNCLASSIFIED	heronamide-c	data/natural_products/unclassified/heronamide-c.yaml
naturalproductmech:mibig-c4c21fd3ce	SHIKIMATES_AND_PHENYLPROPANOIDS	sungeidine-d	data/natural_products/shikimates_and_phenylpropanoids/sungeidine-d.yaml
naturalproductmech:mibig-c4df22595b	AMINO_ACIDS_AND_PEPTIDES	detoxin-n3	data/natural_products/amino_acids_and_peptides/detoxin-n3.yaml
naturalproductmech:mibig-c50bccc3e6	UNCLASSIFIED	omnipeptin	data/natural_products/unclassified/omnipeptin.yaml
naturalproductmech:mibig-c5192fa31c	CARBOHYDRATES	gougerotin	data/natural_products/carbohydrates/gougerotin.yaml
naturalproductmech:mibig-c5266120f5	ALKALOIDS	diazepinomicin	data/natural_products/alkaloids/diazepinomicin.yaml
naturalproductmech:mibig-c535051064	POLYKETIDES	e-837	data/natural_products/polyketides/e-837.yaml
naturalproductmech:mibig-c53d1bae68	AMINO_ACIDS_AND_PEPTIDES	enterocin-a	data/natural_products/amino_acids_and_peptides/enterocin-a.yaml
naturalproductmech:mibig-c59166d3a8	UNCLASSIFIED	adametizine-a	data/natural_products/unclassified/adametizine-a.yaml
naturalproductmech:mibig-c5a4f915e6	POLYKETIDES	rimocidin	data/natural_products/polyketides/rimocidin.yaml
naturalproductmech:mibig-c5b0dfd429	POLYKETIDES	mutaxanthene-b	data/natural_products/polyketides/mutaxanthene-b.yaml
naturalproductmech:mibig-c5f07fd3b5	SHIKIMATES_AND_PHENYLPROPANOIDS	hydroxytropodithietic-acid	data/natural_products/shikimates_and_phenylpropanoids/hydroxytropodithietic-acid.yaml
naturalproductmech:mibig-c5f3fe1184	POLYKETIDES	phomopsin-a	data/natural_products/polyketides/phomopsin-a.yaml
naturalproductmech:mibig-c5fc5b7a2c	AMINO_ACIDS_AND_PEPTIDES	tubulysin-g	data/natural_products/amino_acids_and_peptides/tubulysin-g.yaml
naturalproductmech:mibig-c60386127d	POLYKETIDES	tacrolimus	data/natural_products/polyketides/tacrolimus.yaml
naturalproductmech:mibig-c6053a0231	UNCLASSIFIED	acidobactamide-a	data/natural_products/unclassified/acidobactamide-a.yaml
naturalproductmech:mibig-c6193018c4	UNCLASSIFIED	phomasetin	data/natural_products/unclassified/phomasetin.yaml
naturalproductmech:mibig-c63bce6e4e	TERPENOIDS	yossoside-ii	data/natural_products/terpenoids/yossoside-ii.yaml
naturalproductmech:mibig-c63f23e8db	AMINO_ACIDS_AND_PEPTIDES	patellamide-a	data/natural_products/amino_acids_and_peptides/patellamide-a.yaml
naturalproductmech:mibig-c643b6fc7b	POLYKETIDES	eco-02301	data/natural_products/polyketides/eco-02301.yaml
naturalproductmech:mibig-c649aefad0	AMINO_ACIDS_AND_PEPTIDES	ustiloxin-b	data/natural_products/amino_acids_and_peptides/ustiloxin-b.yaml
naturalproductmech:mibig-c680568c3f	AMINO_ACIDS_AND_PEPTIDES	deimino-antipain	data/natural_products/amino_acids_and_peptides/deimino-antipain.yaml
naturalproductmech:mibig-c68748ca1b	AMINO_ACIDS_AND_PEPTIDES	microcin-j25	data/natural_products/amino_acids_and_peptides/microcin-j25.yaml
naturalproductmech:mibig-c689686ae8	UNCLASSIFIED	marformycin-d	data/natural_products/unclassified/marformycin-d.yaml
naturalproductmech:mibig-c6933b88d3	AMINO_ACIDS_AND_PEPTIDES	nodularin-2	data/natural_products/amino_acids_and_peptides/nodularin-2.yaml
naturalproductmech:mibig-c696b121e1	FATTY_ACIDS	diketones	data/natural_products/fatty_acids/diketones.yaml
naturalproductmech:mibig-c6a799b838	POLYKETIDES	cervinomycin-c3	data/natural_products/polyketides/cervinomycin-c3.yaml
naturalproductmech:mibig-c6aaf7ad15	UNCLASSIFIED	tensin	data/natural_products/unclassified/tensin.yaml
naturalproductmech:mibig-c6bb277a1e	UNCLASSIFIED	vioprolide-b	data/natural_products/unclassified/vioprolide-b.yaml
naturalproductmech:mibig-c6c49a6c41	AMINO_ACIDS_AND_PEPTIDES	chitinimide-f	data/natural_products/amino_acids_and_peptides/chitinimide-f.yaml
naturalproductmech:mibig-c6c717ed6d	UNCLASSIFIED	pf-5-pyoverdine	data/natural_products/unclassified/pf-5-pyoverdine.yaml
naturalproductmech:mibig-c702c4be08	ALKALOIDS	staurosporine-2	data/natural_products/alkaloids/staurosporine-2.yaml
naturalproductmech:mibig-c71ae5ae7f	POLYKETIDES	atrop-abyssomicin-c	data/natural_products/polyketides/atrop-abyssomicin-c.yaml
naturalproductmech:mibig-c759e3c4ac	UNCLASSIFIED	empedopeptin	data/natural_products/unclassified/empedopeptin.yaml
naturalproductmech:mibig-c76c87a133	ALKALOIDS	phenaszentine-a	data/natural_products/alkaloids/phenaszentine-a.yaml
naturalproductmech:mibig-c772e91529	POLYKETIDES	sporandol	data/natural_products/polyketides/sporandol.yaml
naturalproductmech:mibig-c795583483	AMINO_ACIDS_AND_PEPTIDES	fabclavine-iib	data/natural_products/amino_acids_and_peptides/fabclavine-iib.yaml
naturalproductmech:mibig-c79c75d2cc	POLYKETIDES	gaudimycin-d	data/natural_products/polyketides/gaudimycin-d.yaml
naturalproductmech:mibig-c7ae5d3088	UNCLASSIFIED	kutzneride-2	data/natural_products/unclassified/kutzneride-2.yaml
naturalproductmech:mibig-c7bbb49a1e	AMINO_ACIDS_AND_PEPTIDES	syringolin-a-2	data/natural_products/amino_acids_and_peptides/syringolin-a-2.yaml
naturalproductmech:mibig-c7bdd5a501	AMINO_ACIDS_AND_PEPTIDES	divamide-a	data/natural_products/amino_acids_and_peptides/divamide-a.yaml
naturalproductmech:mibig-c7d4bf12f9	UNCLASSIFIED	epi-aszonalenin-a	data/natural_products/unclassified/epi-aszonalenin-a.yaml
naturalproductmech:mibig-c7ec0e8e9a	ALKALOIDS	corynecin-ii	data/natural_products/alkaloids/corynecin-ii.yaml
naturalproductmech:mibig-c80121ae79	FATTY_ACIDS	salinipostin-d	data/natural_products/fatty_acids/salinipostin-d.yaml
naturalproductmech:mibig-c8676f7158	UNCLASSIFIED	montanastatin	data/natural_products/unclassified/montanastatin.yaml
naturalproductmech:mibig-c8b2658652	AMINO_ACIDS_AND_PEPTIDES	capreomycin-ia	data/natural_products/amino_acids_and_peptides/capreomycin-ia.yaml
naturalproductmech:mibig-c8e312ec5c	POLYKETIDES	geodin	data/natural_products/polyketides/geodin.yaml
naturalproductmech:mibig-c8e78ca059	ALKALOIDS	coenzyme-f430	data/natural_products/alkaloids/coenzyme-f430.yaml
naturalproductmech:mibig-c8f2d5a80d	FATTY_ACIDS	salinipostin-g	data/natural_products/fatty_acids/salinipostin-g.yaml
naturalproductmech:mibig-c911f50e73	POLYKETIDES	epemicin-a	data/natural_products/polyketides/epemicin-a.yaml
naturalproductmech:mibig-c92b853965	TERPENOIDS	mk-8	data/natural_products/terpenoids/mk-8.yaml
naturalproductmech:mibig-c953214120	POLYKETIDES	shanorellin	data/natural_products/polyketides/shanorellin.yaml
naturalproductmech:mibig-c95b92b3f0	UNCLASSIFIED	desmamide-b	data/natural_products/unclassified/desmamide-b.yaml
naturalproductmech:mibig-c971dfd62f	POLYKETIDES	ustethylin-a	data/natural_products/polyketides/ustethylin-a.yaml
naturalproductmech:mibig-c9721b757b	TERPENOIDS	compound-6	data/natural_products/terpenoids/compound-6.yaml
naturalproductmech:mibig-c9928f3f0b	UNCLASSIFIED	cda1b	data/natural_products/unclassified/cda1b.yaml
naturalproductmech:mibig-c995bb8923	ALKALOIDS	17-hydroxy-8-desmethoxy-isomigrastatin	data/natural_products/alkaloids/17-hydroxy-8-desmethoxy-isomigrastatin.yaml
naturalproductmech:mibig-c99bb87915	AMINO_ACIDS_AND_PEPTIDES	hectoramide-b	data/natural_products/amino_acids_and_peptides/hectoramide-b.yaml
naturalproductmech:mibig-c9ab9f0b61	UNCLASSIFIED	cinnapeptin	data/natural_products/unclassified/cinnapeptin.yaml
naturalproductmech:mibig-c9b993f6e0	SHIKIMATES_AND_PHENYLPROPANOIDS	basiliskamide-a	data/natural_products/shikimates_and_phenylpropanoids/basiliskamide-a.yaml
naturalproductmech:mibig-c9defde21c	UNCLASSIFIED	colletochlorin-a	data/natural_products/unclassified/colletochlorin-a.yaml
naturalproductmech:mibig-c9fd8d519d	POLYKETIDES	sch-47555	data/natural_products/polyketides/sch-47555.yaml
naturalproductmech:mibig-ca0e23bdf5	ALKALOIDS	endophenazine-a1	data/natural_products/alkaloids/endophenazine-a1.yaml
naturalproductmech:mibig-ca2ce8b8bc	UNCLASSIFIED	aurantimycin-a	data/natural_products/unclassified/aurantimycin-a.yaml
naturalproductmech:mibig-ca41e2b941	UNCLASSIFIED	harzianopyridone	data/natural_products/unclassified/harzianopyridone.yaml
naturalproductmech:mibig-ca4e76680a	ALKALOIDS	legonmycin-a	data/natural_products/alkaloids/legonmycin-a.yaml
naturalproductmech:mibig-caaa6fb247	FATTY_ACIDS	salinipostin-k	data/natural_products/fatty_acids/salinipostin-k.yaml
naturalproductmech:mibig-cad744f6f6	TERPENOIDS	terpestacin	data/natural_products/terpenoids/terpestacin.yaml
naturalproductmech:mibig-cb19936a28	UNCLASSIFIED	be-43547a1-2	data/natural_products/unclassified/be-43547a1-2.yaml
naturalproductmech:mibig-cb4ddd98d8	TERPENOIDS	indosespene	data/natural_products/terpenoids/indosespene.yaml
naturalproductmech:mibig-cb6fe0db72	TERPENOIDS	10-oxodepressin	data/natural_products/terpenoids/10-oxodepressin.yaml
naturalproductmech:mibig-cb7206d090	POLYKETIDES	phorbactazole-b	data/natural_products/polyketides/phorbactazole-b.yaml
naturalproductmech:mibig-cb7f4ca845	POLYKETIDES	a83543a	data/natural_products/polyketides/a83543a.yaml
naturalproductmech:mibig-cb8924d754	FATTY_ACIDS	fuelimicin-c	data/natural_products/fatty_acids/fuelimicin-c.yaml
naturalproductmech:mibig-cb97dd2f5e	UNCLASSIFIED	fengycin	data/natural_products/unclassified/fengycin.yaml
naturalproductmech:mibig-cb9f939b3a	POLYKETIDES	dinactin	data/natural_products/polyketides/dinactin.yaml
naturalproductmech:mibig-cba8631520	POLYKETIDES	microansamycin-d	data/natural_products/polyketides/microansamycin-d.yaml
naturalproductmech:mibig-cbfe77e23d	CARBOHYDRATES	polyoxin-a	data/natural_products/carbohydrates/polyoxin-a.yaml
naturalproductmech:mibig-cc1c2270be	UNCLASSIFIED	nocardiopsin-c	data/natural_products/unclassified/nocardiopsin-c.yaml
naturalproductmech:mibig-cc541c54f7	POLYKETIDES	spectinabilin	data/natural_products/polyketides/spectinabilin.yaml
naturalproductmech:mibig-cc567b0f72	SHIKIMATES_AND_PHENYLPROPANOIDS	3-5-dibromo-p-anisic-acid	data/natural_products/shikimates_and_phenylpropanoids/3-5-dibromo-p-anisic-acid.yaml
naturalproductmech:mibig-cc7679c0dc	POLYKETIDES	palmerolide-d	data/natural_products/polyketides/palmerolide-d.yaml
naturalproductmech:mibig-cc86890db0	UNCLASSIFIED	penitrem-c	data/natural_products/unclassified/penitrem-c.yaml
naturalproductmech:mibig-cc950ea9d2	CARBOHYDRATES	tunicamycin	data/natural_products/carbohydrates/tunicamycin.yaml
naturalproductmech:mibig-ccb570399f	FATTY_ACIDS	ciml-b	data/natural_products/fatty_acids/ciml-b.yaml
naturalproductmech:mibig-ccb60942af	UNCLASSIFIED	youssoufene-b1	data/natural_products/unclassified/youssoufene-b1.yaml
naturalproductmech:mibig-ccbd048fd5	AMINO_ACIDS_AND_PEPTIDES	4-formylaminooxyvinylglycine	data/natural_products/amino_acids_and_peptides/4-formylaminooxyvinylglycine.yaml
naturalproductmech:mibig-cced40781c	AMINO_ACIDS_AND_PEPTIDES	imizoquin-a	data/natural_products/amino_acids_and_peptides/imizoquin-a.yaml
naturalproductmech:mibig-ccedac39eb	AMINO_ACIDS_AND_PEPTIDES	xenortide-a	data/natural_products/amino_acids_and_peptides/xenortide-a.yaml
naturalproductmech:mibig-ccff1c6644	POLYKETIDES	pseudopyronine-a	data/natural_products/polyketides/pseudopyronine-a.yaml
naturalproductmech:mibig-cd17ceef35	ALKALOIDS	legonindolizine-b	data/natural_products/alkaloids/legonindolizine-b.yaml
naturalproductmech:mibig-cd865363e4	POLYKETIDES	carbamidocyclophane-p	data/natural_products/polyketides/carbamidocyclophane-p.yaml
naturalproductmech:mibig-cd91f14897	POLYKETIDES	6-palmityl-4-o-geranyl-2-methoxyhydroquinone	data/natural_products/polyketides/6-palmityl-4-o-geranyl-2-methoxyhydroquinone.yaml
naturalproductmech:mibig-cd9b189a1b	UNCLASSIFIED	coprisamide-d	data/natural_products/unclassified/coprisamide-d.yaml
naturalproductmech:mibig-cd9c2557c9	POLYKETIDES	landomycin-a	data/natural_products/polyketides/landomycin-a.yaml
naturalproductmech:mibig-cde978dc90	UNCLASSIFIED	sw-163c	data/natural_products/unclassified/sw-163c.yaml
naturalproductmech:mibig-cdfd9a1bb6	POLYKETIDES	photopyrone-d	data/natural_products/polyketides/photopyrone-d.yaml
naturalproductmech:mibig-ce0cdb4ec7	AMINO_ACIDS_AND_PEPTIDES	jbir-95	data/natural_products/amino_acids_and_peptides/jbir-95.yaml
naturalproductmech:mibig-ce5962287c	UNCLASSIFIED	cyanopeptolin-1138	data/natural_products/unclassified/cyanopeptolin-1138.yaml
naturalproductmech:mibig-ce7e512fa9	UNCLASSIFIED	sungeidine-e	data/natural_products/unclassified/sungeidine-e.yaml
naturalproductmech:mibig-ce8421bbb9	TERPENOIDS	deschloro-merochlorin-a	data/natural_products/terpenoids/deschloro-merochlorin-a.yaml
naturalproductmech:mibig-ceb994dbf9	UNCLASSIFIED	nocardiopsin-a	data/natural_products/unclassified/nocardiopsin-a.yaml
naturalproductmech:mibig-ced0ce32ac	AMINO_ACIDS_AND_PEPTIDES	amychelin-a	data/natural_products/amino_acids_and_peptides/amychelin-a.yaml
naturalproductmech:mibig-ceef0c01d9	AMINO_ACIDS_AND_PEPTIDES	pneumocandin-a0	data/natural_products/amino_acids_and_peptides/pneumocandin-a0.yaml
naturalproductmech:mibig-cef94856cf	UNCLASSIFIED	hormaomycin-a5	data/natural_products/unclassified/hormaomycin-a5.yaml
naturalproductmech:mibig-cf2e4b3fa0	POLYKETIDES	kinanthraquinone	data/natural_products/polyketides/kinanthraquinone.yaml
naturalproductmech:mibig-cf5248036e	UNCLASSIFIED	youssoufene-b2	data/natural_products/unclassified/youssoufene-b2.yaml
naturalproductmech:mibig-cf52a15811	POLYKETIDES	neosartorin	data/natural_products/polyketides/neosartorin.yaml
naturalproductmech:mibig-cf747c2501	UNCLASSIFIED	beauverolide-ca	data/natural_products/unclassified/beauverolide-ca.yaml
naturalproductmech:mibig-cfb019a5cc	POLYKETIDES	griseusin-a	data/natural_products/polyketides/griseusin-a.yaml
naturalproductmech:mibig-cfc470b905	POLYKETIDES	trypacidin	data/natural_products/polyketides/trypacidin.yaml
naturalproductmech:mibig-cfc6d6c539	CARBOHYDRATES	everninomicin-f	data/natural_products/carbohydrates/everninomicin-f.yaml
naturalproductmech:mibig-cfd9387f26	ALKALOIDS	elymoclavine	data/natural_products/alkaloids/elymoclavine.yaml
naturalproductmech:mibig-cfe2b5c0a9	POLYKETIDES	flaviolin	data/natural_products/polyketides/flaviolin.yaml
naturalproductmech:mibig-cfff90f03a	POLYKETIDES	bartoloside-j	data/natural_products/polyketides/bartoloside-j.yaml
naturalproductmech:mibig-d010e4d4d2	AMINO_ACIDS_AND_PEPTIDES	gausemycin-b	data/natural_products/amino_acids_and_peptides/gausemycin-b.yaml
naturalproductmech:mibig-d02aa1e8bc	FATTY_ACIDS	caryoynencin	data/natural_products/fatty_acids/caryoynencin.yaml
naturalproductmech:mibig-d03621b0c2	POLYKETIDES	urdamycin	data/natural_products/polyketides/urdamycin.yaml
naturalproductmech:mibig-d03e49a6b5	ALKALOIDS	epi-fusarin-c	data/natural_products/alkaloids/epi-fusarin-c.yaml
naturalproductmech:mibig-d04eb4b91d	AMINO_ACIDS_AND_PEPTIDES	microginin-592	data/natural_products/amino_acids_and_peptides/microginin-592.yaml
naturalproductmech:mibig-d05330f284	ALKALOIDS	psychrophilin-d	data/natural_products/alkaloids/psychrophilin-d.yaml
naturalproductmech:mibig-d06d296045	UNCLASSIFIED	fusaricidin-b	data/natural_products/unclassified/fusaricidin-b.yaml
naturalproductmech:mibig-d08dfca09d	POLYKETIDES	carbamidocyclophane-h	data/natural_products/polyketides/carbamidocyclophane-h.yaml
naturalproductmech:mibig-d09a3c53f5	AMINO_ACIDS_AND_PEPTIDES	syringafactin-e	data/natural_products/amino_acids_and_peptides/syringafactin-e.yaml
naturalproductmech:mibig-d0d101ca00	UNCLASSIFIED	vacidobactin-a	data/natural_products/unclassified/vacidobactin-a.yaml
naturalproductmech:mibig-d0df8b2eb6	AMINO_ACIDS_AND_PEPTIDES	tubulysin-e	data/natural_products/amino_acids_and_peptides/tubulysin-e.yaml
naturalproductmech:mibig-d10ca42cd2	POLYKETIDES	carbamidocyclophane-c	data/natural_products/polyketides/carbamidocyclophane-c.yaml
naturalproductmech:mibig-d1130bb242	UNCLASSIFIED	keanumycin-b	data/natural_products/unclassified/keanumycin-b.yaml
naturalproductmech:mibig-d11725293e	TERPENOIDS	zealexin-c2	data/natural_products/terpenoids/zealexin-c2.yaml
naturalproductmech:mibig-d1201f1a6f	FATTY_ACIDS	allylmalonyl-coa	data/natural_products/fatty_acids/allylmalonyl-coa.yaml
naturalproductmech:mibig-d12215ceb7	POLYKETIDES	brasilinolide-a	data/natural_products/polyketides/brasilinolide-a.yaml
naturalproductmech:mibig-d12ec6b765	POLYKETIDES	sorangipyranone	data/natural_products/polyketides/sorangipyranone.yaml
naturalproductmech:mibig-d13d933374	UNCLASSIFIED	psymberin	data/natural_products/unclassified/psymberin.yaml
naturalproductmech:mibig-d1433aa52c	AMINO_ACIDS_AND_PEPTIDES	megapolibactin-b	data/natural_products/amino_acids_and_peptides/megapolibactin-b.yaml
naturalproductmech:mibig-d1a3fb9e98	ALKALOIDS	marineosin-b	data/natural_products/alkaloids/marineosin-b.yaml
naturalproductmech:mibig-d1c3064ecf	SHIKIMATES_AND_PHENYLPROPANOIDS	colletorin-d-acid	data/natural_products/shikimates_and_phenylpropanoids/colletorin-d-acid.yaml
naturalproductmech:mibig-d1c345002d	UNCLASSIFIED	7-carboxyn-geranyl-l-glutamic-acid	data/natural_products/unclassified/7-carboxyn-geranyl-l-glutamic-acid.yaml
naturalproductmech:mibig-d1d51f8146	AMINO_ACIDS_AND_PEPTIDES	landornamide-a	data/natural_products/amino_acids_and_peptides/landornamide-a.yaml
naturalproductmech:mibig-d1d607809e	POLYKETIDES	ripostatin-a	data/natural_products/polyketides/ripostatin-a.yaml
naturalproductmech:mibig-d1d9372bee	ALKALOIDS	myxochelin-o	data/natural_products/alkaloids/myxochelin-o.yaml
naturalproductmech:mibig-d1e124282e	UNCLASSIFIED	marformycin-c	data/natural_products/unclassified/marformycin-c.yaml
naturalproductmech:mibig-d217071bcc	ALKALOIDS	pseudomonine	data/natural_products/alkaloids/pseudomonine.yaml
naturalproductmech:mibig-d222796a58	AMINO_ACIDS_AND_PEPTIDES	belactosin-a	data/natural_products/amino_acids_and_peptides/belactosin-a.yaml
naturalproductmech:mibig-d2419a0195	ALKALOIDS	lucilactaene	data/natural_products/alkaloids/lucilactaene.yaml
naturalproductmech:mibig-d27e665e64	AMINO_ACIDS_AND_PEPTIDES	sch-18640	data/natural_products/amino_acids_and_peptides/sch-18640.yaml
naturalproductmech:mibig-d2ca33b304	ALKALOIDS	closoxazole-a	data/natural_products/alkaloids/closoxazole-a.yaml
naturalproductmech:mibig-d2d8b171d5	ALKALOIDS	welwitindolinone-c-isothiocyanate	data/natural_products/alkaloids/welwitindolinone-c-isothiocyanate.yaml
naturalproductmech:mibig-d2de60ddae	ALKALOIDS	psychrophilin-g	data/natural_products/alkaloids/psychrophilin-g.yaml
naturalproductmech:mibig-d2f2523cbc	UNCLASSIFIED	heronamide-a	data/natural_products/unclassified/heronamide-a.yaml
naturalproductmech:mibig-d31a1666d8	AMINO_ACIDS_AND_PEPTIDES	frankobactin-b1	data/natural_products/amino_acids_and_peptides/frankobactin-b1.yaml
naturalproductmech:mibig-d33eb5850b	UNCLASSIFIED	burnettramic-acid-a	data/natural_products/unclassified/burnettramic-acid-a.yaml
naturalproductmech:mibig-d34d870776	UNCLASSIFIED	lysocin-e	data/natural_products/unclassified/lysocin-e.yaml
naturalproductmech:mibig-d3593ba874	POLYKETIDES	fd-594	data/natural_products/polyketides/fd-594.yaml
naturalproductmech:mibig-d360972d53	AMINO_ACIDS_AND_PEPTIDES	longicatenamide-d	data/natural_products/amino_acids_and_peptides/longicatenamide-d.yaml
naturalproductmech:mibig-d366cc7600	ALKALOIDS	pzn10	data/natural_products/alkaloids/pzn10.yaml
naturalproductmech:mibig-d3697038b8	UNCLASSIFIED	friulimicin-c	data/natural_products/unclassified/friulimicin-c.yaml
naturalproductmech:mibig-d37598ecc7	POLYKETIDES	fredericamycin-a	data/natural_products/polyketides/fredericamycin-a.yaml
naturalproductmech:mibig-d37942178a	UNCLASSIFIED	malleobactin-c	data/natural_products/unclassified/malleobactin-c.yaml
naturalproductmech:mibig-d37b0c2eed	UNCLASSIFIED	sw-163f	data/natural_products/unclassified/sw-163f.yaml
naturalproductmech:mibig-d37d06bc8a	AMINO_ACIDS_AND_PEPTIDES	anabaenopeptin	data/natural_products/amino_acids_and_peptides/anabaenopeptin.yaml
naturalproductmech:mibig-d3898111df	POLYKETIDES	sungeidine-f	data/natural_products/polyketides/sungeidine-f.yaml
naturalproductmech:mibig-d39279496b	AMINO_ACIDS_AND_PEPTIDES	piricyclamide-7005e4	data/natural_products/amino_acids_and_peptides/piricyclamide-7005e4.yaml
naturalproductmech:mibig-d3aaf5befd	POLYKETIDES	abyssomicin-x	data/natural_products/polyketides/abyssomicin-x.yaml
naturalproductmech:mibig-d3f6bef270	UNCLASSIFIED	q6402a	data/natural_products/unclassified/q6402a.yaml
naturalproductmech:mibig-d40497e28e	AMINO_ACIDS_AND_PEPTIDES	epichloenin-a	data/natural_products/amino_acids_and_peptides/epichloenin-a.yaml
naturalproductmech:mibig-d424534c9b	AMINO_ACIDS_AND_PEPTIDES	klebsidin	data/natural_products/amino_acids_and_peptides/klebsidin.yaml
naturalproductmech:mibig-d4379ab45b	SHIKIMATES_AND_PHENYLPROPANOIDS	cathomycin	data/natural_products/shikimates_and_phenylpropanoids/cathomycin.yaml
naturalproductmech:mibig-d43cae12e4	UNCLASSIFIED	oxepinamide-d	data/natural_products/unclassified/oxepinamide-d.yaml
naturalproductmech:mibig-d45a8bbc3f	POLYKETIDES	neosartoricin-b	data/natural_products/polyketides/neosartoricin-b.yaml
naturalproductmech:mibig-d467c71634	POLYKETIDES	sorbicillin	data/natural_products/polyketides/sorbicillin.yaml
naturalproductmech:mibig-d46da6eaa2	POLYKETIDES	nargenicin-a1-2	data/natural_products/polyketides/nargenicin-a1-2.yaml
naturalproductmech:mibig-d476afc499	POLYKETIDES	c-1027-2	data/natural_products/polyketides/c-1027-2.yaml
naturalproductmech:mibig-d48eb9f379	TERPENOIDS	11-hydroxy-hordetriene	data/natural_products/terpenoids/11-hydroxy-hordetriene.yaml
naturalproductmech:mibig-d4920f88ae	AMINO_ACIDS_AND_PEPTIDES	sapb	data/natural_products/amino_acids_and_peptides/sapb.yaml
naturalproductmech:mibig-d49377c1db	AMINO_ACIDS_AND_PEPTIDES	nisin-a	data/natural_products/amino_acids_and_peptides/nisin-a.yaml
naturalproductmech:mibig-d496b2b225	CARBOHYDRATES	paulomycin	data/natural_products/carbohydrates/paulomycin.yaml
naturalproductmech:mibig-d4998c3d5b	UNCLASSIFIED	daptomycin	data/natural_products/unclassified/daptomycin.yaml
naturalproductmech:mibig-d4a6687eb8	POLYKETIDES	medermycin	data/natural_products/polyketides/medermycin.yaml
naturalproductmech:mibig-d4aeaffb14	AMINO_ACIDS_AND_PEPTIDES	glycinocin-a	data/natural_products/amino_acids_and_peptides/glycinocin-a.yaml
naturalproductmech:mibig-d4af9d6043	POLYKETIDES	megalomicin-b	data/natural_products/polyketides/megalomicin-b.yaml
naturalproductmech:mibig-d4bee283c5	UNCLASSIFIED	cyanopeptolin	data/natural_products/unclassified/cyanopeptolin.yaml
naturalproductmech:mibig-d4c2d69c3b	TERPENOIDS	asperaculane-b	data/natural_products/terpenoids/asperaculane-b.yaml
naturalproductmech:mibig-d52498fddc	UNCLASSIFIED	ecumicin	data/natural_products/unclassified/ecumicin.yaml
naturalproductmech:mibig-d52b02112f	ALKALOIDS	aurachin-ss	data/natural_products/alkaloids/aurachin-ss.yaml
naturalproductmech:mibig-d53de89521	UNCLASSIFIED	akml-b	data/natural_products/unclassified/akml-b.yaml
naturalproductmech:mibig-d567f1a1cd	TERPENOIDS	botryenalol	data/natural_products/terpenoids/botryenalol.yaml
naturalproductmech:mibig-d56a84261d	ALKALOIDS	neocarazostatin-a	data/natural_products/alkaloids/neocarazostatin-a.yaml
naturalproductmech:mibig-d59449220f	ALKALOIDS	stams-9i	data/natural_products/alkaloids/stams-9i.yaml
naturalproductmech:mibig-d5b13fe163	AMINO_ACIDS_AND_PEPTIDES	micrococcin-p1	data/natural_products/amino_acids_and_peptides/micrococcin-p1.yaml
naturalproductmech:mibig-d5b35f9018	AMINO_ACIDS_AND_PEPTIDES	mureidomycin-a	data/natural_products/amino_acids_and_peptides/mureidomycin-a.yaml
naturalproductmech:mibig-d5b7be71be	POLYKETIDES	ochromycinone	data/natural_products/polyketides/ochromycinone.yaml
naturalproductmech:mibig-d5bf3767ca	SHIKIMATES_AND_PHENYLPROPANOIDS	phenguignardic-acid	data/natural_products/shikimates_and_phenylpropanoids/phenguignardic-acid.yaml
naturalproductmech:mibig-d5dd71a560	POLYKETIDES	pestalotiollide-b	data/natural_products/polyketides/pestalotiollide-b.yaml
naturalproductmech:mibig-d60663f9e6	AMINO_ACIDS_AND_PEPTIDES	anabaenopeptin-915	data/natural_products/amino_acids_and_peptides/anabaenopeptin-915.yaml
naturalproductmech:mibig-d63ea0cd05	UNCLASSIFIED	kutzneride-3	data/natural_products/unclassified/kutzneride-3.yaml
naturalproductmech:mibig-d648be3c41	AMINO_ACIDS_AND_PEPTIDES	teicoplanin	data/natural_products/amino_acids_and_peptides/teicoplanin.yaml
naturalproductmech:mibig-d6630eb8d0	ALKALOIDS	sesbanimide-c	data/natural_products/alkaloids/sesbanimide-c.yaml
naturalproductmech:mibig-d666997649	AMINO_ACIDS_AND_PEPTIDES	virginiafactin-c	data/natural_products/amino_acids_and_peptides/virginiafactin-c.yaml
naturalproductmech:mibig-d67ae9492a	POLYKETIDES	pyranoviolin-a	data/natural_products/polyketides/pyranoviolin-a.yaml
naturalproductmech:mibig-d67af7736c	ALKALOIDS	pyrrolomycin-c	data/natural_products/alkaloids/pyrrolomycin-c.yaml
naturalproductmech:mibig-d68c6a20e6	POLYKETIDES	swinholide-a	data/natural_products/polyketides/swinholide-a.yaml
naturalproductmech:mibig-d69047ca64	UNCLASSIFIED	sgr-ptm-compound-c	data/natural_products/unclassified/sgr-ptm-compound-c.yaml
naturalproductmech:mibig-d6bb809994	ALKALOIDS	diazaquinomycin-h	data/natural_products/alkaloids/diazaquinomycin-h.yaml
naturalproductmech:mibig-d6c087fdc3	UNCLASSIFIED	basiliskamide-b	data/natural_products/unclassified/basiliskamide-b.yaml
naturalproductmech:mibig-d6c7fe6812	POLYKETIDES	fluostatin-g-h	data/natural_products/polyketides/fluostatin-g-h.yaml
naturalproductmech:mibig-d6e0889b31	POLYKETIDES	chaxamycin-c	data/natural_products/polyketides/chaxamycin-c.yaml
naturalproductmech:mibig-d7152699ce	UNCLASSIFIED	eupenifeldin	data/natural_products/unclassified/eupenifeldin.yaml
naturalproductmech:mibig-d717cc8774	AMINO_ACIDS_AND_PEPTIDES	bottromycin-a2-2	data/natural_products/amino_acids_and_peptides/bottromycin-a2-2.yaml
naturalproductmech:mibig-d757909eb2	UNCLASSIFIED	rishirilide-b	data/natural_products/unclassified/rishirilide-b.yaml
naturalproductmech:mibig-d764a5151a	ALKALOIDS	prodigiosin-2	data/natural_products/alkaloids/prodigiosin-2.yaml
naturalproductmech:mibig-d79aa2f7fe	AMINO_ACIDS_AND_PEPTIDES	tubulysin-c	data/natural_products/amino_acids_and_peptides/tubulysin-c.yaml
naturalproductmech:mibig-d7a095642a	UNCLASSIFIED	n-coronafacoyl-l-isoleucine	data/natural_products/unclassified/n-coronafacoyl-l-isoleucine.yaml
naturalproductmech:mibig-d7a45fc854	AMINO_ACIDS_AND_PEPTIDES	saccharochelin-h	data/natural_products/amino_acids_and_peptides/saccharochelin-h.yaml
naturalproductmech:mibig-d7a4b8261a	AMINO_ACIDS_AND_PEPTIDES	leupeptin-pr	data/natural_products/amino_acids_and_peptides/leupeptin-pr.yaml
naturalproductmech:mibig-d7a509fe71	SHIKIMATES_AND_PHENYLPROPANOIDS	xenocoumacin-ii	data/natural_products/shikimates_and_phenylpropanoids/xenocoumacin-ii.yaml
naturalproductmech:mibig-d7b425a1e1	UNCLASSIFIED	gacamide-a	data/natural_products/unclassified/gacamide-a.yaml
naturalproductmech:mibig-d7ca1efb8a	UNCLASSIFIED	neomediomycin-b	data/natural_products/unclassified/neomediomycin-b.yaml
naturalproductmech:mibig-d812332a24	UNCLASSIFIED	pelgipeptin-c	data/natural_products/unclassified/pelgipeptin-c.yaml
naturalproductmech:mibig-d8142cfdc3	CARBOHYDRATES	pyralomicin-1a	data/natural_products/carbohydrates/pyralomicin-1a.yaml
naturalproductmech:mibig-d817d6f62a	POLYKETIDES	abyssomicin-4	data/natural_products/polyketides/abyssomicin-4.yaml
naturalproductmech:mibig-d82147801b	ALKALOIDS	actinopolymorphol-c	data/natural_products/alkaloids/actinopolymorphol-c.yaml
naturalproductmech:mibig-d823fdbfa5	AMINO_ACIDS_AND_PEPTIDES	corpeptin-b	data/natural_products/amino_acids_and_peptides/corpeptin-b.yaml
naturalproductmech:mibig-d85002aefa	POLYKETIDES	gilvocarcin-v	data/natural_products/polyketides/gilvocarcin-v.yaml
naturalproductmech:mibig-d8722a6aab	AMINO_ACIDS_AND_PEPTIDES	megapolibactin-d	data/natural_products/amino_acids_and_peptides/megapolibactin-d.yaml
naturalproductmech:mibig-d884f8c857	POLYKETIDES	carbamidocyclophane-b	data/natural_products/polyketides/carbamidocyclophane-b.yaml
naturalproductmech:mibig-d89447dbcf	POLYKETIDES	hygrocin-a	data/natural_products/polyketides/hygrocin-a.yaml
naturalproductmech:mibig-d8d603f628	AMINO_ACIDS_AND_PEPTIDES	frankobactin-b3	data/natural_products/amino_acids_and_peptides/frankobactin-b3.yaml
naturalproductmech:mibig-d8e34d0b22	CARBOHYDRATES	liposidomycin-a	data/natural_products/carbohydrates/liposidomycin-a.yaml
naturalproductmech:mibig-d8fc7191fd	POLYKETIDES	vatiamide-a	data/natural_products/polyketides/vatiamide-a.yaml
naturalproductmech:mibig-d92b2ea2ac	UNCLASSIFIED	sespendole	data/natural_products/unclassified/sespendole.yaml
naturalproductmech:mibig-d93878150c	POLYKETIDES	cervimycin-c	data/natural_products/polyketides/cervimycin-c.yaml
naturalproductmech:mibig-d944ef34a1	UNCLASSIFIED	chondramide-a	data/natural_products/unclassified/chondramide-a.yaml
naturalproductmech:mibig-d95e84a818	ALKALOIDS	borregomycin-a	data/natural_products/alkaloids/borregomycin-a.yaml
naturalproductmech:mibig-d96ce9344b	AMINO_ACIDS_AND_PEPTIDES	napsamycin-d	data/natural_products/amino_acids_and_peptides/napsamycin-d.yaml
naturalproductmech:mibig-d99318df96	POLYKETIDES	ustilaginoidin-m	data/natural_products/polyketides/ustilaginoidin-m.yaml
naturalproductmech:mibig-d9af8dad67	CARBOHYDRATES	liposidomycin-c	data/natural_products/carbohydrates/liposidomycin-c.yaml
naturalproductmech:mibig-d9b17a0e83	ALKALOIDS	tjipanazole-m	data/natural_products/alkaloids/tjipanazole-m.yaml
naturalproductmech:mibig-d9c1c1658a	ALKALOIDS	5athq-10a	data/natural_products/alkaloids/5athq-10a.yaml
naturalproductmech:mibig-d9ce6f57fe	UNCLASSIFIED	waikikiamide-a	data/natural_products/unclassified/waikikiamide-a.yaml
naturalproductmech:mibig-d9d3017055	FATTY_ACIDS	fuelimycin-a	data/natural_products/fatty_acids/fuelimycin-a.yaml
naturalproductmech:mibig-d9dc3ff908	ALKALOIDS	chloramphenicol	data/natural_products/alkaloids/chloramphenicol.yaml
naturalproductmech:mibig-da0238d9b1	POLYKETIDES	loseolamycin-a2	data/natural_products/polyketides/loseolamycin-a2.yaml
naturalproductmech:mibig-da2e7b8c69	POLYKETIDES	salinomycin-2	data/natural_products/polyketides/salinomycin-2.yaml
naturalproductmech:mibig-da6254e273	AMINO_ACIDS_AND_PEPTIDES	ws9326f	data/natural_products/amino_acids_and_peptides/ws9326f.yaml
naturalproductmech:mibig-da64bd2634	UNCLASSIFIED	frankobactin-a2	data/natural_products/unclassified/frankobactin-a2.yaml
naturalproductmech:mibig-da7855d183	ALKALOIDS	azodyrecin-b	data/natural_products/alkaloids/azodyrecin-b.yaml
naturalproductmech:mibig-da8e59a182	POLYKETIDES	19-o-malonylniphimycin	data/natural_products/polyketides/19-o-malonylniphimycin.yaml
naturalproductmech:mibig-da8f9208c7	CARBOHYDRATES	miharamycin-b	data/natural_products/carbohydrates/miharamycin-b.yaml
naturalproductmech:mibig-da909f5425	TERPENOIDS	desacetylfusarochromene	data/natural_products/terpenoids/desacetylfusarochromene.yaml
naturalproductmech:mibig-da9e268a4d	AMINO_ACIDS_AND_PEPTIDES	cichofactin-b	data/natural_products/amino_acids_and_peptides/cichofactin-b.yaml
naturalproductmech:mibig-dab7552aa6	POLYKETIDES	formicamycin-f	data/natural_products/polyketides/formicamycin-f.yaml
naturalproductmech:mibig-dac705c94c	UNCLASSIFIED	stieleriacine-b1	data/natural_products/unclassified/stieleriacine-b1.yaml
naturalproductmech:mibig-daec678c63	ALKALOIDS	undecylprodigiosin	data/natural_products/alkaloids/undecylprodigiosin.yaml
naturalproductmech:mibig-daf22771db	AMINO_ACIDS_AND_PEPTIDES	emerimicin-x	data/natural_products/amino_acids_and_peptides/emerimicin-x.yaml
naturalproductmech:mibig-db05ac5046	AMINO_ACIDS_AND_PEPTIDES	pepticinnamin-e	data/natural_products/amino_acids_and_peptides/pepticinnamin-e.yaml
naturalproductmech:mibig-db21cb366e	ALKALOIDS	carbazomycin-b	data/natural_products/alkaloids/carbazomycin-b.yaml
naturalproductmech:mibig-db2f3dd6ef	TERPENOIDS	tiancilactone-g	data/natural_products/terpenoids/tiancilactone-g.yaml
naturalproductmech:mibig-db3f8f8b90	UNCLASSIFIED	taromycin-a	data/natural_products/unclassified/taromycin-a.yaml
naturalproductmech:mibig-db400f9f02	ALKALOIDS	petrobactin	data/natural_products/alkaloids/petrobactin.yaml
naturalproductmech:mibig-db4ec57bf7	POLYKETIDES	carbamidocyclophane-a	data/natural_products/polyketides/carbamidocyclophane-a.yaml
naturalproductmech:mibig-db7a36b8e6	UNCLASSIFIED	megapolibactin-bcyc	data/natural_products/unclassified/megapolibactin-bcyc.yaml
naturalproductmech:mibig-db826a82f7	UNCLASSIFIED	heronamide-e	data/natural_products/unclassified/heronamide-e.yaml
naturalproductmech:mibig-dba0f3a994	UNCLASSIFIED	flavunoidine	data/natural_products/unclassified/flavunoidine.yaml
naturalproductmech:mibig-dbb114994c	POLYKETIDES	cylindrocyclophane-d	data/natural_products/polyketides/cylindrocyclophane-d.yaml
naturalproductmech:mibig-dbf1ee676c	POLYKETIDES	thalnumycin-a	data/natural_products/polyketides/thalnumycin-a.yaml
naturalproductmech:mibig-dc0c37db5e	POLYKETIDES	anthrabenzoxocinone	data/natural_products/polyketides/anthrabenzoxocinone.yaml
naturalproductmech:mibig-dc6550fa9e	AMINO_ACIDS_AND_PEPTIDES	lotaustralin	data/natural_products/amino_acids_and_peptides/lotaustralin.yaml
naturalproductmech:mibig-dc7cdcd9c7	AMINO_ACIDS_AND_PEPTIDES	anantin-b1	data/natural_products/amino_acids_and_peptides/anantin-b1.yaml
naturalproductmech:mibig-dc8a9e5d80	POLYKETIDES	tartrolon-e	data/natural_products/polyketides/tartrolon-e.yaml
naturalproductmech:mibig-dc9a8a8965	SHIKIMATES_AND_PHENYLPROPANOIDS	echoside-c	data/natural_products/shikimates_and_phenylpropanoids/echoside-c.yaml
naturalproductmech:mibig-dcb8ad9d81	AMINO_ACIDS_AND_PEPTIDES	syringafactin-d	data/natural_products/amino_acids_and_peptides/syringafactin-d.yaml
naturalproductmech:mibig-dcc76e5d98	POLYKETIDES	rifamorpholine-b	data/natural_products/polyketides/rifamorpholine-b.yaml
naturalproductmech:mibig-dcee736e16	ALKALOIDS	2-3-4-5-tetrabromopyrrole	data/natural_products/alkaloids/2-3-4-5-tetrabromopyrrole.yaml
naturalproductmech:mibig-dcf873f38b	TERPENOIDS	nivalenol	data/natural_products/terpenoids/nivalenol.yaml
naturalproductmech:mibig-dd00ac2ec5	AMINO_ACIDS_AND_PEPTIDES	thaxtomin-c	data/natural_products/amino_acids_and_peptides/thaxtomin-c.yaml
naturalproductmech:mibig-dd095ce4fb	AMINO_ACIDS_AND_PEPTIDES	nocapeptin-a	data/natural_products/amino_acids_and_peptides/nocapeptin-a.yaml
naturalproductmech:mibig-dd213bb454	POLYKETIDES	maduralactomycin-b	data/natural_products/polyketides/maduralactomycin-b.yaml
naturalproductmech:mibig-dd3ab190d6	POLYKETIDES	fluostatin-l	data/natural_products/polyketides/fluostatin-l.yaml
naturalproductmech:mibig-dd5b821c28	AMINO_ACIDS_AND_PEPTIDES	malyngamide-c-acetate	data/natural_products/amino_acids_and_peptides/malyngamide-c-acetate.yaml
naturalproductmech:mibig-dd63d028ea	UNCLASSIFIED	2-methoxy-5-methyl-6-13-methyltetradecyl-1-4-benzoquinone	data/natural_products/unclassified/2-methoxy-5-methyl-6-13-methyltetradecyl-1-4-benzoquinone.yaml
naturalproductmech:mibig-dd802af1dd	TERPENOIDS	compound-8-2	data/natural_products/terpenoids/compound-8-2.yaml
naturalproductmech:mibig-ddf664915f	POLYKETIDES	chaxamycin-d	data/natural_products/polyketides/chaxamycin-d.yaml
naturalproductmech:mibig-de067fa3d6	AMINO_ACIDS_AND_PEPTIDES	decaplanin	data/natural_products/amino_acids_and_peptides/decaplanin.yaml
naturalproductmech:mibig-de93ca824a	POLYKETIDES	phenalamide-a2	data/natural_products/polyketides/phenalamide-a2.yaml
naturalproductmech:mibig-dea231bc6b	POLYKETIDES	phomoidride	data/natural_products/polyketides/phomoidride.yaml
naturalproductmech:mibig-dea7cff194	POLYKETIDES	formicamycin-a	data/natural_products/polyketides/formicamycin-a.yaml
naturalproductmech:mibig-dedfa943d3	AMINO_ACIDS_AND_PEPTIDES	anabaenopeptin-788	data/natural_products/amino_acids_and_peptides/anabaenopeptin-788.yaml
naturalproductmech:mibig-def3ba2d92	UNCLASSIFIED	myxochromide-d-2	data/natural_products/unclassified/myxochromide-d-2.yaml
naturalproductmech:mibig-df07ad2dd4	AMINO_ACIDS_AND_PEPTIDES	rhabdopeptide-4	data/natural_products/amino_acids_and_peptides/rhabdopeptide-4.yaml
naturalproductmech:mibig-df17e9858e	AMINO_ACIDS_AND_PEPTIDES	mycosubtilin	data/natural_products/amino_acids_and_peptides/mycosubtilin.yaml
naturalproductmech:mibig-df24aaa851	POLYKETIDES	fumonisin-c1	data/natural_products/polyketides/fumonisin-c1.yaml
naturalproductmech:mibig-df2e19e9aa	UNCLASSIFIED	hapalosin-c	data/natural_products/unclassified/hapalosin-c.yaml
naturalproductmech:mibig-df3e50054c	AMINO_ACIDS_AND_PEPTIDES	albachelin	data/natural_products/amino_acids_and_peptides/albachelin.yaml
naturalproductmech:mibig-df52e48334	ALKALOIDS	phomacin-d	data/natural_products/alkaloids/phomacin-d.yaml
naturalproductmech:mibig-df61a7ab2c	ALKALOIDS	psychrophilin-b	data/natural_products/alkaloids/psychrophilin-b.yaml
naturalproductmech:mibig-df8e69d398	FATTY_ACIDS	ustilagic-acid	data/natural_products/fatty_acids/ustilagic-acid.yaml
naturalproductmech:mibig-dfc4aff220	ALKALOIDS	myxochelin-b-2	data/natural_products/alkaloids/myxochelin-b-2.yaml
naturalproductmech:mibig-dfc6c17660	POLYKETIDES	triketide-maleidride-monomer-type-a	data/natural_products/polyketides/triketide-maleidride-monomer-type-a.yaml
naturalproductmech:mibig-dfe6dc8d8a	UNCLASSIFIED	pactamide-c	data/natural_products/unclassified/pactamide-c.yaml
naturalproductmech:mibig-dfe8d39a04	UNCLASSIFIED	salinilactam	data/natural_products/unclassified/salinilactam.yaml
naturalproductmech:mibig-dfffda5db7	AMINO_ACIDS_AND_PEPTIDES	holrhizin-d	data/natural_products/amino_acids_and_peptides/holrhizin-d.yaml
naturalproductmech:mibig-e015ff9a38	CARBOHYDRATES	2-chloropentostatin	data/natural_products/carbohydrates/2-chloropentostatin.yaml
naturalproductmech:mibig-e023a2e832	AMINO_ACIDS_AND_PEPTIDES	aeruginosamide-b	data/natural_products/amino_acids_and_peptides/aeruginosamide-b.yaml
naturalproductmech:mibig-e03313fa44	POLYKETIDES	simocyclinone-d8	data/natural_products/polyketides/simocyclinone-d8.yaml
naturalproductmech:mibig-e046b758ea	UNCLASSIFIED	antalid	data/natural_products/unclassified/antalid.yaml
naturalproductmech:mibig-e04830e687	POLYKETIDES	niphimycin-d	data/natural_products/polyketides/niphimycin-d.yaml
naturalproductmech:mibig-e054ab2411	POLYKETIDES	lomaiviticin-c-2	data/natural_products/polyketides/lomaiviticin-c-2.yaml
naturalproductmech:mibig-e054b7cbaf	ALKALOIDS	indimicin-d	data/natural_products/alkaloids/indimicin-d.yaml
naturalproductmech:mibig-e056ea9b8b	POLYKETIDES	leupyrrin-b1	data/natural_products/polyketides/leupyrrin-b1.yaml
naturalproductmech:mibig-e0790a5e54	POLYKETIDES	olimycin-a	data/natural_products/polyketides/olimycin-a.yaml
naturalproductmech:mibig-e08bf29c06	POLYKETIDES	actinoallolide-a	data/natural_products/polyketides/actinoallolide-a.yaml
naturalproductmech:mibig-e09bd2ef10	POLYKETIDES	1-alpha-l-2-o-methyl-6-deoxymannopyranosyloxy-3-6-8-trimethoxynaphthalene	data/natural_products/polyketides/1-alpha-l-2-o-methyl-6-deoxymannopyranosyloxy-3-6-8-trimethoxynaphthalene.yaml
naturalproductmech:mibig-e0d474dbde	UNCLASSIFIED	dkxanthene-548	data/natural_products/unclassified/dkxanthene-548.yaml
naturalproductmech:mibig-e0d8629a5d	UNCLASSIFIED	hormaomycin-a2	data/natural_products/unclassified/hormaomycin-a2.yaml
naturalproductmech:mibig-e0dfe0eb89	UNCLASSIFIED	jamaicamide-b	data/natural_products/unclassified/jamaicamide-b.yaml
naturalproductmech:mibig-e0fbf02972	POLYKETIDES	necroxime-c	data/natural_products/polyketides/necroxime-c.yaml
naturalproductmech:mibig-e1617921a9	ALKALOIDS	ilicicolin-j	data/natural_products/alkaloids/ilicicolin-j.yaml
naturalproductmech:mibig-e1666ddbc8	ALKALOIDS	sulfadixiamycin-a	data/natural_products/alkaloids/sulfadixiamycin-a.yaml
naturalproductmech:mibig-e16e3464d9	UNCLASSIFIED	hormaomycin-a6	data/natural_products/unclassified/hormaomycin-a6.yaml
naturalproductmech:mibig-e1a9b58fa7	AMINO_ACIDS_AND_PEPTIDES	cinnamycin	data/natural_products/amino_acids_and_peptides/cinnamycin.yaml
naturalproductmech:mibig-e1b611846e	POLYKETIDES	fusarubin	data/natural_products/polyketides/fusarubin.yaml
naturalproductmech:mibig-e1fb21213b	ALKALOIDS	malleobactin-d	data/natural_products/alkaloids/malleobactin-d.yaml
naturalproductmech:mibig-e1fbbd1a73	UNCLASSIFIED	acidobactin-b	data/natural_products/unclassified/acidobactin-b.yaml
naturalproductmech:mibig-e2093acd8e	UNCLASSIFIED	malleobactin-a	data/natural_products/unclassified/malleobactin-a.yaml
naturalproductmech:mibig-e238b72fad	POLYKETIDES	halstoctacosanolide-a	data/natural_products/polyketides/halstoctacosanolide-a.yaml
naturalproductmech:mibig-e23d6d4877	UNCLASSIFIED	dihydrosporothriolide	data/natural_products/unclassified/dihydrosporothriolide.yaml
naturalproductmech:mibig-e246098462	AMINO_ACIDS_AND_PEPTIDES	leupeptin-d	data/natural_products/amino_acids_and_peptides/leupeptin-d.yaml
naturalproductmech:mibig-e249ec2c87	FATTY_ACIDS	bab	data/natural_products/fatty_acids/bab.yaml
naturalproductmech:mibig-e265aec18b	ALKALOIDS	pulcherrimin	data/natural_products/alkaloids/pulcherrimin.yaml
naturalproductmech:mibig-e29d8ec89c	POLYKETIDES	eurocidin-e	data/natural_products/polyketides/eurocidin-e.yaml
naturalproductmech:mibig-e29f83c77b	UNCLASSIFIED	phenalinolactone-a	data/natural_products/unclassified/phenalinolactone-a.yaml
naturalproductmech:mibig-e2ceb29aaf	UNCLASSIFIED	lobosamide-c	data/natural_products/unclassified/lobosamide-c.yaml
naturalproductmech:mibig-e2d62600f5	TERPENOIDS	10-oxo-dihydrobotrydial	data/natural_products/terpenoids/10-oxo-dihydrobotrydial.yaml
naturalproductmech:mibig-e2d6335a11	ALKALOIDS	tmc-169	data/natural_products/alkaloids/tmc-169.yaml
naturalproductmech:mibig-e2f980d36c	POLYKETIDES	fluostatin-m	data/natural_products/polyketides/fluostatin-m.yaml
naturalproductmech:mibig-e2fc06aa54	AMINO_ACIDS_AND_PEPTIDES	bosamycin-c	data/natural_products/amino_acids_and_peptides/bosamycin-c.yaml
naturalproductmech:mibig-e30a95b7f3	POLYKETIDES	jbir-76	data/natural_products/polyketides/jbir-76.yaml
naturalproductmech:mibig-e3201fefc3	POLYKETIDES	formicamycin-c	data/natural_products/polyketides/formicamycin-c.yaml
naturalproductmech:mibig-e368af9c2a	ALKALOIDS	saframycin-b	data/natural_products/alkaloids/saframycin-b.yaml
naturalproductmech:mibig-e376691889	ALKALOIDS	marinopyrrole-e	data/natural_products/alkaloids/marinopyrrole-e.yaml
naturalproductmech:mibig-e397f9947a	AMINO_ACIDS_AND_PEPTIDES	scytocyclamide-a	data/natural_products/amino_acids_and_peptides/scytocyclamide-a.yaml
naturalproductmech:mibig-e39cb4c8a0	POLYKETIDES	chrysomycin	data/natural_products/polyketides/chrysomycin.yaml
naturalproductmech:mibig-e3aecbb9f9	AMINO_ACIDS_AND_PEPTIDES	emerimicin-vi	data/natural_products/amino_acids_and_peptides/emerimicin-vi.yaml
naturalproductmech:mibig-e3cc0a0181	AMINO_ACIDS_AND_PEPTIDES	ambactin	data/natural_products/amino_acids_and_peptides/ambactin.yaml
naturalproductmech:mibig-e3d4f50c37	POLYKETIDES	formicamycin-m	data/natural_products/polyketides/formicamycin-m.yaml
naturalproductmech:mibig-e3ed04d0e4	POLYKETIDES	res-1214-2	data/natural_products/polyketides/res-1214-2.yaml
naturalproductmech:mibig-e3fe7e0a3e	POLYKETIDES	fluostatin-f-2	data/natural_products/polyketides/fluostatin-f-2.yaml
naturalproductmech:mibig-e41c9c6e94	POLYKETIDES	quinolidomicin-a	data/natural_products/polyketides/quinolidomicin-a.yaml
naturalproductmech:mibig-e4307b8ec9	POLYKETIDES	1-2-3-5-10-tetrahydroxy-7-methoxy-4-oxo-1-2-3-4-tetrahydroanthracen-2-yl-pentane	data/natural_products/polyketides/1-2-3-5-10-tetrahydroxy-7-methoxy-4-oxo-1-2-3-4-tetrahydroanthracen-2-yl-pentane.yaml
naturalproductmech:mibig-e4440d353a	ALKALOIDS	argimycin-pi	data/natural_products/alkaloids/argimycin-pi.yaml
naturalproductmech:mibig-e44e649a63	TERPENOIDS	yossoside-iii	data/natural_products/terpenoids/yossoside-iii.yaml
naturalproductmech:mibig-e45a0be092	UNCLASSIFIED	spiruchostatin-a	data/natural_products/unclassified/spiruchostatin-a.yaml
naturalproductmech:mibig-e467314b35	ALKALOIDS	pzn11	data/natural_products/alkaloids/pzn11.yaml
naturalproductmech:mibig-e473b7e515	ALKALOIDS	flavichalasine-g	data/natural_products/alkaloids/flavichalasine-g.yaml
naturalproductmech:mibig-e48dabeb2c	FATTY_ACIDS	macrolactin-b	data/natural_products/fatty_acids/macrolactin-b.yaml
naturalproductmech:mibig-e4933eb100	AMINO_ACIDS_AND_PEPTIDES	microviridin-n6	data/natural_products/amino_acids_and_peptides/microviridin-n6.yaml
naturalproductmech:mibig-e4996ae028	ALKALOIDS	diazaquinomycin-a	data/natural_products/alkaloids/diazaquinomycin-a.yaml
naturalproductmech:mibig-e4d3ccc4a0	POLYKETIDES	sporochartine-b	data/natural_products/polyketides/sporochartine-b.yaml
naturalproductmech:mibig-e4d457da4a	POLYKETIDES	calbistrin-c	data/natural_products/polyketides/calbistrin-c.yaml
naturalproductmech:mibig-e4db29a84f	AMINO_ACIDS_AND_PEPTIDES	mannopeptimycin	data/natural_products/amino_acids_and_peptides/mannopeptimycin.yaml
naturalproductmech:mibig-e4de8e1a3c	ALKALOIDS	molybdenum-cofactor	data/natural_products/alkaloids/molybdenum-cofactor.yaml
naturalproductmech:mibig-e4f25d2466	AMINO_ACIDS_AND_PEPTIDES	pseudovibriamide-b3	data/natural_products/amino_acids_and_peptides/pseudovibriamide-b3.yaml
naturalproductmech:mibig-e509de324a	UNCLASSIFIED	outovirin-a	data/natural_products/unclassified/outovirin-a.yaml
naturalproductmech:mibig-e5154b5ade	UNCLASSIFIED	woodybactin-b	data/natural_products/unclassified/woodybactin-b.yaml
naturalproductmech:mibig-e51d198181	FATTY_ACIDS	spliceostatin-l	data/natural_products/fatty_acids/spliceostatin-l.yaml
naturalproductmech:mibig-e530866303	POLYKETIDES	lagunapyrone-b	data/natural_products/polyketides/lagunapyrone-b.yaml
naturalproductmech:mibig-e582a533a1	ALKALOIDS	lazarimide-b	data/natural_products/alkaloids/lazarimide-b.yaml
naturalproductmech:mibig-e589f6071e	AMINO_ACIDS_AND_PEPTIDES	capreomycin-ib	data/natural_products/amino_acids_and_peptides/capreomycin-ib.yaml
naturalproductmech:mibig-e59592cca0	POLYKETIDES	griseofulvin	data/natural_products/polyketides/griseofulvin.yaml
naturalproductmech:mibig-e5a5396db2	ALKALOIDS	iminimycin-a	data/natural_products/alkaloids/iminimycin-a.yaml
naturalproductmech:mibig-e5e39bc43f	ALKALOIDS	anthelvencin-a	data/natural_products/alkaloids/anthelvencin-a.yaml
naturalproductmech:mibig-e61dd4fd1a	POLYKETIDES	amphi-enterobactin-4	data/natural_products/polyketides/amphi-enterobactin-4.yaml
naturalproductmech:mibig-e630fe39e9	UNCLASSIFIED	pseurotin	data/natural_products/unclassified/pseurotin.yaml
naturalproductmech:mibig-e641364514	FATTY_ACIDS	cis-7-tetradecenoyl-d-asparagine	data/natural_products/fatty_acids/cis-7-tetradecenoyl-d-asparagine.yaml
naturalproductmech:mibig-e67e3cccb3	POLYKETIDES	1-2-epoxy-3-4-didehydropenicillide	data/natural_products/polyketides/1-2-epoxy-3-4-didehydropenicillide.yaml
naturalproductmech:mibig-e6b8bf6abd	AMINO_ACIDS_AND_PEPTIDES	leepeptin	data/natural_products/amino_acids_and_peptides/leepeptin.yaml
naturalproductmech:mibig-e6bb0cf7ca	UNCLASSIFIED	desmamide-c	data/natural_products/unclassified/desmamide-c.yaml
naturalproductmech:mibig-e6fd60ad2e	UNCLASSIFIED	pyreudione-e	data/natural_products/unclassified/pyreudione-e.yaml
naturalproductmech:mibig-e73daf12fe	AMINO_ACIDS_AND_PEPTIDES	tryptorubin-a	data/natural_products/amino_acids_and_peptides/tryptorubin-a.yaml
naturalproductmech:mibig-e74a6da578	POLYKETIDES	carbamidocyclophane-u	data/natural_products/polyketides/carbamidocyclophane-u.yaml
naturalproductmech:mibig-e76f1bc066	AMINO_ACIDS_AND_PEPTIDES	pantocin-a	data/natural_products/amino_acids_and_peptides/pantocin-a.yaml
naturalproductmech:mibig-e7860c08d7	AMINO_ACIDS_AND_PEPTIDES	microginin-789	data/natural_products/amino_acids_and_peptides/microginin-789.yaml
naturalproductmech:mibig-e7bbc82d00	UNCLASSIFIED	sgr-ptms	data/natural_products/unclassified/sgr-ptms.yaml
naturalproductmech:mibig-e7c0275864	UNCLASSIFIED	chevalone-e	data/natural_products/unclassified/chevalone-e.yaml
naturalproductmech:mibig-e7c2f66213	ALKALOIDS	phenazine-sa	data/natural_products/alkaloids/phenazine-sa.yaml
naturalproductmech:mibig-e7e34d2378	POLYKETIDES	carbamidocyclophane-n	data/natural_products/polyketides/carbamidocyclophane-n.yaml
naturalproductmech:mibig-e8046d131e	UNCLASSIFIED	thiocoraline	data/natural_products/unclassified/thiocoraline.yaml
naturalproductmech:mibig-e807157b70	UNCLASSIFIED	kutzneride-1	data/natural_products/unclassified/kutzneride-1.yaml
naturalproductmech:mibig-e825f061c3	POLYKETIDES	formicamycin-e	data/natural_products/polyketides/formicamycin-e.yaml
naturalproductmech:mibig-e84a232e42	ALKALOIDS	vibriobactin-2	data/natural_products/alkaloids/vibriobactin-2.yaml
naturalproductmech:mibig-e85e28c3e4	ALKALOIDS	fumiquinazoline-d	data/natural_products/alkaloids/fumiquinazoline-d.yaml
naturalproductmech:mibig-e8956c4d50	POLYKETIDES	tetrafibricin	data/natural_products/polyketides/tetrafibricin.yaml
naturalproductmech:mibig-e8a4954c3b	AMINO_ACIDS_AND_PEPTIDES	goadsporin	data/natural_products/amino_acids_and_peptides/goadsporin.yaml
naturalproductmech:mibig-e8aa0778fc	POLYKETIDES	gaudimycin-a	data/natural_products/polyketides/gaudimycin-a.yaml
naturalproductmech:mibig-e8dea0c8cb	UNCLASSIFIED	14-leucyloxy-paspalinine	data/natural_products/unclassified/14-leucyloxy-paspalinine.yaml
naturalproductmech:mibig-e8e69dfb2f	UNCLASSIFIED	chaetolivacine-c	data/natural_products/unclassified/chaetolivacine-c.yaml
naturalproductmech:mibig-e8fc08769d	UNCLASSIFIED	terpenibactin-a	data/natural_products/unclassified/terpenibactin-a.yaml
naturalproductmech:mibig-e927c5339b	AMINO_ACIDS_AND_PEPTIDES	rufomycin	data/natural_products/amino_acids_and_peptides/rufomycin.yaml
naturalproductmech:mibig-e93641044d	POLYKETIDES	macbecin-ii	data/natural_products/polyketides/macbecin-ii.yaml
naturalproductmech:mibig-e94c349f6a	TERPENOIDS	yossoside-i	data/natural_products/terpenoids/yossoside-i.yaml
naturalproductmech:mibig-e9562df516	ALKALOIDS	iso-migrastatin	data/natural_products/alkaloids/iso-migrastatin.yaml
naturalproductmech:mibig-e95fe3852c	POLYKETIDES	clavorubin	data/natural_products/polyketides/clavorubin.yaml
naturalproductmech:mibig-e95ffb90ac	POLYKETIDES	merocyclophane-d	data/natural_products/polyketides/merocyclophane-d.yaml
naturalproductmech:mibig-e9796bbf63	POLYKETIDES	thailanstatin-a	data/natural_products/polyketides/thailanstatin-a.yaml
naturalproductmech:mibig-e98184abd8	AMINO_ACIDS_AND_PEPTIDES	cichofactin-a	data/natural_products/amino_acids_and_peptides/cichofactin-a.yaml
naturalproductmech:mibig-e99beebc78	POLYKETIDES	secalonic-acid-c	data/natural_products/polyketides/secalonic-acid-c.yaml
naturalproductmech:mibig-e9d35266b0	POLYKETIDES	carbamidocyclophane-m	data/natural_products/polyketides/carbamidocyclophane-m.yaml
naturalproductmech:mibig-e9d71d92f8	POLYKETIDES	alnumycin-b	data/natural_products/polyketides/alnumycin-b.yaml
naturalproductmech:mibig-e9ec13d590	AMINO_ACIDS_AND_PEPTIDES	thiovarsolin-a	data/natural_products/amino_acids_and_peptides/thiovarsolin-a.yaml
naturalproductmech:mibig-e9eda0849c	POLYKETIDES	ionostatin	data/natural_products/polyketides/ionostatin.yaml
naturalproductmech:mibig-e9eefc994f	ALKALOIDS	fusarin-c	data/natural_products/alkaloids/fusarin-c.yaml
naturalproductmech:mibig-ea1711783a	ALKALOIDS	fusarochromene	data/natural_products/alkaloids/fusarochromene.yaml
naturalproductmech:mibig-ea1ed7942e	POLYKETIDES	etnangien	data/natural_products/polyketides/etnangien.yaml
naturalproductmech:mibig-ea264758e2	AMINO_ACIDS_AND_PEPTIDES	gaburedin-b	data/natural_products/amino_acids_and_peptides/gaburedin-b.yaml
naturalproductmech:mibig-ea4dc2a26d	POLYKETIDES	epidechlorogriseofulvin	data/natural_products/polyketides/epidechlorogriseofulvin.yaml
naturalproductmech:mibig-eaa87a1551	UNCLASSIFIED	penigainamide-b	data/natural_products/unclassified/penigainamide-b.yaml
naturalproductmech:mibig-eae1cf3296	ALKALOIDS	huperzine-a	data/natural_products/alkaloids/huperzine-a.yaml
naturalproductmech:mibig-eb25c9b521	ALKALOIDS	ambiguine-h-isonitrile	data/natural_products/alkaloids/ambiguine-h-isonitrile.yaml
naturalproductmech:mibig-eb3a34d0e2	UNCLASSIFIED	14-hydroxypaspalinine	data/natural_products/unclassified/14-hydroxypaspalinine.yaml
naturalproductmech:mibig-eb42b809a5	UNCLASSIFIED	subglutinol-a	data/natural_products/unclassified/subglutinol-a.yaml
naturalproductmech:mibig-eb44696bf3	ALKALOIDS	synechobactin-c	data/natural_products/alkaloids/synechobactin-c.yaml
naturalproductmech:mibig-eb8d2a3e98	AMINO_ACIDS_AND_PEPTIDES	mulundocandin	data/natural_products/amino_acids_and_peptides/mulundocandin.yaml
naturalproductmech:mibig-eba93ee12b	SHIKIMATES_AND_PHENYLPROPANOIDS	bagremycin-b	data/natural_products/shikimates_and_phenylpropanoids/bagremycin-b.yaml
naturalproductmech:mibig-ebb9d93910	UNCLASSIFIED	valinomycin-2	data/natural_products/unclassified/valinomycin-2.yaml
naturalproductmech:mibig-ebdde53fc6	POLYKETIDES	ustilaginoidin-a	data/natural_products/polyketides/ustilaginoidin-a.yaml
naturalproductmech:mibig-ebed8a35af	AMINO_ACIDS_AND_PEPTIDES	cystargolide-a	data/natural_products/amino_acids_and_peptides/cystargolide-a.yaml
naturalproductmech:mibig-ec0b262260	UNCLASSIFIED	pactamide-a	data/natural_products/unclassified/pactamide-a.yaml
naturalproductmech:mibig-ec20467dde	ALKALOIDS	aspergillin-pz	data/natural_products/alkaloids/aspergillin-pz.yaml
naturalproductmech:mibig-ec36ff414c	UNCLASSIFIED	higginsianin-d	data/natural_products/unclassified/higginsianin-d.yaml
naturalproductmech:mibig-ec52ccc8cf	AMINO_ACIDS_AND_PEPTIDES	valactamide-a	data/natural_products/amino_acids_and_peptides/valactamide-a.yaml
naturalproductmech:mibig-ec6ca029f7	POLYKETIDES	rabelomycin	data/natural_products/polyketides/rabelomycin.yaml
naturalproductmech:mibig-ece2042a6f	CARBOHYDRATES	streptothricin-e	data/natural_products/carbohydrates/streptothricin-e.yaml
naturalproductmech:mibig-ed15521036	ALKALOIDS	ambiguine-d-isonitrile	data/natural_products/alkaloids/ambiguine-d-isonitrile.yaml
naturalproductmech:mibig-ed30585963	CARBOHYDRATES	kasugamycin	data/natural_products/carbohydrates/kasugamycin.yaml
naturalproductmech:mibig-ed3a69b3bc	ALKALOIDS	nematophin	data/natural_products/alkaloids/nematophin.yaml
naturalproductmech:mibig-ed6c160876	AMINO_ACIDS_AND_PEPTIDES	ilamycin-b2	data/natural_products/amino_acids_and_peptides/ilamycin-b2.yaml
naturalproductmech:mibig-ed75063451	POLYKETIDES	megalomicin-c2	data/natural_products/polyketides/megalomicin-c2.yaml
naturalproductmech:mibig-ed84a7d9e1	ALKALOIDS	pyrronazol-b	data/natural_products/alkaloids/pyrronazol-b.yaml
naturalproductmech:mibig-eda9487ea3	POLYKETIDES	fasamycin-e	data/natural_products/polyketides/fasamycin-e.yaml
naturalproductmech:mibig-edacba9523	POLYKETIDES	ansaseomycin-b	data/natural_products/polyketides/ansaseomycin-b.yaml
naturalproductmech:mibig-edbab72597	UNCLASSIFIED	notoamide-a	data/natural_products/unclassified/notoamide-a.yaml
naturalproductmech:mibig-edc1cff567	ALKALOIDS	tambjamine-be-18591	data/natural_products/alkaloids/tambjamine-be-18591.yaml
naturalproductmech:mibig-edcf5bd4db	ALKALOIDS	prodigiosin-r3	data/natural_products/alkaloids/prodigiosin-r3.yaml
naturalproductmech:mibig-ee4c4de70c	AMINO_ACIDS_AND_PEPTIDES	aborycin-2	data/natural_products/amino_acids_and_peptides/aborycin-2.yaml
naturalproductmech:mibig-ee5839807a	AMINO_ACIDS_AND_PEPTIDES	lagmysin	data/natural_products/amino_acids_and_peptides/lagmysin.yaml
naturalproductmech:mibig-ee754353ac	ALKALOIDS	a33853	data/natural_products/alkaloids/a33853.yaml
naturalproductmech:mibig-ee77714bc8	AMINO_ACIDS_AND_PEPTIDES	nocathiacin	data/natural_products/amino_acids_and_peptides/nocathiacin.yaml
naturalproductmech:mibig-ee9664cae0	UNCLASSIFIED	a-201a	data/natural_products/unclassified/a-201a.yaml
naturalproductmech:mibig-ee989b33fc	AMINO_ACIDS_AND_PEPTIDES	cattlecin	data/natural_products/amino_acids_and_peptides/cattlecin.yaml
naturalproductmech:mibig-eea3f40592	AMINO_ACIDS_AND_PEPTIDES	gramicidin	data/natural_products/amino_acids_and_peptides/gramicidin.yaml
naturalproductmech:mibig-eec173a168	ALKALOIDS	paenilamicin-a2	data/natural_products/alkaloids/paenilamicin-a2.yaml
naturalproductmech:mibig-ef284544d0	AMINO_ACIDS_AND_PEPTIDES	microginin-803	data/natural_products/amino_acids_and_peptides/microginin-803.yaml
naturalproductmech:mibig-ef6e0053ae	UNCLASSIFIED	isoterrein	data/natural_products/unclassified/isoterrein.yaml
naturalproductmech:mibig-efa162ce5c	ALKALOIDS	iminimycin-b	data/natural_products/alkaloids/iminimycin-b.yaml
naturalproductmech:mibig-efba1120b4	SHIKIMATES_AND_PHENYLPROPANOIDS	ajudazol-a	data/natural_products/shikimates_and_phenylpropanoids/ajudazol-a.yaml
naturalproductmech:mibig-efdb010171	POLYKETIDES	naphthomycin-a	data/natural_products/polyketides/naphthomycin-a.yaml
naturalproductmech:mibig-f01574fb0b	AMINO_ACIDS_AND_PEPTIDES	bacitracin	data/natural_products/amino_acids_and_peptides/bacitracin.yaml
naturalproductmech:mibig-f0284afc2a	UNCLASSIFIED	akml-a	data/natural_products/unclassified/akml-a.yaml
naturalproductmech:mibig-f03b04b9d4	TERPENOIDS	17-deoxyaphidicolin	data/natural_products/terpenoids/17-deoxyaphidicolin.yaml
naturalproductmech:mibig-f040daebbe	UNCLASSIFIED	hassallidin-c	data/natural_products/unclassified/hassallidin-c.yaml
naturalproductmech:mibig-f0432c8c31	TERPENOIDS	culmorin	data/natural_products/terpenoids/culmorin.yaml
naturalproductmech:mibig-f077405701	POLYKETIDES	ll-d49194-1-lld	data/natural_products/polyketides/ll-d49194-1-lld.yaml
naturalproductmech:mibig-f09f7cc58f	AMINO_ACIDS_AND_PEPTIDES	nocobactin-na	data/natural_products/amino_acids_and_peptides/nocobactin-na.yaml
naturalproductmech:mibig-f0a62c223c	AMINO_ACIDS_AND_PEPTIDES	polytheonamide-b	data/natural_products/amino_acids_and_peptides/polytheonamide-b.yaml
naturalproductmech:mibig-f0aaab9740	POLYKETIDES	carbamidocyclophane-e	data/natural_products/polyketides/carbamidocyclophane-e.yaml
naturalproductmech:mibig-f0ba493c25	AMINO_ACIDS_AND_PEPTIDES	fimsbactin-a	data/natural_products/amino_acids_and_peptides/fimsbactin-a.yaml
naturalproductmech:mibig-f0eab991bd	AMINO_ACIDS_AND_PEPTIDES	patellin-2	data/natural_products/amino_acids_and_peptides/patellin-2.yaml
naturalproductmech:mibig-f10910709b	AMINO_ACIDS_AND_PEPTIDES	thioholgamide-a	data/natural_products/amino_acids_and_peptides/thioholgamide-a.yaml
naturalproductmech:mibig-f1202ed4f6	AMINO_ACIDS_AND_PEPTIDES	pentacitidin-b	data/natural_products/amino_acids_and_peptides/pentacitidin-b.yaml
naturalproductmech:mibig-f121d32032	UNCLASSIFIED	clifednamide-a-2	data/natural_products/unclassified/clifednamide-a-2.yaml
naturalproductmech:mibig-f13895c514	AMINO_ACIDS_AND_PEPTIDES	microginin-739	data/natural_products/amino_acids_and_peptides/microginin-739.yaml
naturalproductmech:mibig-f17f2b729f	AMINO_ACIDS_AND_PEPTIDES	pseudovibriamide-b5	data/natural_products/amino_acids_and_peptides/pseudovibriamide-b5.yaml
naturalproductmech:mibig-f194993c57	POLYKETIDES	kosinostatin	data/natural_products/polyketides/kosinostatin.yaml
naturalproductmech:mibig-f19a18c1f2	POLYKETIDES	compound-5-2	data/natural_products/polyketides/compound-5-2.yaml
naturalproductmech:mibig-f1b13e9c89	UNCLASSIFIED	napyradiomycin-3	data/natural_products/unclassified/napyradiomycin-3.yaml
naturalproductmech:mibig-f1d8778e8d	AMINO_ACIDS_AND_PEPTIDES	tasikamide-a	data/natural_products/amino_acids_and_peptides/tasikamide-a.yaml
naturalproductmech:mibig-f1e6ed4a9e	ALKALOIDS	phenaszenketide-d	data/natural_products/alkaloids/phenaszenketide-d.yaml
naturalproductmech:mibig-f1e9dbdade	ALKALOIDS	gonyautoxin-2	data/natural_products/alkaloids/gonyautoxin-2.yaml
naturalproductmech:mibig-f1ea9f42f5	POLYKETIDES	arimetamycin-a	data/natural_products/polyketides/arimetamycin-a.yaml
naturalproductmech:mibig-f21202a3e0	POLYKETIDES	pladienolide-b	data/natural_products/polyketides/pladienolide-b.yaml
naturalproductmech:mibig-f2411a893b	UNCLASSIFIED	be-43547c1	data/natural_products/unclassified/be-43547c1.yaml
naturalproductmech:mibig-f2546c9b05	UNCLASSIFIED	13-epi-higginsianin-c	data/natural_products/unclassified/13-epi-higginsianin-c.yaml
naturalproductmech:mibig-f297f48daf	UNCLASSIFIED	triostin-a	data/natural_products/unclassified/triostin-a.yaml
naturalproductmech:mibig-f2b2807434	ALKALOIDS	hydroxysporine	data/natural_products/alkaloids/hydroxysporine.yaml
naturalproductmech:mibig-f2b4cdecaa	FATTY_ACIDS	protegencin	data/natural_products/fatty_acids/protegencin.yaml
naturalproductmech:mibig-f2c1ece4b1	ALKALOIDS	cyanogramide-d	data/natural_products/alkaloids/cyanogramide-d.yaml
naturalproductmech:mibig-f2c8ede2bc	TERPENOIDS	tiancilactone-f	data/natural_products/terpenoids/tiancilactone-f.yaml
naturalproductmech:mibig-f2ec39c3d8	ALKALOIDS	limazepine-a	data/natural_products/alkaloids/limazepine-a.yaml
naturalproductmech:mibig-f2ed2722f6	POLYKETIDES	pamamycin-663a	data/natural_products/polyketides/pamamycin-663a.yaml
naturalproductmech:mibig-f2f3051989	TERPENOIDS	heptelidic-acid	data/natural_products/terpenoids/heptelidic-acid.yaml
naturalproductmech:mibig-f2f6106cb3	POLYKETIDES	uwm5	data/natural_products/polyketides/uwm5.yaml
naturalproductmech:mibig-f2f849b16f	ALKALOIDS	fervenulin	data/natural_products/alkaloids/fervenulin.yaml
naturalproductmech:mibig-f2fa461bbb	TERPENOIDS	chejuenolide-b	data/natural_products/terpenoids/chejuenolide-b.yaml
naturalproductmech:mibig-f32668072c	POLYKETIDES	isoindolinomycin	data/natural_products/polyketides/isoindolinomycin.yaml
naturalproductmech:mibig-f329415ee7	UNCLASSIFIED	ws9326a	data/natural_products/unclassified/ws9326a.yaml
naturalproductmech:mibig-f35b98ab86	UNCLASSIFIED	hapalosin-a	data/natural_products/unclassified/hapalosin-a.yaml
naturalproductmech:mibig-f3cb15d2b6	TERPENOIDS	cyslabdan-a	data/natural_products/terpenoids/cyslabdan-a.yaml
naturalproductmech:mibig-f3dc57bf36	AMINO_ACIDS_AND_PEPTIDES	variochelin-b	data/natural_products/amino_acids_and_peptides/variochelin-b.yaml
naturalproductmech:mibig-f3f39f8c33	AMINO_ACIDS_AND_PEPTIDES	aeruginosin-98-c	data/natural_products/amino_acids_and_peptides/aeruginosin-98-c.yaml
naturalproductmech:mibig-f435b078f6	UNCLASSIFIED	2r-3s-4s-5-fluoro-2-3-4-trihydroxypentanoic-acid	data/natural_products/unclassified/2r-3s-4s-5-fluoro-2-3-4-trihydroxypentanoic-acid.yaml
naturalproductmech:mibig-f4453008bb	UNCLASSIFIED	dkxanthene-534	data/natural_products/unclassified/dkxanthene-534.yaml
naturalproductmech:mibig-f478b3a4f7	TERPENOIDS	secobotrydiene-3-4-10-15-tetraol	data/natural_products/terpenoids/secobotrydiene-3-4-10-15-tetraol.yaml
naturalproductmech:mibig-f484710ce7	AMINO_ACIDS_AND_PEPTIDES	valclavam	data/natural_products/amino_acids_and_peptides/valclavam.yaml
naturalproductmech:mibig-f48bc4a1e1	ALKALOIDS	pyrrolizixenamide-a	data/natural_products/alkaloids/pyrrolizixenamide-a.yaml
naturalproductmech:mibig-f491cb2954	POLYKETIDES	rubiginone-b2	data/natural_products/polyketides/rubiginone-b2.yaml
naturalproductmech:mibig-f4aac6595c	POLYKETIDES	akaeolide	data/natural_products/polyketides/akaeolide.yaml
naturalproductmech:mibig-f4b346ecf6	ALKALOIDS	corynecin-i	data/natural_products/alkaloids/corynecin-i.yaml
naturalproductmech:mibig-f4bf230570	UNCLASSIFIED	muscoride-b	data/natural_products/unclassified/muscoride-b.yaml
naturalproductmech:mibig-f4c088035c	UNCLASSIFIED	be-43547c2	data/natural_products/unclassified/be-43547c2.yaml
naturalproductmech:mibig-f4c861024c	CARBOHYDRATES	angustmycin-a	data/natural_products/carbohydrates/angustmycin-a.yaml
naturalproductmech:mibig-f54481259d	POLYKETIDES	carbamidocyclophane-s	data/natural_products/polyketides/carbamidocyclophane-s.yaml
naturalproductmech:mibig-f5689fc9ff	ALKALOIDS	3-2-hydroxy-3-oxo-4-methylhexyl-indole	data/natural_products/alkaloids/3-2-hydroxy-3-oxo-4-methylhexyl-indole.yaml
naturalproductmech:mibig-f5887fcf9e	AMINO_ACIDS_AND_PEPTIDES	pseudovibriamide-a5	data/natural_products/amino_acids_and_peptides/pseudovibriamide-a5.yaml
naturalproductmech:mibig-f58cc3a4a9	POLYKETIDES	inthomycin-b	data/natural_products/polyketides/inthomycin-b.yaml
naturalproductmech:mibig-f5ac1858de	ALKALOIDS	butanochelin	data/natural_products/alkaloids/butanochelin.yaml
naturalproductmech:mibig-f5aed2744f	ALKALOIDS	pzn6	data/natural_products/alkaloids/pzn6.yaml
naturalproductmech:mibig-f5d92fc02d	ALKALOIDS	diazaquinomycin-g	data/natural_products/alkaloids/diazaquinomycin-g.yaml
naturalproductmech:mibig-f5e8fe411a	TERPENOIDS	compound-3-3	data/natural_products/terpenoids/compound-3-3.yaml
naturalproductmech:mibig-f605750fe0	POLYKETIDES	nocardiopsistin-c	data/natural_products/polyketides/nocardiopsistin-c.yaml
naturalproductmech:mibig-f6192f7afb	AMINO_ACIDS_AND_PEPTIDES	pentacitidin-a	data/natural_products/amino_acids_and_peptides/pentacitidin-a.yaml
naturalproductmech:mibig-f66b310326	POLYKETIDES	bisenarsan	data/natural_products/polyketides/bisenarsan.yaml
naturalproductmech:mibig-f6a1b4945e	UNCLASSIFIED	splenocin-c	data/natural_products/unclassified/splenocin-c.yaml
naturalproductmech:mibig-f6e3c4d735	POLYKETIDES	hierridin-b	data/natural_products/polyketides/hierridin-b.yaml
naturalproductmech:mibig-f6e5a95e78	AMINO_ACIDS_AND_PEPTIDES	apicidin	data/natural_products/amino_acids_and_peptides/apicidin.yaml
naturalproductmech:mibig-f6f16956ff	TERPENOIDS	jerangolid-d	data/natural_products/terpenoids/jerangolid-d.yaml
naturalproductmech:mibig-f6f3e2e074	POLYKETIDES	tiacumicin-b	data/natural_products/polyketides/tiacumicin-b.yaml
naturalproductmech:mibig-f72df1eae3	POLYKETIDES	ws-79089b	data/natural_products/polyketides/ws-79089b.yaml
naturalproductmech:mibig-f737736f7f	UNCLASSIFIED	cda4a	data/natural_products/unclassified/cda4a.yaml
naturalproductmech:mibig-f774fd47d3	ALKALOIDS	secimide	data/natural_products/alkaloids/secimide.yaml
naturalproductmech:mibig-f78620a667	AMINO_ACIDS_AND_PEPTIDES	keratinimicin-d	data/natural_products/amino_acids_and_peptides/keratinimicin-d.yaml
naturalproductmech:mibig-f79f7e1d44	POLYKETIDES	maduramicin	data/natural_products/polyketides/maduramicin.yaml
naturalproductmech:mibig-f7e02cf0c0	ALKALOIDS	odilorhabdin-noso-95b	data/natural_products/alkaloids/odilorhabdin-noso-95b.yaml
naturalproductmech:mibig-f7f0e847a4	AMINO_ACIDS_AND_PEPTIDES	microviridin-n4	data/natural_products/amino_acids_and_peptides/microviridin-n4.yaml
naturalproductmech:mibig-f80786c59b	AMINO_ACIDS_AND_PEPTIDES	megapolibactin-e	data/natural_products/amino_acids_and_peptides/megapolibactin-e.yaml
naturalproductmech:mibig-f81c240204	TERPENOIDS	demethoxyviridin	data/natural_products/terpenoids/demethoxyviridin.yaml
naturalproductmech:mibig-f827d9f550	UNCLASSIFIED	youssoufene-b3	data/natural_products/unclassified/youssoufene-b3.yaml
naturalproductmech:mibig-f8689e11dd	TERPENOIDS	calidoustene-b	data/natural_products/terpenoids/calidoustene-b.yaml
naturalproductmech:mibig-f8a769801f	POLYKETIDES	agnestadride-b	data/natural_products/polyketides/agnestadride-b.yaml
naturalproductmech:mibig-f8a840ea51	POLYKETIDES	lijiquinone	data/natural_products/polyketides/lijiquinone.yaml
naturalproductmech:mibig-f8ba0c3945	TERPENOIDS	xanthan	data/natural_products/terpenoids/xanthan.yaml
naturalproductmech:mibig-f8bee7fa83	POLYKETIDES	streptoketide-b	data/natural_products/polyketides/streptoketide-b.yaml
naturalproductmech:mibig-f91ecf51fe	AMINO_ACIDS_AND_PEPTIDES	gallidermin	data/natural_products/amino_acids_and_peptides/gallidermin.yaml
naturalproductmech:mibig-f926c1568d	POLYKETIDES	spiramycin	data/natural_products/polyketides/spiramycin.yaml
naturalproductmech:mibig-f92abfa3ea	AMINO_ACIDS_AND_PEPTIDES	ririwpeptide-b	data/natural_products/amino_acids_and_peptides/ririwpeptide-b.yaml
naturalproductmech:mibig-f92de4c0b4	UNCLASSIFIED	necroxime-b	data/natural_products/unclassified/necroxime-b.yaml
naturalproductmech:mibig-f9397d9679	UNCLASSIFIED	kitacinnamycin-b	data/natural_products/unclassified/kitacinnamycin-b.yaml
naturalproductmech:mibig-f93ab0cb8a	AMINO_ACIDS_AND_PEPTIDES	saccharochelin-c	data/natural_products/amino_acids_and_peptides/saccharochelin-c.yaml
naturalproductmech:mibig-f94da5bfa3	POLYKETIDES	luminaolide-b	data/natural_products/polyketides/luminaolide-b.yaml
naturalproductmech:mibig-f9839aac21	POLYKETIDES	rubiginone-n	data/natural_products/polyketides/rubiginone-n.yaml
naturalproductmech:mibig-f9a5694198	AMINO_ACIDS_AND_PEPTIDES	rhabdopeptide-1	data/natural_products/amino_acids_and_peptides/rhabdopeptide-1.yaml
naturalproductmech:mibig-f9aa045875	UNCLASSIFIED	bolagladin-b	data/natural_products/unclassified/bolagladin-b.yaml
naturalproductmech:mibig-f9b470e34a	ALKALOIDS	acinetoferrin	data/natural_products/alkaloids/acinetoferrin.yaml
naturalproductmech:mibig-f9eb798edb	CARBOHYDRATES	acarviostatin-iv03	data/natural_products/carbohydrates/acarviostatin-iv03.yaml
naturalproductmech:mibig-fa04b8bf79	FATTY_ACIDS	chlorosphaerolactylate-b	data/natural_products/fatty_acids/chlorosphaerolactylate-b.yaml
naturalproductmech:mibig-fa248dbc45	AMINO_ACIDS_AND_PEPTIDES	syringafactin-c	data/natural_products/amino_acids_and_peptides/syringafactin-c.yaml
naturalproductmech:mibig-fa36d6dbf9	ALKALOIDS	12-epi-hapalindole-e	data/natural_products/alkaloids/12-epi-hapalindole-e.yaml
naturalproductmech:mibig-fa5e07dd06	UNCLASSIFIED	pelgipeptin-d	data/natural_products/unclassified/pelgipeptin-d.yaml
naturalproductmech:mibig-fa6680e360	POLYKETIDES	lobophorin-b	data/natural_products/polyketides/lobophorin-b.yaml
naturalproductmech:mibig-fa7b15be2c	POLYKETIDES	antibiotic-a2121-1	data/natural_products/polyketides/antibiotic-a2121-1.yaml
naturalproductmech:mibig-fa7dfe23e7	POLYKETIDES	niddamycin	data/natural_products/polyketides/niddamycin.yaml
naturalproductmech:mibig-fa820c0e90	POLYKETIDES	oxytetracycline	data/natural_products/polyketides/oxytetracycline.yaml
naturalproductmech:mibig-fab4514aec	UNCLASSIFIED	stechlisin-f	data/natural_products/unclassified/stechlisin-f.yaml
naturalproductmech:mibig-facad00852	UNCLASSIFIED	histidyltryptophanyldiketopiperazine	data/natural_products/unclassified/histidyltryptophanyldiketopiperazine.yaml
naturalproductmech:mibig-fad4f769e5	POLYKETIDES	sungeidine-c	data/natural_products/polyketides/sungeidine-c.yaml
naturalproductmech:mibig-fad9e0f325	POLYKETIDES	alnumycin-p	data/natural_products/polyketides/alnumycin-p.yaml
naturalproductmech:mibig-fb0a482db7	POLYKETIDES	galtamycin-d	data/natural_products/polyketides/galtamycin-d.yaml
naturalproductmech:mibig-fb24cd521f	UNCLASSIFIED	pyrroloformamide-c	data/natural_products/unclassified/pyrroloformamide-c.yaml
naturalproductmech:mibig-fb28425c96	UNCLASSIFIED	xenoamicin-b	data/natural_products/unclassified/xenoamicin-b.yaml
naturalproductmech:mibig-fb29c28c86	TERPENOIDS	compound-15	data/natural_products/terpenoids/compound-15.yaml
naturalproductmech:mibig-fb45a7e9e0	POLYKETIDES	rosamicin-2	data/natural_products/polyketides/rosamicin-2.yaml
naturalproductmech:mibig-fb4e9dd5ea	AMINO_ACIDS_AND_PEPTIDES	cystomanamide-d	data/natural_products/amino_acids_and_peptides/cystomanamide-d.yaml
naturalproductmech:mibig-fb5b9253c5	TERPENOIDS	isorenieratene	data/natural_products/terpenoids/isorenieratene.yaml
naturalproductmech:mibig-fb70294680	POLYKETIDES	asperlin	data/natural_products/polyketides/asperlin.yaml
naturalproductmech:mibig-fb83d937b9	CARBOHYDRATES	paromomycin	data/natural_products/carbohydrates/paromomycin.yaml
naturalproductmech:mibig-fb87f28c4d	ALKALOIDS	roseoflavin	data/natural_products/alkaloids/roseoflavin.yaml
naturalproductmech:mibig-fb9891ff72	AMINO_ACIDS_AND_PEPTIDES	a-47934	data/natural_products/amino_acids_and_peptides/a-47934.yaml
naturalproductmech:mibig-fbe61393a1	FATTY_ACIDS	zeamine	data/natural_products/fatty_acids/zeamine.yaml
naturalproductmech:mibig-fc1bbdb440	AMINO_ACIDS_AND_PEPTIDES	nosiheptide-2	data/natural_products/amino_acids_and_peptides/nosiheptide-2.yaml
naturalproductmech:mibig-fc3c939d83	UNCLASSIFIED	salinamide-d	data/natural_products/unclassified/salinamide-d.yaml
naturalproductmech:mibig-fc42f3f83b	POLYKETIDES	mutaxanthene-d	data/natural_products/polyketides/mutaxanthene-d.yaml
naturalproductmech:mibig-fc4c3d3c1c	ALKALOIDS	phenaziterpene-a	data/natural_products/alkaloids/phenaziterpene-a.yaml
naturalproductmech:mibig-fc5f32e530	POLYKETIDES	ustilaginoidin-f	data/natural_products/polyketides/ustilaginoidin-f.yaml
naturalproductmech:mibig-fc60b2553b	FATTY_ACIDS	myxofacycline-b	data/natural_products/fatty_acids/myxofacycline-b.yaml
naturalproductmech:mibig-fc7f69067f	POLYKETIDES	lagriene	data/natural_products/polyketides/lagriene.yaml
naturalproductmech:mibig-fc82673df0	POLYKETIDES	ustilaginoidin-n	data/natural_products/polyketides/ustilaginoidin-n.yaml
naturalproductmech:mibig-fcc1c02d41	UNCLASSIFIED	irciniastatin-b	data/natural_products/unclassified/irciniastatin-b.yaml
naturalproductmech:mibig-fcc59363e7	ALKALOIDS	welwitindolinone-a-isonitrile	data/natural_products/alkaloids/welwitindolinone-a-isonitrile.yaml
naturalproductmech:mibig-fccfcb9977	POLYKETIDES	hydroxyl-fumonisin-c1	data/natural_products/polyketides/hydroxyl-fumonisin-c1.yaml
naturalproductmech:mibig-fccfeb508e	TERPENOIDS	helvolic-acid	data/natural_products/terpenoids/helvolic-acid.yaml
naturalproductmech:mibig-fcf9970b24	TERPENOIDS	trehangelin	data/natural_products/terpenoids/trehangelin.yaml
naturalproductmech:mibig-fcffed8321	POLYKETIDES	be-7585a	data/natural_products/polyketides/be-7585a.yaml
naturalproductmech:mibig-fd260f24d4	UNCLASSIFIED	acetylaszonalenin	data/natural_products/unclassified/acetylaszonalenin.yaml
naturalproductmech:mibig-fd2940acc4	TERPENOIDS	compound-6-2	data/natural_products/terpenoids/compound-6-2.yaml
naturalproductmech:mibig-fd6c769099	UNCLASSIFIED	5-isoprenylindole-3-carboxylate-d-glycosyl-ester	data/natural_products/unclassified/5-isoprenylindole-3-carboxylate-d-glycosyl-ester.yaml
naturalproductmech:mibig-fd8d05ab0d	AMINO_ACIDS_AND_PEPTIDES	heinamide-b2	data/natural_products/amino_acids_and_peptides/heinamide-b2.yaml
naturalproductmech:mibig-fd95ffc9b6	UNCLASSIFIED	salinamide-a	data/natural_products/unclassified/salinamide-a.yaml
naturalproductmech:mibig-fdb38897cc	POLYKETIDES	eco-0501	data/natural_products/polyketides/eco-0501.yaml
naturalproductmech:mibig-fdb75d9649	UNCLASSIFIED	neoantimycin-2	data/natural_products/unclassified/neoantimycin-2.yaml
naturalproductmech:mibig-fdb8e1a792	POLYKETIDES	selvamicin	data/natural_products/polyketides/selvamicin.yaml
naturalproductmech:mibig-fdc0553fa7	POLYKETIDES	megalomicin-c1	data/natural_products/polyketides/megalomicin-c1.yaml
naturalproductmech:mibig-fddd330e1e	UNCLASSIFIED	rakicidin-a-2	data/natural_products/unclassified/rakicidin-a-2.yaml
naturalproductmech:mibig-fe0589d864	ALKALOIDS	undecylprodigiosin-2	data/natural_products/alkaloids/undecylprodigiosin-2.yaml
naturalproductmech:mibig-fe0631e88c	TERPENOIDS	hopene	data/natural_products/terpenoids/hopene.yaml
naturalproductmech:mibig-fe3093dfd3	UNCLASSIFIED	10-epi-fi-2	data/natural_products/unclassified/10-epi-fi-2.yaml
naturalproductmech:mibig-fe41e6c6f1	ALKALOIDS	protochelin	data/natural_products/alkaloids/protochelin.yaml
naturalproductmech:mibig-fe4d699962	UNCLASSIFIED	hapalosin-e	data/natural_products/unclassified/hapalosin-e.yaml
naturalproductmech:mibig-fe51add3cd	TERPENOIDS	napyradiomycin	data/natural_products/terpenoids/napyradiomycin.yaml
naturalproductmech:mibig-fe5fafeeaf	UNCLASSIFIED	brasiliamide-b	data/natural_products/unclassified/brasiliamide-b.yaml
naturalproductmech:mibig-fe74398a09	AMINO_ACIDS_AND_PEPTIDES	virginiafactin-b	data/natural_products/amino_acids_and_peptides/virginiafactin-b.yaml
naturalproductmech:mibig-fe7f6f9171	POLYKETIDES	cepacin-a	data/natural_products/polyketides/cepacin-a.yaml
naturalproductmech:mibig-feb0474bb8	POLYKETIDES	jadomycin	data/natural_products/polyketides/jadomycin.yaml
naturalproductmech:mibig-feb62f79ee	UNCLASSIFIED	aspirochlorine	data/natural_products/unclassified/aspirochlorine.yaml
naturalproductmech:mibig-fed1122778	ALKALOIDS	ambiguine-c-isonitrile	data/natural_products/alkaloids/ambiguine-c-isonitrile.yaml
naturalproductmech:mibig-fed5796f29	UNCLASSIFIED	kedarcidin	data/natural_products/unclassified/kedarcidin.yaml
naturalproductmech:mibig-fed5fefc36	UNCLASSIFIED	locillomycin-c	data/natural_products/unclassified/locillomycin-c.yaml
naturalproductmech:mibig-fed97c0a20	TERPENOIDS	merochlorin-a	data/natural_products/terpenoids/merochlorin-a.yaml
naturalproductmech:mibig-fee92dfddc	UNCLASSIFIED	tenuazonic-acid	data/natural_products/unclassified/tenuazonic-acid.yaml
naturalproductmech:mibig-feede3fe88	UNCLASSIFIED	hancockiamide-f	data/natural_products/unclassified/hancockiamide-f.yaml
naturalproductmech:mibig-ff1730935d	FATTY_ACIDS	tg-1	data/natural_products/fatty_acids/tg-1.yaml
naturalproductmech:mibig-ff5bbfe1cf	POLYKETIDES	benaphthamycin	data/natural_products/polyketides/benaphthamycin.yaml
naturalproductmech:mibig-ff647af96f	POLYKETIDES	phorbactazole-d	data/natural_products/polyketides/phorbactazole-d.yaml
naturalproductmech:mibig-ff64f5ff59	POLYKETIDES	monorden-d	data/natural_products/polyketides/monorden-d.yaml
naturalproductmech:mibig-ff72b656ae	TERPENOIDS	secobotrytriendiol	data/natural_products/terpenoids/secobotrytriendiol.yaml
naturalproductmech:mibig-ff7edf7a23	POLYKETIDES	clifednamide-g	data/natural_products/polyketides/clifednamide-g.yaml
naturalproductmech:mibig-ff861ceaab	UNCLASSIFIED	griselimycin	data/natural_products/unclassified/griselimycin.yaml
naturalproductmech:mibig-ff88cfc928	AMINO_ACIDS_AND_PEPTIDES	microcystin-ll	data/natural_products/amino_acids_and_peptides/microcystin-ll.yaml
naturalproductmech:mibig-ff934c4818	UNCLASSIFIED	nocuolactylate-a	data/natural_products/unclassified/nocuolactylate-a.yaml
naturalproductmech:mibig-ff941f6d00	UNCLASSIFIED	orfamide-c	data/natural_products/unclassified/orfamide-c.yaml
naturalproductmech:mibig-ff9c16deb1	POLYKETIDES	alkylpyrone-407	data/natural_products/polyketides/alkylpyrone-407.yaml
naturalproductmech:mibig-ffbecb0bfb	CARBOHYDRATES	capsular-polysaccharide-3	data/natural_products/carbohydrates/capsular-polysaccharide-3.yaml
naturalproductmech:mibig-ffbfd1a6e8	POLYKETIDES	wakodecalines-b	data/natural_products/polyketides/wakodecalines-b.yaml
naturalproductmech:mibig-ffcfa830fe	UNCLASSIFIED	triticone-f	data/natural_products/unclassified/triticone-f.yaml
naturalproductmech:mibig-fffbcf12e4	AMINO_ACIDS_AND_PEPTIDES	surugamide-a	data/natural_products/amino_acids_and_peptides/surugamide-a.yaml
naturalproductmech:mibig-fffcef9c0b	ALKALOIDS	sf2768	data/natural_products/alkaloids/sf2768.yaml
