organism_name	requested_by
Abacopteris penangiana	chebi_origins
Abroma augusta	lotus
Abuta imene	lotus
Acacia homalophylla	lotus
Acacia karoo	lotus
Acacia pennata	chebi_origins
Acacia prismatica	lotus
Acacia simplicifolia	lotus
Acalypha marginata	lotus
Acanthella costata	lotus
Acanthella dendyi	lotus
Acanthella klethra	lotus
Acanthella vulgata	lotus
Acanthogorgia turgida	lotus
Acanthopanax henryi	chebi_origins
Acarnus bergquistae	lotus
Acarnus erithacus	lotus
Acarospora montana	lotus
Acaryochloris; Chlorogloeopsis n.a.	cyanometdb
Achillea arabica	lotus
Achillea cartilaginea	lotus
Achillea depressa	lotus
Achillea dracunculus	lotus
Achillea falcata	lotus
Achillea millefolium var. occidentalis	lotus
Achillea purpurea	lotus
Achillea schischkinii	lotus
Achillea spinulifolia	lotus
Achillea umbellata	lotus
Achyranthes aspera var. rubrofusca	lotus
Achyranthes fauriei	lotus
Achyrocline bogotensis	lotus
Aconitum altaicum	lotus
Aconitum falconeri	lotus
Aconitum fauriei	lotus
Aconitum jaluense var. glabrescens	lotus
Aconitum kojimae	lotus
Aconitum koreanum	lotus
Aconitum paniculatum	chebi_origins
Aconitum pseudohuiliense	lotus
Aconitum rubicundum	lotus
Aconitum soongoricum	lotus
Aconitum zuccarini	lotus
Acremonium neocaledoniae	lotus
Acremonium starrii	lotus
Acrospermum viticola	lotus
Actinidia chinensis var. hispida	lotus
Actinodaphne longifolia	lotus
Actinostemma paniculatum	lotus
Acyrthosiphon norvegicum	lotus
Adiantum lunulatum	lotus
Adocia	lotus
Aegiphila lhotskiana	lotus
Aeollanthus subacaulis var. linearis	lotus
Aequatorium verrucosum	lotus
Aetokthonos hydrillicola n.a.	cyanometdb
Aframomum pruinosum	lotus
Aframomum sulcatum	lotus
Africana	lotus
Agaricus bisporus var. bisporus (strain H97 / ATCC MYA-4626 / FGSC 10389)	bindingdb
Agarum asiaticum	lotus
Agastache formosana	lotus
Agathosma barosmaefolia	lotus
Agathosma eriantha	lotus
Agathosma thymifolia	lotus
Agave americana var. expansa	lotus
Agave angustifolia var. angustifolia	lotus
Agave atrovirens var. mirabilis	lotus
Agave lophantha	lotus
Agave maculata	lotus
Agave parryi huachucensis	lotus
Agave parryi var. huachucensis	lotus
Agave univittata	lotus
Agelanthus dodoneifolius	lotus
Agelas dendromorpha	lotus
Agelas linnaei	lotus
Ageratum tomentosum	lotus
Aglaia andamanica	chebi_origins,lotus
Aglaia duperreana	chebi_origins
Aglaia ponapensis	lotus
Aglaonema treubii	lotus
Agrostemma brachyloba	lotus
Agrostemma githago var. githago	lotus
Agrostemma gracilis	lotus
Agyrophora lyngei	lotus
Agyrophora scholanderi	lotus
Ailanthus malabarica	chebi_origins
Ainigmaptilon antarcticum	lotus
Ajuga integrifolia	lotus
Ajuga japonica	lotus
Ajuga laxmannii	lotus
Ajuga pantantha	lotus
Ajuga postii	lotus
Ajuga relicta	lotus
Ajuga salicifolia	lotus
Ajuga yezoensis	lotus
Alangium lamarckii	lotus
Alaria angusta	lotus
Albizia julibrissin var. mollis	lotus
Alcea ficifolia	lotus
Alchornea sidifolia	lotus
Alcyonium fauri	lotus
Alcyonium grandis	lotus
Alcyonium patagonicum	lotus
Alectoria japonica	lotus
Alectoria subsarmentosa	lotus
Alepidea longifolia	lotus
Alhagi canescens	chebi_origins
Allaeanthus zeylanicus	lotus
Allanblackia monticola	chebi_origins,lotus
Allographa cognata	lotus
Allographa elongata	lotus
Allographa vestitoides	lotus
Allophylus laevigatus	lotus
Alniaria japonica	lotus
Aloe buchlohii	lotus
Aloe dolomitica	lotus
Aloe duckeri	lotus
Aloe kefaensis	lotus
Aloe kirkii	lotus
Aloe lateritia var. graminicola	lotus
Aloe ortholopha	lotus
Aloe rugosifolia	lotus
Aloe secundiflora var. secundiflora	lotus
Aloe secundiflora var. tweediae	lotus
Aloe sobolifera	lotus
Aloe soutpansbergensis	lotus
Aloe spectabilis	lotus
Alpinia densespicata	lotus
Alsidium helminthochorton	lotus
Alstonia actinophylla	lotus
Alstonia coriacea	lotus
Alstonia costata	lotus
Alstonia mollis	lotus
Alstonia penangiana	lotus
Alstonia undulata	chebi_origins
Alternanthera maritima	chebi_origins,lotus
Alternanthera polygonoides	lotus
Alternaria senecionis	lotus
Althaea broussonetiifolia	lotus
Althaea narbonensis	lotus
Amathia pinnata	lotus
Amathia tortuosa	lotus
Amathia wilsoni	lotus
Ambassa hochstetteri	lotus
Amberboa ramosa	lotus
Amitermes papuanus	lotus
Ammodendron karelini	lotus
Amomum kravanh	lotus
Amomum pavieanum	lotus
Amoora rohituka	chebi_origins,lotus
Amphiachyris amoenum	lotus
Ampulliferina	lotus
Amsinckia douglasiana	lotus
Amsinckia eastwoodae	lotus
Amsinckia lunaris	lotus
Amsinckia lycopsioides	lotus
Amsinckia menziesii var. intermedia	lotus
Amsonia brevifolia	chebi_origins
Amyris sylvatica	lotus
Amyris texana	lotus
Anabaena crispa	lotus
Anabaena flos aquae	cyanometdb
Anabaena hallensis	cyanometdb
Anabaena n.a.	cyanometdb
Anabaena/Dolichospermum flos aquae	cyanometdb
Anabaena/Dolichospermum n.a.	cyanometdb
Anabaena; Aphanizomenon; Cylindrospermopsis; Lyngbya Anabaena]circinalis	cyanometdb
Anabaena; Cylindrospermopsis [Anabaena]circinalis	cyanometdb
Anabaena; Microcystis n.a.	cyanometdb
Anabaenopsis rippkae	lotus
Anacheilium kaustkyi	lotus
Anacystis nidulans	lotus
Anacystis; Chroococcus; Lyngbya; Nostoc; Spirulina n.a.	cyanometdb
Anaphalis araneosa	lotus
Anarthrophyllum andicolum	lotus
Ancorina geodides	lotus
Andrographis ceylanica	lotus
Andrographis neesiana	lotus
Andrographis wightiana	lotus
Anemonastrum crinitum	lotus
Anethum sowa	lotus
Angelica tenuisecta var. furcijuga	lotus
Angiopteris pruinosa	lotus
Anisacanthus virgularis	lotus
Annona atemoya	chebi_origins
Annona cherimolia	lotus
Annona foteida	chebi_origins
Annona impressivenia	lotus
Annulohypoxylon elevatidiscum	lotus
Annulohypoxylon multiforme var. multiforme	lotus
Anomalographis madeirensis	lotus
Anomianthus	lotus
Anthemis altissima	lotus
Anthemis brachycentra	lotus
Anthemis cot	lotus
Anthemis montana	lotus
Anthenea pentagonula	lotus
Antho graceae	lotus
Anthomastus bathyproctus	lotus
Anthoptilum kukenthali	lotus
Antidesma montanum var. montanum	lotus
Antithamnion plumula	lotus
Anzia americana	lotus
Anzia gracilis	lotus
Anzia semiteres	lotus
Apatococcus constipatus	lotus
Aphanizomenon catenatum	cyanometdb
Aphanizomenon flos aquae	cyanometdb
Aphanizomenon n.a.	cyanometdb
Aphanizomenon; Anabaena; Cylindrospermopsis; Planktothrix [Aphanizomenon]flos aquae	cyanometdb
Aphanizomenon; Cylindrospermopsis [Aphanizomenon]flos aquae	cyanometdb
Aphanocapsa n.a.	cyanometdb
Aphanothece; Spirulina; Synechococcus; Synechocystis n.a.	cyanometdb
Apiognomonia erythrostoma	lotus
Apiosphaeria nipponica	lotus
Aplidiopsis	lotus
Aplidiopsis confluata	lotus
Aplidiopsis ocellatus	lotus
Aplidium albicans	lotus
Aplidium altarium	lotus
Aplidium benhami	lotus
Aplidium caelestis	lotus
Aplidium californicum	lotus
Aplidium cyaneum	lotus
Aplidium haouarianum	lotus
Aplidium lobatum	lotus
Aplidium longithorax	lotus
Aplidium meridianum	lotus
Aplidium orthium	lotus
Aplidium pantherinum	lotus
Aplidium scabellum	lotus
Aplidium solidum	lotus
Aplidium tabascum	lotus
Aplidium uouo	lotus
Aplysilla glacialis	lotus
Aplysilla pallida	lotus
Aplysilla polyraphis	lotus
Aplysilla sulphurea	lotus
Apodachlyella completa	lotus
Aquilegia cultorum	lotus
Aquilegia microphylla	lotus
Arachniodes cornucervi	lotus
Arachniotus punctatus	lotus
Aralia elata var. elata	lotus
Arctomecon humile	lotus
Ardisia complanata	lotus
Ardisia kivuensis	lotus
Arecastrum romanzoffianum	lotus
Arecophila saccharicola	lotus
Arenaria filicaulis	lotus
Arenochalina	lotus
Argemone alba	lotus
Argemone polyanthemos	lotus
Argyrolobium variopile	lotus
Aria callophylla	lotus
Aria elegans	lotus
Aria obovata	lotus
Aria rostellata	lotus
Arichanna gaschkevitchii	lotus
Aristeguietia buddleaefolia	lotus
Aristeguietia glutinosa	lotus
Arnicratea grahamii	lotus
Arpia janeira	lotus
Arpia marginalis	lotus
Arrhenatherum longifolium	lotus
Artemisia albida	lotus
Artemisia ammaniana	lotus
Artemisia dentata	lotus
Artemisia filatovae	lotus
Artemisia glutinosa	lotus
Artemisia hispanica	lotus
Artemisia kulbadica	lotus
Artemisia loureiroi	lotus
Artemisia mollis	lotus
Artemisia obtusiloba var. glabra	lotus
Artemisia siversiana	lotus
Artemisia tenuis	lotus
Artemisia vulgaris var. vulgaris	lotus
Artemisina apollinis	lotus
Arthonia cinnabarina var. cinnabarina	lotus
Arthonia endlicheri	lotus
Arthrobotrys brochopagus	lotus
Arthrospira laxissima	lotus
Arthrospira spirulina	cyanometdb
Artomyces divaricatus	lotus
Asarum constrictum	lotus
Asarum dilatatum	lotus
Asarum fauriei takaoi	lotus
Asarum hatushimae	lotus
Ascochyta agropyrina	lotus
Ascochyta cypericola	lotus
Ascochyta hyalospora	lotus
Ascochyta lathyri	lotus
Ascochyta salicorniae	lotus
Ascochyta sonchi	lotus
Ascotricha amphitricha	lotus
Ascotricha sinuosae	lotus
Aseraggodes diringeri	lotus
Aspergillus aegyptiacus	lotus
Aspergillus albus	lotus
Aspergillus citricus	lotus
Aspergillus fonsecaeus	chebi_origins,lotus
Aspergillus nomius	lotus
Aspidella solitaria	lotus
Aspidosperma eburneum	lotus
Aspidosperma gomezianum	lotus
Aspidosperma nitidum	lotus
Aspidosperma obscurinervum	lotus
Aspilia silphioides	lotus
Asplenium foreziense	lotus
Asplenium trichomanes-ramosum	lotus
Asplenium viviparum	lotus
Asplenium wachaviense	lotus
Aster patagonicus	lotus
Aster salignus	lotus
Asterella angusta	lotus
Asterias rathbuni	lotus
Asterocapsa nidulans	lotus
Astomaea seselifolium	lotus
Astragalus ciceroides	lotus
Astragalus condensatus	lotus
Astragalus diversifolius	lotus
Astragalus huetii	lotus
Astragalus kadshorensis	lotus
Astragalus lagopoides	lotus
Astragalus massiliensis	lotus
Astragalus mongolicus	lotus
Astragalus thracicus	lotus
Astragalus tomentosus	lotus
Astragalus trojanus	lotus
Astragalus unifoliolatus	lotus
Astragalus uninodus	lotus
Astrosphaeriella papuana	lotus
Atadinus fallax	lotus
Atelopus oxyrhynchus	lotus
Athanasia linifolia	lotus
Athanasia pinnata	lotus
Athroisma proteiforme	chebi_origins,lotus
Athyrium crassicaule	lotus
Athyrium filix	lotus
Athyrium mesosorum	chebi_origins
Attalea princeps	lotus
Aucklandia costus	lotus
Aulosira fertilissima Ghose	cyanometdb
Austroeupatorium inulaefolium	lotus
Austrolycopodium aberdaricum	lotus
Austrolycopodium confertum	lotus
Austrolycopodium paniculatum	lotus
Austrotachardia acaciae	lotus
Avrainvillea longicaulis	lotus
Axinella bidderi	lotus
Axinella cylindratus	lotus
Axinella weltneri	lotus
Axinyssa digitata	lotus
Axinyssa isabela	lotus
Axinyssa mertoni	lotus
Axinyssa terpnis	lotus
Ayapana elata	lotus
Aïphanes aculeata	chebi_origins
Ba	lotus
Baccharis alaternoides	lotus
Baccharis bigelovii	lotus
Baccharis bolivensis	lotus
Baccharis brachylaenoides var. ligustrina	lotus
Baccharis confertifolia	lotus
Baccharis douglasii	lotus
Baccharis eggersii	lotus
Baccharis elaeagnoides	lotus
Baccharis gaudichaudiana	lotus
Baccharis gillesii	lotus
Baccharis gnidiifolia	lotus
Baccharis grandicapitulata	lotus
Baccharis hutchisonii	lotus
Baccharis intermedia	lotus
Baccharis leptocephala	lotus
Baccharis myrsinites	lotus
Baccharis obtusifolia	lotus
Baccharis peruviana	lotus
Baccharis phylicoides	lotus
Baccharis pteronioides	lotus
Baccharis rufescens	lotus
Baccharis scoparia	lotus
Baccharis sulcata	lotus
Baccharis thesioides	lotus
Baccharis vaccinioides	lotus
Baccharis vaccinoides	lotus
Baccharis varians	lotus
Baccharis venosa	lotus
Baccharoides lilacina	chebi_origins
Bacidia stipata	lotus
Bacillus hunanensis	lotus
Bahia schaffneri	lotus
Bahia schaffneri var. aristata	lotus
Balanites aegyptiacus	lotus
Balantiopsis rosea	lotus
Ballota saxatilis	lotus
Balsamita major	lotus
Baptisia australis var. minor	lotus
Baptisia bracteata var. laevicaulis	lotus
Baptisia lactea var. lactea	lotus
Baptisia lactea var. pendula	lotus
Baptisia lanceolata var. elliptica	lotus
Barnardia japonica japonica	lotus
Barnardia japonica var. japonica	lotus
Barringtonia reticulata	lotus
Barringtonia speciosa	lotus
Barrouxia	lotus
Bartramia afro-ithyphylla	lotus
Bartramia polytrichoides	lotus
Bartramia potosica	lotus
Bartramia ruvenzorensis	lotus
Bathynella natans	lotus
Battus archidamas	lotus
Batzella melanos	lotus
Bazzania angustifolia	lotus
Bazzania harpago	lotus
Bazzania pompeana	lotus
Bazzania spiralis	lotus
Beaumontia brevituba	lotus
Bebryce grandicalyx	lotus
Beilschmiedia madang	lotus
Belonidium mollissimum	lotus
Berberis aristato-serrulata	lotus
Berberis beaniana	lotus
Berberis boliviana	lotus
Berberis brandisiana	lotus
Berberis cerasina	lotus
Berberis densiflora	lotus
Berberis dictyoneura	lotus
Berberis giraldii	lotus
Berberis heterobotrys	lotus
Berberis himalaica	lotus
Berberis lambertii	lotus
Berberis paravirescens	lotus
Berberis potaninii	lotus
Berberis rigidifolia	lotus
Berberis stenophylla	lotus
Berberis trifoliata	lotus
Berberis turcomanica	lotus
Berkheya radula	lotus
Berlandiera betonicifolia	lotus
Betula dauurica	lotus
Betula fusca	lotus
Betula oycoviensis	lotus
Betula pubescens litwinowii	lotus
Biemna fortis	lotus
Biemna laboutei	lotus
Biota orientalis	chebi_origins
Biscogniauxia macula	lotus
Bishopanthus soliceps	lotus
Blaps mortisaga	lotus
Blennoria	lotus
Blennothrix cantharidosmum	cyanometdb
Blepharis linearifolia	lotus
Blumea glomerata	lotus
Boehmeria dura	lotus
Boehmeria japonica tenera	lotus
Boehmeria japonica var. tenera	lotus
Boehmeria splitgerbera	lotus
Boehmeria virgata var. macrostachya	lotus
Boletus nigromaculatus	lotus
Boletus satanas	lotus
Bonagota salubricola	lotus
Bonannia graeca	lotus
Bonnemaisonia nootkana	lotus
Bontia bontioides	lotus
Borrelia burgdorferi	lotus
Bostrichonema alpestre	lotus
Bostrichus cembrae	lotus
Bostrichus pityographus	lotus
Botrylloides leachi	lotus
Bouchea pseudogervao	lotus
Brachiaster	lotus
Brachytrichia maculans	lotus
Bracteantha acuminata	lotus
Bracteantha subundulata	lotus
Brasilonema n.a.	cyanometdb
Brasilonema; Desmonostoc n.a.	cyanometdb
Brassica alba	lotus
Brazilian propolis	chebi_origins
Brickellia atractyloides var. arguta	lotus
Brickellia eupatorioides var. chlorolepis	lotus
Brickellia eupatorioides var. eupatorioides	lotus
Brickellia veronicaefolia	lotus
Browallia grandiflora	lotus
Brucea sumatrana	chebi_origins
Bruceomyces	lotus
Brugmansia ceratocaula	lotus
Brugmansia cubensis	lotus
Bruguiera rhynchopetala	lotus
Buellia cladocarpiza	lotus
Buellia subpedicellata	lotus
Bulbine asphodeloides	lotus
Bunodophoron patagonicum	lotus
Bupleurum longeradiatum	lotus
Bursera leptophloeos	lotus
Buxus longifolia	chebi_origins
Buzonium crassipes	lotus
Bystropogon mollis	lotus
Cabralea cangerana	lotus
Cacalia adenostyloides	lotus
Cacalia ampullacea	lotus
Cacia confusa	lotus
Calamus quiquesetinervius	lotus
Calanthe lyroglossa var. lyroglossa	lotus
Calceolaria adscendens	lotus
Calceolaria scabiosifolia	lotus
Caldora n.a.	cyanometdb
Calea berteriana	lotus
Calea clausseniana	lotus
Calea hispida	lotus
Calea platylepis	lotus
Calea serrata	lotus
Calea trichomata	lotus
Calliandra trinervia var. carbonaria	lotus
Callistemon coccineus	lotus
Callistemon speciosus	lotus
Callitris hugelii	lotus
Callophyllis flabellata	lotus
Callopisma	lotus
Callyspongia aerizusa	lotus
Callyspongia bilamellata	lotus
Callyspongia fistularis	lotus
Callyspongia lindgreni	lotus
Callyspongia truncata	lotus
Calocephalus brownii	lotus
Calophyllum lanigerum var. austrocoriaceum	chebi_origins,lotus
Calophyllum teysmannii var. inophylloide	chebi_origins,lotus
Calothrix n.a.	cyanometdb
Calothrix; Nostoc n.a.	cyanometdb
Calothrix; Plectonema n.a.	cyanometdb
Calothrix; Plectonema parietina; notatum, sp.	cyanometdb
Calothrix; Scytonema; Brasilonema; Leptolyngbya; Tolypothrix [Calothrix]sp.; [Scytonema]sp.; [Brasilonema]octagenarum; [Leptolyngbya]sp.; [Tolypothrix]sp.	cyanometdb
Calothrix;Plectonema n.a.	cyanometdb
Calycera crassifolia var. spinulosa	lotus
Calycocorsus stipitatus	lotus
Calycolpus warscewiczianus	chebi_origins
Calyptranthes williamsii	lotus
Calystegia krauseana	lotus
Camellia vernalis	lotus
Caminus sphaeroconia	lotus
Camonea bifida	lotus
Camonea pilosa	lotus
Campanula betulaefolia	lotus
Campylopus japonicus	lotus
Canarium luzonicum	lotus
Canscora decussata	chebi_origins
Canscora lucidissima	chebi_origins
Capnella erecta	lotus
Capnella lacertiliensis	lotus
Capsicum annuum var. fasciculatum	lotus
Caragana sophorifolia	lotus
Carapichea klugii	lotus
Cardiagyris scabra	lotus
Carex austrotenella	lotus
Carex unciniiformis	lotus
Carica pentagona	chebi_origins
Carissa inermis	lotus
Carramboa wurdackii	lotus
Cascabela thevetioides	lotus
Casearia sylvestris var. lingua	lotus
Cassia fastuosa	lotus
Cassia javanica var. javanica	lotus
Cassia quinquangulata	chebi_origins
Cassia torosa	chebi_origins
Castilleja angustifolia var. dubia	lotus
Castilleja linariaefolia	lotus
Castilleja minor var. exilis	lotus
Castilleja rubicundula var. lithospermoides	lotus
Catarraphia dictyoplaca	lotus
Catopsilia crocale	lotus
Cayaponia angustiloba	lotus
Celastrus stephanotifolius	lotus
Celtis chinensis	chebi_origins
Celtis philippinensis	lotus
Centaurea aegyptiaca	lotus
Centaurea attica	lotus
Centaurea besseriana	lotus
Centaurea bornmuelleri	lotus
Centaurea derventana	lotus
Centaurea formanekii Halácsy	chebi_origins
Centaurea gradata	lotus
Centaurea kernerana	lotus
Centaurea marschalliana	lotus
Centaurea micranthos	lotus
Centaurea musimomum	lotus
Centaurea nicaeensis	lotus
Centaurea rothmalerana	lotus
Centaurea seridis	lotus
Centaurea sessilis	lotus
Centaurea sonchifolia	lotus
Centaurea sphaerocephala	lotus
Centaurea spruneri	lotus
Centaurium linariifolium	chebi_origins
Centella eriantha	lotus
Cephalaria coriacea	lotus
Cephalaria procera	lotus
Cephalaria transsylvanica	lotus
Ceraeochrysa smithi	lotus
Ceramium boydeni	lotus
Ceratiomyxa fruticulosa var. fruticulosa	lotus
Ceratocapnos turbinata	lotus
Ceratocephalus testiculatus	lotus
Ceratocystis ips	lotus
Ceratopycnidium baccharidicola	lotus
Cercospora scirpi	lotus
Cercospora traversiana	lotus
Cercospora traversoana	lotus
Cercospora uredinophila	lotus
Cercosporella acetosella	lotus
Ceropegia flava	lotus
Ceropegia gordonii	lotus
Ceropegia mixta	lotus
Ceropegia penicillata	lotus
Ceropegia plicatiloba	lotus
Ceropegia retrospiciens	lotus
Ceropegia ruschii	lotus
Ceropegia stalagmifera	lotus
Ceropegia umbellata	lotus
Ceroplastes albolineatus	lotus
Cespitularia hypotentaculata	lotus
Cetraria collata	lotus
Cetraria halei	lotus
Cetraria islandica var. islandica	lotus
Cetraria islandica var. polaris	lotus
Cetraria laii	lotus
Cetraria tenuifolia	lotus
Chaetomidium setosum	lotus
Chaetomium minutum	lotus
Chaetomium sphaerospermum	lotus
Chaetomium terricola	lotus
Chaetomorpha litorea	lotus
Chamaecrista glandulosa var. glandulosa	lotus
Chamaecytisus albus	lotus
Chamaecytisus calcareus	lotus
Chamaecytisus frivaldszkyanus	lotus
Chamaesaracha conioides	lotus
Chamerion dodonaei	lotus
Chamomilla	lotus
Chamomilla recutita	chebi_origins,lotus
Chamomilla suaveolens	lotus
Chara buckellii	lotus
Chara subspinosa	lotus
Chartolepis glastifolia	lotus
Chelonaplysilla violacea	lotus
Chenopodium botrys	lotus
Chiloscyphus polyanthos var. rivularis	lotus
Chiloscyphus polyanthus	lotus
Chlamys opercularis	lotus
Chlorogloeopsis n.a.	cyanometdb
Chlorophora tinctoria	chebi_origins
Chlorophytum malayense	lotus
Chondria oppositiclada	lotus
Chondrococcus hornemanni	lotus
Chondrophycus glandulifer	lotus
Chondropsis kirkii	lotus
Chromodoris inopinata	lotus
Chromolaena subhastata	lotus
Chromolaena subscandens	lotus
Chrozophora brocchiana	lotus
Chrozophora gracilis	lotus
Chrozophora obliqua	lotus
Chrozophora verbascifolia	lotus
Chrysanthellum americanum	lotus
Chrysanthemum balsamita	chebi_origins
Chrysanthemum cuneifolium	lotus
Chrysanthemum lavandulaefolium	lotus
Chrysanthemum occidentalijaponense	lotus
Chrysanthemum uliginosum	lotus
Chrysanthemum viscidi-hirtum	lotus
Chrysocephalum ambiguum	lotus
Chrysoderma mucosum	lotus
Ciboria gordonii	lotus
Cicer kopetdaghense	lotus
Cinachyrella enigmatica	lotus
Cinchona robusta	lotus
Cineraria canescens	lotus
Cinnamomum insulari-montanum	lotus
Circinotrichum falcatisporum	lotus
Cirsium chlorolepis	lotus
Cirsium nipponicum incomptum	lotus
Cissus bicolor	lotus
Cistus ledon	lotus
Citrus aurea	lotus
Citrus canariculata	lotus
Citrus flavicarpa	lotus
Citrus funadoko	lotus
Citrus intermedia	lotus
Citrus otachibana	lotus
Citrus pseudoparadisi	lotus
Citrus rugulosa	lotus
Citrus shunkokan	lotus
Citrus tengu	lotus
Citrus ujukitsu	lotus
Cladiella elongata	lotus
Cladiella hirsuta	lotus
Cladiella pauciflora	lotus
Cladiella sphaeroides	lotus
Cladina kalbii	lotus
Cladocroce incurvata	lotus
Cladonia abbreviatula	lotus
Cladonia aberrans	lotus
Cladonia angustata	lotus
Cladonia bacillaris	lotus
Cladonia dissimilis	lotus
Cladonia esorediata	lotus
Cladonia foliacea var. meiophora	lotus
Cladonia furcata subsp. furcata	lotus
Cladonia graciliformis	lotus
Cladonia heteroclada	lotus
Cladonia hitatiensis	lotus
Cladonia hokkaidensis	lotus
Cladonia hookeri	lotus
Cladonia kalbii	lotus
Cladonia koyaensis	lotus
Cladonia lepidota	lotus
Cladonia macaronesica	lotus
Cladonia major	lotus
Cladonia oceanica	lotus
Cladonia pseudomacilenta	lotus
Cladonia pseudorangiformis	lotus
Cladonia pseudostellata	lotus
Cladonia reticulata	lotus
Cladonia rigida var. rigida	lotus
Cladonia subpityrea	lotus
Cladonia sylvatica	lotus
Cladonia tenuiformis	lotus
Cladonia theiophila	lotus
Cladonia vicaria	lotus
Cladophora crispula	lotus
Cladostephus spongiosus var. verticillatus	lotus
Clathria basilana	lotus
Clathria eurypa	lotus
Clathria juniperina	lotus
Clathria lissosclera	lotus
Clathria pyramida	lotus
Clausena pentaphylla	lotus
Clavelina cylindrica	lotus
Clavicorona mairei	lotus
Clavularia frankliniana	lotus
Clematis jubata	lotus
Clematis montevidensis	lotus
Cleome graveolens	lotus
Cleome ovalifolia	lotus
Clerodendrum petasites	lotus
Clerodendrum phlomoides	lotus
Clerodendrum scandens	lotus
Clibadium armanii	lotus
Clibadium sodiroi	lotus
Clinopodium barbatum	lotus
Clinopodium insulare	lotus
Clitocybe concava	lotus
Clitoria macrophylla	lotus
Clonostachys cylindrospora	lotus
Clusia havetioides var. stenocarpa	lotus
Clusia obdeltifolia	lotus
Clutia lanceolata	lotus
Cnemidocarpa bicornuta	lotus
Coccolithus huxleyi	lotus
Cocconeis pseudomarginata	lotus
Cocculus grandifolius	lotus
Codium dichotomum	lotus
Codium divaricatum	lotus
Codium indicum	lotus
Coelocaulon divergens	lotus
Coincya transtagana	lotus
Colchicum lusitanicum	lotus
Coleofasciculus n.a.	cyanometdb
Coleonema calycinum	lotus
Colletotrichum tabacum	lotus
Collisella limatula	lotus
Colubrina faralaotra	lotus
Combretum dolichopetalum	chebi_origins
Combretum griffithii var. yunnanense	lotus
Combretum wallichii var. ternatum	lotus
Commelina undulata	lotus
Commiphora abyssinica	lotus
Commiphora holtziana	chebi_origins
Congopyge acanthophor	lotus
Coniochaeta saccardoi	lotus
Conoclinium greggii	lotus
Conocybe cyanopus	lotus
Conoideocrella krungchingensis	lotus
Conophytum kubusanum	lotus
Conophytum minutum pearsonii	lotus
Conoplea elegantula	lotus
Conyza incana	lotus
Conyza newii	lotus
Conyza volkensii	lotus
Copaifera cearensis	lotus
Copaifera guianensis	lotus
Copaifera langsdorfii	lotus
Coprinopsis rhizophora	lotus
Corallistes undulatus	lotus
Cordia corymbosa	lotus
Cordia francisci	lotus
Cordia obliqua	lotus
Cordia serratifolia	lotus
Coreopsis capillacea	lotus
Coreopsis nodosa	lotus
Coreopsis pringlei	lotus
Coriaria nepalensis Wall.	chebi_origins
Coriocella hibyae	lotus
Cornucopiella	lotus
Corpuscularia taylori	lotus
Corpuscularia taylorii	lotus
Corticium niger	lotus
Corticium simplex	lotus
Cortinarius pyromyxa	lotus
Corydalis integra	lotus
Corydalis longipes	lotus
Corydalis ramosa	lotus
Corydalis rutifolia	lotus
Cotula cinereum	lotus
Cotula filicula	lotus
Cracca trifoliolata	lotus
Crassocephalum mannii	chebi_origins
Crataegus azarolus var. pontica	lotus
Cratoxylum celebicum	chebi_origins
Crematogaster brevis	lotus
Crematogaster brevispinosa	lotus
Crepidotus fulvotomentosus	lotus
Cribrochalina dura	lotus
Crinum angustum	lotus
Crinum asiaticum var. asiaticum	lotus
Crinum augustum	chebi_origins,lotus
Crinum giganteum	lotus
Crocosphaera Crocosphaera	cyanometdb
Crocus caeruleus	lotus
Crocynia neglecta	lotus
Crossostylis sebertii	lotus
Crotalaria rubiginosa	lotus
Croton argyroglossus	lotus
Croton aromaticus	lotus
Croton cumingii	lotus
Croton eluteria	lotus
Croton essequiboensis	lotus
Croton gratissimus var. gratissimus	lotus
Croton laccifer	lotus
Croton lacciferus	lotus
Croton macrostachys	lotus
Croton pullei var. glabrior	chebi_origins
Croton regelianus	lotus
Croton vaillantii	lotus
Croton zehntneri	lotus
Cryptocarya bourdillonii	lotus
Cryptocarya griffithiana	lotus
Cryptocarya griffithiana var. crassinervia	lotus
Cryptocarya infectoria	lotus
Cryptocarya rugulosa	lotus
Cryptococcus albidus	lotus
Cryptocodon monocephalus	lotus
Cryptonemia angustata	lotus
Cucumaria conicospermium	lotus
Cucumaria japonica	lotus
Cucumaria okhotensis	lotus
Cullen corylifolia	lotus
Cullen obtusifolium	lotus
Cupressus arizonica var. nevadensis	lotus
Cupressus dupreziana var. dupreziana	lotus
Cupressus goveniana var. abramsiana	lotus
Curio talinoides var. chordifolius	lotus
Curio talinoides var. mandraliscae	lotus
Curvularia ramosa	lotus
Cyanopsis muricata	lotus
Cyathea kalbreyeri	lotus
Cyclolobium claussenii	chebi_origins,lotus
Cyclolobium vecchii	lotus
Cydonia vulgaris	lotus
Cylindrospermopsis [Cylindrospermopsis]raciborskii	cyanometdb
Cylindrospermopsis alatosporum	cyanometdb
Cylindrospermopsis licheniforme Kutzing	cyanometdb
Cylindrospermopsis n.a.	cyanometdb
Cylindrospermum licheniforme Kützing	cyanometdb
Cylindrosprmum stagnale	cyanometdb
Cymbopogon validus	chebi_origins
Cynara cardunculus scolymus	lotus
Cyperus aristatus	lotus
Cyperus brevibracteatus	lotus
Cyperus brevifolius var. brevifolius	lotus
Cyperus conicus	lotus
Cyperus decompositus	lotus
Cyperus dietrichiae	lotus
Cyperus enervis	lotus
Cyperus erectus	lotus
Cyperus fulvus	lotus
Cyperus gunnii	lotus
Cyperus laevis	lotus
Cyperus lhotskyanus	lotus
Cyperus lucidus	lotus
Cyperus microbolbos	lotus
Cyperus microcephalus	lotus
Cyperus oxycarpus	lotus
Cyperus pluribracteatus	lotus
Cyperus scaber	lotus
Cyperus sculptus	lotus
Cyperus stradbrokensis	lotus
Cyperus subulatus	lotus
Cyperus teneriffae	chebi_origins,lotus
Cyperus trigonellus	lotus
Cyperus trinervis	lotus
Cyperus zollingeri	lotus
Cyphus niveus	lotus
Cystodytes solitus	lotus
Cystodytes violatinctus	lotus
Cystophora expansa	lotus
Cystophora fibrosa	lotus
Cystophora harveyi	lotus
Cystopteris schizochlamys	lotus
Cytisus albus	lotus
Cytisus beanii	lotus
Cytisus scoparius var. scoparius	lotus
Cytonaema	lotus
Dactylellina parvicolle	lotus
Dactylina chinensis	lotus
Dactylina ramulosa var. alpina	lotus
Dactylorhiza durandii	lotus
Daedalea gibbosa	lotus
Dalbergia ferruginea	lotus
Dalbergia forbesii	lotus
Dalbergia louveli	chebi_origins
Dalbergia sympathetica	chebi_origins
Dalbergia villosa var. barretoana	lotus
Dalea elegans	lotus
Dalea scandens var. paucifolia	lotus
Daphniphyllum yunnanense	lotus
Dapis sp.	cyanometdb
Darwinella tango	lotus
Datura chlorantha	lotus
Datura × candida	lotus
Daucus glaber	lotus
Decaisnella thyridioides	lotus
Decaryia madagascariensis	lotus
Deep water sponge	chebi_origins
Delia coronariae	lotus
Delisea elegans	lotus
Delphinium anthriscifolium var. savatieri	lotus
Delphinium brownii	chebi_origins
Delphinium confusum	lotus
Delphinium davisii	lotus
Delphinium formosum	lotus
Delphinium grandiflorum var. fangshanense	lotus
Delphinium linearilobum	lotus
Delphinium potaninii var. jiufengshanense	lotus
Delphinium semibarbartum	lotus
Delphinium stapeliosum	lotus
Dendranthema zawadzkii	lotus
Dendrilla cactos	lotus
Dendrilla membranosa	lotus
Dendrodochium toxicum	lotus
Dendrodontia bispora	lotus
Dendrodoris carbunculosa	lotus
Dendronephthya griffini	lotus
Dendronephthya studeri	lotus
Dendrophorbium dolichodoryium	lotus
Dendrophorbium usgorense	lotus
Dendrophthoe longiflora	lotus
Denotarisia linguifolia	lotus
Dercitus extensus	lotus
Dermonema abbottiae	lotus
Derris floribunda	lotus
Derris malaccensis	lotus
Desmodium sandwicense	lotus
Desmonostoc n.a.	cyanometdb
Desmonostoc sp. n.a.	cyanometdb
Desmos dunalii	lotus
Diacarnus laevis	lotus
Diacarnus levii	lotus
Dianthus pseudosquarrosus	lotus
Diaporthe glabrae	lotus
Diazona angulata	lotus
Diazona chinensis	lotus
Dibaeis rosea	lotus
Dichoropetalum carvifolia	lotus
Dichothrix n.a.	cyanometdb
Dichothrix utahensis	lotus
Dichrocephala bicolor	chebi_origins,lotus
Dicranolejeunea yoshinagana	lotus
Dicranopteris splendida	lotus
Dictamnus hispanicus	lotus
Dictyopteris plagiogramma	lotus
Dictyosphaeria favulosa	lotus
Dictyosphaeria sericea	lotus
Dictyota fenestrata	lotus
Dictyota furcellata	lotus
Dictyota galapagensis	lotus
Dictyota indica	lotus
Dictyota volubilis	lotus
Didemnum chartaceum	lotus
Didemnum guttatum	lotus
Didemnum moseleyi	lotus
Didemnum obscurum	lotus
Didemnum rodriguesi	lotus
Didemnum rubeum	lotus
Didiscus oxeata	lotus
Didymoglossum kraussii	lotus
Didymosporium radicicola	lotus
Dieffenbachia reginae	lotus
Diheterospora	lotus
Dimelaena californica	lotus
Dimorphocarpa wislizenii	lotus
Dioscorea hirsuta	lotus
Dioscorea militaris	lotus
Diosma acmaephylla	lotus
Diospyros decandra	lotus
Diospyros ebenaster	lotus
Diospyros embryopteris	lotus
Diospyros hirsuta	lotus
Diospyros ismailii	lotus
Diospyros melanoxylon var. melanoxylon	lotus
Diospyros moonii	lotus
Diospyros multiflora	lotus
Diospyros pubescens	lotus
Diospyros siamang	lotus
Diospyros singaporensis	lotus
Diospyros tricolor	lotus
Diospyros variegata	lotus
Diphasiastrum carolinum	lotus
Diphasiastrum fawcettii	lotus
Diplocarpon alpestre	lotus
Diploicia canescens subsp. canescens	lotus
Diploschistes gyrophoricus	lotus
Dipsacus dipsacoides	lotus
Dirinaria aspera	lotus
Dirinaria purpurascens	lotus
Discaria serratifolia	lotus
Distaplia regina	lotus
Diyaminauclea zeylanica	lotus
Doellingeria umbellata var. umbellata	lotus
Dolabella californica	lotus
Dolichandrone falcata	lotus
Dolichandrone serrulata	lotus
Dolichospermum lemmermannii strain PH-160 B	lotus
Dolichospermum¬† planctonicum	cyanometdb
Doris tanya	lotus
Dorstenia barteri var. subtriangularis	lotus
Dorstenia bornimiana	lotus
Dorstenia bryoniaefolia	lotus
Dorstenia heringeri	lotus
Dorstenia poinsettifolia	lotus
Dorycnium suffruticosum	lotus
Doryopteris raddiana	lotus
Dracaena hanningtonii	lotus
Drechslera halodes	lotus
Drimys arfakensis	chebi_origins
Drosera andersoniana	lotus
Drosera ramentacea	lotus
Drosera spathulata	lotus
Drymosiphon pamphylicus	lotus
Drynaria fortunei	lotus
Drypetes molunduana	lotus
Drypetes tessmanniana	lotus
Duboisia arenitensis	lotus
Duguetia chrysocarpa	lotus
Dulacia inopiflora	lotus
Dysidea amblia	lotus
Dysidea cinerea	lotus
Dysidea cristagalli	lotus
Dysidea dendyi	lotus
Dysidea herbacea	cyanometdb
Dysidea incrustans	lotus
Dysidea lehnerti	lotus
Dysidea robusta	lotus
Dysidea septosa	lotus
Dysidea tubulata	lotus
Dysidea villosa	lotus
Dysoxylum ficiforme	lotus
Dysoxylum hainanense	chebi_origins
Echinocereus coccineus var. gurneyi	lotus
Echinochalina bargibanti	lotus
Echinoclathria beringensis	lotus
Echinoclathria gibbosa	lotus
Echinoclathria subhispida	lotus
Echinogorgia rebekka	lotus
Echinoocysta	lotus
Echinophora lamondiana	lotus
Echinops giganteus	lotus
Echinopsis peruviana	lotus
Ehretia buxifolia	chebi_origins
Eichhornia crassipes	lotus
Elaeodendron alluaudianum	chebi_origins,lotus
Elaeodendron balae	lotus
Elaphoglossum lindbergii	lotus
Elelea concinna	lotus
Elephantopus angustifolius	lotus
Eleutherococcus pentaphyllus	lotus
Ellisella robusta	lotus
Elmerrillia papuana	lotus
Elymnias thryallis	lotus
Encyclia michuacana	chebi_origins
Endiandra jonesii	lotus
Endostemon viscosus	lotus
Engleromyces goetzei	lotus
Enicosanthum acuminatum	lotus
Enicosanthum cupulare	lotus
Epicauta immaculata	lotus
Epicauta maculata	lotus
Epilobium hybridum	lotus
Epilobium prantlii	lotus
Epimedium grandiflorum var. koreanum	lotus
Epimedium setosum	lotus
Equisetum rothmaleri	lotus
Equisetum × litorale	lotus
Ercolania funerea	lotus
Erechtites hieracifolia	lotus
Eremanthus bicolor	lotus
Eremanthus pohlii	lotus
Eremanthus seidelii	lotus
Erigeron apiculatus	lotus
Erigeron crispus	lotus
Erioderma chilense	lotus
Erioderma phaeorhizum	lotus
Erioderma tomentosum	lotus
Eriostemon cynobiformis	lotus
Erodium oxyrrhynchum	lotus
Erodium tunetanum	lotus
Ervatamia officinalis	chebi_origins
Ervatamia yunnanensis	chebi_origins
Ervilia purpurea	lotus
Erylus goffrilleri	lotus
Erylus lendenfeldi	lotus
Erylus nobilis	lotus
Erysimum humile	lotus
Erysimum marshallii	lotus
Erythrina eriotricha	chebi_origins
Erythrina glauca	chebi_origins
Erythrina × bidwillii	chebi_origins,lotus
Erythroxylum lucidum	lotus
Erythroxylum novogranatense var. novogranatense	lotus
Eschenbachia ulmifolia	lotus
Escherichia coli (strain K12)	bindingdb
Eschscholtzia	lotus
Esenbeckia conspecta	lotus
Esenbeckia stephanii	lotus
Espeletia weddelii	lotus
Espeletia wurdackii	lotus
Ethulia gracilis	lotus
Etlingera pavieana	lotus
Eucalyptus macrorrhyncha	lotus
Eucalyptus mitchelli	lotus
Eucalyptus oviformis	lotus
Eucalyptus platypus	lotus
Eucalyptus procera	lotus
Eucalyptus risdoni	lotus
Eucalyptus signata	lotus
Eucapsis n.a.	cyanometdb
Euclea lanceolata	lotus
Eucoelium mariae	lotus
Eudistoma album	lotus
Eudistoma bituminis	lotus
Eudistoma glaucum	lotus
Eudistoma rigidum	lotus
Eudistoma toealensis	lotus
Eugenia rufofulva	lotus
Eugenia umbelliflora	lotus
Euhalothece n.a.	cyanometdb
Euodia confusa	chebi_origins
Euodia elleryana	chebi_origins
Euodia roxburghiana	chebi_origins
Eupatorium adenophorum	lotus
Eupatorium album var. album	lotus
Eupatorium kiirunense	chebi_origins
Eupatorium luchuense	lotus
Euphorbia broteri	lotus
Euphorbia copiapina	lotus
Euphorbia fischeri	lotus
Euphorbia fortissima	lotus
Euphorbia franckiana	lotus
Euphorbia kamerunica	lotus
Euphorbia meyeniana	lotus
Euphorbia milii var. hislopii	lotus
Euphorbia mongolica	lotus
Euphorbia quinquecostata	lotus
Euphorbia sanctae-catharinae	lotus
Euphorbia seguieri	lotus
Euphorbia sequieriana	lotus
Euphorbia smirnovii	lotus
Euphrasia genargentea	lotus
Euplexaura flava	lotus
Euplexaura nuttingi	lotus
Euploca scabra	lotus
Eurhynchium polystictum	lotus
Euryops imbricatus	lotus
Euryops sulcatus	lotus
Euryspongia arenaria	lotus
Euryspongia rosea	lotus
Eutrochium maculatum var. maculatum	lotus
Evasterias troscheli	lotus
Evernia illyrica	lotus
Evernia perfragilis	lotus
Evernia vulpina	lotus
Exodeconus maritima	lotus
Fagara nitida	lotus
Fagraea obovata	lotus
Farsetia ramosissima	lotus
Fasciospongia rimosa	lotus
Fasciospongia turgida	lotus
Felimida marislae	lotus
Ferula caucasica	lotus
Ferula hispanica	lotus
Ferula juniperina	lotus
Ferula subtilis	lotus
Ferulago antiochia	lotus
Ferulago aucheri	lotus
Ferulago brachyloba	lotus
Ferulago capillaris	lotus
Ferulago lutea	lotus
Ficus indica	lotus
Ficus padifolia	lotus
Fimbristylis squarrulosa	lotus
Firmiana pallens	lotus
Fischerella [Fischerella]muscicola; [Fischerella]ambigua	cyanometdb
Fischerella n.a.	cyanometdb
Fissistigma shangtzeense	lotus
Flagelloscypha pilatii	lotus
Flammulina velutipes var. velutipes	lotus
Fleischmannia prasiifolia	lotus
Flemingia macrophylla var. philippinensis	lotus
Flourensia campestris	chebi_origins,lotus
Flourensia heterolepis	lotus
Flustra securifrons	lotus
Francuscia	lotus
Frasera carolinensis	lotus
Fraxinus japonica	lotus
Freesia ×hybrida	lotus
Frullania bonincola	lotus
Frullania brotheri	lotus
Frullania clavata	lotus
Frullania convoluta	lotus
Frullania densiloba	lotus
Frullania hamatiloba	lotus
Frullania media	lotus
Frullania osumiensis	lotus
Frullania probosciphora	lotus
Fuchsia campos-portoi	lotus
Fuchsia eucliandra	lotus
Fuchsia garleppiana	lotus
Fuchsia parviflora	lotus
Fuchsia vulcanica	lotus
Fugu vermiculare	lotus
Fumaria microcarpa	lotus
Furcellaria fastigiata	lotus
Fusarium lolii	lotus
Fusifilum depressum	lotus
Fusinus perplexus	lotus
Gaillardia fastigiata	lotus
Galbanum	lotus
Galeopsis wirtgenii	lotus
Galerina fasciculata	lotus
Galerina helvoliceps	lotus
Galium dasypodum	lotus
Ganoderma cochlear	lotus
Ganoderma hainanense	lotus
Ganoderma lucidum subsp. lucidum	lotus
Ganoderma lucidum var. lucidum	lotus
Ganoderma petchii	lotus
Ganoderma theaecola	lotus
Ganoderma theaecolum	lotus
Garcinia andamanica	lotus
Garcinia brevipedicellata	lotus
Garcinia brevirostris	lotus
Garcinia cambogia	chebi_origins
Garcinia dioica	chebi_origins,lotus
Garcinia elliptica	lotus
Garcinia propinqua	lotus
Garcinia purpurea	lotus
Garcinia smeathmanii	lotus
Garcinia solomonensis	lotus
Gardneria distincta	lotus
Gastrolobium racemosum	lotus
Gaultheria yunnanensis	lotus
Geigeria burkei var. burkei	lotus
Geijera balansae	lotus
Geissospermum sericeum	chebi_origins,lotus
Geitlerinema n.a.	cyanometdb
Gelidium filicinum	lotus
Genista depressa	lotus
Genista involucrata	lotus
Genista tejedensis	lotus
Gentiana aquatica var. pseudoaquatica	lotus
Gentiana chosenica	lotus
Gentiana davidii formosana	lotus
Gentiana davidii var. formosana	lotus
Gentiana favratii	chebi_origins
Gentiana karelini	chebi_origins
Gentiana kochiana	chebi_origins
Gentiana lactea	chebi_origins
Gentiana loureirii	lotus
Gentiana schistocalyx	lotus
Gentiana strictiflora	chebi_origins
Gentianopsis paludosa var. ovatodeltoidea	lotus
Geodia barretti	chebi_origins
Geodia exigua	lotus
Geodia globostellifera	lotus
Geodia microspinosa	lotus
Geodia tylastra	lotus
Geranium lambertii	lotus
Gethyllis gregoriana	lotus
Gibberella fujikuroi var. fujikuroi	lotus
Gigartina stellata	lotus
Glandularia hybrida	lotus
Glaucium pulchrum	lotus
Glebionis coronarium	lotus
Glenodinium halli	lotus
Globularia nana	lotus
Gloeocapsa atrata	lotus
Gloeocapsa; Calothrix; Nostocal [Gloeocapsa]sp.; [Calothrix]sp.; [Nostocal]sp.	cyanometdb
Gloeothece n.a.	cyanometdb
Gloeotrichia n.a.	cyanometdb
Glomospora	lotus
Glossodoris sedna	lotus
Glycosmis cyanocarpa	lotus
Glycosmis montana	lotus
Gnaphalium gracile	lotus
Gnephosis brevifolia	lotus
Gnetum cleistostachyum	lotus
Gnidia burchellii	lotus
Gnidia polycephala	lotus
Gnidia socotrana	lotus
Goniobranchus gleniei	lotus
Goniobranchus obsoletus	lotus
Goniolithon byssoides	lotus
Goniophlebium someyae	lotus
Goniothalamus fulvus	lotus
Goniotrichum elegans	lotus
Gonotheca helianthoides	lotus
Gonyaulax excavata	lotus
Gonyaulax grindleyi	lotus
Goodenia strophiolata	lotus
Gracilaria longissima	lotus
Gracilaria tsudae	lotus
Graphis desquamescens	lotus
Graphis neoelongata	lotus
Graphis prunicola	lotus
Graphis rikuzensis	lotus
Graphis syngraphizans	lotus
Graphis tetralocularis	lotus
Grewia damine	lotus
Griffitharia vestita	lotus
Grosvenoria coelocaulis	lotus
Guarea cedrata	lotus
Guatteria goudotiana	lotus
Guatteria sagotiana	lotus
Gutenbergia cordifolia var. marginata	lotus
Gutierrezia alamanii	lotus
Gutierrezia spathulata	lotus
Gutierrezia texana var. texana	lotus
Gymnanthemum thomsonianum	lotus
Gymnocalycium reductum var. leeanum	lotus
Gymnocarpium puchellum	lotus
Gymnoderma insulare	lotus
Gymnodinium kowalevskii	lotus
Gymnosporia oxyphylla	lotus
Gymnosporia wightiana	lotus
Gyrostroma missouriense	lotus
Haematomma nemetzii	lotus
Hafellia parastata	lotus
Halichondria brondstedi	lotus
Halichondria cylindrata	lotus
Haliclona compressa	lotus
Haliclona mucosa (NCBI:txid608209)	chebi_origins
Haliclona osiris	lotus
Haliclona tanitai	lotus
Halimium verticillatum	lotus
Halimium viscosum	lotus
Halopithys incurvus	lotus
Halopitys incurvus	lotus
Haloxylon recurvum	chebi_origins,lotus
Halymenia porphyroides	lotus
Hamamelistes gibberi	lotus
Hamigera tarangaensis	lotus
Haminoea templadoi	lotus
Handroanthus impetiginosum	lotus
Hapalosiphon fontinalis	cyanometdb,lotus
Hapalosiphon laingii	cyanometdb
Hapalosiphon n.a.	cyanometdb
Hapalosiphon pumilus	lotus
Hapalosiphon sp.	cyanometdb
Hapalosiphon; Fischerella [Hapalosiphon]welwitschii; [Fischerella]sp.	cyanometdb
Hapalosiphon; Microcystis [Hapalosiphon]hibernicus; [Microcystis]sp.	cyanometdb
Haplopappus parvifolius	lotus
Haplopappus scrobiculatus	lotus
Haplopappus sonorensis	lotus
Haplopappus sonoriensis	chebi_origins
Haplophyllum kowalenskyi	lotus
Haplophyllum ptilostylum	lotus
Haplophyllum schelkovnikovii	lotus
Harziella entomophila	lotus
Hassallia n.a.	cyanometdb
Hazunta modesta	chebi_origins
Hebanthe pulverulenta	lotus
Hebe andersonii	lotus
Hebeloma spoliatum	lotus
Helenium alternifolium	chebi_origins
Helenium argentinum	lotus
Helianthopsis	lotus
Helianthopsis microphylla	lotus
Helianthus grosse-serratus	lotus
Helichrysum ambiguum	lotus
Helichrysum diosmifolium	lotus
Helichrysum ferrugineum	lotus
Helichrysum fulvum	lotus
Helichrysum viscosum	chebi_origins
Heliomeris longifolia var. annua	lotus
Heliomeris multiflora var. multiflora	lotus
Helionides oblonga	lotus
Heliotropium arboreum	lotus
Heliotropium curassavicum var. curassavicum	lotus
Heliotropium curassavicum var. obovatum	lotus
Heliotropium dasycarpum	lotus
Heliotropium eichwaldii	lotus
Heliotropium ovalifolium	lotus
Helleborus macranthus	lotus
Helleborus odorus subsp. cyclophyllus	lotus
Hemerocallis fulva var. longituba	lotus
Hemionitis triangularis	lotus
Hemistepta lyrata	lotus
Hemitrichia parviverrucospora	lotus
Henricia derjugini	lotus
Heracleum grande	lotus
Heracleum laciniatum	lotus
Heracleum thomsonii	chebi_origins
Herpotrichia rhodosticta	lotus
Heterodermia neoleucomelaena	lotus
Heterodermia pandurata	lotus
Heterodermia rugulosa	lotus
Heterogorgia uatumani	lotus
Heteromma decurrens	lotus
Heteroscyphus bescherellei	lotus
Heterosporicola chenopodii	lotus
Heterotropa	lotus
Hexastylis arifolia var. arifolia	lotus
Hibiscus furcatus	lotus
Hibiscus tiliaceus	lotus
Hibiscus versicolor	lotus
Hieracium rotundatum	lotus
Higginsia tethyoides	lotus
Himatanthus fallax	lotus
Hincksinoflustra denticulata	lotus
Hippeastrum candidum	chebi_origins
Hippeastrum elegans	lotus
Hippeastrum glaucescens	lotus
Hippeastrum solandriflorum	chebi_origins
Hippocratea excelsa	chebi_origins
Hirsutella kobayasii	lotus
Hirtellina fruticosa	lotus
Histodermella	lotus
Hochreutinera hasslerana	lotus
Holothuria squamifera	lotus
Homalium zeylanicum	lotus
Homo sapiens [NCBI:txid9606]	chebi_origins
Homophymia lamellosa	lotus
Homoranthus bornhardtiensis	lotus
Hormoscilla n.a.	cyanometdb
Horsfieldia iryaghedhi	lotus
Hortia badinii	lotus
Human	bindingdb
Humbertacalia tomentosa	lotus
Huperzia acerosa	lotus
Huperzia delavayi	lotus
Huperzia guangdongensis	lotus
Huperzia laipoensis	lotus
Huperzia phlegmaria	lotus
Huperzia tibetica	lotus
Hyacinthus transcaspicus	lotus
Hyalocylindrophora rosea	lotus
Hyalopus curtipes	lotus
Hydnocarpus anthelminticus	lotus
Hydnocarpus octandra	lotus
Hydnocarpus subfalcata	lotus
Hyella caespitosa	cyanometdb,lotus
Hylomecon japonicum	lotus
Hymedesmia australis	lotus
Hymenaea oblongifolia var. palustris	lotus
Hymeniacidon agminata	lotus
Hymenocallis latifolia var. latifolia	lotus
Hymenopappus newberryi	lotus
Hymenothrix wislizenii	lotus
Hymenoxys ambigens var. ambigens	lotus
Hymenoxys ambigens var. floribunda	lotus
Hymenoxys anthemoides	lotus
Hymenoxys greenei	lotus
Hypericum asperuloides	lotus
Hypericum carinatum	lotus
Hypericum chinense var. salicifolium	chebi_origins
Hypericum elatum	lotus
Hypericum moseranum	lotus
Hypericum riparium	chebi_origins
Hypericum yojiroanum	lotus
Hyphear grewinkii	lotus
Hyphear tanakae	lotus
Hyphoderma argillaceum	lotus
Hypholoma fasciculare var. fasciculare	lotus
Hypodermium	lotus
Hypoestes rosea	lotus
Hypoestes serpens	lotus
Hypoestes verticillaris	lotus
Hypolytrum latifolium	lotus
Hypotrachyna formosana	lotus
Hypotrachyna gracilescens	lotus
Hypotrachyna hypoalectorialica	lotus
Hypotrachyna quaesita	lotus
Hypoxylon sclerophaeum	lotus
Hypoxylon terricola	lotus
Hypsizigus marmoreus	lotus
Hyrtios communis	lotus
Hyrtios gumminae	lotus
Ichthyothere ulei	lotus
Ilex boliviana	lotus
Ilex martiniana	lotus
Ilex vitis-idaea	lotus
Illicium minwanense	lotus
Illicium religiosum	chebi_origins
Impatiens aurantiaca	lotus
Incarvillea diffusa	lotus
Incarvillea mairei var. multifoliolata	lotus
Inella verrucosa	lotus
Inonotus sideroides	lotus
Inonotus sinensis	lotus
Inula grandis Schrenk	chebi_origins
Inula lineariifolia	lotus
Inula macrophylla	lotus
Inula royleana	lotus
Inula thapsoides	lotus
Iochroma coccineum	lotus
Ipomea	lotus
Ipomoea digitata	lotus
Ipomoea operculata	chebi_origins
Ipomoea piurensis	lotus
Ircinia aruensis	lotus
Ircinia formosana	lotus
Ircinia wistarii	lotus
Iridomyrmex detectus	lotus
Iris florentina	lotus
Iris triflora	lotus
Irvingia barteri	chebi_origins
Isis minorbrachyblasta	lotus
Isocarpha oppositifolia var. achyranthes	lotus
Isotrema asclepiadifolium	lotus
Isotrema cucurbitifolium	lotus
Isotrema kaempferi	lotus
Isotrema manshuriense	lotus
Isotrema mollissimum	lotus
Isotrema moupinense	lotus
Isotrema shimadae	lotus
Isotrema tomentosum	lotus
Itea maesaefolia	lotus
Iva asperifolia var. angustifolia	lotus
Jackrogersella ilanensis	lotus
Jacobaea aquatica var. erratica	lotus
Jamesonia scammanae	lotus
Jania fastigiata	lotus
Jania virgata	lotus
Jasminum amplexicaule	lotus
Jasonia glutinosa	lotus
Jaspis digonoxea	lotus
Jaspis stellifera	lotus
Jatropha ciliata	lotus
Jeffreycia zanzibarensis	lotus
Jolyna laminarioides	lotus
Juglans sinensis	chebi_origins
Julocroton montevidensis	chebi_origins
Jungermannia atrobrunnea	lotus
Jungermannia hattoriana	lotus
Jungermannia paroica	lotus
Jungermannia rosulans	lotus
Jungermannia rotundata	lotus
Jungermannia vulcanicola	lotus
Juniperus communis depressa	lotus
Juniperus taiwaniana	lotus
Juniperus thurifera var. africana	lotus
Justicia austrocapensis	lotus
Justicia fluminensis	lotus
Justicia grandis	lotus
Justicia laevilinguis	lotus
Justicia leonardii	lotus
Justicia neesii	lotus
Justicia nemorosa	lotus
Justicia paniculata	lotus
Justicia simplex	lotus
Justicia trinervia	lotus
Kadsura lancilimba	lotus
Kadsura matsudai	chebi_origins
Kaempferia pandurata	chebi_origins,lotus
Kalanchoe hybrida	lotus
Kallstroemia tribuloides	lotus
Kamptonema n.a.	cyanometdb
Karwinskia johnstonii	lotus
Kaunia arbuscularis	lotus
Kaunia longipetiolata	lotus
Kermania pistaciella	lotus
Kermes ilicis	lotus
Keronopsis rubra	lotus
Kickxia asparagoides	lotus
Kielmeyera ferruginea	lotus
Kitasatoa	lotus
Klyxum molle	lotus
Komarekiella;Nodularia [Komarekiella]atlantica;[Nodularia]spumigena	cyanometdb
Kopsia jasminiflora	chebi_origins
Kopsia tenuis	lotus
Krameria ixina	lotus
Lachnella sauteri	lotus
Lachnum mollissimum	lotus
Lactarius flavidulus	lotus
Lactobacillus reuteri	lotus
Lactuca alpina	lotus
Lactuca pulchella	lotus
Lafoensia densiflora	lotus
Lampranthus furvus	lotus
Lampranthus multiseriatus	lotus
Langermannia fenzlii	lotus
Lannea schweinfurthii var. stuhlmannii	lotus
Lantana tiliaefolia	lotus
Larix decidua var. decidua	lotus
Lasallia mayebarae	lotus
Lasallia pensylvanica	lotus
Lasiobelonium nidulum	lotus
Lasiobelonium nidulus	lotus
Lathyrus japonicus var. maritimus	lotus
Lathyrus montanus	lotus
Lathyrus transsilvanicus	lotus
Latrunculia basalis	lotus
Latrunculia bocagei	lotus
Latrunculia purpurea	lotus
Launaea aspleniifolia	lotus
Launaea resedifolia	chebi_origins,lotus
Launea	lotus
Laurencia calliclada	lotus
Laurencia claviformis	lotus
Laurencia composita	lotus
Laurencia distichophylla	lotus
Laurencia gracilis	lotus
Laurencia irieii	lotus
Laurencia japonensis	lotus
Laurencia johnstonii	lotus
Laurencia nana	lotus
Laurencia omaezakiana	lotus
Laurencia palisada	lotus
Laurencia pannosa	lotus
Laurencia pinnata	lotus
Laurencia poitei	lotus
Laurencia similis	lotus
Laurencia snyderae	lotus
Laurencia snyderiae	lotus
Laurencia tristicha	lotus
Laurilia taxodii	lotus
Lavandula dentata var. dentata	lotus
Lavandula mairei var. antiatlantica	lotus
Lavandula spica	lotus
Leathesia nana	lotus
Lecanora atrynea	lotus
Lecanora badia	lotus
Lecanora broccha	lotus
Lecanora caesiorubella subsp. saximontana	lotus
Lecanora capistrata	lotus
Lecanora castanea	lotus
Lecanora chloropolia	lotus
Lecanora cinereocarnea	lotus
Lecanora elixii	lotus
Lecanora glaucella var. subcarnea	lotus
Lecanora grumulosa	lotus
Lecanora iseana	lotus
Lecanora mayrhoferi	lotus
Lecanora myriocarpoides	lotus
Lecanora nipponica	lotus
Lecanora pachysoma	lotus
Lecanora planaica	lotus
Lecanora sulphurata	lotus
Lecanora sulphurella	lotus
Lecidella sublapicida	lotus
Ledum	lotus
Ledum decumbens	lotus
Lekusku lakaska	lotus
Lemnalia africana	lotus
Lemnalia bournei	lotus
Lemnalia cervicornis	lotus
Lemnalia flava	lotus
Lemnalia humesi	lotus
Lemnalia laevis	lotus
Lemnalia tenuis	lotus
Lenzites betulina	lotus
Leonotis nepetaefolia	lotus
Leontice ewersmannii	lotus
Leontonyx	chebi_origins,lotus
Lepidaploa sagraeana	lotus
Lepidium iberis	lotus
Lepidium peruvianum	lotus
Lepidium syvaschicum	lotus
Lepidolaena palpebrifolia	lotus
Lepidozia borneensis	lotus
Lepidozia incurvata	lotus
Lepisorus fortunei	lotus
Lepisorus palmatopedatus	lotus
Lepista amara	lotus
Lepra dactylina	lotus
Lepraria citrina	lotus
Leptoclinides dubius	lotus
Leptoclinides durus	lotus
Leptoclinides kingi	lotus
Leptoclinides marmoreus	lotus
Leptocoris isolatus	lotus
Leptogorgia laxa	lotus
Leptogorgia ruberrima	lotus
Leptogorgia rubroflavescens	lotus
Leptolyngbya Leptolyngbya	cyanometdb
Leptolyngbya crossbyana	cyanometdb,lotus
Leptolyngbya foveolara	lotus
Leptolyngbya n.a.	cyanometdb
Lespedeza juncea sericea	lotus
Lessingianthus rubricaulis	lotus
Letharia californica	lotus
Lethariella sinensis	lotus
Leucoagaricus carneifolius	lotus
Leucobryum neilgherrense	lotus
Leuconotis eugenifolius	lotus
Leuconotis griffithii	chebi_origins,lotus
Liabum eggersii	lotus
Liatris pauciflora var. secunda	lotus
Liatris platylepis	chebi_origins,lotus
Liatris punctata var. mucronata	lotus
Licaria canella	lotus
Licaria puchury-major	lotus
Lignopsis spongiosa	lotus
Ligularia calthaefolia	lotus
Lilium elegans	lotus
Limacia oblonga	lotus
Limonium gerberi	lotus
Linaria scariosa	chebi_origins
Lindera sericea var. lancea	lotus
Lipastrotethya	lotus
Lipastrotethya ana	lotus
Lippia adoensis	lotus
Lippia chevalieri	lotus
Lippia mexicana	chebi_origins,lotus
Lipschitziella deltoidea	lotus
Lisianthus seemannii	lotus
Lissoclinum japonicum	lotus
Lissoclinum notti	lotus
Litophyton bayeri	lotus
Litophyton brassicum	lotus
Litophyton chabrolii	lotus
Litophyton elongatum	lotus
Litophyton pacificum	lotus
Litophyton viridis	lotus
Litoria gilleni	lotus
Litoria subglandulosa	lotus
Litsea involucrata	lotus
Litsea laurifolia	lotus
Litsea ligustrina	lotus
Litsea linii	chebi_origins
Litsea paludosa	chebi_origins
Lituaria australasiae	lotus
Lobaria denatata	lotus
Lobaria erosa	lotus
Lobatus gigas	lotus
Lobelia hybrida	lotus
Lobodirina	lotus
Lobodirina cerebriformis	lotus
Lobophytum crassospiculatum	lotus
Lobophytum cristatum	lotus
Lobophytum denticulatum	lotus
Lobophytum durum	lotus
Lobophytum laevigatum	lotus
Lobophytum michaelae	lotus
Lolium cuneatum	chebi_origins
Lomariocycas palmiformis	lotus
Lomatophyllum occidentalis	lotus
Lonchocarpus neuroscapha	chebi_origins
Lonchocarpus nicou	lotus
Lonchocarpus orotinus	lotus
Lophionema vermisporum	lotus
Lophocladia lallemandii	lotus
Lophocolea subporosa	lotus
Lophozia barbata	lotus
Lophozia hatcheri	lotus
Lora quadra	lotus
Loranthus parasiticus ( L. ) Merr.	chebi_origins
Lotononis curvicarpa	lotus
Lotononis purpurascens	lotus
Luffa cylindrica	lotus
Lupinus argenteus var. laxiflorus	lotus
Lupinus argenteus var. palmeri	lotus
Lupinus consentinii	lotus
Lupinus gussoneanus	lotus
Lupinus hilarianus	lotus
Lupinus hirsutus	lotus
Lupinus hybridus	lotus
Lupinus paniculatus	lotus
Lupinus varius	lotus
Luvunga sarmentosa	chebi_origins,lotus
Lychnophora bahiensis	lotus
Lychnophora columnaris	lotus
Lychnophora pseudovillosissima	lotus
Lychnophora trichocarpha	lotus
Lycopodium carolinum	lotus
Lyngbya [Lyngbya]wollei	cyanometdb
Lyngbya n.a.	cyanometdb
Lyngbya/Moorea bouillonii	cyanometdb
Lyngbya/Moorea majuscula/producens	cyanometdb
Lyngbya/Moorea n.a.	cyanometdb
Lyngbya/Moorea; Schizothrix [Lyngbya/Moorea]majuscula/producens	cyanometdb
Lyngbya/Moorea; Tolypothrix [Lyngbya/Moorea]majuscula/producens; [Tolypothrix]sp.	cyanometdb
Lyophyllum cinerascens	lotus
Lythrum alatum var. lanceolatum	lotus
Maackia amurensissubsp.buergeri	chebi_origins
Mabea caudata	lotus
Macaranga mappa	lotus
Macaranga pleiostemona	lotus
Macaranga sinensis	lotus
Machaerium vestitum	lotus
Machilus odoratissima	lotus
Machilus odoratissimus	lotus
Maclura aurantiaca	lotus
Macrophoma castaneicola	lotus
Macrotyloma biflorum var. biflorum	lotus
Magnolia arcabucoana	lotus
Magnolia fraseri var. pyramidata	lotus
Magnolia mutabilis	lotus
Magnolia rajaniana	lotus
Magnolia wieseneri	lotus
Magnolia ×soulangeana	lotus
Mahonia borealis	lotus
Mahonia sheridaniana	lotus
Malesherbia humilis var. propinqua	lotus
Malesherbia lirana var. bracteata	lotus
Malesherbia multiflora	lotus
Mallotus philippinensis	lotus
Malpighia punicifolia	lotus
Malva kashmiriana	lotus
Malva subovata	lotus
Malvastrum coromandelinum	lotus
Mammea harmandii	lotus
Mandevilla pavonii	lotus
Marasmiellus troyanus	lotus
Marchantia palmata	lotus
Marchantia plicata	lotus
Mariosousa heterophylla	lotus
Marlierea schottii	lotus
Marsypianthes glomerata	lotus
Martinjahnsia resendei	lotus
Marumia rhodocarpa	lotus
Matricaria pubescens	chebi_origins,lotus
Matricaria tenuifolia	lotus
Matsucoccus josephi	lotus
Maytenus jelskii	lotus
Maytenus retusa	lotus
Maytenus scutioides	lotus
Mediaster murrayi	lotus
Medicago glutinosa	lotus
Medicago nigra	lotus
Medicago rupestris	lotus
Medinilla clarkei	lotus
Medinilla scortechinii	lotus
Melaleuca parviflora	lotus
Melampodium camphoratum	lotus
Melampyrum elatius	lotus
Melanconis thelebola	lotus
Melanogramma	lotus
Melastoma molle	lotus
Melastoma schizocarpum	lotus
Melilotus neapolitana	lotus
Melithaea undulata	lotus
Melodinus celastroides	lotus
Melodinus guillauminii	lotus
Melodinus hemsleyanus	chebi_origins,lotus
Melodinus insulae-pinorum	lotus
Melodinus khasianus	chebi_origins,lotus
Melodinus phylliraeoides	lotus
Melodinus scandens	lotus
Melodinus yunnanensis	lotus
Mendoncia coccinea	lotus
Menegazzia asahinae	lotus
Menegazzia dispora	lotus
Menegazzia platytrema	lotus
Mensamaria intercedens	lotus
Mentha crispa	lotus
Mentha insularis	lotus
Mentha lavandulacea	chebi_origins
Mentha piperita piperita	lotus
Mentha timija	lotus
Mentzelia cordifolia	lotus
Merendera sobolifera	lotus
Mesophyllum fragilissimum	lotus
Mespilodaphne bullata	lotus
Mespilodaphne cymosa	lotus
Mespilodaphne pulchella	lotus
Mesua beccariana	lotus
Mesua elegans	lotus
Mesua myrtifolia	lotus
Metapochonia parasitica	lotus
Miconia spicata	lotus
Microascus tardifaciens	lotus
Microbispora aerata	lotus
Microchaete loktakensis	cyanometdb,lotus
Microcoleus lacustris	cyanometdb,lotus
Microcoleus lyngbyaceus	cyanometdb,lotus
Microcystis Izancya	cyanometdb
Microcystis n.a.	cyanometdb
Microcystis; Dolichospermum/Anabaena [Microcystis]sp.; [Dolicospermum]sp.	cyanometdb
Microgramma vaccinifolia	lotus
Microlepia pilosiuscula	lotus
Micromeria parviflora	lotus
Microscleroderma spirophora	lotus
Microseira n.a.	cyanometdb
Microzonia phinneyi	lotus
Mikania cynanchifolia	lotus
Mikania houstoniana	lotus
Mikania minima	lotus
Mikania urticaefolia	lotus
Milletia laurentii	chebi_origins
Millettia hemsleyana	lotus
Millettia ovalifolia	lotus
Millettia rubiginosa	lotus
Minabea	lotus
Mitracarpus scaber	chebi_origins
Mniopetalum	lotus
Mollisia gigantea	lotus
Monanchora dianchora	lotus
Monanchora pulchra	lotus
Monascus olei	lotus
Monechma debile	lotus
Monerolechia californica	lotus
Monochaetia compta	lotus
Monodictys fluctuata	lotus
Monotes africana	lotus
Montana elegans	lotus
Montanoa rosei	lotus
Monteverdia amazonica	lotus
Monteverdia chiapensis	lotus
Monteverdia cuzcoina	lotus
Monteverdia fugax	lotus
Monteverdia guyanensis	lotus
Monteverdia horrida	lotus
Monteverdia krukovii	lotus
Monteverdia laevis	lotus
Monteverdia loeseneri	lotus
Monteverdia retusa	lotus
Monteverdia tetragona	lotus
Moquilea licaniaeflora	lotus
Morella arborea	lotus
Morpho adonis	lotus
Morus mongolica var. yunnanensis	lotus
Mosla soochouensis	lotus
Mucuna imbricata	lotus
Murraya crenulata	lotus
Murraya gleniei	lotus
Musa cavendishii	lotus
Mycale izuensis	lotus
Mycale micracanthoxea	lotus
Mycale tenuis	lotus
Mycale tenuispiculata	lotus
Mycosphaerella henningsii	lotus
Myelochroa rhytidodes	lotus
Myrcia neopallens	lotus
Myrcia schottii	lotus
Myristica dactyloides	lotus
Myrmekioderma dendyi	lotus
Myrmicaria natalensis eumenoides	lotus
Nannizzia cajetana	lotus
Narcissus angustifolius	lotus
Nardia subclavata	lotus
Nardoa gomophia	lotus
Nardoa tuberculata	lotus
Nasutitermes havilandi	lotus
Nauclea pobeguinii	lotus
Nectandra ramonensis	lotus
Nectria selenosporii	lotus
Nemalion helminthoides	lotus
Neoesperiopsis digitata	lotus
Neolitsea daibuensis	chebi_origins,lotus
Neolitsea lanuginosa	lotus
Neolyngbya Neolyngbya	cyanometdb
Neomeris annulata	lotus
Neomirandea arthodes	lotus
Neomirandea guevarii	lotus
Neoplaconema napelli	lotus
Neoraputia magnifica	lotus
Neoraputia paraensis	lotus
Neothyone gibbosa	lotus
Neotyphodium starrii	lotus
Nepalese propolis	chebi_origins
Nepeta cilicia	lotus
Nepeta saturejoides	lotus
Nepeta teydea	lotus
Nephroma n.a.	cyanometdb
Nephromopsis andrejevii	lotus
Nephromopsis cucullata	lotus
Neptunia amplexicaulis	lotus
Nerine huttonii	lotus
Neurospora longispora	lotus
Neurospora multiforis	lotus
Nicotiana longibracteata	lotus
Nicotiana obtusifolia var. obtusifolia	lotus
Nicotiana silvestris	chebi_origins
Niphates caycedoi	lotus
Niphates lunisimilis	lotus
Nissolia fruticosa	lotus
Nitrosalsola micranthera	lotus
Nitrosalsola orientalis	lotus
Nodularia harvevana	cyanometdb
Nodularia n.a.	cyanometdb
Nostoc [Nostoc]commune	cyanometdb
Nostoc commune Vauch	cyanometdb
Nostoc cyanobacterial mat	cyanometdb
Nostoc linckia (Roth) Bornet	cyanometdb
Nostoc n.a.	cyanometdb
Nostoc shaericum	cyanometdb
Nostoc sp. n.a.	cyanometdb
Nostoc; Anabaena; Nodularia n.a.	cyanometdb
Nostoc; Anabaena; Nodularia; Trichodesmium [Anabaena]doliolum; [Nodularia]baltica; [Nodularia]harveyana; [Nodularia]spumigene	cyanometdb
Nostoc; Leptolyngbya [Nostoc]sp.; [Leptolyngbya]sp.	cyanometdb
Nostoc; Microcystis [Nostoc]sp.; [Microcystis]aeruginosa	cyanometdb
Nostocales n.a.	cyanometdb
Notholaena candida var. copelandii	lotus
Notholaena galapagensis	lotus
Nothoscordum bivalve var. bivalve	lotus
Notoparmelia norcrambidiocarpa	lotus
Nuphar japonicum	lotus
Nymphaea maculata	lotus
Nymphaea × marliacea	lotus
Nymphoides grayanum	lotus
Oceanapia phillipensis	lotus
Oceanapia ramsayi	lotus
Oceanapia sagittaria	lotus
Oceanapia triangulata	lotus
Ochna gamblei	lotus
Ochna pumila	lotus
Ochrocarpos odoratus	lotus
Ochrolechia deceptionis	lotus
Ochrosia mulsantii	lotus
Ocimum centraliafricanum	lotus
Ocimum grandiflorum	lotus
Ocimum micranthum	lotus
Ocotea costulata	lotus
Ocotea duckei	lotus
Ocotea holdridgeiana	lotus
Odontosoria gymnogrammoides	lotus
Odontotermes magdalenae	lotus
Odyendyea klaineana	lotus
Oenopota quadra	lotus
Oenothera clavaeformis	lotus
Oenothera missouriensis	lotus
Oenothera purpusii	lotus
Oenothera striata	lotus
Oenothera strigosa	lotus
Oeosporangium kuhnii	lotus
Okeania hirsute	cyanometdb
Okeania n.a.	cyanometdb
Oleandra neriifolia	lotus
Oligonychus bessardi	lotus
Oncodostigma monosperma	chebi_origins
Oncosiphon suffruticosum	lotus
Ononis subspicata	lotus
Onopordum corymbosum	lotus
Onopordum macrocanthum	lotus
Oospora astringens	lotus
Oospora colorans	lotus
Oospora virescens	lotus
Ophiocoma riisei	lotus
Ophioderma longicaudum	lotus
Ophiorrhiza bracteata	lotus
Ophiorrhiza remotiflora	lotus
Ophistreptus levis	lotus
Ophiura leptoctenia	lotus
Ophiura sarsi	lotus
Ophryosporus piquerioides	lotus
Opisthoncus bellus	lotus
Opopanax chironius	lotus
Opuntia humifusa humifusa	lotus
Opuntia humifusa var. humifusa	lotus
Opuntia vulgaris	lotus
Orbivestus leopoldii	lotus
Oreocarya virginiensis	lotus
Oriciopsis glaberrima	chebi_origins
Origanum adanense	lotus
Origanum intercedens	lotus
Origanum majoricum	lotus
Origanum paniculatum	lotus
Orina	lotus
Orinella	lotus
Orobanche rapum	lotus
Orthosiphon grandiflorus	lotus
Oryctes monoceros	lotus
Oryza aristata	lotus
Osbeckia cupularis	lotus
Oscillatoria borneti	lotus
Oscillatoria erythraea	lotus
Oscillatoria late-virens	cyanometdb
Oscillatoria n.a.	cyanometdb
Oscillatoria nigroviridis	cyanometdb
Oscillatoria raoi	lotus
Oscillatoria simplicissima	cyanometdb
Oscillatoria thiebautii	lotus
Oscillatoria variabilis	lotus
Oscillatoria/Planktothrix acutissima	cyanometdb
Oscillatoria/Planktothrix agardhii	cyanometdb
Oscillatoria/Planktothrix formosa	cyanometdb
Oscillatoria/Planktothrix limosa	cyanometdb
Oscillatoria/Planktothrix margaritifera	cyanometdb
Oscillatoria/Planktothrix n.a.	cyanometdb
Oscillatoria/Planktothrix nigro-viridis	cyanometdb
Oscillatoria/Planktothrix raoi	cyanometdb
Oscillatoria/Planktothrix rosea	cyanometdb
Oscillatoria/Planktothrix rubescens	cyanometdb
Oscillatoria/Planktothrix sancta	cyanometdb
Oscillatoria/Planktothrix serta	cyanometdb
Oscillatoria/Planktothrix sp.; agardhii	cyanometdb
Oscillatoria; Tolypothrix; Calothrix; Nostoc [Oscillatoria]sp.; [Tolypothrix]sp.; [Calothrix]sp.; [Nostoc]sp.	cyanometdb
Oscillatoriales Lyngbya	cyanometdb
Osmundaria volubilis	lotus
Osteospermum barberae	lotus
Osteospermum caulescens	lotus
Osteospermum imbricatum	lotus
Othonna filicaulis	lotus
Oudemansiella melanotricha	lotus
Oxalis erythrorhiza	chebi_origins,lotus
Oxandra major	lotus
Oxera morieri	lotus
Oxylobium lanceolatum	lotus
Oxynoe olivacea	lotus
Oxystelma wallichii	lotus
Ozothamnus dendroideus	lotus
Pachybasium candidum	lotus
Pachybolus brachysternus	lotus
Pachycentria varingiaefolia	lotus
Pachylobus trimerus	lotus
Pachyrrhizus erosus	lotus
Pacifigorgia pulchra	lotus
Padina pavonia	lotus
Paecilomyces militaris	lotus
Paepalanthus robustus	lotus
Paesia anfractuosa	lotus
Palafoxia texana var. ambigua	lotus
Palicourea adusta	lotus
Palicourea coriacea	lotus
Palicourea dichroa	lotus
Palicourea semirasa	lotus
Palythoa liscia	lotus
Palythoa mammillosa	lotus
Palythoa; Trichodesmium/Oscillatoriales [Palythoa]tuberculosa; [Trichodesmium]toxica	cyanometdb
Panaeolus goossensiae	lotus
Panax bipinnatifidus var. bipinnatifidus	lotus
Panax trifoliatus	lotus
Pannaria implexa	lotus
Pannaria leproloma	lotus
Panopsis rubescens	lotus
Papaver curviscapum	lotus
Papaver cylindricum	lotus
Papaver feddei	lotus
Papaver guerlekense	lotus
Papaver laestadianum	lotus
Papaver lisae	lotus
Papaver pseudocanescens	lotus
Papaver strigosum	lotus
Pappobolus microphyllus	lotus
Papulaspora immersa	lotus
Paracynoglossum furcatum	lotus
Paralemnalia clavata	lotus
Paramignya griffithii	lotus
Paraminabea acronocephala	lotus
Parartocarpus venenosa	lotus
Parasenecio auriculata	lotus
Parinari rodolphii	lotus
Parmelia birulae	lotus
Parmelia caperata	lotus
Parmelia cetrarioides	lotus
Parmelia conformata	lotus
Parmelia conspersa	lotus
Parmelia echinocarpa	lotus
Parmelia formosa	lotus
Parmelia kurokawae	lotus
Parmelia latissima	lotus
Parmelia madagascariacea	lotus
Parmelia novomexicana	lotus
Parmelia perlata	lotus
Parmelia piedmontensis	lotus
Parmelia subdissecta	lotus
Parmelia substygia	lotus
Parmelia taractica	lotus
Parmelia tinctoria	lotus
Parmeliopsis halei	lotus
Parmotrema delicatulum	lotus
Parmotrema demethylmicrophyllinicum	lotus
Parmotrema latissimum	lotus
Parmotrema lichexanthonicum	lotus
Parmotrema tsavoense	lotus
Parnassia caroliniana	lotus
Parthenium fruticosum	lotus
Parthenium hispidum	lotus
Parthenium lozanianum	lotus
Parthenium schottii	lotus
Passeriniella obiones	lotus
Pedersenia pulverulenta	lotus
Pedicularis pectinata	lotus
Pelargonium roseum	lotus
Pellia fabbroniana	lotus
Pellina	lotus
Peltigera dilacerata	lotus
Peltigera propagulifera	lotus
Peltigera pruinosa	lotus
Peltigera spuria	lotus
Peltogyne porphyrocardia	lotus
Penepodium complanatum	lotus
Penicillium aculeatum	lotus
Penicillium austrocalifornicum	lotus
Penicillium bainieri	lotus
Penicillium crustaceum	lotus
Penicillium cyaneofulvum	lotus
Penicillium derxii	lotus
Penicillium dodgei	lotus
Penicillium emodense	lotus
Penicillium fructigenum	lotus
Penicillium gilmanii	lotus
Penicillium glaucum	lotus
Penicillium leucopus	lotus
Penicillium purpurogenum	lotus
Penicillium ribis	lotus
Penicillium vanbeymae	lotus
Penstemon glaber var. alpinus	lotus
Penstemon wislizenii	lotus
Pentacalia streptothamna	lotus
Pentaceraster regulus	lotus
Pentanema candidum	lotus
Peperomia campylotropa	lotus
Peperomia filiformis	lotus
Peperomia oreophila	lotus
Perezia hebeclada	lotus
Perisporiopsis melioloides	lotus
Pernettya furens	lotus
Perophora namei	lotus
Persea pyrifolia	lotus
Persicaria alpina	lotus
Persicaria glabrum	lotus
Persicaria spectabilis	lotus
Persicaria stagnina	lotus
Pertusaria albescens var. albescens	lotus
Pertusaria rhodesiaca	lotus
Perymenium discolor	lotus
Peschiera australis	chebi_origins
Pesotum piceae	lotus
Pestalotiopsis oenotherae	lotus
Peteravenia malvaefolia	lotus
Petilium	lotus
Petrosedum pruinatum	lotus
Petrosia hebes	lotus
Petrosia volcano	lotus
Peucedanum decumbens	lotus
Peucedanum macrocarpum	lotus
Peucedanum paniculatum	chebi_origins,lotus
Peucedanum ruthenicum	lotus
Peyssonnelia rosa-marina	lotus
Peziza nivea	lotus
Phaeographis syngraphizans	lotus
Phakellia hooperi	lotus
Phakellia radiata	lotus
Phakettia trachys	lotus
Phalaenopsis leucorrhoda	lotus
Phaleria nisidai	lotus
Phedimus selskanianus	lotus
Phlebodium dictyocallis	lotus
Phlegmariurus acifolius	lotus
Phlegmariurus austrosinicus	lotus
Phlomoides loasifolia	lotus
Phlomoides ostrowskiana	lotus
Phlomoides younghushandii	lotus
Phoebe porosa	chebi_origins
Phoma cassiae	lotus
Phoma empetri	lotus
Phoma linga	lotus
Phomopsis archeri	lotus
Phomopsis cassiae	lotus
Phomopsis paspali	lotus
Phoracantha synonyma	lotus
Phorbas gukhulensis	lotus
Phorbia falcata	lotus
Phorbia geniculata	lotus
Phormidium n.a.	cyanometdb
Phryma leptostachya L.	chebi_origins
Phyla nodiflora minor	lotus
Phyla nodiflora var. minor	lotus
Phyllanthus atropurpureus	lotus
Phyllanthus poilanei	lotus
Phyllanthus puberus	lotus
Phyllodesmium lizardensis	lotus
Phyllopsora haemophaea	lotus
Phyllosticta tabernaemontanae	lotus
Physalis solanaceus	lotus
Physalospora obiones	lotus
Physcia mediterranea	lotus
Physopsis viscida	lotus
Pichia spartinae	lotus
Picradeniopsis schaffneri var. aristata	lotus
Picris spinifera	lotus
Picrorhiza kurroa	lotus
Pilayella littoralis	lotus
Pimpinella monoica	lotus
Pinus japonica	lotus
Pinus longifolia	lotus
Pinus masoni	lotus
Piper acutifolium	chebi_origins,lotus
Piper angustifolium	lotus
Piper futokadsura	chebi_origins
Piper kwashoense	lotus
Piper lamarckianum	lotus
Piper lanatum	lotus
Piper lowong	lotus
Piper miniatum	lotus
Piper neesii	lotus
Piper sanguineispicum	chebi_origins
Piper sumatranum	lotus
Piper taiwanense	lotus
Pipestela candelabra	lotus
Pipestela hooperi	lotus
Pipestela terpenensis	lotus
Pisum sativum var. sativum	lotus
Pittosporum phillyraeoides	lotus
Pityrogramma calomela	lotus
Pityrogramma chrysophylla	lotus
Pityrogramma tartarea	lotus
Placopsis auriculata	lotus
Plagiochila acanthophylla	lotus
Plagiochila killarniensis	lotus
Plagiochila yokogurensis	lotus
Plakinastrella clathrata	lotus
Plakinastrella mammillaris	lotus
Plakortis japonica	lotus
Plakortis lita	lotus
Plakortis nigra	lotus
Plakortis quasiamphiaster	lotus
Plakortis zyggompha	lotus
Planktothrix planktonica	cyanometdb,lotus
Planktothrix; Dolichospermum/Anabaena [Planktothrix]sp.; [Dolichospermum]sp.	cyanometdb
Planktothrix; Dolichospermum/Anabaena [Planktothrix]sp.; [Dolicospermum]sp.	cyanometdb
Planochloris	lotus
Plantago bellardi	lotus
Plantago lacustris	lotus
Platanus hybrida	lotus
Platycelyphium voensis	lotus
Plectonema n.a.	cyanometdb
Plectonema sp.; notatum	cyanometdb
Plectranthus cyaneus	chebi_origins
Plectranthus epilithicus	lotus
Plectranthus garckeanus	lotus
Plectranthus igniarius	lotus
Plectranthus nummularius	chebi_origins
Plectranthus verticillatus	lotus
Plectranthus xanthanthus	lotus
Plectritis ciliosa	lotus
Pleohelicoon richonis	lotus
Pleospora betae	lotus
Pleospora scirpicola	lotus
Plesiocolochirus australis	lotus
Pleurocapsa n.a.	cyanometdb
Plexaura nina	lotus
Plinia pennata	lotus
Plocamiancora igzo	lotus
Plocamium coccineum	lotus
Plocamium corallorhiza	lotus
Plocamium cruciferum	lotus
Plumigorgia terminosclera	lotus
Poacynum armenum	lotus
Poacynum venetum	lotus
Podalyria glauca	lotus
Podosordaria nigripes	lotus
Podostictina endochrysa	lotus
Poecillastra tenuilaminaris	lotus
Pogonatum otaruense	lotus
Pogonospermum ciliare	lotus
Polhillia connatum	lotus
Polhillia waltersii	lotus
Polyalthia harmandii	chebi_origins
Polyalthia jucunda	chebi_origins
Polyalthia nemoralis	chebi_origins
Polyalthia sinclairiana	lotus
Polyalthia thorelii	chebi_origins
Polycarpa clavata	lotus
Polycitor africanus	lotus
Polydora chloropappa	lotus
Polydora serratuloides	chebi_origins
Polydora steetziana	lotus
Polyergus texana	lotus
Polygala dalmaisiana	lotus
Polygala forbesii	lotus
Polygala inexpectata	chebi_origins
Polygala sabulosa	lotus
Polygala senega latifolia	lotus
Polygala telephioides	lotus
Polygala triphylla	lotus
Polygaloides chamaebuxus	lotus
Polygonum lapathifolium var. lapathifolium	lotus
Polygonum mite	lotus
Polyozosia reuteri	lotus
Polypodium pleurosorum	lotus
Polyporus annulatus	lotus
Polyporus dryadeus	lotus
Polyporus hispidus	lotus
Polyporus lipsiensis	lotus
Polysiphonia violaceum	lotus
Polysyncraton cuculliferum	lotus
Polysyncraton lithostrotum	lotus
Pometia eximia	lotus
Pontocypria meridionalis	lotus
Populus hsinganica var. trichorachis	lotus
Populus tristis	lotus
Populus violascens	lotus
Poronia gigantea	lotus
Potebniamyces balsamicola	lotus
Potebniamyces gallicola	lotus
Potentilla candicans	lotus
Potentilla tormentilla	lotus
Potentilla wallichiana	lotus
Premna subscandens	lotus
Presliophytum heucherifolia	lotus
Priestleya	lotus
Priestleya laevigata	lotus
Priestleya umbellifera	lotus
Primula rosea	lotus
Primula × polyantha	lotus
Prittwitzia hymenaea	lotus
Prochloron n.a.	cyanometdb
Prochlorothrix hollundica	cyanometdb
Propionibacterium propionicum	lotus
Propolis (Okinawa, Japan)	chebi_origins
Prosopis fiebrigii	lotus
Prosopis glandulosa var. glandulosa	lotus
Prosopis pugionata	lotus
Protaphis elongata	lotus
Protorhabditis lepida	lotus
Protousnea malacea	lotus
Protousnea poeppigii	lotus
Prunus buergeri	lotus
Prunus ilicifolia var. integrifolia	lotus
Prunus insititia	lotus
Psammaplysilla	lotus
Psammoclemma	lotus
Psathyrella candolleana	lotus
Psathyrella scobinacea	lotus
Psephellus adjaricus	lotus
Psephellus bornmuelleri	lotus
Psephellus hypoleucus	lotus
Pseudanabaena n.a.	cyanometdb
Pseudevernia furfuracea var. ceratea	lotus
Pseudevernia furfuracea var. furfuracea	lotus
Pseudobaccharis spartioides	lotus
Pseudocnus dubiosus	lotus
Pseudocnus koellikeri	lotus
Pseudocyphellaria mougeotiana	lotus
Pseudodistoma arborescens	lotus
Pseudodistoma aureum	lotus
Pseudodistoma cereum	lotus
Pseudodistoma megalarva	lotus
Pseudodistoma novaezelandiae	lotus
Pseudodistoma obscurum	lotus
Pseudodistoma opacum	lotus
Pseudognaphalium pellitum	lotus
Pseudognaphalium schraderi	lotus
Pseudogynoxys pohlii	lotus
Pseudohalonectria adversaria	lotus
Pseudoleptosphaeria etheridgei	lotus
Pseudopegolettia tenella	lotus
Pseudophormidium radiosum	lotus
Pseudosophora alopecuroides	lotus
Pseudovalsella modonia	lotus
Psiadia ceylanica	lotus
Psidium larueotteanum	lotus
Psidium salutare var. pohlianum	lotus
Psilostrophe gnaphalioides	lotus
Psolus eximius	lotus
Psora corallina	lotus
Psoralea effusa	lotus
Psoralea exile	lotus
Psoralea leucantha	lotus
Psoralea oreopolum	lotus
Psoroma allorhizum	lotus
Psoroma caesium	lotus
Psoroma caliginosum	lotus
Psoroma dimorphum	lotus
Psoroma pulchrum	lotus
Psychotria dichroa	lotus
Psychotria klugii	chebi_origins
Psychotria prunifolia	lotus
Pteris arguta	lotus
Pteris australis	lotus
Pteris cristata	lotus
Pteris plumieri	lotus
Pteris plumula	lotus
Pteris sinensis	lotus
Pterocarya pterocarpa	lotus
Pterocephalus pinardi	lotus
Pterocephalus pinardii	lotus
Pteroeides esperi	lotus
Pterospermum lanceolatum	lotus
Pulicaria wightiana	lotus
Pulsatilla occidentalis	lotus
Pulsatilla pratensis	lotus
Punctelia canaliculata	lotus
Punctelia microsticta	lotus
Pycnoclavella kottae	lotus
Pycnoporus sanguineus	lotus
Pyrenula japonica	lotus
Pyrethrum corymbosum	lotus
Pyrophorus pellucens	lotus
Quamoclit pennata	lotus
Quercus oblongata	lotus
Rabdosia inflexa	chebi_origins
Radiocystis feernandoi	cyanometdb
Radula laxiramea	lotus
Radula oyamensis	lotus
Radula variabilis	lotus
Rafnia cuneifolia	lotus
Ramalina africana	lotus
Ramalina asahinana	lotus
Ramalina baltica	lotus
Ramalina boninensis	lotus
Ramalina boulhautiana	lotus
Ramalina cactacearum	lotus
Ramalina canaliculata	lotus
Ramalina carpatica var. teplicskaensis	lotus
Ramalina celastri subsp. celastri	lotus
Ramalina chilensis	lotus
Ramalina continentalis	lotus
Ramalina corymbosa	lotus
Ramalina ecklonii	lotus
Ramalina inflata subsp. inflata	lotus
Ramalina tumidula	lotus
Rana esculenta	lotus
Raspailia arbuscula	lotus
Raspailia pumila	lotus
Rauvolfia balansae var. basicola	lotus
Rauvolfia canescens	chebi_origins
Rauvolfia hirsuta	chebi_origins
Rauvolfia volkensi	chebi_origins
Rauwolfia sellowii	lotus
Rauwolfia sprucei	lotus
Rebutia marsoneri	lotus
Reinwardtiodendron anamalaiense	lotus
Relicina connivens	lotus
Relicina incongrua	lotus
Relicina samoensis	lotus
Renealmia exaltata	lotus
Reniera	lotus
Retiboletus retipes	lotus
Rhamnus hirtellus	lotus
Rhamnus kurdicus	lotus
Rhamnus nepalensis	lotus
Rhamnus punctatus	lotus
Rhamnus thymifolius	lotus
Rhaphisia	lotus
Rhaphisia pallida	lotus
Rhapidostreptus innominatus	lotus
Rhaponticum orientale	lotus
Rheum collinianum	lotus
Rheum cordatum	lotus
Rheum hybridum	lotus
Rhinopetalum	lotus
Rhodococcus equi	lotus
Rhododendron bakeri	lotus
Rhododendron dahuricum	lotus
Rhododendron decipiens	lotus
Rhododendron nilagiricum	lotus
Rhododendron triflorum bauhiniiflorum	lotus
Rhododendron vandeursenii	lotus
Rhodotorula rubra	lotus
Rhymbocarpus neglectus	lotus
Rhynchospora tenuifolia	lotus
Ribes cereum var. cereum	lotus
Ribes maximoviczianum	lotus
Riccia duplex	lotus
Riella affinis	lotus
Rinodina brandii	lotus
Rinodina dissa	lotus
Rinodina thiomela	lotus
Ritterella rete	lotus
Ritterella rubra	lotus
Ritterella sigillinoides	lotus
Ritterella tokioka	lotus
Rivularia firma	lotus
Rivularia n.a.	cyanometdb
Roccella capensis	lotus
Roccellina mollis	lotus
Rolandia coralloides	lotus
Rollinia dolabripetala	lotus
Rosa luciae	lotus
Rosa nisami	lotus
Rosa polliniana	lotus
Rosa pomifera	lotus
Roseofomes	lotus
Rosmarinus eriocalyx	lotus
Rosmarinus tomentosus	lotus
Rothmaleria granatensis	lotus
Rubus adenotrichus	lotus
Rubus babae	lotus
Rubus calycinoides	lotus
Rubus foliolatus	lotus
Rubus hiraseanus	lotus
Rubus masakii	lotus
Rubus nigakuma	lotus
Rubus nikaii	lotus
Rubus ohmineanus	lotus
Rubus rigidus var. camerunensis	lotus
Rubus rosaefolius	lotus
Rubus sanguineus	lotus
Rubus tawadanus	lotus
Rubus toyorensis	lotus
Rudbeckia fulgida var. speciosa	lotus
Ruellia rosea	lotus
Rumex aegyptiacus	lotus
Rungia repens	lotus
Rutstroemia pseudosydowiana	lotus
Saccharomyces cerevisiae (strain ATCC 204508 / S288c)	bindingdb
Safran	lotus
Salacia verrucosa	lotus
Salileptolyngbya n.a.	cyanometdb
Salix hsinganica	lotus
Salix pentandroides	lotus
Salsola foetida	lotus
Salvia aratocensis	chebi_origins
Salvia ballotaeflora	lotus
Salvia beckeri	lotus
Salvia cana	lotus
Salvia cespitosa	lotus
Salvia cilicica	lotus
Salvia dorrii var. incana	lotus
Salvia fugax	lotus
Salvia garedjii	lotus
Salvia granatensis	lotus
Salvia grandiflora	lotus
Salvia ianthina	lotus
Salvia jordanii	lotus
Salvia kuznetzovii	lotus
Salvia oxyodon	lotus
Salvia palaefolia	lotus
Salvia seravschanica	lotus
Salvia simonkaiana	lotus
Salvia tonalensis	lotus
Salvia trautvetteri	lotus
Salvia triloba	lotus
Salvia urolepis	lotus
Salvia uruapana	lotus
Salvia viscida	lotus
Salvia willeana	lotus
Samadera madagascariensis	chebi_origins
Sarcocornia fruticosa	lotus
Sarcodictyon roseum	lotus
Sarcodontia setosa	lotus
Sarcophyte piriei	chebi_origins,lotus
Sarcophyton acutangulum	lotus
Sarcophyton solidum	lotus
Sarcophyton stolidotum	lotus
Sargassum heterophyllum	lotus
Sargassum parvivesiculosum	lotus
Saxidomus giganteus	lotus
Scabiosa bipinnata	lotus
Scabiosa pyrenaica	lotus
Scaevola lobelia	lotus
Scalarispongia linteiformis	lotus
Scapania parvitexta	lotus
Scenedesmus acutus var. acutus	lotus
Schefflera divaricata	lotus
Schefflera rotundifolia	lotus
Schinopsis quebracho-colorado	lotus
Schinus lentiscifolius	lotus
Schisandra wilsoniana	chebi_origins,lotus
Schistostephium heptalobum	lotus
Schizonobia sycophanta	lotus
Schizothrix n.a.	cyanometdb
Schlumbergera buckleyi	lotus
Schoenus asperocarpus	lotus
Schoenus hexandrus	lotus
Schoenus latitans	lotus
Schoenus sesquispicula	lotus
Schoepfia californica	lotus
Scholtzia parviflora	lotus
Schusterella chevalieri	lotus
Sciadotenia eichleriana	lotus
Scilla sodalicia	lotus
Scleria novae-hollandiae	lotus
Scleria tricuspidata	lotus
Sclerocarya afra	lotus
Sclerodoris tanya	lotus
Scleromitrion tenelliflorum	lotus
Scleronephthya gracillima	lotus
Scleronephthya pallida	lotus
Scleropyrum maingayi	lotus
Scopulariopsis repens	lotus
Scorzonera judaica	chebi_origins
Scorzoneroides atlantica	lotus
Scrophularia oblongifolia	lotus
Scurrula fusca	lotus
Scutellaria caucasica	lotus
Scutellaria chaematochlora	lotus
Scutellaria glabra	lotus
Scutellaria haematochlora	lotus
Scutellaria iskanderi	lotus
Scutellaria oreophila	lotus
Scutellaria oxystegia	lotus
Scutellaria rivularis	lotus
Scyphiphora hydrophylacea	lotus
Scytalium tentaculatum	lotus
Scytonema burmanicum	lotus
Scytonema mirabilis	cyanometdb
Scytonema n.a.	cyanometdb
Scytonema pseudo hofmannii	cyanometdb
Scytonema pseudo hofmannii Bharadwaja	cyanometdb
Scytonema saleyeriense	lotus
Scytonema; Dolichospermum; Raphidiopsis; Microseira n.a.	cyanometdb
Searsia dregeana	lotus
Searsia retinorrhoea	lotus
Searsia thyrsiflora	lotus
Sebastiania schottiana	lotus
Sebdenia polydactyla	lotus
Securigera cretica	lotus
Securinega tinctoria	lotus
Sedum euxinum	lotus
Seimatoantlerium tequiensis	lotus
Selliguea moulmeinensis	lotus
Semecarpus kurzii	lotus
Semenovia candicans	lotus
Semenovia suffruticosa	lotus
Semicassis undulata	lotus
Sempervivum kindingeri	lotus
Sempervivum nevadense	lotus
Senecio alcicornis	lotus
Senecio alloeophyllus	lotus
Senecio almeidae	lotus
Senecio ampullaceus	lotus
Senecio behnii	lotus
Senecio bergii	lotus
Senecio brachypodus	lotus
Senecio bracteatus	lotus
Senecio bracteolatus	lotus
Senecio brevilorus	lotus
Senecio breviscapus	lotus
Senecio burkartii	lotus
Senecio burtonii	lotus
Senecio cachinalensis	lotus
Senecio canchahuinganquensis	lotus
Senecio candicans	lotus
Senecio caudatus	lotus
Senecio cerberoanus	lotus
Senecio chionophilus	lotus
Senecio cinerarius	lotus
Senecio colaminus	lotus
Senecio collinus	lotus
Senecio confusus	lotus
Senecio conzattii	lotus
Senecio covasii	lotus
Senecio crispus	lotus
Senecio cruentus	lotus
Senecio cuneatus	lotus
Senecio deformis	lotus
Senecio digitalifolius	lotus
Senecio dryophyllus	lotus
Senecio duriaei	lotus
Senecio erechthithoides	lotus
Senecio erechthitoides	lotus
Senecio eremophilus var. kingii	lotus
Senecio faberi	lotus
Senecio fabrisii	lotus
Senecio fremontii var. blitoides	lotus
Senecio garnieri	lotus
Senecio gilliesianus	lotus
Senecio glandulosus	lotus
Senecio grandiflorus	lotus
Senecio grisebachii	lotus
Senecio heliopsis	lotus
Senecio helodes	lotus
Senecio heterotrichius	lotus
Senecio heterotrichus	lotus
Senecio hualtaranensis	lotus
Senecio hydrophilus	lotus
Senecio illinitus	lotus
Senecio integrifolius	lotus
Senecio iodanthus	lotus
Senecio isatideus	lotus
Senecio jacalensis	lotus
Senecio lanceus	lotus
Senecio laricifolius	lotus
Senecio macrophyllus	lotus
Senecio macrotis	lotus
Senecio madrensis	lotus
Senecio mitophyllus	lotus
Senecio mulgediifolius	lotus
Senecio neaei	lotus
Senecio ochoanus	lotus
Senecio odontophyllus	lotus
Senecio olivaceobracteatus	lotus
Senecio oryzetorum	lotus
Senecio othonnaeflorus	lotus
Senecio palmatus	lotus
Senecio pampeanus	lotus
Senecio patagonicus	lotus
Senecio peripotamus	lotus
Senecio philippicus	lotus
Senecio phonolithicus	chebi_origins
Senecio portalesianus	lotus
Senecio prionopterus	lotus
Senecio propinquus	lotus
Senecio pseudotites	lotus
Senecio ragonesei	lotus
Senecio reicheanus	lotus
Senecio richii	lotus
Senecio riddellii	chebi_origins,lotus
Senecio rosmarinus	lotus
Senecio rugegensis	lotus
Senecio tenuifolius	lotus
Senecio tricephalus	lotus
Senecio variabilis	lotus
Senecio viravira	lotus
Senecio viscosissimus	lotus
Senna alexandrina var. alexandrina	lotus
Senna hirsuta var. hirsuta	lotus
Senna macranthera var. pudibunda	lotus
Senna spectabilis var. excelsa	lotus
Septoria viciae	lotus
Seriphidium mongolorum	lotus
Seriphidium szovitzianum	lotus
Seris polymorpha	lotus
Serratula cichoracea	lotus
Serratula radiata	lotus
Sertularella crassicaulis	lotus
Sesamoides canescens	lotus
Sesbania macrocarpa	lotus
Seseli abolinii	lotus
Seseli campestre	lotus
Seseli condensatum	lotus
Seseli cuneifolium	lotus
Seseli foliosum	lotus
Seseli iliense	lotus
Seseli korovinii	lotus
Seseli lehmannianum	lotus
Seseli sessiliflorum	lotus
Seseli sibiricum	lotus
Seseli varium	lotus
Sessibugula translucens	lotus
Shirakiopsis elliptica	lotus
Sia ferox	lotus
Sida veronicaefolia	lotus
Sideritis angustifolia	lotus
Sideritis antiatlantica	lotus
Sideritis funkiana	lotus
Sideritis granatensis	lotus
Sideritis ibanyenzii	lotus
Sideritis imbricata	lotus
Sideritis linearifolia	lotus
Sideritis lotsyi var. mascaensis	lotus
Sideritis lyciae	lotus
Sideritis mugronensis	chebi_origins
Sideritis osteoxyla	lotus
Sideritis reverchonii	lotus
Sideritis scordioides	lotus
Sideritis spinulosa	lotus
Sideritis varoi	lotus
Sigmaxinella flabellata	lotus
Sigmosceptrella	lotus
Sigmosceptrella fibrosa	lotus
Silene praemixta	lotus
Silene scabrifolia	lotus
Siler garganicum	lotus
Siliquariaspongia japonica	lotus
Simaba cuspidata	chebi_origins
Simaba multiflora	chebi_origins
Simira eliezeriana	lotus
Simira mexicana	lotus
Simira salvadorensis	lotus
Simira williamsii	lotus
Simsia cronquistii	lotus
Sindora sumatrana	lotus
Sinocalamus affinis	chebi_origins
Sinomalus sieboldii	lotus
Sinularia dissecta	lotus
Sinularia facile	lotus
Sinularia firma	lotus
Sinularia gonatodes	lotus
Sinularia granosa	lotus
Sinularia gyrosa	lotus
Sinularia inelegans	lotus
Sinularia kavarattiensis	lotus
Sinularia manaarensis	lotus
Sinularia mayi	lotus
Sinularia microclavata	lotus
Sinularia parva	lotus
Sinularia triangula	lotus
Siparuna apiosyce	lotus
Siphonaria laciniosa	lotus
Siphonaria maura	lotus
Siphonaria oculus	lotus
Siphonoglossa	lotus
Siphula applanata	lotus
Siphula dichotoma	lotus
Siphula ramalinoides	lotus
Siphula roccelliformis	lotus
Siphula subulata	lotus
Smallanthus glabratus	lotus
Smallanthus macvaughii	lotus
Smenospongia cerebriformis	lotus
Smenospongia echina	lotus
Smilax bockii	lotus
Smilax glyciphylla	lotus
Smilax lanceaefolia	lotus
Smilax medica	lotus
Smirnowia iranica	lotus
Solanum adoense	lotus
Solanum aurantiacobaccatum	lotus
Solanum caudatum	lotus
Solanum congestiflorum	chebi_origins
Solanum cornutum	lotus
Solanum incisum	lotus
Solanum megacarpum	lotus
Solanum olgae	lotus
Solanum panduraeforme	lotus
Solanum parviflorum	lotus
Solanum persicum	lotus
Solanum pseudopersicum	lotus
Solanum sodomeum	lotus
Solanum sublobatum	lotus
Solanum verbascifolium	chebi_origins
Solanum viride	lotus
Solenopodium	lotus
Solenostemon sylvaticus	lotus
Solidago virga-aurea	lotus
Solorina octospora	lotus
Sonchus lidii	lotus
Sonchus melanolepis	lotus
Sonchus nanus	lotus
Sonerila begoniaefolia	lotus
Sophora leachiana	chebi_origins,lotus
Sophora lehmanni	lotus
Sophora praetorulosa	lotus
Sophora subprostrata	chebi_origins
Sorbus ambigua	lotus
Sorbus hostii	lotus
Sorbus lanata	lotus
Sorbus margittaiana	lotus
Sorbus sudetica	lotus
Soulamea tomentosa	lotus
Sparaxis tricolor	lotus
Sparticola juncei	lotus
Spathelia simplex	lotus
Spatholobus harmandii	lotus
Spatholobus sinensis	lotus
Spatoglossum macrodontum	lotus
Spatoglossum schmittii	lotus
Spatoglossum variabile	lotus
Sphaeranthus confertifolius	lotus
Sphaeria australis	lotus
Sphaeria macula	lotus
Sphaeria obiones	lotus
Sphaeromorphaea australis	lotus
Sphaeropsidales	lotus
Sphaerospermopsis n.a.	cyanometdb
Sphingomonas wittichii	lotus
Spicantopsis niponica	lotus
Spilanthes pallida	lotus
Spiraea brahuica	lotus
Spiraea formosa	lotus
Spirastrella abata	lotus
Spirostreptus pavani	lotus
Spirulina/Arthrospira platensis	cyanometdb
Spongia arabica	lotus
Spongia australis	lotus
Spongia cerebriformis	lotus
Spongia oceania	lotus
Spongionella gracilis	lotus
Spongosorites ruetzleri	lotus
Sporobolomyces odorus	lotus
Sporormiella teretispora	lotus
Stachybotrys alternans	lotus
Stachybotrys cylindrosporus	lotus
Stachybotrys microsporus	lotus
Stachybotrys nephrosporus	lotus
Stachys cinerea	lotus
Stachys cretica L.	chebi_origins
Stachys lavandulaefolia	lotus
Stachys rosea	lotus
Stachys sieboldii var. sieboldii	lotus
Stagonosporopsis salicorniae	lotus
Staphylea arguta	lotus
Staphylea formosana	lotus
Staphylea japonica	lotus
Staphylea ternata	lotus
Stauntonia angustifolia	lotus
Stauntonia latifolia	lotus
Stauntonia yaoshanensis	lotus
Staurogyne merguensis	lotus
Stelletta maxima	lotus
Stelletta purpurea	lotus
Stelodoryx chlorophylla	lotus
Stemmadenia galeottiana	chebi_origins
Stemmadenia minima	chebi_origins
Stemmadenia tomentosa	chebi_origins
Stemodia durantifolia var. chilensis	lotus
Stemona collinsae	lotus
Stenachaenium macrocephalum	lotus
Stenocalyx michelii	chebi_origins
Stenocereus laevigatus	lotus
Stenostomum portoricense	lotus
Stenostomum resinosum	lotus
Stephania dinklagei	lotus
Stephania glabra	lotus
Stephania merrillii	lotus
Stephania sasakii	lotus
Sterculia setigera	lotus
Sterculia tavia	lotus
Sterculia tomentosa	lotus
Stereocaulon colensoi	lotus
Stereocaulon halei	lotus
Stereocaulon himalayense	lotus
Stereocaulon sterile	lotus
Stereocaulon vulcani	lotus
Stereonephthya armata	lotus
Stereospermum zenkeri	lotus
Stevia achalensis	lotus
Stevia alpina	lotus
Stevia amambayensis	lotus
Stevia andina	lotus
Stevia aristata	lotus
Stevia breviaristata	lotus
Stevia chamaedrys	lotus
Stevia cuzcoensis	lotus
Stevia galeopsidifolia	lotus
Stevia gilliesii	lotus
Stevia grisebachiana	lotus
Stevia jujuyensis	lotus
Stevia maimarensis	lotus
Stevia mercedensis	lotus
Stevia monardaefolia	lotus
Stevia ovata var. texana	lotus
Stevia philippiana	lotus
Stevia polyphylla	chebi_origins,lotus
Stevia porphyrea	lotus
Stevia potrerensis	lotus
Stevia procumbens	lotus
Stevia samaipatensis	lotus
Stevia sanguinea	lotus
Stevia sarensis	lotus
Stevia satureifolia	lotus
Stevia soratensis	lotus
Stevia stricta	lotus
Stevia vaga	lotus
Stevia yaconensis	lotus
Steyermarkina dispalata	lotus
Sticherus dichotomus	lotus
Sticherus quadripartitus	lotus
Stichopus chloronotos	lotus
Sticta mougeotiana	lotus
Stigonema dendroideum	cyanometdb,lotus
Stigonema; Scytonema; Lyngbya sp.	cyanometdb
Stilpnopappus trichospiroides	lotus
Stixaceae	lotus
Stoeba extensa	lotus
Stolonica australis	lotus
Stomozoa murrayi	lotus
Stomozoa roseola	lotus
Stranvaesia davidiana var. davidiana	lotus
Streptocarpus hybridus	lotus
Streptocaulon griffithii	chebi_origins
Streptomyces aureofaciens	lotus
Streptomyces n.a.	cyanometdb
Streptomyces threomyceticus L-803	chebi_origins
Striga barthlottii	lotus
Striga lutea	lotus
Strobilanthes auriculatus	lotus
Strobilanthes pentstemonoides	lotus
Strobilanthes psilostachys	lotus
Strobilurus conigenus	lotus
Strongylodesma	lotus
Strongylodesma algoaensis	lotus
Strongylodesma aliwaliensis	lotus
Strumaria barbariae	lotus
Struthiola argentea	lotus
Strychnos colubrina	lotus
Strychnos holstii	chebi_origins
Stylinos	lotus
Stylissa caribica	lotus
Stylissa constricta	lotus
Stylogyne ardisioides	lotus
Stylogyne cauliflora	lotus
Styphelia humifusa	lotus
Styrax macranthus	chebi_origins
Suberites sericeus	lotus
Sullivantia hapemanii var. purpusii	lotus
Sullivantia renifolia	lotus
Swertia alata	lotus
Swertia davidi	chebi_origins
Swertia decussata	chebi_origins,lotus
Swertia gracilescens	chebi_origins
Swertia perfoliata	chebi_origins
Swertia randaiensis	chebi_origins
Swietenia aubrevilleana	lotus
Symphyotrichum bracteolatum	lotus
Symphyotrichum novibelgii var. novi-belgii	lotus
Symphyotrichum patagonicum	lotus
Symploca laete-viridis	cyanometdb
Symploca laeteviridis	lotus
Symploca n.a.	cyanometdb
Symploca; Geitlerinema n.a.	cyanometdb
Symploca;Geitlerinema n.a.	cyanometdb
Symplocos laetiviridis	lotus
Symplocos microcalyx	lotus
Symplocos oblongifolia	lotus
Synallactes nozawai	lotus
Synaptolepis retusa	lotus
Syncarpia glomerulifera	lotus
Syncolostemon densiflorus	lotus
Syncolostemon welwitschii	lotus
Syndiazona chinensis	lotus
Synechococcales sp.	cyanometdb
Synechococcus n.a.	cyanometdb
Synechocystis n.a.	cyanometdb
Synechocystis; Chroococcidiopsis; Oscillatoria; Lyngbya; Nostoc; Nodularia; Anabaena; Fischerella [Synechocystis]sp.; [Chroococcidiopsis]sp.; [Oscillatoria]sp.; [Lyngbya]sp.; [Nostoc]sp.; [Nodularia]sp.; [Anabaena]sp.; [Fischerella]sp.	cyanometdb
Synedrellopsis grisebachii	lotus
Synoicum blochmanni	lotus
Synoicum macroglossum	lotus
Synoicum prunum	lotus
Synoicum pulmonaria	lotus
Tabebuia avellanedae	chebi_origins
Tabebuia barbata	chebi_origins
Tabernaemontana affinis	lotus
Tabernaemontana albiflora	lotus
Tabernaemontana amblyocarpa	lotus
Tabernaemontana apoda	lotus
Tabernaemontana australis	chebi_origins,lotus
Tabernaemontana chippii	lotus
Tabernaemontana dichotoma	chebi_origins,lotus
Tabernaemontana fuchsiifolia	lotus
Tabernaemontana glabra	lotus
Tabernaemontana holstii	chebi_origins
Tabernaemontana johnstonii	chebi_origins
Tabernaemontana killipii	lotus
Tabernaemontana laurifolia	lotus
Tabernaemontana longipes	lotus
Tabernaemontana lundii	lotus
Tabernaemontana mauritiana	lotus
Tabernaemontana minutiflora	lotus
Tabernaemontana mocquerysii	lotus
Tabernaemontana mucronata	lotus
Tabernaemontana olivacea	lotus
Tabernaemontana oppositifolia	lotus
Tabernaemontana polyneura	lotus
Tabernaemontana psychotriifolia	lotus
Tabernaemontana riedelii	lotus
Tabernaemontana rigida	lotus
Tabernaemontana robinsonii	lotus
Tabernaemontana ternifolia	chebi_origins,lotus
Tabernaemontana tomentosa	lotus
Tabernaemontana wallichiana	lotus
Taenaris butleri	lotus
Taenaris myops	lotus
Taenaris onolaus	lotus
Taenaris phorcas	lotus
Tagetes coronopifolia	lotus
Tagetes dianthiflora	lotus
Tagetes elliptica	lotus
Tagetes mandonii	lotus
Tagetes rupestris	lotus
Tagetes stenophylla	lotus
Tagetes zypaquinensis	lotus
Talaromyces purpurogenus	lotus
Talaromyces thailandiasis	lotus
Talaromyces vermiculatus	lotus
Tanacetum annuum	lotus
Tanacetum aureum var. heimerlii	lotus
Tanacetum cilicium	lotus
Tanacetum larvatum	lotus
Taonia australasica	lotus
Taonia lacheana	lotus
Tapeinosperma clethroides	lotus
Taphrina cerasi	lotus
Taraxacum gymnanthum	lotus
Taraxacum megalorhizon	lotus
Tarchonanthus minor	lotus
Tarenna ebracteata	lotus
Tarenna vanprukii	lotus
Taxodium huegelii	lotus
Taxus drupacea	lotus
Taxus sinensis	lotus
Tectitethya crypta	lotus
Tectona philippinensis	lotus
Tedania mucosa	lotus
Telesto multiflora	lotus
Tephrosia egregia	lotus
Tephrosia elata	lotus
Tephrosia fulvinervis	lotus
Tephrosia hildebrandtii	lotus
Tephrosia hookeriana	lotus
Tephrosia interrupta	lotus
Tephrosia lanceolata	lotus
Tephrosia lupinifolia	lotus
Tephrosia macropoda	lotus
Tephrosia procumbens	lotus
Tephrosia quercetorum	lotus
Tephrosia semiglabra	lotus
Tephrosia spinosa	lotus
Tephrosia tepicana	lotus
Tephrosia toxicaria	chebi_origins
Tephrosia tuitoensis	lotus
Tephrosia vicioides	lotus
Tephrosia viridiflora	lotus
Terminalia acuminata	lotus
Terminalia argentea	lotus
Terminalia bentzoe	lotus
Terminalia calcicola	lotus
Terminalia impediens	lotus
Terminalia macrophylla	lotus
Terminalia tropophylla	lotus
Ternstroemia merrilliana	lotus
Tessaria dodoneifolia	lotus
Tessaria integrifolia var. ambigua	lotus
Tethya deformis	lotus
Tethya omanensis	lotus
Tetradenia barberae	lotus
Tetradymia glabrata	lotus
Tetragonia tetragonioides	lotus
Tetragonotheca ludoviciana	lotus
Tetraneuris scaposa var. scaposa	lotus
Tetraneuris turneri	lotus
Tetrastigma angustifolia	lotus
Tetrataenium grande	lotus
Tetrataenium wallichii	lotus
Teucrium africanum	lotus
Teucrium barbeyanum	lotus
Teucrium buxifolium	lotus
Teucrium carolipaui	lotus
Teucrium carthaginense	lotus
Teucrium cossonii	lotus
Teucrium decaisnei	lotus
Teucrium depressum	lotus
Teucrium fragile	lotus
Teucrium gracile	lotus
Teucrium grisebachii	lotus
Teucrium lanigerum	lotus
Teucrium lepicephalum	lotus
Teucrium maghrebinum	lotus
Teucrium manghuaense	chebi_origins
Teucrium micropodioides	lotus
Teucrium mideltense	lotus
Teucrium pernyi	lotus
Teucrium ramosissimum	chebi_origins,lotus
Teucrium rivas-martinezii	lotus
Teucrium siculum	lotus
Teucrium thymifolium	lotus
Teucrium tomentosum	lotus
Teucrium wightii	lotus
Teucrium yemense	lotus
Thalictrum faberi	lotus
Thalictrum glandulosissimum	lotus
Thalictrum hazaricum	lotus
Thalictrum longistylum	lotus
Thalictrum orientale	lotus
Thalictrum pedunculatum	lotus
Thalictrum purpurascens	lotus
Thalictrum rugosum	lotus
Thalictrum strictum	lotus
Thalictrum sultanabadense	lotus
Thapsia nitida	lotus
Thecocarpus carvifolius	lotus
Thelepus extensus	lotus
Thelypteris quelpaertensis	lotus
Thermopsis alterniflora	lotus
Thrincia tuberosa	lotus
Thryptomene denticulata	lotus
Thujopsis dolabrata var. dolabrata	lotus
Thuretella schousboei	lotus
Thymus collinus	lotus
Thymus dimorphus	lotus
Thymus hirtus	lotus
Thymus kosteletzkyanus	lotus
Thymus loscosii	lotus
Thymus martinezii	lotus
Thymus orespedanus	lotus
Thymus pastoralis	lotus
Thymus pectinatus	lotus
Ticomyces	lotus
Ticorea longiflora	lotus
Ticorea pedicellata	lotus
Tilia rubra	lotus
Tilia vulgaris	lotus
Tochuina tetraquetra	lotus
Tolypocladium microsporum	lotus
Tolypocladium terricola	lotus
Tolypothrix byssoidea	cyanometdb,lotus
Tolypothrix conglutinata	lotus
Tolypothrix conglutinata var. Chlorata	cyanometdb
Tolypothrix tjipanasensis	cyanometdb,lotus
Toona hexandra	lotus
Topsentia kushimotoensis	lotus
Topsentia pachastrelloides	lotus
Torilis bracteosa	lotus
Torula sulphurea	lotus
Tournefortia sogdiana	lotus
Tovomita excelsa	lotus
Tovomita krukovii	lotus
Tovomita pyrifolia	lotus
Toxadocia cylindrica	lotus
Trachelospermum lucidum	lotus
Trachycladus spinispirulifer	lotus
Tragopogon hybridus	lotus
Trametes speciosa	lotus
Trametes stowardii	lotus
Trema humbertii	lotus
Tribonanthes longipetala	lotus
Trichilia heudelotii	lotus
Trichilia reticulata	lotus
Trichobotrys effusus	lotus
Trichocline sinuata	lotus
Trichodesmium n.a.	cyanometdb
Trichogonia prancii	lotus
Trichogonia salviaefolia	lotus
Trichogonia santosii	lotus
Trichormus hallensis	lotus
Trichormus n.a.	cyanometdb
Trichotosia bracteata	lotus
Trichotosia latifolia	lotus
Triclisia gilletii	lotus
Triclisia patens	lotus
Triclisia sacleuxii	lotus
Tridax trilobata	lotus
Trididemnum inarmatum	lotus
Trifolium congestum	lotus
Trifolium smyrnaeum	lotus
Trigonella caerulescens	lotus
Trigonella esculenta	lotus
Trigonella laciniata	lotus
Trigonia nivea var. fasciculata	lotus
Trigonostemon heteranthus	lotus
Trigonostemon heterophyllus	chebi_origins
Trigonostemon howii	chebi_origins,lotus
Trikentrion laeve	lotus
Trimusculus costatus	lotus
Trimusculus peruvianus	lotus
Tripneustes esculentus	lotus
Tripos reticulatus	lotus
Tripterospermum trinervium	lotus
Tripterygium wilfordii regelii	chebi_origins
Triunia erythrocarpa	lotus
Trixis anomala	lotus
Trixis grisebachii	lotus
Trixis michuacana	lotus
Trixis praestans	lotus
Trixis pterocaulis	lotus
Tropaeolum boliviense	lotus
Tropaeolum hjertingii	lotus
Tropaeolum longiflorum	lotus
Tropaeolum seemannii	lotus
Tropidolaemus laticinctus	lotus
Truncospora ochroleuca	lotus
Trypetheliopsis boninensis	lotus
Tubastraea faulkneri	lotus
Tura candida	lotus
Turanogonia chinensis	lotus
Turnera ulmifolia var. angustifolia	lotus
Turraea holstii	lotus
Tychonema n.a.	cyanometdb
Tylosema fassoglensis	lotus
Tylothallia pahiensis	lotus
Tyrinna delicata	lotus
Ula javanica	lotus
Ulosa spongia	lotus
Ulva popenguinensis	lotus
Umbilicaria krempelhuberi	lotus
Umbilicaria nepalensis	lotus
Umbilicaria sinorientalis	lotus
Umbilicaria soralifera	lotus
Umbilicaria trabeculata	lotus
Umtiza listerana	lotus
Uncaria callophylla	chebi_origins,lotus
Uncaria florida	lotus
Uncaria longiflora var. pteropoda	lotus
Ungernia minor	chebi_origins
Ungernia sewerzowii	lotus
Unknown n.a.	cyanometdb
Unona	lotus
Upuna boreensis	lotus
Urena repanda	lotus
Urginea pancration	chebi_origins
Urochloa eminii	lotus
Urospora mirabilis	lotus
Ursinia alpina	lotus
Ursinia anethoides	lotus
Ursinia cakilefolia	lotus
Ursinia dentata	lotus
Ursinia eckloniana	lotus
Ursinia nudicaulis	lotus
Ursinia rigidula	lotus
Ursinia saxatilis	lotus
Ursinia serrata	lotus
Ursinia tenuifolia	lotus
Usnea albopunctata	lotus
Usnea annulata	lotus
Usnea blepharea	lotus
Usnea dasypoga	lotus
Usnea laevis	lotus
Usnea lecanorica	lotus
Usnea subcavata	lotus
Uvaria hookeri	lotus
Uvaria japonica	lotus
Uvaria klaineana	lotus
Vaccinium axillare	lotus
Vaccinium hirtum var. koreanum	lotus
Vachellia astringens	lotus
Vachellia farnesiana var. farnesiana	lotus
Vachellia sieberiana woodii	lotus
Valeriana altaica	lotus
Valeriana brachystemon	lotus
Valeriana cardamines	lotus
Valeriana chionophila	lotus
Valeriana colchica	lotus
Valeriana condamoana	lotus
Valeriana eriophylla	lotus
Valeriana ficariifolia	lotus
Valeriana glechomifolia	lotus
Valeriana grossheimii	lotus
Valeriana hardwickei	lotus
Valeriana micropterina	lotus
Valeriana moonii	lotus
Valeriana pulvinata	lotus
Valeriana rossica	lotus
Valeriana vaginata	lotus
Valeriana wolgensis	lotus
Vangueria infausta subsp. infausta	lotus
Vantanea peruviana	lotus
Varronia oaxacana	lotus
Varronia serratifolia	lotus
Vatica albiramis	lotus
Vatica obscura	lotus
Vellozia coronata	lotus
Vellozia glandulifera	lotus
Vellozia laevis	lotus
Vellozia lilacina	lotus
Vellozia magdalenae	lotus
Vellozia piresiana	lotus
Vellozia pusilla	lotus
Veltheimia viridiflora	lotus
Ventilago vitiensis	lotus
Vepris glaberrima	lotus
Vepris tabouensis	lotus
Veratrum album var. oxysepalum	lotus
Veratrum shanense	lotus
Verbascum ballii	lotus
Verbascum bombyciferum	lotus
Verbascum leucophyllum	lotus
Verbascum mallophorum	lotus
Verbascum nobile	lotus
Verbascum olympicum	lotus
Verbascum ovalifolium	lotus
Verbascum pseudonobile	lotus
Verbascum spectabile	lotus
Verbascum spinosum	lotus
Verbena minutiflora	chebi_origins
Verbena officinalis var. officinalis	lotus
Veretillum malayense	lotus
Vernonanthura amplexicaulis	lotus
Vernonanthura auriculata	lotus
Vernonanthura brasiliana	lotus
Vernonanthura cordata	lotus
Vernonanthura discolor	lotus
Vernonanthura menthaefolia	lotus
Vernonanthura montevidensis	lotus
Vernonanthura westiniana	lotus
Vernonia arkansana	lotus
Vernonia holstii	lotus
Vernonia menthaefolia	lotus
Vernonia pachyclada	lotus
Vernonia polyantha	lotus
Vernonia potamophila	lotus
Vernonia syringifolia	lotus
Vernonia volkameriaefolia	lotus
Verongia	lotus
Verticicladiella	lotus
Verticillium intertextum	lotus
Verticordia densiflora	lotus
Verticordia monadelpha	lotus
Viburnum fragrans	lotus
Viburnum hillieri	lotus
Viburnum mathewsii	lotus
Viburnum nudum var. cassinoides	lotus
Vicia monanthos	lotus
Vicia splendens	lotus
Vicoa divaricata	lotus
Vigna longissima	lotus
Vigna nuda	lotus
Viguiera buddleiaeformis	lotus
Viguiera maculata	lotus
Viguiera tucumanensis	chebi_origins
Villanova titicacensis	lotus
Vinca elegantissima	lotus
Vinca erecta	lotus
Vinca sardoa	chebi_origins
Vincetoxicum changqinianum	lotus
Vincetoxicum formosanum	lotus
Vincetoxicum mukdenense	lotus
Virola caducifolia	lotus
Virola carinata	lotus
Virola divergens	lotus
Virola guggenheimii	lotus
Virola minutiflora	lotus
Virola multinervia	lotus
Virola venosa	lotus
Viscum angulatum	chebi_origins,lotus
Vismia micrantha	lotus
Vismia parviflora	lotus
Vitis doniana	lotus
Vitis giradiana	lotus
Vogtia annua	lotus
Waltheria communis	lotus
Waltheria viscosissima	lotus
Watersipora cucullata	lotus
Wedelia angustifolia	lotus
Wedelia bishoplecta	lotus
Wedelia floribunda	lotus
Wedelia foliacea	lotus
Wedelia grandiflora	lotus
Wedelia helianthoides	lotus
Wedelia hispidantha	lotus
Wedelia hookeriana	lotus
Wedelia laevissima	lotus
Wedelia montevidensis	lotus
Wedelia ovalifolia	lotus
Wedelia regis	lotus
Wedelia riedellii	lotus
Wedelia scaberrima	lotus
Wedelia silphioides	lotus
Wedelia triloba	lotus
Wikstroemia foetida	lotus
Wikstroemia glabra	lotus
Wikstroemia hainanensis	lotus
Wikstroemia lanceolata	lotus
Wissadula paraguayensis	lotus
Woodsia hancockii	lotus
Woodsia mexicana	lotus
Wrightia javanica	chebi_origins,lotus
Wunderlichia crulsiana	lotus
Wurmbea deserticola	lotus
Xanthium catharticum	lotus
Xanthium macrocarpum	lotus
Xanthocephalum benthamianum	lotus
Xanthocephalum centauroides	lotus
Xanthocyparis vietnamensis	lotus
Xanthoparmelia constipata	lotus
Xanthoparmelia depsidella	lotus
Xanthoparmelia lusitana	lotus
Xanthoparmelia metastrigosa	lotus
Xanthoparmelia xanthofarinosa	lotus
Xenia blumi	lotus
Xenia danae	lotus
Xenia elongata	lotus
Xenia florida	lotus
Xenia viridus	lotus
Xestospongia wiedenmayeri	lotus
Xylaria euglossa	lotus
Yucca arkansana	lotus
Yucca baccata var. brevifolia	lotus
Yucca gloriosa var. tristis	lotus
Yucca luminosa	lotus
Yucca smalliana	chebi_origins
Zaluzania angusta	lotus
Zaluzania augusta	lotus
Zanthoxylum anodynum	lotus
Zanthoxylum arborescens	lotus
Zanthoxylum budrunga	lotus
Zanthoxylum caudatum	chebi_origins,lotus
Zanthoxylum chalybaeum	lotus
Zanthoxylum ciliatum	lotus
Zanthoxylum insulare	lotus
Zanthoxylum integrifolium	lotus
Zanthoxylum limoncello	lotus
Zanthoxylum nigrum	lotus
Zanthoxylum rugosum	chebi_origins
Zanthoxylum spinosum	lotus
Zanthoxylum tetraspermum	chebi_origins,lotus
Zanthoxylum vitiense	lotus
Zea mays mays	lotus
Zephyranthes flava	chebi_origins,lotus
Zephyranthes texana	lotus
Zingiber amaricans	lotus
Zingiber aromaticum	chebi_origins
Zingiber mekongense	chebi_origins,lotus
Ziziphus xylopyra	lotus
Zizyphus lotus	lotus
Zizyphus spina-christi	lotus
Zizyphus vulgaris	lotus
Zooxanthellaceae	lotus
Zythiostroma	lotus
cf. Oscillatoria and Hormoscilla spp.	cyanometdb
citrus fruit	lotus
field sample: Microcystis bloom n.a.	cyanometdb
n.a. aeruginosa	cyanometdb
n.a. confervoides	cyanometdb
n.a. n.a.	cyanometdb
n.a. rubescens	cyanometdb
n.a. sp.	cyanometdb
