standard_inchi_key	identifier	label	antimicrobial_class	slug	corpus_commit
AAKDPDFZMNYDLR-XZBKPIIZSA-N	CHEBI:166564	N-methyl-1-deoxynojirimycin	ANTIVIRAL	n-methyl-1-deoxynojirimycin	74f6cc8362498900f2fe2c13d0b6fdb66dd30976
AALISTBXLBQUEH-UHFFFAOYSA-N	CHEBI:27494	sophoraisoflavanone A	ANTIMICROBIAL_UNSPECIFIED	sophoraisoflavanone-a	74f6cc8362498900f2fe2c13d0b6fdb66dd30976
ABBQGOCHXSPKHJ-WUKNDPDISA-N	CHEBI:8464	prontosil	ANTIBACTERIAL	prontosil	74f6cc8362498900f2fe2c13d0b6fdb66dd30976
ABCGFHPGHXSVKI-LWQDQPMZSA-O	CHEBI:37447	meso-tetrakis(N-methyl-4-pyridyl)porphine(4+)	ANTIVIRAL	meso-tetrakis-n-methyl-4-pyridyl-porphine-4	74f6cc8362498900f2fe2c13d0b6fdb66dd30976
ABJKWBDEJIDSJZ-UHFFFAOYSA-N	CHEBI:3238	butenafine	ANTIFUNGAL	butenafine	74f6cc8362498900f2fe2c13d0b6fdb66dd30976
ABLZXFCXXLZCGV-UHFFFAOYSA-N	CHEBI:44976	phosphonic acid	ANTIFUNGAL	phosphonic-acid	74f6cc8362498900f2fe2c13d0b6fdb66dd30976
ABVRVIZBZKUTMK-JSYANWSFSA-M	CHEBI:85264	potassium clavulanate	ANTIBACTERIAL	potassium-clavulanate	74f6cc8362498900f2fe2c13d0b6fdb66dd30976
ACGUYXCXAPNIKK-UHFFFAOYSA-N	CHEBI:5693	hexachlorophene	ANTIBACTERIAL	hexachlorophene	74f6cc8362498900f2fe2c13d0b6fdb66dd30976
ACMXQHFNODYQAT-UHFFFAOYSA-N	CHEBI:81797	cyflufenamid	ANTIFUNGAL	cyflufenamid	74f6cc8362498900f2fe2c13d0b6fdb66dd30976
ACTOXUHEUCPTEW-KWBWCIJSSA-N	CHEBI:85260	spiramycin I	ANTIBACTERIAL	spiramycin-i	74f6cc8362498900f2fe2c13d0b6fdb66dd30976
ACTUUECIBHHYLY-DYKIIFRCSA-N	antibioticmech:aro-e690d68430	halolitoralin C	ANTIBACTERIAL	halolitoralin-c	74f6cc8362498900f2fe2c13d0b6fdb66dd30976
ACYXXCRNFRQHBB-RXUNMRDHSA-N	CHEBI:134411	N-palmitoyl-S-[2,3-bis(palmitoyloxy)propyl]-Cys-Ser-Lys-Lys-Lys-Lys	ANTIMICROBIAL_UNSPECIFIED	n-palmitoyl-s-2-3-bis-palmitoyloxy-propyl-cys-ser-lys-lys-lys-lys	74f6cc8362498900f2fe2c13d0b6fdb66dd30976
ADCDIHNCUQOKFP-SVEJIMAYSA-N	CHEBI:75093	aclacinomycin Y	ANTIMICROBIAL_UNSPECIFIED	aclacinomycin-y	74f6cc8362498900f2fe2c13d0b6fdb66dd30976
ADCDIHNCUQOKFP-SVEJIMAYSA-N	CHEBI:77985	aclacinomycin Y zwitterion	ANTIMICROBIAL_UNSPECIFIED	aclacinomycin-y-zwitterion	74f6cc8362498900f2fe2c13d0b6fdb66dd30976
ADFWQBGTDJIESE-UHFFFAOYSA-N	CHEBI:2696	anacardic acid	ANTIBACTERIAL	anacardic-acid	74f6cc8362498900f2fe2c13d0b6fdb66dd30976
ADPBTBPPIIKLEH-UHFFFAOYSA-N	CHEBI:141340	altenusin	ANTIFUNGAL	altenusin	74f6cc8362498900f2fe2c13d0b6fdb66dd30976
AEIGTUFAPRNEKB-YUELXQCFSA-N	CHEBI:65776	4β,14-dihydroxy-6α,7β-H-1(10)-cadinene	ANTIVIRAL	4β-14-dihydroxy-6α-7β-h-1-10-cadinene	74f6cc8362498900f2fe2c13d0b6fdb66dd30976
AENZSPQGLJVLND-VWYCJHECSA-N	CHEBI:141338	sporothriolide	ANTIFUNGAL	sporothriolide	74f6cc8362498900f2fe2c13d0b6fdb66dd30976
AEOCXXJPGCBFJA-UHFFFAOYSA-N	CHEBI:4885	ethionamide	ANTIMYCOBACTERIAL	ethionamide	74f6cc8362498900f2fe2c13d0b6fdb66dd30976
AEUTYOVWOVBAKS-UWVGGRQHSA-N	CHEBI:4877	ethambutol	ANTIMYCOBACTERIAL	ethambutol	74f6cc8362498900f2fe2c13d0b6fdb66dd30976
AEZBWGMXBKPGFP-KIUAEZIZSA-M	CHEBI:172948	cabotegravir sodium	ANTIVIRAL	cabotegravir-sodium	74f6cc8362498900f2fe2c13d0b6fdb66dd30976
AFJYYKSVHJGXSN-XHKIUTQPSA-N	antibioticmech:aro-b2857d2845	selamectin	ANTIBACTERIAL	selamectin	74f6cc8362498900f2fe2c13d0b6fdb66dd30976
AFZFFLVORLEPPO-UVYJNCLZSA-N	CHEBI:560555	cefditoren pivoxil	ANTIBACTERIAL	cefditoren-pivoxil	74f6cc8362498900f2fe2c13d0b6fdb66dd30976
AGKSTYPVMZODRV-UHFFFAOYSA-N	CHEBI:81767	imibenconazole	ANTIFUNGAL	imibenconazole	74f6cc8362498900f2fe2c13d0b6fdb66dd30976
AGOYDEPGAOXOCK-KCBOHYOISA-N	CHEBI:3732	clarithromycin	ANTIBACTERIAL	clarithromycin	74f6cc8362498900f2fe2c13d0b6fdb66dd30976
AGXDVPULWUXVDT-PCGIRMHASA-N	CHEBI:70482	(S)-1'-methylbutyl caffeate	ANTIPROTOZOAL	s-1-methylbutyl-caffeate	74f6cc8362498900f2fe2c13d0b6fdb66dd30976
AHATVKJRQUTSJV-UHFFFAOYSA-N	antibioticmech:aro-de2f58b0cc	arborcandin C	ANTIBACTERIAL	arborcandin-c	74f6cc8362498900f2fe2c13d0b6fdb66dd30976
AHDRBWCUVQGBTR-DNEUNLEDSA-N	CHEBI:66526	strongylin A	ANTIVIRAL	strongylin-a	74f6cc8362498900f2fe2c13d0b6fdb66dd30976
AHEVKYYGXVEWNO-UEPZRUIBSA-N	CHEBI:59040	lymecycline	ANTIBACTERIAL	lymecycline	74f6cc8362498900f2fe2c13d0b6fdb66dd30976
AHGKSZXKDPGMQU-IEBWSBKVSA-N	CHEBI:65483	benzastatin C	ANTIVIRAL	benzastatin-c	74f6cc8362498900f2fe2c13d0b6fdb66dd30976
AIBPYVNEBSHOCZ-UHFFFAOYSA-N	CHEBI:65607	5-O-methylcelebixanthone	ANTIPROTOZOAL	5-o-methylcelebixanthone	74f6cc8362498900f2fe2c13d0b6fdb66dd30976
AIFCFBUSLAEIBR-UHFFFAOYSA-N	CHEBI:5353	ginkgetin	ANTIVIRAL	ginkgetin	74f6cc8362498900f2fe2c13d0b6fdb66dd30976
AIJTTZAVMXIJGM-UHFFFAOYSA-N	CHEBI:5543	Grepafloxacin	ANTIBACTERIAL	grepafloxacin	74f6cc8362498900f2fe2c13d0b6fdb66dd30976
AJAFGTUGXORIBL-SCZZXKLOSA-N	CHEBI:149434	6-de(cyclopropylamino)-6-(3-fluoroazetidin-1-yl)abacavir	ANTIVIRAL	6-de-cyclopropylamino-6-3-fluoroazetidin-1-yl-abacavir	74f6cc8362498900f2fe2c13d0b6fdb66dd30976
AJJFYSYXUHCPMZ-UHFFFAOYSA-N	CHEBI:143904	3-(4-methyl-1,2,3-thiadiazolyl)-6-trichloromethyl[1,2,4]triazolo[3,4-b][1,3,4]thiadizole	ANTIFUNGAL	3-4-methyl-1-2-3-thiadiazolyl-6-trichloromethyl-1-2-4-triazolo-3-4-b-1	74f6cc8362498900f2fe2c13d0b6fdb66dd30976
AJKIRUJIDFJUKJ-UHFFFAOYSA-N	CHEBI:135173	taurolidine	ANTIBACTERIAL	taurolidine	74f6cc8362498900f2fe2c13d0b6fdb66dd30976
AJLFOPYRIVGYMJ-INTXDZFKSA-N	CHEBI:34848	mevastatin	ANTIFUNGAL	mevastatin	74f6cc8362498900f2fe2c13d0b6fdb66dd30976
AKBAHATYKFKXLG-RQOWECAXSA-N	CHEBI:82672	pomecin A	ANTIFUNGAL	pomecin-a	74f6cc8362498900f2fe2c13d0b6fdb66dd30976
AKHNMLFCWUSKQB-UHFFFAOYSA-L	CHEBI:132112	sodium thiosulfate	ANTIFUNGAL	sodium-thiosulfate	74f6cc8362498900f2fe2c13d0b6fdb66dd30976
AKLMFDDQCHURPW-ISIOAQNYSA-N	antibioticmech:aro-2d35d60097	eravacycline	ANTIBACTERIAL	eravacycline	74f6cc8362498900f2fe2c13d0b6fdb66dd30976
AKNQMEBLVAMSNZ-UHFFFAOYSA-N	CHEBI:81898	azaconazole	ANTIFUNGAL	azaconazole	74f6cc8362498900f2fe2c13d0b6fdb66dd30976
AKPUCJQSLKCIIJ-UHFFFAOYSA-N	CHEBI:105887	2,2'-spirobi[3,6,7,8-tetrahydro-1H-cyclopenta[g]naphthalene]-5,5'-dione	ANTIVIRAL	2-2-spirobi-3-6-7-8-tetrahydro-1h-cyclopenta-g-naphthalene-5-5-dione	74f6cc8362498900f2fe2c13d0b6fdb66dd30976
AKSOODVGSHGQHA-VMXHOPILSA-N	antibioticmech:aro-a23579298c	halolitoralin B	ANTIBACTERIAL	halolitoralin-b	74f6cc8362498900f2fe2c13d0b6fdb66dd30976
AKYRQFMQZJFLAE-UHFFFAOYSA-N	antibioticmech:aro-f538304a82	isovanillobiocin	ANTIBACTERIAL	isovanillobiocin	74f6cc8362498900f2fe2c13d0b6fdb66dd30976
AKZFRMNXBLFDNN-GVHKZQBISA-K	CHEBI:78039	meso-tetrakis(N-methyl-4-pyridyl)porphine tetrakis(p-toluenesulfonate)	ANTIVIRAL	meso-tetrakis-n-methyl-4-pyridyl-porphine-tetrakis-p-toluenesulfonate	74f6cc8362498900f2fe2c13d0b6fdb66dd30976
ALKMFECERUDLEI-UBXCSCSKSA-N	CHEBI:66499	yuccalan	ANTIFUNGAL	yuccalan	74f6cc8362498900f2fe2c13d0b6fdb66dd30976
ALZAOGATQMXJKX-UQRCBBHQSA-N	CHEBI:15906	demethylmacrocin	ANTIMICROBIAL_UNSPECIFIED	demethylmacrocin	74f6cc8362498900f2fe2c13d0b6fdb66dd30976
AMEKQAFGQBKLKX-UHFFFAOYSA-N	CHEBI:7858	oxycarboxin	ANTIFUNGAL	oxycarboxin	74f6cc8362498900f2fe2c13d0b6fdb66dd30976
AMHNZOICSMBGDH-UHFFFAOYSA-L	CHEBI:52498	zineb	ANTIFUNGAL	zineb	74f6cc8362498900f2fe2c13d0b6fdb66dd30976
AMSNINGPDSUBHZ-WAUQNXBMSA-N	CHEBI:66669	8-hydroxymanzamine A	ANTIVIRAL	8-hydroxymanzamine-a	74f6cc8362498900f2fe2c13d0b6fdb66dd30976
AMSPWOYQQAWRRM-UHFFFAOYSA-N	CHEBI:83345	metrafenone	ANTIFUNGAL	metrafenone	74f6cc8362498900f2fe2c13d0b6fdb66dd30976
AMTPYFGPPVFBBI-UHFFFAOYSA-N	CHEBI:139474	acedapsone	ANTIPROTOZOAL	acedapsone	74f6cc8362498900f2fe2c13d0b6fdb66dd30976
ANNNBEZJTNCXHY-NSCUHMNNSA-N	CHEBI:167830	isorhapontigenin	ANTIVIRAL	isorhapontigenin	74f6cc8362498900f2fe2c13d0b6fdb66dd30976
ANTPCIKREGVPQT-UHFFFAOYSA-N	CHEBI:82658	N-benzyl-N-methyl-2-(3-oxo-1,2-benzothiazol-2-yl)acetamide	ANTIFUNGAL	n-benzyl-n-methyl-2-3-oxo-1-2-benzothiazol-2-yl-acetamide	74f6cc8362498900f2fe2c13d0b6fdb66dd30976
ANUSOIHIIPAHJV-UHFFFAOYSA-N	CHEBI:556580	fenticlor	ANTIFUNGAL	fenticlor	74f6cc8362498900f2fe2c13d0b6fdb66dd30976
AOJJSUZBOXZQNB-TZSSRYMLSA-N	CHEBI:28748	doxorubicin	ANTIMICROBIAL_UNSPECIFIED	doxorubicin	74f6cc8362498900f2fe2c13d0b6fdb66dd30976
AOJJSUZBOXZQNB-VTZDEGQISA-N	CHEBI:47898	4'-epidoxorubicin	ANTIMICROBIAL_UNSPECIFIED	4-epidoxorubicin	74f6cc8362498900f2fe2c13d0b6fdb66dd30976
AOJYFODHRHWWEN-GQUXZSRASA-N	CHEBI:65741	4'-O-demethylknipholone-4'-O-β-D-glucopyranoside	ANTIPROTOZOAL	4-o-demethylknipholone-4-o-β-d-glucopyranoside	74f6cc8362498900f2fe2c13d0b6fdb66dd30976
AOXXVRDKZLRGTJ-AZIDVCJLSA-N	CHEBI:142261	ganoderol B	ANTIVIRAL	ganoderol-b	74f6cc8362498900f2fe2c13d0b6fdb66dd30976
APFSAMXTZRYBKF-REOHCLBHSA-N	CHEBI:64855	N-carbamoyl-L-cysteine	ANTIFUNGAL	n-carbamoyl-l-cysteine	74f6cc8362498900f2fe2c13d0b6fdb66dd30976
APKFDSVGJQXUKY-INPOYWNPSA-N	CHEBI:2682	amphotericin B	ANTIFUNGAL	amphotericin-b	74f6cc8362498900f2fe2c13d0b6fdb66dd30976
AQAFUDMWTUOKSI-USVVNQICSA-N	CHEBI:66748	phomacin C	ANTIMICROBIAL_UNSPECIFIED	phomacin-c	74f6cc8362498900f2fe2c13d0b6fdb66dd30976
AQLJVWUFPCUVLO-UHFFFAOYSA-N	CHEBI:75178	urea hydrogen peroxide	BIOCIDE	urea-hydrogen-peroxide	74f6cc8362498900f2fe2c13d0b6fdb66dd30976
AQQYZHDRTDSOER-LYKBUVKOSA-N	CHEBI:156298	aurafuron A	ANTIFUNGAL	aurafuron-a	74f6cc8362498900f2fe2c13d0b6fdb66dd30976
AQZHBCDRWFMXIN-UHFFFAOYSA-N	CHEBI:7632	norlichexanthone	ANTIPROTOZOAL	norlichexanthone	74f6cc8362498900f2fe2c13d0b6fdb66dd30976
ARAIATBRBSWLHC-ZJUUUORDSA-N	CHEBI:149431	6-de(cyclopropylamino)-6-(azetidin-1-yl)abacavir	ANTIVIRAL	6-de-cyclopropylamino-6-azetidin-1-yl-abacavir	74f6cc8362498900f2fe2c13d0b6fdb66dd30976
ARAIBEBZBOPLMB-UFGQHTETSA-N	CHEBI:50663	zanamivir	ANTIVIRAL	zanamivir	74f6cc8362498900f2fe2c13d0b6fdb66dd30976
ARPUHYJMCVWYCZ-UHFFFAOYSA-N	CHEBI:59936	ciprofloxacin hydrochloride hydrate	ANTIBACTERIAL	ciprofloxacin-hydrochloride-hydrate	74f6cc8362498900f2fe2c13d0b6fdb66dd30976
ARXPDHLVDOYIPX-UHFFFAOYSA-N	CHEBI:133814	flavasperone	ANTIVIRAL	flavasperone	74f6cc8362498900f2fe2c13d0b6fdb66dd30976
ASOJLQIBBYOFDE-OUYMVFBDSA-N	antibioticmech:aro-5d5ecfee72	efrotomycin	ANTIBACTERIAL	efrotomycin	74f6cc8362498900f2fe2c13d0b6fdb66dd30976
ASWVTGNCAZCNNR-UHFFFAOYSA-N	CHEBI:102265	sulfamethazine	ANTIBACTERIAL	sulfamethazine	74f6cc8362498900f2fe2c13d0b6fdb66dd30976
ASXBYYWOLISCLQ-HZYVHMACSA-N	CHEBI:38291	dihydrostreptomycin	ANTIMICROBIAL_UNSPECIFIED	dihydrostreptomycin	74f6cc8362498900f2fe2c13d0b6fdb66dd30976
ASZOUSIHEISETE-UHFFFAOYSA-N	antibioticmech:aro-4406f1da89	fasamycin I	ANTIBACTERIAL	fasamycin-i	74f6cc8362498900f2fe2c13d0b6fdb66dd30976
ATBQBNKWWGOEFJ-UHFFFAOYSA-N	CHEBI:65471	bauhinoxepin I	ANTIMYCOBACTERIAL	bauhinoxepin-i	74f6cc8362498900f2fe2c13d0b6fdb66dd30976
ATDHCZKCFPIQOT-UHFFFAOYSA-N	CHEBI:66517	SPF-32629A	ANTIMICROBIAL_UNSPECIFIED	spf-32629a	74f6cc8362498900f2fe2c13d0b6fdb66dd30976
ATEBXHFBFRCZMA-VXTBVIBXSA-N	CHEBI:45367	rifabutin	ANTIBACTERIAL	rifabutin	74f6cc8362498900f2fe2c13d0b6fdb66dd30976
ATHQCOUEZPBNLP-JWYJDYCQSA-N	CHEBI:76058	chloroorienticin B	ANTIMICROBIAL_UNSPECIFIED	chloroorienticin-b	74f6cc8362498900f2fe2c13d0b6fdb66dd30976
ATHWSPHADLLZSS-PXNSSMCTSA-N	CHEBI:70576	(+)-pisiferic acid	ANTIBACTERIAL	pisiferic-acid	74f6cc8362498900f2fe2c13d0b6fdb66dd30976
ATZHVIVDMUCBEY-HOTGVXAUSA-N	CHEBI:156432	florylpicoxamid	ANTIFUNGAL	florylpicoxamid	74f6cc8362498900f2fe2c13d0b6fdb66dd30976
AUAHHJJRFHRVPV-BZDVOYDHSA-N	CHEBI:4878	ethambutol dihydrochloride	ANTIMYCOBACTERIAL	ethambutol-dihydrochloride	74f6cc8362498900f2fe2c13d0b6fdb66dd30976
AUVVAXYIELKVAI-CKBKHPSWSA-N	CHEBI:4781	emetine	ANTIPROTOZOAL	emetine	74f6cc8362498900f2fe2c13d0b6fdb66dd30976
AUZONCFQVSMFAP-UHFFFAOYSA-N	CHEBI:4659	disulfiram	ANTIFUNGAL	disulfiram	74f6cc8362498900f2fe2c13d0b6fdb66dd30976
AVAACINZEOAHHE-VFZPANTDSA-N	CHEBI:135928	doripenem	ANTIBACTERIAL	doripenem	74f6cc8362498900f2fe2c13d0b6fdb66dd30976
AVCPRTNVVRPELB-YRUZYCQGSA-N	CHEBI:48201	frenolicin B	ANTIMICROBIAL_UNSPECIFIED	frenolicin-b	74f6cc8362498900f2fe2c13d0b6fdb66dd30976
AVGYWQBCYZHHPN-CYJZLJNKSA-N	CHEBI:3535	cephalexin monohydrate	ANTIBACTERIAL	cephalexin-monohydrate	74f6cc8362498900f2fe2c13d0b6fdb66dd30976
AVKUERGKIZMTKX-NJBDSQKTSA-N	CHEBI:28971	ampicillin	ANTIBACTERIAL	ampicillin	74f6cc8362498900f2fe2c13d0b6fdb66dd30976
AVPQPGFLVZTJOR-RYUDHWBXSA-N	CHEBI:136053	nemonoxacin	ANTIBACTERIAL	nemonoxacin	74f6cc8362498900f2fe2c13d0b6fdb66dd30976
AVXQPEKZIGPIJW-UHFFFAOYSA-N	CHEBI:94998	SCH-79797	ANTIBACTERIAL	sch-79797	74f6cc8362498900f2fe2c13d0b6fdb66dd30976
AVZATKWNGXCSDN-UPZXKQCMSA-N	CHEBI:68748	sch 210971	ANTIFUNGAL	sch-210971	74f6cc8362498900f2fe2c13d0b6fdb66dd30976
AWDAPFGGFWZKGB-UHFFFAOYSA-N	CHEBI:66254	topopyrone C	ANTIVIRAL	topopyrone-c	74f6cc8362498900f2fe2c13d0b6fdb66dd30976
AWMFUEJKWXESNL-JZBHMOKNSA-N	CHEBI:4846	erythromycin estolate	ANTIMICROBIAL_UNSPECIFIED	erythromycin-estolate	74f6cc8362498900f2fe2c13d0b6fdb66dd30976
AWMWNWIBOOYESP-UHFFFAOYSA-N	CHEBI:65475	BE-54238A	ANTIMICROBIAL_UNSPECIFIED	be-54238a	74f6cc8362498900f2fe2c13d0b6fdb66dd30976
AWRLKTYNEGEURZ-JCLMPDJQSA-N	CHEBI:67223	2'-deamino-2'-hydroxyneamine	ANTIMICROBIAL_UNSPECIFIED	2-deamino-2-hydroxyneamine	74f6cc8362498900f2fe2c13d0b6fdb66dd30976
AWZOLILCOUMRDG-UHFFFAOYSA-N	CHEBI:34735	edifenphos	ANTIFUNGAL	edifenphos	74f6cc8362498900f2fe2c13d0b6fdb66dd30976
AXFOSMASHUQEMX-QWVZVQMISA-N	CHEBI:65515	brasilinolide B	ANTIFUNGAL	brasilinolide-b	74f6cc8362498900f2fe2c13d0b6fdb66dd30976
AXRYRYVKAWYZBR-GASGPIRDSA-N	CHEBI:37924	atazanavir	ANTIVIRAL	atazanavir	74f6cc8362498900f2fe2c13d0b6fdb66dd30976
AYIRNRDRBQJXIF-NXEZZACHSA-N	CHEBI:87185	florfenicol	ANTIBACTERIAL	florfenicol	74f6cc8362498900f2fe2c13d0b6fdb66dd30976
AYTVESLXVZAGIT-ARZGSZHJSA-N	CHEBI:180646	2CN115	ANTIVIRAL	2cn115	74f6cc8362498900f2fe2c13d0b6fdb66dd30976
AYUMVPHUMFKFPJ-SBAJWEJLSA-N	antibioticmech:aro-a39572002e	sarecycline	ANTIBACTERIAL	sarecycline	74f6cc8362498900f2fe2c13d0b6fdb66dd30976
AYXPYQRXGNDJFU-IMNVLQEYSA-N	CHEBI:156228	viridiflorol	ANTIMYCOBACTERIAL	viridiflorol	74f6cc8362498900f2fe2c13d0b6fdb66dd30976
AZDANMRNWNLXOP-UHFFFAOYSA-N	CHEBI:65935	19-(2-furyl)nonadeca-5,7-diynoic acid	ANTIPROTOZOAL	19-2-furyl-nonadeca-5-7-diynoic-acid	74f6cc8362498900f2fe2c13d0b6fdb66dd30976
AZEXNJIEBDRVJS-OSHOESKRSA-N	CHEBI:65747	12-deoxyphorbol-13-(3E,5E-decadienoate)	ANTIVIRAL	12-deoxyphorbol-13-3e-5e-decadienoate	74f6cc8362498900f2fe2c13d0b6fdb66dd30976
AZNKZYXEUMQLIU-MNOVXSKESA-N	CHEBI:149430	6-de(cyclopropylamino)-6-(2,2-dimethylazetidin-1-yl)abacavir	ANTIVIRAL	6-de-cyclopropylamino-6-2-2-dimethylazetidin-1-yl-abacavir	74f6cc8362498900f2fe2c13d0b6fdb66dd30976
BACLASYRJRZXMY-UHFFFAOYSA-N	CHEBI:2512	agathisflavone	ANTIVIRAL	agathisflavone	74f6cc8362498900f2fe2c13d0b6fdb66dd30976
BAEYWOSUJSUYFI-UHFFFAOYSA-N	CHEBI:69091	dihydrolicoisoflavone A	ANTIBACTERIAL	dihydrolicoisoflavone-a	74f6cc8362498900f2fe2c13d0b6fdb66dd30976
BAGBLRBLZUISAJ-UHFFFAOYSA-N	antibioticmech:aro-b0e6c47827	amythiamicin A	ANTIBACTERIAL	amythiamicin-a	74f6cc8362498900f2fe2c13d0b6fdb66dd30976
BAIPOTOKPGDCHA-MWBHXQFBSA-N	CHEBI:141380	indanomycin	ANTIBACTERIAL	indanomycin	74f6cc8362498900f2fe2c13d0b6fdb66dd30976
BAUQXSYUDSNRHL-UHFFFAOYSA-N	CHEBI:83663	pyrimorph	ANTIFUNGAL	pyrimorph	74f6cc8362498900f2fe2c13d0b6fdb66dd30976
BAZVSMNPJJMILC-UHFFFAOYSA-N	CHEBI:9666	triadimenol	ANTIFUNGAL	triadimenol	74f6cc8362498900f2fe2c13d0b6fdb66dd30976
BBAWEDCPNXPBQM-GDEBMMAJSA-N	CHEBI:68595	telaprevir	ANTIVIRAL	telaprevir	74f6cc8362498900f2fe2c13d0b6fdb66dd30976
BBLGCDSLCDDALX-LKGBESRRSA-N	CHEBI:138511	piericidin A	ANTIMICROBIAL_UNSPECIFIED	piericidin-a	74f6cc8362498900f2fe2c13d0b6fdb66dd30976
BBMULGJBVDDDNI-OWKLGTHSSA-N	CHEBI:92181	lasalocid	ANTIPROTOZOAL	lasalocid	74f6cc8362498900f2fe2c13d0b6fdb66dd30976
BBPNJGRZPSCZBB-UHFFFAOYSA-N	CHEBI:66479	siamenol	ANTIVIRAL	siamenol	74f6cc8362498900f2fe2c13d0b6fdb66dd30976
BBXXLROWFHWFQY-UHFFFAOYSA-N	CHEBI:81989	ethirimol	ANTIFUNGAL	ethirimol	74f6cc8362498900f2fe2c13d0b6fdb66dd30976
BBZGOLNDVQZCIH-UHFFFAOYSA-N	CHEBI:65739	O-demethylbuchenavianine	ANTIVIRAL	o-demethylbuchenavianine	74f6cc8362498900f2fe2c13d0b6fdb66dd30976
BCEHBSKCWLPMDN-MGPLVRAMSA-N	CHEBI:10023	voriconazole	ANTIFUNGAL	voriconazole	74f6cc8362498900f2fe2c13d0b6fdb66dd30976
BCKHSEAEFWMDKN-JBUYWEPMSA-N	antibioticmech:aro-36682fe25f	cadaside B	ANTIBACTERIAL	cadaside-b	74f6cc8362498900f2fe2c13d0b6fdb66dd30976
BCTQJXQXJVLSIG-UHFFFAOYSA-N	CHEBI:81823	mepronil	ANTIFUNGAL	mepronil	74f6cc8362498900f2fe2c13d0b6fdb66dd30976
BDAGIHXWWSANSR-UHFFFAOYSA-N	CHEBI:30751	formic acid	ANTIBACTERIAL	formic-acid	74f6cc8362498900f2fe2c13d0b6fdb66dd30976
BDBRZURCDWHOCK-GBALPHGKSA-N	CHEBI:66612	isonordoperoxide	ANTIPROTOZOAL	isonordoperoxide	74f6cc8362498900f2fe2c13d0b6fdb66dd30976
BDBRZURCDWHOCK-SEWBAHNZSA-N	CHEBI:66611	nardoperoxide	ANTIPROTOZOAL	nardoperoxide	74f6cc8362498900f2fe2c13d0b6fdb66dd30976
BDJRBEYXGGNYIS-UHFFFAOYSA-N	CHEBI:48131	nonanedioic acid	ANTIBACTERIAL	nonanedioic-acid	74f6cc8362498900f2fe2c13d0b6fdb66dd30976
BDNWOBBVDVIJGL-PRAQEBQASA-N	antibioticmech:aro-b3c99ef3d8	formicamycin C	ANTIBACTERIAL	formicamycin-c	74f6cc8362498900f2fe2c13d0b6fdb66dd30976
BDUHCSBCVGXTJM-IZLXSDGUSA-N	CHEBI:46742	Nutlin-3	ANTIVIRAL	nutlin-3	74f6cc8362498900f2fe2c13d0b6fdb66dd30976
BEGLCMHJXHIJLR-UHFFFAOYSA-N	CHEBI:53620	methylisothiazolinone	ANTIFUNGAL	methylisothiazolinone	74f6cc8362498900f2fe2c13d0b6fdb66dd30976
BFCRRLMMHNLSCP-UHFFFAOYSA-N	CHEBI:131726	brodimoprim	ANTIBACTERIAL	brodimoprim	74f6cc8362498900f2fe2c13d0b6fdb66dd30976
BFDWBSRJQZPEEB-UHFFFAOYSA-L	CHEBI:86431	sodium fluorophosphate	ANTIBACTERIAL	sodium-fluorophosphate	74f6cc8362498900f2fe2c13d0b6fdb66dd30976
BFLSLERVRLOFCX-BYPYZUCNSA-N	CHEBI:87123	tulipalin B	ANTIBACTERIAL	tulipalin-b	74f6cc8362498900f2fe2c13d0b6fdb66dd30976
BFPJOJFVZXWMSM-QWWQXMGCSA-N	CHEBI:65615	chamaejasmenin D	ANTIFUNGAL	chamaejasmenin-d	74f6cc8362498900f2fe2c13d0b6fdb66dd30976
BFSBNVPBVGFFCF-WDOVLDDZSA-N	CHEBI:156429	tabtoxin	ANTIMICROBIAL_UNSPECIFIED	tabtoxin	74f6cc8362498900f2fe2c13d0b6fdb66dd30976
BFSMGDJOXZAERB-UHFFFAOYSA-N	CHEBI:75045	dabrafenib	ANTIVIRAL	dabrafenib	74f6cc8362498900f2fe2c13d0b6fdb66dd30976
BFUAJTIVTIKBSB-GOUKQLAUSA-N	CHEBI:15715	streptomycin 3''-phosphate	ANTIMICROBIAL_UNSPECIFIED	streptomycin-3-phosphate	74f6cc8362498900f2fe2c13d0b6fdb66dd30976
BFWMWWXRWVJXSE-UHFFFAOYSA-M	CHEBI:30473	fentin hydroxide	ANTIFUNGAL	fentin-hydroxide	74f6cc8362498900f2fe2c13d0b6fdb66dd30976
BGIYKDUASORTBB-UHFFFAOYSA-N	CHEBI:93358	PD169316	ANTIVIRAL	pd169316	74f6cc8362498900f2fe2c13d0b6fdb66dd30976
BHELIUBJHYAEDK-OAIUPTLZSA-N	CHEBI:31240	aspoxicillin	ANTIBACTERIAL	aspoxicillin	74f6cc8362498900f2fe2c13d0b6fdb66dd30976
BHEVULAQHTXCQV-HLLBOEOZSA-N	CHEBI:73188	6β-({5-[(p-aminophenyl)imino]pentylidene}amino)penicillanic acid	ANTIMICROBIAL_UNSPECIFIED	6β-5-p-aminophenyl-imino-pentylidene-amino-penicillanic-acid	74f6cc8362498900f2fe2c13d0b6fdb66dd30976
BHHPRAFMEFGOLZ-QVUWEPBXSA-N	CHEBI:73107	maprounic acid	ANTIVIRAL	maprounic-acid	74f6cc8362498900f2fe2c13d0b6fdb66dd30976
BHNYEXHOBOECJW-UHFFFAOYSA-N	CHEBI:66066	IC202B	ANTIMICROBIAL_UNSPECIFIED	ic202b	74f6cc8362498900f2fe2c13d0b6fdb66dd30976
BHRZNVHARXXAHW-UHFFFAOYSA-N	CHEBI:74526	sec-butylamine	ANTIFUNGAL	sec-butylamine	74f6cc8362498900f2fe2c13d0b6fdb66dd30976
BIBQKWSSQXEIHK-IRFDLBBPSA-N	CHEBI:132442	chondrochloren B	ANTIMICROBIAL_UNSPECIFIED	chondrochloren-b	74f6cc8362498900f2fe2c13d0b6fdb66dd30976
BICZFYRWUHELRT-KFYXPMKRSA-N	CHEBI:69218	fatsicarpain C	ANTIBACTERIAL	fatsicarpain-c	74f6cc8362498900f2fe2c13d0b6fdb66dd30976
BIDUPMYXGFNAEJ-APGVDKLISA-N	CHEBI:37923	astromicin	ANTIBACTERIAL	astromicin	74f6cc8362498900f2fe2c13d0b6fdb66dd30976
BIILLAVODXFDEL-NBGPHLIOSA-N	CHEBI:66269	trikendiol	ANTIVIRAL	trikendiol	74f6cc8362498900f2fe2c13d0b6fdb66dd30976
BILSMHBWRCOPGJ-RASNQSQESA-N	CHEBI:65497	bielschowskysin	ANTIPROTOZOAL	bielschowskysin	74f6cc8362498900f2fe2c13d0b6fdb66dd30976
BIMVXOYXXZYVJF-SFHVURJKSA-N	CHEBI:70654	(2S)-2,7-dihydroxy-5-methoxy-6,8-dimethylflavanone	ANTIVIRAL	2s-2-7-dihydroxy-5-methoxy-6-8-dimethylflavanone	74f6cc8362498900f2fe2c13d0b6fdb66dd30976
BISPBXFUKNXOQY-RITPCOANSA-N	CHEBI:229539	durlobactam	ANTIBACTERIAL	durlobactam	74f6cc8362498900f2fe2c13d0b6fdb66dd30976
BITQGIOJQWZUPL-PBCQUBLHSA-M	CHEBI:3490	cefmetazole sodium	ANTIMICROBIAL_UNSPECIFIED	cefmetazole-sodium	74f6cc8362498900f2fe2c13d0b6fdb66dd30976
BIUWKTLZFMHRQE-RYQQTUIDSA-N	CHEBI:66052	hyemaloside C	ANTIVIRAL	hyemaloside-c	74f6cc8362498900f2fe2c13d0b6fdb66dd30976
BIXZHMJUSMUDOQ-UHFFFAOYSA-N	CHEBI:27864	2,6-dichloro-4-nitroaniline	ANTIFUNGAL	2-6-dichloro-4-nitroaniline	74f6cc8362498900f2fe2c13d0b6fdb66dd30976
BJDCWCLMFKKGEE-HVDUHBCDSA-N	CHEBI:207229	dihydroartemisinin	ANTIPROTOZOAL	dihydroartemisinin	74f6cc8362498900f2fe2c13d0b6fdb66dd30976
BJHIKXHVCXFQLS-ZXEDONINSA-N	CHEBI:145026	L-psicose	ANTIVIRAL	l-psicose	74f6cc8362498900f2fe2c13d0b6fdb66dd30976
BJJVHBJYOXGRRO-XEQNPHJVSA-N	CHEBI:66354	venturamide B	ANTIPROTOZOAL	venturamide-b	74f6cc8362498900f2fe2c13d0b6fdb66dd30976
BJNLLBUOHPVGFT-PKMGYIMSSA-N	CHEBI:34996	teicoplanin A2-3	ANTIMICROBIAL_UNSPECIFIED	teicoplanin-a2-3	74f6cc8362498900f2fe2c13d0b6fdb66dd30976
BJSNGVYBQJIGRT-UHFFFAOYSA-N	CHEBI:32205	tetracenomycin F1	ANTIMICROBIAL_UNSPECIFIED	tetracenomycin-f1	74f6cc8362498900f2fe2c13d0b6fdb66dd30976
BKBSMMUEEAWFRX-UHFFFAOYSA-N	CHEBI:83428	flumorph	ANTIFUNGAL	flumorph	74f6cc8362498900f2fe2c13d0b6fdb66dd30976
BKLGAGSBCOUJGV-UHFFFAOYSA-N	CHEBI:65977	glycyrrhizol B	ANTIBACTERIAL	glycyrrhizol-b	74f6cc8362498900f2fe2c13d0b6fdb66dd30976
BKRWGHXVQLNRMR-UHFFFAOYSA-N	CHEBI:192555	asterriquinone C1	ANTIVIRAL	asterriquinone-c1	74f6cc8362498900f2fe2c13d0b6fdb66dd30976
BLFCMITWMARUSM-UHFFFAOYSA-N	CHEBI:156455	tropodithietic acid	ANTIBACTERIAL	tropodithietic-acid	74f6cc8362498900f2fe2c13d0b6fdb66dd30976
BLUAFEHZUWYNDE-NNWCWBAJSA-N	CHEBI:223316	(+)-artemisinin	ANTIPROTOZOAL	artemisinin	74f6cc8362498900f2fe2c13d0b6fdb66dd30976
BMKVJAXXBOWJEE-BPFVPZITSA-N	CHEBI:29491	5-O-β-D-mycaminosyltylactone	ANTIMICROBIAL_UNSPECIFIED	5-o-β-d-mycaminosyltylactone	74f6cc8362498900f2fe2c13d0b6fdb66dd30976
BNNVVTQUWNGKPH-NTEUORMPSA-N	CHEBI:149619	isoaspulvinone E	ANTIVIRAL	isoaspulvinone-e	74f6cc8362498900f2fe2c13d0b6fdb66dd30976
BNNVVTQUWNGKPH-ZROIWOOFSA-N	CHEBI:17704	aspulvinone E	ANTIVIRAL	aspulvinone-e	74f6cc8362498900f2fe2c13d0b6fdb66dd30976
BOEGTKLJZSQCCD-UEKVPHQBSA-N	CHEBI:3479	cefadroxil	ANTIBACTERIAL	cefadroxil	74f6cc8362498900f2fe2c13d0b6fdb66dd30976
BOJKULTULYSRAS-OTESTREVSA-N	CHEBI:65408	andrographolide	ANTIVIRAL	andrographolide	74f6cc8362498900f2fe2c13d0b6fdb66dd30976
BORWSEZUWHQTOK-UHFFFAOYSA-N	CHEBI:8881	robustaflavone	ANTIVIRAL	robustaflavone	74f6cc8362498900f2fe2c13d0b6fdb66dd30976
BOXSVZNGTQTENJ-UHFFFAOYSA-L	CHEBI:144323	zinc dibutyldithiocarbamate	ANTIFUNGAL	zinc-dibutyldithiocarbamate	74f6cc8362498900f2fe2c13d0b6fdb66dd30976
BPLBGHOLXOTWMN-MBNYWOFBSA-N	CHEBI:27446	phenoxymethylpenicillin	ANTIBACTERIAL	phenoxymethylpenicillin	74f6cc8362498900f2fe2c13d0b6fdb66dd30976
BPOLRDGTYHVUAY-YMFWJEOZSA-N	CHEBI:67556	zeaenol	ANTIBACTERIAL	zeaenol	74f6cc8362498900f2fe2c13d0b6fdb66dd30976
BQBLZAMUHGIEFL-JRVIZFGFSA-N	CHEBI:66086	isariotin F	ANTIPROTOZOAL	isariotin-f	74f6cc8362498900f2fe2c13d0b6fdb66dd30976
BQFBLGBPUARBGM-UHFFFAOYSA-N	CHEBI:65468	bauhinoxepin A	ANTIMYCOBACTERIAL	bauhinoxepin-a	74f6cc8362498900f2fe2c13d0b6fdb66dd30976
BQKXPBTYVGLILY-CEKXONASSA-N	antibioticmech:aro-3cd51688ea	phenelfamycin B	ANTIBACTERIAL	phenelfamycin-b	74f6cc8362498900f2fe2c13d0b6fdb66dd30976
BQMJFERCSPVSGR-RULNZFCNSA-N	CHEBI:85337	dapdiamide E	ANTIMICROBIAL_UNSPECIFIED	dapdiamide-e	74f6cc8362498900f2fe2c13d0b6fdb66dd30976
BQYJATMQXGBDHF-UHFFFAOYSA-N	CHEBI:81760	difenoconazole	ANTIFUNGAL	difenoconazole	74f6cc8362498900f2fe2c13d0b6fdb66dd30976
BRBKOPJOKNSWSG-UHFFFAOYSA-N	CHEBI:94621	sulfaguanidine	ANTIMICROBIAL_UNSPECIFIED	sulfaguanidine	74f6cc8362498900f2fe2c13d0b6fdb66dd30976
BRDWIEOJOWJCLU-LTGWCKQJSA-N	CHEBI:147281	GS-441524	ANTIVIRAL	gs-441524	74f6cc8362498900f2fe2c13d0b6fdb66dd30976
BREATYVWRHIPIY-UHFFFAOYSA-N	CHEBI:81846	amisulbrom	ANTIFUNGAL	amisulbrom	74f6cc8362498900f2fe2c13d0b6fdb66dd30976
BRKREXSOPCTPTI-BLXLMBLLSA-N	CHEBI:66020	hookerianamide H	ANTIPROTOZOAL	hookerianamide-h	74f6cc8362498900f2fe2c13d0b6fdb66dd30976
BRSBFYLXCMGALM-CDEWKRIDSA-N	CHEBI:71962	lividomycin B	ANTIMYCOBACTERIAL	lividomycin-b	74f6cc8362498900f2fe2c13d0b6fdb66dd30976
BRZYSWJRSDMWLG-CAXSIQPQSA-N	CHEBI:42768	geneticin	ANTIPROTOZOAL	geneticin	74f6cc8362498900f2fe2c13d0b6fdb66dd30976
BRZYSWJRSDMWLG-DJWUNRQOSA-N	antibioticmech:aro-9047378d43	G418	ANTIBACTERIAL	g418	74f6cc8362498900f2fe2c13d0b6fdb66dd30976
BSBSCJRAEMDCHC-LVOPHWFOSA-N	CHEBI:31738	jadomycin B	ANTIBACTERIAL	jadomycin-b	74f6cc8362498900f2fe2c13d0b6fdb66dd30976
BSCARUQHRDHPML-SNVBAGLBSA-N	CHEBI:66525	streptoverticillin	ANTIFUNGAL	streptoverticillin	74f6cc8362498900f2fe2c13d0b6fdb66dd30976
BSIMZHVOQZIAOY-SCSAIBSYSA-N	CHEBI:615	1-carbapenem-3-carboxylic acid	ANTIBACTERIAL	1-carbapenem-3-carboxylic-acid	74f6cc8362498900f2fe2c13d0b6fdb66dd30976
BSKQISPKMLYNTK-UHFFFAOYSA-N	CHEBI:69532	1,6-dihydroxy-2-methyl-9,10-anthraquinone	ANTIBACTERIAL	1-6-dihydroxy-2-methyl-9-10-anthraquinone	74f6cc8362498900f2fe2c13d0b6fdb66dd30976
BSSIRFLGSWHWDE-NHYGBIDUSA-N	CHEBI:59669	colistimethate A	ANTIBACTERIAL	colistimethate-a	74f6cc8362498900f2fe2c13d0b6fdb66dd30976
BSVYJQAWONIOOU-UHFFFAOYSA-N	CHEBI:147356	tilorone dihydrochloride	ANTIVIRAL	tilorone-dihydrochloride	74f6cc8362498900f2fe2c13d0b6fdb66dd30976
BSWWXRFVMJHFBN-UHFFFAOYSA-N	CHEBI:47696	2,4,6-tribromophenol	ANTIFUNGAL	2-4-6-tribromophenol	74f6cc8362498900f2fe2c13d0b6fdb66dd30976
BTCICADMSGBCKA-COWFKMKXSA-N	CHEBI:65614	chamaejasmenin A	ANTIFUNGAL	chamaejasmenin-a	74f6cc8362498900f2fe2c13d0b6fdb66dd30976
BTCICADMSGBCKA-WVKQWSHJSA-N	CHEBI:66091	isochamaejasmenin B	ANTIFUNGAL	isochamaejasmenin-b	74f6cc8362498900f2fe2c13d0b6fdb66dd30976
BTIHMVBBUGXLCJ-OAHLLOKOSA-N	CHEBI:45307	seliciclib	ANTIVIRAL	seliciclib	74f6cc8362498900f2fe2c13d0b6fdb66dd30976
BUDVJTLKHWKZFS-PCIDIATHSA-N	CHEBI:65636	citrafungin B	ANTIFUNGAL	citrafungin-b	74f6cc8362498900f2fe2c13d0b6fdb66dd30976
BUYMVQAILCEWRR-UHFFFAOYSA-N	CHEBI:38729	naled	ANTIBACTERIAL	naled	74f6cc8362498900f2fe2c13d0b6fdb66dd30976
BVAZQCUMNICBAQ-PZHYSIFUSA-N	CHEBI:132967	elbasvir	ANTIVIRAL	elbasvir	74f6cc8362498900f2fe2c13d0b6fdb66dd30976
BVCKFLJARNKCSS-DWPRYXJFSA-N	CHEBI:51817	temocillin	ANTIBACTERIAL	temocillin	74f6cc8362498900f2fe2c13d0b6fdb66dd30976
BVHLNRAYBCPKOY-NRFANRHFSA-N	CHEBI:66482	sigmoidin A	ANTIBACTERIAL	sigmoidin-a	74f6cc8362498900f2fe2c13d0b6fdb66dd30976
BVPLOPDDUJTCFL-JBAXFHHXSA-N	CHEBI:70012	comazaphilone C	ANTIBACTERIAL	comazaphilone-c	74f6cc8362498900f2fe2c13d0b6fdb66dd30976
BVPTZDRKEDPTOX-WBMJQRKESA-N	CHEBI:66625	nidulalin A	ANTIMICROBIAL_UNSPECIFIED	nidulalin-a	74f6cc8362498900f2fe2c13d0b6fdb66dd30976
BVRULQCEMCYBAM-UHFFFAOYSA-N	CHEBI:66065	IC202A	ANTIMICROBIAL_UNSPECIFIED	ic202a	74f6cc8362498900f2fe2c13d0b6fdb66dd30976
BVZLLUDATICXCI-JMSCDMLISA-N	CHEBI:83800	daclatasvir hydrochloride	ANTIVIRAL	daclatasvir-hydrochloride	74f6cc8362498900f2fe2c13d0b6fdb66dd30976
BVZOXPCXYRGXKC-RUXXHOCVSA-N	CHEBI:66686	maytenfolone A	ANTIVIRAL	maytenfolone-a	74f6cc8362498900f2fe2c13d0b6fdb66dd30976
BWIAPPHQSUHPDB-IWCGXAMISA-N	antibioticmech:aro-ec60046a85	cervimycin B	ANTIBACTERIAL	cervimycin-b	74f6cc8362498900f2fe2c13d0b6fdb66dd30976
BWMISRWJRUSYEX-SZKNIZGXSA-N	CHEBI:77614	terbinafine hydrochloride	ANTIFUNGAL	terbinafine-hydrochloride	74f6cc8362498900f2fe2c13d0b6fdb66dd30976
BWQKHOMAOVUASZ-UHFFFAOYSA-N	CHEBI:67606	sampangine	ANTIFUNGAL	sampangine	74f6cc8362498900f2fe2c13d0b6fdb66dd30976
BWRRTAXZCKVRON-DGPOFWGLSA-N	CHEBI:31374	cefotiam dihydrochloride	ANTIBACTERIAL	cefotiam-dihydrochloride	74f6cc8362498900f2fe2c13d0b6fdb66dd30976
BWVNOTYEDMJNDA-TWBNDLJKSA-N	CHEBI:16479	streptomycin 6-phosphate	ANTIMICROBIAL_UNSPECIFIED	streptomycin-6-phosphate	74f6cc8362498900f2fe2c13d0b6fdb66dd30976
BWWVAEOLVKTZFQ-NTZNESFSSA-N	CHEBI:51208	mecillinam	ANTIBACTERIAL	mecillinam	74f6cc8362498900f2fe2c13d0b6fdb66dd30976
BWZJBXAPRCVCKQ-UHFFFAOYSA-N	CHEBI:92257	IKK16	ANTIPROTOZOAL	ikk16	74f6cc8362498900f2fe2c13d0b6fdb66dd30976
BXENDTPSKAICGV-RXSFTSLZSA-N	CHEBI:66516	soulattrolide	ANTIVIRAL	soulattrolide	74f6cc8362498900f2fe2c13d0b6fdb66dd30976
BXLGPMDGOMEFBX-UHFFFAOYSA-N	CHEBI:32197	tetracenomycin A2	ANTIBACTERIAL	tetracenomycin-a2	74f6cc8362498900f2fe2c13d0b6fdb66dd30976
BXNJHAXVSOCGBA-UHFFFAOYSA-N	CHEBI:28121	harmine	ANTIVIRAL	harmine	74f6cc8362498900f2fe2c13d0b6fdb66dd30976
BXXSHQYDJWZXPB-OKNSCYNVSA-N	CHEBI:28283	capsidiol	ANTIFUNGAL	capsidiol	74f6cc8362498900f2fe2c13d0b6fdb66dd30976
BXZVVICBKDXVGW-NKWVEPMBSA-N	CHEBI:490877	didanosine	ANTIVIRAL	didanosine	74f6cc8362498900f2fe2c13d0b6fdb66dd30976
BYBLEWFAAKGYCD-UHFFFAOYSA-N	antibioticmech:aro-11ab0a98bf	miconazole	ANTIFUNGAL	miconazole	74f6cc8362498900f2fe2c13d0b6fdb66dd30976
BYJAJQGCMSBKPB-SCSAIBSYSA-N	CHEBI:141345	(R)-3-hydroxybutanenitrile	ANTIFUNGAL	r-3-hydroxybutanenitrile	74f6cc8362498900f2fe2c13d0b6fdb66dd30976
BYMOGFTUZUEFHY-SIUCFGLGSA-N	CHEBI:131494	5,6-dehydrotomatine	ANTIFUNGAL	5-6-dehydrotomatine	74f6cc8362498900f2fe2c13d0b6fdb66dd30976
BYRKDHSWMQLYJB-UHFFFAOYSA-N	antibioticmech:aro-a324312fa2	pristinamycin IC	ANTIBACTERIAL	pristinamycin-ic	74f6cc8362498900f2fe2c13d0b6fdb66dd30976
BYTKNUOMWLJVNQ-UHFFFAOYSA-N	CHEBI:231676	SF2523	ANTIVIRAL	sf2523	74f6cc8362498900f2fe2c13d0b6fdb66dd30976
BYVVOONSAAQMKI-RFKCMYLBSA-N	CHEBI:77772	ilicicolin H	ANTIMICROBIAL_UNSPECIFIED	ilicicolin-h	74f6cc8362498900f2fe2c13d0b6fdb66dd30976
BZJHCQBNFUNZPJ-UHFFFAOYSA-N	CHEBI:45666	SDZ 35-682	ANTIVIRAL	sdz-35-682	74f6cc8362498900f2fe2c13d0b6fdb66dd30976
CADJZGPRUYOSGU-QWWLYEKJSA-N	CHEBI:32096	rhodomycin D	ANTIMICROBIAL_UNSPECIFIED	rhodomycin-d	74f6cc8362498900f2fe2c13d0b6fdb66dd30976
CAUHWGTUUBORAX-IKGGRYGDSA-N	CHEBI:192263	metarylpicoxamid	ANTIFUNGAL	metarylpicoxamid	74f6cc8362498900f2fe2c13d0b6fdb66dd30976
CAULGCQHVOVVRN-SWZPTJTJSA-N	CHEBI:80830	(E,E)-germacrone	ANTIFUNGAL	e-e-germacrone	74f6cc8362498900f2fe2c13d0b6fdb66dd30976
CBENFWSGALASAD-UHFFFAOYSA-N	CHEBI:25812	ozone	BIOCIDE	ozone	74f6cc8362498900f2fe2c13d0b6fdb66dd30976
CBIZXZGHIBJYRA-CMJOXMDJSA-N	CHEBI:66298	remangiflavanone B	ANTIBACTERIAL	remangiflavanone-b	74f6cc8362498900f2fe2c13d0b6fdb66dd30976
CBPFOSMNDISZLV-UHFFFAOYSA-N	CHEBI:65976	glycyrrhizol A	ANTIBACTERIAL	glycyrrhizol-a	74f6cc8362498900f2fe2c13d0b6fdb66dd30976
CBVCZFGXHXORBI-PXQQMZJSSA-N	CHEBI:44032	indinavir	ANTIVIRAL	indinavir	74f6cc8362498900f2fe2c13d0b6fdb66dd30976
CCDBRFCICQZPPE-DNQXCXABSA-N	CHEBI:32209	tetracenomycin X	ANTIBACTERIAL	tetracenomycin-x	74f6cc8362498900f2fe2c13d0b6fdb66dd30976
CCRCUPLGCSFEDV-BQYQJAHWSA-N	CHEBI:194138	methyl trans-cinnamate	ANTIBACTERIAL	methyl-trans-cinnamate	74f6cc8362498900f2fe2c13d0b6fdb66dd30976
CCVQPAZRNPBPPA-DAXSKMNVSA-N	CHEBI:65800	5-hydroxy-7-prop-2-en-(E)-ylidene-7,7a-dihydro- 2H-cyclopenta[b]pyran-6-one	ANTIMICROBIAL_UNSPECIFIED	5-hydroxy-7-prop-2-en-e-ylidene-7-7a-dihydro-2h-cyclopenta-b-pyran-6-o	74f6cc8362498900f2fe2c13d0b6fdb66dd30976
CCVQPAZRNPBPPA-QPJJXVBHSA-N	CHEBI:65801	5-hydroxy-7-prop-2-en-(Z)-ylidene-7,7a-dihydro- 2H-cyclopenta[b]pyran-6-one	ANTIMICROBIAL_UNSPECIFIED	5-hydroxy-7-prop-2-en-z-ylidene-7-7a-dihydro-2h-cyclopenta-b-pyran-6-o	74f6cc8362498900f2fe2c13d0b6fdb66dd30976
CCYKXDPVYWRNMH-UHFFFAOYSA-N	CHEBI:6521	lonchocarpenin	ANTIPROTOZOAL	lonchocarpenin	74f6cc8362498900f2fe2c13d0b6fdb66dd30976
CCZRQXWCDVXNHR-GFLRHUPZSA-N	CHEBI:66234	TMC-1A	ANTIMICROBIAL_UNSPECIFIED	tmc-1a	74f6cc8362498900f2fe2c13d0b6fdb66dd30976
CDHAYBUDIPNGGJ-UHFFFAOYSA-N	CHEBI:156550	pyrrolomycin A	ANTIBACTERIAL	pyrrolomycin-a	74f6cc8362498900f2fe2c13d0b6fdb66dd30976
CDICDSOGTRCHMG-ONEGZZNKSA-N	CHEBI:27949	(E)-sinapaldehyde	ANTIFUNGAL	e-sinapaldehyde	74f6cc8362498900f2fe2c13d0b6fdb66dd30976
CDOSHBSSFJOMGT-JTQLQIEISA-N	CHEBI:28	(R)-linalool	ANTIMICROBIAL_UNSPECIFIED	r-linalool	74f6cc8362498900f2fe2c13d0b6fdb66dd30976
CDOSHBSSFJOMGT-SNVBAGLBSA-N	CHEBI:98	(S)-linalool	ANTIMICROBIAL_UNSPECIFIED	s-linalool	74f6cc8362498900f2fe2c13d0b6fdb66dd30976
CDOSHBSSFJOMGT-UHFFFAOYSA-N	CHEBI:17580	linalool	ANTIMICROBIAL_UNSPECIFIED	linalool	74f6cc8362498900f2fe2c13d0b6fdb66dd30976
CDTJNKFURPZXMS-LRBSCOJMSA-N	antibioticmech:aro-d2b8d66d15	bacitracin B	ANTIBACTERIAL	bacitracin-b	74f6cc8362498900f2fe2c13d0b6fdb66dd30976
CDYBOKJASDEORM-HBVDJMOISA-N	CHEBI:80840	isomangiferin	ANTIVIRAL	isomangiferin	74f6cc8362498900f2fe2c13d0b6fdb66dd30976
CEAZRRDELHUEMR-UHFFFAOYSA-N	antibioticmech:aro-b380d64ee1	gentamicin	ANTIBACTERIAL	gentamicin	74f6cc8362498900f2fe2c13d0b6fdb66dd30976
CEAZRRDELHUEMR-URQXQFDESA-N	CHEBI:27412	gentamycin C1	ANTIMICROBIAL_UNSPECIFIED	gentamycin-c1	74f6cc8362498900f2fe2c13d0b6fdb66dd30976
CEBUWXCYJVYZSN-XEMCBIIJSA-N	CHEBI:69222	fatsicarpain G	ANTIVIRAL	fatsicarpain-g	74f6cc8362498900f2fe2c13d0b6fdb66dd30976
CECREIRZLPLYDM-QGZVKYPTSA-N	CHEBI:76945	manool	ANTIBACTERIAL	manool	74f6cc8362498900f2fe2c13d0b6fdb66dd30976
CECREIRZLPLYDM-RAUXBKROSA-N	CHEBI:76944	13-epi-manool	ANTIFUNGAL	13-epi-manool	74f6cc8362498900f2fe2c13d0b6fdb66dd30976
CEVCTNCUIVEQOY-JQOWZUPLSA-N	CHEBI:324935	fumagillol	ANTIMICROBIAL_UNSPECIFIED	fumagillol	74f6cc8362498900f2fe2c13d0b6fdb66dd30976
CEVNHRPKRNTGKO-ZSAUSMIDSA-N	CHEBI:27774	lubimin	ANTIFUNGAL	lubimin	74f6cc8362498900f2fe2c13d0b6fdb66dd30976
CEWYDURMTVVVNH-QMOGDXDJSA-N	CHEBI:66244	TMC-96	ANTIMICROBIAL_UNSPECIFIED	tmc-96	74f6cc8362498900f2fe2c13d0b6fdb66dd30976
CEXYMYPXHMUTTJ-UHFFFAOYSA-N	CHEBI:65863	erylatissin A	ANTIMICROBIAL_UNSPECIFIED	erylatissin-a	74f6cc8362498900f2fe2c13d0b6fdb66dd30976
CFCUWKMKBJTWLW-BKHRDMLASA-N	CHEBI:31856	mithramycin	ANTIMICROBIAL_UNSPECIFIED	mithramycin	74f6cc8362498900f2fe2c13d0b6fdb66dd30976
CFKMVGJGLGKFKI-UHFFFAOYSA-N	CHEBI:34395	4-chloro-m-cresol	BIOCIDE	4-chloro-m-cresol	74f6cc8362498900f2fe2c13d0b6fdb66dd30976
CFQHTKGGWFGEKG-WYJATRNTSA-N	antibioticmech:aro-a78f888bde	phenelfamycin C	ANTIBACTERIAL	phenelfamycin-c	74f6cc8362498900f2fe2c13d0b6fdb66dd30976
CFRXQGXKLCOKGG-BNKKYZKKSA-N	CHEBI:65467	batzelladine B	ANTIVIRAL	batzelladine-b	74f6cc8362498900f2fe2c13d0b6fdb66dd30976
CGBJSGAELGCMKE-UHFFFAOYSA-N	CHEBI:95093	omipalisib	ANTIVIRAL	omipalisib	74f6cc8362498900f2fe2c13d0b6fdb66dd30976
CGIHPACLZJDCBQ-UHFFFAOYSA-N	CHEBI:73185	acibenzolar	ANTIFUNGAL	acibenzolar	74f6cc8362498900f2fe2c13d0b6fdb66dd30976
CGVBSJOSWAZUIF-IOMVKLDJSA-N	CHEBI:69020	physalin G	ANTIPROTOZOAL	physalin-g	74f6cc8362498900f2fe2c13d0b6fdb66dd30976
CHHHXKFHOYLYRE-STWYSWDKSA-M	CHEBI:77868	potassium sorbate	BIOCIDE	potassium-sorbate	74f6cc8362498900f2fe2c13d0b6fdb66dd30976
CHPZKNULDCNCBW-UHFFFAOYSA-N	CHEBI:231505	gallium nitrate	ANTIBACTERIAL	gallium-nitrate	74f6cc8362498900f2fe2c13d0b6fdb66dd30976
CHYNVNQRYJSKBG-ZDUSSCGKSA-N	CHEBI:69472	purpurester A	ANTIVIRAL	purpurester-a	74f6cc8362498900f2fe2c13d0b6fdb66dd30976
CIEYTVIYYGTCCI-UHFFFAOYSA-N	CHEBI:6377	lapachol	ANTIBACTERIAL	lapachol	74f6cc8362498900f2fe2c13d0b6fdb66dd30976
CIFWZNRJIBNXRE-UHFFFAOYSA-N	CHEBI:6751	mepanipyrim	ANTIFUNGAL	mepanipyrim	74f6cc8362498900f2fe2c13d0b6fdb66dd30976
CIFZCCWGXMYJEU-UHFFFAOYSA-N	CHEBI:38947	dithiodiphosphoric acid	ANTIVIRAL	dithiodiphosphoric-acid	74f6cc8362498900f2fe2c13d0b6fdb66dd30976
CIHOLLKRGTVIJN-UHFFFAOYSA-N	CHEBI:64090	tert-butyl hydroperoxide	ANTIBACTERIAL	tert-butyl-hydroperoxide	74f6cc8362498900f2fe2c13d0b6fdb66dd30976
CIUHLXZTZWTVFL-UHFFFAOYSA-N	CHEBI:17209	dihydrosanguinarine	ANTIFUNGAL	dihydrosanguinarine	74f6cc8362498900f2fe2c13d0b6fdb66dd30976
CJBJHOAVZSMMDJ-HEXNFIEUSA-N	CHEBI:367163	darunavir	ANTIVIRAL	darunavir	74f6cc8362498900f2fe2c13d0b6fdb66dd30976
CJHXCRMKMMBYJQ-UHFFFAOYSA-N	CHEBI:81958	dimethirimol	ANTIFUNGAL	dimethirimol	74f6cc8362498900f2fe2c13d0b6fdb66dd30976
CJMOMVNHRUTOJX-SEAFAFSMSA-N	CHEBI:68699	(−)-rotiorin	ANTIFUNGAL	rotiorin	74f6cc8362498900f2fe2c13d0b6fdb66dd30976
CJPQIRJHIZUAQP-MRXNPFEDSA-N	CHEBI:82779	benalaxyl-M	ANTIFUNGAL	benalaxyl-m	74f6cc8362498900f2fe2c13d0b6fdb66dd30976
CKAPSXZOOQJIBF-UHFFFAOYSA-N	CHEBI:5692	hexachlorobenzene	ANTIFUNGAL	hexachlorobenzene	74f6cc8362498900f2fe2c13d0b6fdb66dd30976
CKPCAYZTYMHQEX-UHFFFAOYSA-N	CHEBI:81972	pyrifenox	ANTIFUNGAL	pyrifenox	74f6cc8362498900f2fe2c13d0b6fdb66dd30976
CKSJXOVLXUMMFF-UHFFFAOYSA-N	CHEBI:31585	exalamide	ANTIFUNGAL	exalamide	74f6cc8362498900f2fe2c13d0b6fdb66dd30976
CLEXYFLHGFJONT-DNMILWOZSA-N	CHEBI:6088	jervine	ANTIFUNGAL	jervine	74f6cc8362498900f2fe2c13d0b6fdb66dd30976
CLKOFPXJLQSYAH-ABRJDSQDSA-N	CHEBI:35862	bacitracin A	ANTIBACTERIAL	bacitracin-a	74f6cc8362498900f2fe2c13d0b6fdb66dd30976
CLMGAZWYZXAAJO-FURQXPDPSA-N	CHEBI:65595	caseargrewiin D	ANTIMYCOBACTERIAL	caseargrewiin-d	74f6cc8362498900f2fe2c13d0b6fdb66dd30976
CLQUUOKNEOQBSW-KEGKUKQHSA-N	CHEBI:28331	erythromycin D	ANTIMICROBIAL_UNSPECIFIED	erythromycin-d	74f6cc8362498900f2fe2c13d0b6fdb66dd30976
CMJGAYUQSLJSCR-ULIPXBITSA-N	CHEBI:9044	savinin	ANTIVIRAL	savinin	74f6cc8362498900f2fe2c13d0b6fdb66dd30976
CMMLZMMKTYEOKV-RDKHTNMBSA-N	CHEBI:7752	oligomycin C	ANTIMICROBIAL_UNSPECIFIED	oligomycin-c	74f6cc8362498900f2fe2c13d0b6fdb66dd30976
CNDQSXOVEQXJOE-UHFFFAOYSA-N	CHEBI:76259	oxyphenbutazone hydrate	ANTIMICROBIAL_UNSPECIFIED	oxyphenbutazone-hydrate	74f6cc8362498900f2fe2c13d0b6fdb66dd30976
CNPMAFLUEHEXRE-UHFFFAOYSA-N	CHEBI:69098	licocoumarone	ANTIBACTERIAL	licocoumarone	74f6cc8362498900f2fe2c13d0b6fdb66dd30976
COAIOOWBEPAOFY-UHFFFAOYSA-N	CHEBI:141405	1,2,3-benzothiadiazole-7-carboxylic acid	ANTIFUNGAL	1-2-3-benzothiadiazole-7-carboxylic-acid	74f6cc8362498900f2fe2c13d0b6fdb66dd30976
COBAEYCUCRUGRP-MLUIRONXSA-N	CHEBI:68289	(−)-gynuraone	ANTIBACTERIAL	gynuraone	74f6cc8362498900f2fe2c13d0b6fdb66dd30976
COCNDHOPIHDTHK-UHFFFAOYSA-N	CHEBI:28281	5-methoxyindole-3-acetic acid	ANTIBACTERIAL	5-methoxyindole-3-acetic-acid	74f6cc8362498900f2fe2c13d0b6fdb66dd30976
COKUCRXLRIRZQM-MWTRTKDXSA-N	CHEBI:65892	exiguaflavanone B	ANTIPROTOZOAL	exiguaflavanone-b	74f6cc8362498900f2fe2c13d0b6fdb66dd30976
CPFAJMOABNHQTP-ZPZSSQNXSA-M	CHEBI:77912	mutalomycin sodium salt	ANTIMICROBIAL_UNSPECIFIED	mutalomycin-sodium-salt	74f6cc8362498900f2fe2c13d0b6fdb66dd30976
CPFJLLXFNPCTDW-BWSPSPBFSA-N	CHEBI:3049	benzatropine mesylate	ANTIVIRAL	benzatropine-mesylate	74f6cc8362498900f2fe2c13d0b6fdb66dd30976
CPTNXTSDQJQEFA-ZKOWQLKRSA-N	CHEBI:78509	mastoparan-A	ANTIBACTERIAL	mastoparan-a	74f6cc8362498900f2fe2c13d0b6fdb66dd30976
CPUHORIUXPQCHW-UHFFFAOYSA-N	CHEBI:144949	NSC 23766 trihydrochloride	ANTIVIRAL	nsc-23766-trihydrochloride	74f6cc8362498900f2fe2c13d0b6fdb66dd30976
CPUWOKRFRYWIHK-BPPBZOKFSA-N	CHEBI:75091	aclacinomycin N	ANTIMICROBIAL_UNSPECIFIED	aclacinomycin-n	74f6cc8362498900f2fe2c13d0b6fdb66dd30976
CRDAMVZIKSXKFV-FBXUGWQNSA-N	CHEBI:42680	(2-cis,6-cis)-farnesol	ANTIMICROBIAL_UNSPECIFIED	2-cis-6-cis-farnesol	74f6cc8362498900f2fe2c13d0b6fdb66dd30976
CRDAMVZIKSXKFV-GNESMGCMSA-N	CHEBI:35966	(2-trans,6-cis)-farnesol	ANTIMICROBIAL_UNSPECIFIED	2-trans-6-cis-farnesol	74f6cc8362498900f2fe2c13d0b6fdb66dd30976
CRDAMVZIKSXKFV-PVMFERMNSA-N	CHEBI:16774	(2-cis,6-trans)-farnesol	ANTIMICROBIAL_UNSPECIFIED	2-cis-6-trans-farnesol	74f6cc8362498900f2fe2c13d0b6fdb66dd30976
CRDAMVZIKSXKFV-UHFFFAOYSA-N	CHEBI:28600	farnesol	ANTIMICROBIAL_UNSPECIFIED	farnesol	74f6cc8362498900f2fe2c13d0b6fdb66dd30976
CRDAMVZIKSXKFV-YFVJMOTDSA-N	CHEBI:16619	(2-trans,6-trans)-farnesol	ANTIMICROBIAL_UNSPECIFIED	2-trans-6-trans-farnesol	74f6cc8362498900f2fe2c13d0b6fdb66dd30976
CRFYLQMIDWBKRT-LPYMAVHISA-N	CHEBI:83261	pyribencarb	ANTIFUNGAL	pyribencarb	74f6cc8362498900f2fe2c13d0b6fdb66dd30976
CRQQGFGUEAVUIL-UHFFFAOYSA-N	CHEBI:3639	chlorothalonil	ANTIFUNGAL	chlorothalonil	74f6cc8362498900f2fe2c13d0b6fdb66dd30976
CSFWPUWCSPOLJW-UHFFFAOYSA-N	CHEBI:44401	lawsone	ANTIFUNGAL	lawsone	74f6cc8362498900f2fe2c13d0b6fdb66dd30976
CSOMAHTTWTVBFL-OFBLZTNGSA-N	CHEBI:68236	platensimycin	ANTIBACTERIAL	platensimycin	74f6cc8362498900f2fe2c13d0b6fdb66dd30976
CSSQVOKOWWIUCX-UHFFFAOYSA-N	CHEBI:77605	tosufloxacin tosylate	ANTIMICROBIAL_UNSPECIFIED	tosufloxacin-tosylate	74f6cc8362498900f2fe2c13d0b6fdb66dd30976
CTAXDRJNQQBEIB-VCJIVHKYSA-N	CHEBI:147346	SG85	ANTIVIRAL	sg85	74f6cc8362498900f2fe2c13d0b6fdb66dd30976
CTCWWHNYPVOMQP-WXZOGCPCSA-N	CHEBI:66746	phomacin A	ANTIMICROBIAL_UNSPECIFIED	phomacin-a	74f6cc8362498900f2fe2c13d0b6fdb66dd30976
CTFSUCDHRVDRKG-MGZXXMPLSA-N	CHEBI:66416	mustakone	ANTIPROTOZOAL	mustakone	74f6cc8362498900f2fe2c13d0b6fdb66dd30976
CTHNKWFUDCMLIQ-UHFFFAOYSA-N	CHEBI:233566	NCX-4040	ANTIFUNGAL	ncx-4040	74f6cc8362498900f2fe2c13d0b6fdb66dd30976
CTMCWCONSULRHO-UHQPFXKFSA-N	CHEBI:42053	nemorubicin	ANTIMICROBIAL_UNSPECIFIED	nemorubicin	74f6cc8362498900f2fe2c13d0b6fdb66dd30976
CTNZOGJNVIFEBA-MOKAZRKYSA-N	CHEBI:16483	isonocardicin A	ANTIMICROBIAL_UNSPECIFIED	isonocardicin-a	74f6cc8362498900f2fe2c13d0b6fdb66dd30976
CTNZOGJNVIFEBA-UPSUJEDGSA-N	CHEBI:17711	nocardicin A	ANTIMICROBIAL_UNSPECIFIED	nocardicin-a	74f6cc8362498900f2fe2c13d0b6fdb66dd30976
CTUAQTBUVLKNDJ-OBZXMJSBSA-N	CHEBI:6770	meropenem trihydrate	ANTIBACTERIAL	meropenem-trihydrate	74f6cc8362498900f2fe2c13d0b6fdb66dd30976
CULUWZNBISUWAS-UHFFFAOYSA-N	CHEBI:133833	benznidazole	ANTIPROTOZOAL	benznidazole	74f6cc8362498900f2fe2c13d0b6fdb66dd30976
CUOJDWBMJMRDHN-RLLVTFBRSA-N	CHEBI:29583	fengycin	ANTIFUNGAL	fengycin	74f6cc8362498900f2fe2c13d0b6fdb66dd30976
CUSSNCHZLYDUPJ-UHFFFAOYSA-N	CHEBI:144586	4-hydroxy-2-oxobutanal	ANTIBACTERIAL	4-hydroxy-2-oxobutanal	74f6cc8362498900f2fe2c13d0b6fdb66dd30976
CUUCCLJJOWSASK-UHFFFAOYSA-N	CHEBI:50688	metronidazole benzoate	ANTIBACTERIAL	metronidazole-benzoate	74f6cc8362498900f2fe2c13d0b6fdb66dd30976
CUXAULQHGRSWLF-IKVCUCANSA-N	CHEBI:156426	curacomycin	ANTIBACTERIAL	curacomycin	74f6cc8362498900f2fe2c13d0b6fdb66dd30976
CUXXAUBWEIJETF-AMVLLGRPSA-N	CHEBI:66539	syncarpamide	ANTIPROTOZOAL	syncarpamide	74f6cc8362498900f2fe2c13d0b6fdb66dd30976
CVLVYBSPYHCGGU-VQXUUFQGSA-N	CHEBI:66159	samaderine B	ANTIPROTOZOAL	samaderine-b	74f6cc8362498900f2fe2c13d0b6fdb66dd30976
CVUANYCQTOGILD-QVHKTLOISA-N	CHEBI:5981	isoalantolactone	ANTIFUNGAL	isoalantolactone	74f6cc8362498900f2fe2c13d0b6fdb66dd30976
CWCMIVBLVUHDHK-ZSNHEYEWSA-N	CHEBI:75046	phleomycin D1	ANTIBACTERIAL	phleomycin-d1	74f6cc8362498900f2fe2c13d0b6fdb66dd30976
CWHBUPIYFIPPRI-UHFFFAOYSA-N	CHEBI:78857	2,2,3,3-tetrahydroxy-2,3-dihydronaphthalene-1,4-dione	ANTIBACTERIAL	2-2-3-3-tetrahydroxy-2-3-dihydronaphthalene-1-4-dione	74f6cc8362498900f2fe2c13d0b6fdb66dd30976
CWOLTUKRSULKST-PNUZMXECSA-N	CHEBI:28333	dihydrostreptomycin 3'',6-bisphosphate	ANTIMICROBIAL_UNSPECIFIED	dihydrostreptomycin-3-6-bisphosphate	74f6cc8362498900f2fe2c13d0b6fdb66dd30976
CWTCWGGPTVMMLT-FCGDIQPGSA-N	CHEBI:81021	nocardicin C	ANTIMICROBIAL_UNSPECIFIED	nocardicin-c	74f6cc8362498900f2fe2c13d0b6fdb66dd30976
CWTCWGGPTVMMLT-INDMIFKZSA-N	CHEBI:81022	isonocardicin C	ANTIMICROBIAL_UNSPECIFIED	isonocardicin-c	74f6cc8362498900f2fe2c13d0b6fdb66dd30976
CWVRPJSBNHNJSI-XQNSMLJCSA-N	CHEBI:83185	coumoxystrobin	ANTIFUNGAL	coumoxystrobin	74f6cc8362498900f2fe2c13d0b6fdb66dd30976
CXHKZHZLDMQGFF-ZSDSSEDPSA-N	CHEBI:55488	cefuzonam	ANTIBACTERIAL	cefuzonam	74f6cc8362498900f2fe2c13d0b6fdb66dd30976
CXJJYKZWBRYMST-PZTGFMGMSA-N	CHEBI:63221	N-benzoylampicillin	ANTIMICROBIAL_UNSPECIFIED	n-benzoylampicillin	74f6cc8362498900f2fe2c13d0b6fdb66dd30976
CXKWCBBOMKCUKX-UHFFFAOYSA-M	CHEBI:6872	methylene blue	ANTIPROTOZOAL	methylene-blue	74f6cc8362498900f2fe2c13d0b6fdb66dd30976
CXNPLSGKWMLZPZ-ZNIXKSQXSA-N	CHEBI:15353	blasticidin S	ANTIFUNGAL	blasticidin-s	74f6cc8362498900f2fe2c13d0b6fdb66dd30976
CXNPLSGKWMLZPZ-ZNIXKSQXSA-O	CHEBI:57289	blasticidin S(1+)	ANTIFUNGAL	blasticidin-s-1	74f6cc8362498900f2fe2c13d0b6fdb66dd30976
CXOLVKMMHKZPPM-UHFFFAOYSA-N	CHEBI:32198	tetracenomycin B1	ANTIMICROBIAL_UNSPECIFIED	tetracenomycin-b1	74f6cc8362498900f2fe2c13d0b6fdb66dd30976
CXTQPLOKUBDLTK-UHFFFAOYSA-N	antibioticmech:aro-d03e1e5b82	arsinothricin	ANTIBACTERIAL	arsinothricin	74f6cc8362498900f2fe2c13d0b6fdb66dd30976
CXTXHTVXPMOOSW-JUEJINBGSA-N	CHEBI:71659	epidermin	ANTIBACTERIAL	epidermin	74f6cc8362498900f2fe2c13d0b6fdb66dd30976
CYAGVDMNRPMVDV-ZMIVVTAWSA-N	CHEBI:66049	21β-hydroxyolean-12-en-3-one	ANTIPROTOZOAL	21β-hydroxyolean-12-en-3-one	74f6cc8362498900f2fe2c13d0b6fdb66dd30976
CYDMQBQPVICBEU-XRNKAMNCSA-N	CHEBI:27644	chlortetracycline	ANTIBACTERIAL	chlortetracycline	74f6cc8362498900f2fe2c13d0b6fdb66dd30976
CYFLXLSBHQBMFT-UHFFFAOYSA-N	CHEBI:55548	sulfamoxole	ANTIMICROBIAL_UNSPECIFIED	sulfamoxole	74f6cc8362498900f2fe2c13d0b6fdb66dd30976
CYKZTBKVWQAQLU-KSQSWLAPSA-N	antibioticmech:aro-72f1180eb7	cervimycin C	ANTIBACTERIAL	cervimycin-c	74f6cc8362498900f2fe2c13d0b6fdb66dd30976
CYLJNXXMQIXPAD-PQMJGINDSA-N	CHEBI:28703	dihydrostreptomycin 3'α-phosphate	ANTIMICROBIAL_UNSPECIFIED	dihydrostreptomycin-3-α-phosphate	74f6cc8362498900f2fe2c13d0b6fdb66dd30976
CYOHGALHFOKKQC-UHFFFAOYSA-N	CHEBI:90227	selumetinib	ANTIVIRAL	selumetinib	74f6cc8362498900f2fe2c13d0b6fdb66dd30976
CZFFBEXEKNGXKS-UHFFFAOYSA-N	CHEBI:82960	raltegravir	ANTIVIRAL	raltegravir	74f6cc8362498900f2fe2c13d0b6fdb66dd30976
CZOSIVQZBIQJDQ-IIMAJNMQSA-N	antibioticmech:aro-63b276648e	formicamycin Q	ANTIBACTERIAL	formicamycin-q	74f6cc8362498900f2fe2c13d0b6fdb66dd30976
CZTQZXZIADLWOZ-CRAIPNDOSA-N	CHEBI:3537	cefaloridine	ANTIBACTERIAL	cefaloridine	74f6cc8362498900f2fe2c13d0b6fdb66dd30976
CZXYFHNORNVRJZ-UHFFFAOYSA-N	CHEBI:66030	7-hydroxy-5-hydroxymethyl-2H-benzo[1,4]thiazin-3-one	ANTIBACTERIAL	7-hydroxy-5-hydroxymethyl-2h-benzo-1-4-thiazin-3-one	74f6cc8362498900f2fe2c13d0b6fdb66dd30976
DAIKHDNSXMZDCU-FQTGFAPKSA-N	CHEBI:9997	pristinamycin IIA	ANTIBACTERIAL	pristinamycin-iia	74f6cc8362498900f2fe2c13d0b6fdb66dd30976
DAIKHDNSXMZDCU-ZFPSYPIXSA-N	antibioticmech:aro-88dda0e2d9	virginiamycin M1	ANTIBACTERIAL	virginiamycin-m1	74f6cc8362498900f2fe2c13d0b6fdb66dd30976
DANUORFCFTYTSZ-SJSJOXFOSA-N	CHEBI:7569	nigericin	ANTIBACTERIAL	nigericin	74f6cc8362498900f2fe2c13d0b6fdb66dd30976
DAPAQENNNINUPW-IDAMAFBJSA-N	CHEBI:66309	rocaglamide	ANTIPROTOZOAL	rocaglamide	74f6cc8362498900f2fe2c13d0b6fdb66dd30976
DAYOICKCVBMUPS-ULAWRXDQSA-N	CHEBI:167666	N-ethyl-1-deoxynojirimycin	ANTIVIRAL	n-ethyl-1-deoxynojirimycin	74f6cc8362498900f2fe2c13d0b6fdb66dd30976
DBLVDAUGBTYDFR-SWMBIRFSSA-N	CHEBI:71961	lividomycin A	ANTIMYCOBACTERIAL	lividomycin-a	74f6cc8362498900f2fe2c13d0b6fdb66dd30976
DBOXZAYTFKDLHJ-CSOFANMDSA-N	CHEBI:65400	ambiguine H	ANTIBACTERIAL	ambiguine-h	74f6cc8362498900f2fe2c13d0b6fdb66dd30976
DBPPRLRVDVJOCL-FQRUVTKNSA-N	CHEBI:140376	cefiderocol	ANTIBACTERIAL	cefiderocol	74f6cc8362498900f2fe2c13d0b6fdb66dd30976
DBTIHDIIXPQOFR-JMHKOBKLSA-N	CHEBI:63284	mycinamicin IV	ANTIBACTERIAL	mycinamicin-iv	74f6cc8362498900f2fe2c13d0b6fdb66dd30976
DBXFMOWZRXXBRN-LWKPJOBUSA-N	CHEBI:83610	valifenalate	ANTIFUNGAL	valifenalate	74f6cc8362498900f2fe2c13d0b6fdb66dd30976
DCHJOVNPPSBWHK-UXXUFHFZSA-N	CHEBI:9217	spectinomycin hydrochloride hydrate	ANTIBACTERIAL	spectinomycin-hydrochloride-hydrate	74f6cc8362498900f2fe2c13d0b6fdb66dd30976
DCRWHJGCOKPJBN-TWBNDLJKSA-N	CHEBI:16505	dihydrostreptomycin 6-phosphate	ANTIMICROBIAL_UNSPECIFIED	dihydrostreptomycin-6-phosphate	74f6cc8362498900f2fe2c13d0b6fdb66dd30976
DCUJJWWUNKIJPH-UHFFFAOYSA-N	CHEBI:81935	nitrapyrin	ANTIBACTERIAL	nitrapyrin	74f6cc8362498900f2fe2c13d0b6fdb66dd30976
DDEIFUOYHWEWSS-DJKKODMXSA-N	CHEBI:167669	(E)-2-[[[4-(2-chlorophenyl)-1,3-thiazol-2-yl]hydrazinylidene]methyl]benzoic acid	ANTIVIRAL	e-2-4-2-chlorophenyl-1-3-thiazol-2-yl-hydrazinylidene-methyl-benzoic-a	74f6cc8362498900f2fe2c13d0b6fdb66dd30976
DDFOUSQFMYRUQK-RCDICMHDSA-N	CHEBI:85979	isavuconazole	ANTIFUNGAL	isavuconazole	74f6cc8362498900f2fe2c13d0b6fdb66dd30976
DDHVILIIHBIMQU-YJGQQKNPSA-L	CHEBI:34858	mupirocin calcium hydrate	ANTIBACTERIAL	mupirocin-calcium-hydrate	74f6cc8362498900f2fe2c13d0b6fdb66dd30976
DDJWTKQJOKVHBW-NZSRVPFOSA-N	CHEBI:16861	7''-O-phosphohygromycin B	ANTIMICROBIAL_UNSPECIFIED	7-o-phosphohygromycin-b	74f6cc8362498900f2fe2c13d0b6fdb66dd30976
DDUHZTYCFQRHIY-RBHXEPJQSA-N	CHEBI:27779	griseofulvin	ANTIBACTERIAL	griseofulvin	74f6cc8362498900f2fe2c13d0b6fdb66dd30976
DDULCZLFAKVKJB-JIXKVBNCSA-N	CHEBI:71977	surfactin B	ANTIBACTERIAL	surfactin-b	74f6cc8362498900f2fe2c13d0b6fdb66dd30976
DDWGQGZPYDSYEL-LSDHHAIUSA-N	CHEBI:5722	hinokinin	ANTIPROTOZOAL	hinokinin	74f6cc8362498900f2fe2c13d0b6fdb66dd30976
DECBQELQORZLLP-UHFFFAOYSA-N	CHEBI:131714	furagin	ANTIBACTERIAL	furagin	74f6cc8362498900f2fe2c13d0b6fdb66dd30976
DECIPOUIJURFOJ-UHFFFAOYSA-N	CHEBI:77323	ethoxyquin	ANTIFUNGAL	ethoxyquin	74f6cc8362498900f2fe2c13d0b6fdb66dd30976
DEFBCZWQLILOJF-UHFFFAOYSA-N	CHEBI:144984	NSC 23766	ANTIVIRAL	nsc-23766	74f6cc8362498900f2fe2c13d0b6fdb66dd30976
DEMKZLAVQYISIA-ZRWXNEIDSA-N	CHEBI:80845	liquiritin	ANTIVIRAL	liquiritin	74f6cc8362498900f2fe2c13d0b6fdb66dd30976
DEVSOSMRMRYYLQ-GCAGLVGWSA-N	antibioticmech:aro-819aa3adea	cervimycin K2	ANTIBACTERIAL	cervimycin-k2	74f6cc8362498900f2fe2c13d0b6fdb66dd30976
DEXGFPWDAXJBTA-WONIAPNHSA-N	CHEBI:70484	(S)-1'-methyloctyl caffeate	ANTIPROTOZOAL	s-1-methyloctyl-caffeate	74f6cc8362498900f2fe2c13d0b6fdb66dd30976
DFEINBRRTFYPQB-KOEMQTGPSA-N	antibioticmech:aro-d6a7012e5e	polymyxin B4	ANTIBACTERIAL	polymyxin-b4	74f6cc8362498900f2fe2c13d0b6fdb66dd30976
DFHAXXVZCFXGOQ-UHFFFAOYSA-K	CHEBI:141644	trisodium phosphonoformate	ANTIVIRAL	trisodium-phosphonoformate	74f6cc8362498900f2fe2c13d0b6fdb66dd30976
DFSJNVZGJOIDRT-BJISPZADSA-N	CHEBI:59671	colistimethate B	ANTIBACTERIAL	colistimethate-b	74f6cc8362498900f2fe2c13d0b6fdb66dd30976
DFURSAVCHZIKSU-STZQEDGTSA-N	CHEBI:31144	8-demethyltetracenomycin C	ANTIMICROBIAL_UNSPECIFIED	8-demethyltetracenomycin-c	74f6cc8362498900f2fe2c13d0b6fdb66dd30976
DFVPCNAMNAPBCX-LTGWCKQJSA-N	CHEBI:150869	GS-443902	ANTIVIRAL	gs-443902	74f6cc8362498900f2fe2c13d0b6fdb66dd30976
DGBMMVBFYMZWHX-CLTKARDFSA-N	CHEBI:68767	chaetoglocin B	ANTIBACTERIAL	chaetoglocin-b	74f6cc8362498900f2fe2c13d0b6fdb66dd30976
DGBMMVBFYMZWHX-XVNBXDOJSA-N	CHEBI:68766	chaetoglocin A	ANTIBACTERIAL	chaetoglocin-a	74f6cc8362498900f2fe2c13d0b6fdb66dd30976
DGGZCXUXASNDAC-QQNGCVSVSA-N	CHEBI:3252	C-1027 chromophore	ANTIMICROBIAL_UNSPECIFIED	c-1027-chromophore	74f6cc8362498900f2fe2c13d0b6fdb66dd30976
DGUIKAVSMBLZCL-MKSLXUROSA-N	CHEBI:72669	(+)-phytocassane D	ANTIFUNGAL	phytocassane-d	74f6cc8362498900f2fe2c13d0b6fdb66dd30976
DGUQXKKDZHTKIE-HTRCEHHLSA-N	CHEBI:156336	3'-deoxy-3',4'-didehydro-CTP	ANTIVIRAL	3-deoxy-3-4-didehydro-ctp	74f6cc8362498900f2fe2c13d0b6fdb66dd30976
DGWRIHOXTOJRIO-QVIHXGFCSA-N	CHEBI:66088	isatinone B	ANTIFUNGAL	isatinone-b	74f6cc8362498900f2fe2c13d0b6fdb66dd30976
DGYHPLMPMRKMPD-BYPYZUCNSA-N	CHEBI:143285	L-propargylglycine zwitterion	ANTIMICROBIAL_UNSPECIFIED	l-propargylglycine-zwitterion	74f6cc8362498900f2fe2c13d0b6fdb66dd30976
DHAUNSINPICAFU-DSGRLQPCSA-N	CHEBI:65719	cytosporic acid	ANTIVIRAL	cytosporic-acid	74f6cc8362498900f2fe2c13d0b6fdb66dd30976
DHCUJGJZVIRMQU-ZZBIGSJJSA-N	CHEBI:66402	8,8a-epoxymorellic acid	ANTIVIRAL	8-8a-epoxymorellic-acid	74f6cc8362498900f2fe2c13d0b6fdb66dd30976
DHGMYNLRIYMOGS-ZWETUDJHSA-N	CHEBI:65946	ganoderone C	ANTIVIRAL	ganoderone-c	74f6cc8362498900f2fe2c13d0b6fdb66dd30976
DHNRXBZYEKSXIM-UHFFFAOYSA-N	CHEBI:53621	chloromethylisothiazolinone	ANTIMICROBIAL_UNSPECIFIED	chloromethylisothiazolinone	74f6cc8362498900f2fe2c13d0b6fdb66dd30976
DHOBWLDZMMCUPR-QBINLZOGSA-N	CHEBI:65678	CT2108A	ANTIFUNGAL	ct2108a	74f6cc8362498900f2fe2c13d0b6fdb66dd30976
DHQWPIXFALDZDJ-LPEZYDJLSA-N	CHEBI:8350	pradimicin B	ANTIFUNGAL	pradimicin-b	74f6cc8362498900f2fe2c13d0b6fdb66dd30976
DHTJFQWHCVTNRY-OEMAIJDKSA-N	CHEBI:83823	pyrisoxazole	ANTIFUNGAL	pyrisoxazole	74f6cc8362498900f2fe2c13d0b6fdb66dd30976
DIESPMSGQPRWLG-VLKAYIDRSA-N	CHEBI:156301	auricin	ANTIMICROBIAL_UNSPECIFIED	auricin	74f6cc8362498900f2fe2c13d0b6fdb66dd30976
DIGHTWUQPWHBPG-UHFFFAOYSA-N	CHEBI:71621	bacilysocin	ANTIBACTERIAL	bacilysocin	74f6cc8362498900f2fe2c13d0b6fdb66dd30976
DIOIOSKKIYDRIQ-UHFFFAOYSA-N	CHEBI:310388	ciprofloxacin hydrochloride (anhydrous)	ANTIBACTERIAL	ciprofloxacin-hydrochloride-anhydrous	74f6cc8362498900f2fe2c13d0b6fdb66dd30976
DIYWRNLYKJKHAM-MDOVXXIYSA-N	CHEBI:65684	(−)-cubebin	ANTIPROTOZOAL	cubebin	74f6cc8362498900f2fe2c13d0b6fdb66dd30976
DIZXGLMCRBSVBM-WCCSBUKDSA-N	CHEBI:66224	thiomarinol E	ANTIBACTERIAL	thiomarinol-e	74f6cc8362498900f2fe2c13d0b6fdb66dd30976
DJHULNDUQFBXME-DVMOUVJLSA-N	CHEBI:67476	lamesticumin C	ANTIBACTERIAL	lamesticumin-c	74f6cc8362498900f2fe2c13d0b6fdb66dd30976
DJOJDHGQRNZXQQ-AWEZNQCLSA-N	CHEBI:28927	sakuranetin	ANTIMYCOBACTERIAL	sakuranetin	74f6cc8362498900f2fe2c13d0b6fdb66dd30976
DJZCTUVALDDONK-HQMSUKCRSA-N	CHEBI:73167	concanamycin A	ANTIFUNGAL	concanamycin-a	74f6cc8362498900f2fe2c13d0b6fdb66dd30976
DKBAFRHAWTVKAD-ODGLJRBPSA-N	CHEBI:91210	WLL-vs	ANTIPROTOZOAL	wll-vs	74f6cc8362498900f2fe2c13d0b6fdb66dd30976
DKEFDSJGKPNAQN-DHNDSWACSA-N	CHEBI:66498	Ys-IV	ANTIFUNGAL	ys-iv	74f6cc8362498900f2fe2c13d0b6fdb66dd30976
DKHBOZGVMLZLLL-UHFFFAOYSA-N	CHEBI:65910	4849F	ANTIMICROBIAL_UNSPECIFIED	4849f	74f6cc8362498900f2fe2c13d0b6fdb66dd30976
DKHFLDXCKWDVMF-UPONEAKYSA-N	CHEBI:79391	(−)-chuangxinmycin	ANTIBACTERIAL	chuangxinmycin	74f6cc8362498900f2fe2c13d0b6fdb66dd30976
DKNCSDJNWFKXEC-GEQWPRKQSA-N	CHEBI:70145	robustaside G	ANTIPROTOZOAL	robustaside-g	74f6cc8362498900f2fe2c13d0b6fdb66dd30976
DKNWSYNQZKUICI-UHFFFAOYSA-N	CHEBI:2618	amantadine	ANTIVIRAL	amantadine	74f6cc8362498900f2fe2c13d0b6fdb66dd30976
DKOQGJHPHLTOJR-WHRDSVKCSA-N	CHEBI:3503	cefpirome	ANTIBACTERIAL	cefpirome	74f6cc8362498900f2fe2c13d0b6fdb66dd30976
DKVBYQAVNNRVNN-UHFFFAOYSA-N	CHEBI:69099	gancaonin I	ANTIBACTERIAL	gancaonin-i	74f6cc8362498900f2fe2c13d0b6fdb66dd30976
DKZBBWMURDFHNE-NSCUHMNNSA-N	CHEBI:16547	coniferyl aldehyde	ANTIFUNGAL	coniferyl-aldehyde	74f6cc8362498900f2fe2c13d0b6fdb66dd30976
DLIKSSGEMUFQOK-SFTVRKLSSA-N	CHEBI:28327	naringenin 7-O-β-D-glucoside	ANTIBACTERIAL	naringenin-7-o-β-d-glucoside	74f6cc8362498900f2fe2c13d0b6fdb66dd30976
DLJPEMIJOQUTRD-KLLBSFIHSA-N	CHEBI:66232	TMC-135A	ANTIMICROBIAL_UNSPECIFIED	tmc-135a	74f6cc8362498900f2fe2c13d0b6fdb66dd30976
DLTRTPLJAAMGPB-UWVGGRQHSA-N	CHEBI:65857	trans-2,3-epoxydeca-4,6,8-triyn-1-ol	ANTIFUNGAL	trans-2-3-epoxydeca-4-6-8-triyn-1-ol	74f6cc8362498900f2fe2c13d0b6fdb66dd30976
DMBHHRLKUKUOEG-UHFFFAOYSA-N	CHEBI:4640	diphenylamine	ANTIFUNGAL	diphenylamine	74f6cc8362498900f2fe2c13d0b6fdb66dd30976
DMJNNHOOLUXYBV-PQTSNVLCSA-N	CHEBI:43968	meropenem	ANTIBACTERIAL	meropenem	74f6cc8362498900f2fe2c13d0b6fdb66dd30976
DMSMPAJRVJJAGA-UHFFFAOYSA-N	CHEBI:167099	benzo[d]isothiazol-3-one	BIOCIDE	benzo-d-isothiazol-3-one	74f6cc8362498900f2fe2c13d0b6fdb66dd30976
DMUAPQTXSSNEDD-QALJCMCCSA-N	CHEBI:31845	midecamycin	ANTIBACTERIAL	midecamycin	74f6cc8362498900f2fe2c13d0b6fdb66dd30976
DNHODRZUCGXYKU-BGYRXZFFSA-N	CHEBI:70168	fellutanine	ANTIBACTERIAL	fellutanine	74f6cc8362498900f2fe2c13d0b6fdb66dd30976
DNJKFZQFTZJKDK-UHFFFAOYSA-N	CHEBI:145667	fluopimomide	ANTIFUNGAL	fluopimomide	74f6cc8362498900f2fe2c13d0b6fdb66dd30976
DNZPQXXGAMXDHH-FCNQEGBTSA-N	CHEBI:78303	aclacinomycin S zwitterion	ANTIMICROBIAL_UNSPECIFIED	aclacinomycin-s-zwitterion	74f6cc8362498900f2fe2c13d0b6fdb66dd30976
DNZPQXXGAMXDHH-FCNQEGBTSA-N	CHEBI:79176	aclacinomycin S	ANTIMICROBIAL_UNSPECIFIED	aclacinomycin-s	74f6cc8362498900f2fe2c13d0b6fdb66dd30976
DOAKLVKFURWEDJ-RWDRXURGSA-N	CHEBI:600103	daptomycin	ANTIBACTERIAL	daptomycin	74f6cc8362498900f2fe2c13d0b6fdb66dd30976
DOKAHTTXUSOTHL-YVCJEVKHSA-N	CHEBI:133035	yanuthone K	ANTIFUNGAL	yanuthone-k	74f6cc8362498900f2fe2c13d0b6fdb66dd30976
DOMXUEMWDBAQBQ-WEVVVXLNSA-N	CHEBI:9448	terbinafine	ANTIFUNGAL	terbinafine	74f6cc8362498900f2fe2c13d0b6fdb66dd30976
DOZODIABNANYHJ-UHFFFAOYSA-N	CHEBI:156315	erdasporine C	ANTIBACTERIAL	erdasporine-c	74f6cc8362498900f2fe2c13d0b6fdb66dd30976
DPSPPJIUMHPXMA-SSDOTTSWSA-N	CHEBI:85273	(R)-flumequine	ANTIMICROBIAL_UNSPECIFIED	r-flumequine	74f6cc8362498900f2fe2c13d0b6fdb66dd30976
DPSPPJIUMHPXMA-UHFFFAOYSA-N	CHEBI:85269	9-fluoro-5-methyl-1-oxo-6,7-dihydro-1H,5H-pyrido[3,2,1-ij]quinoline-2-carboxylic acid	ANTIBACTERIAL	9-fluoro-5-methyl-1-oxo-6-7-dihydro-1h-5h-pyrido-3-2-1-ij-quinoline-2-	74f6cc8362498900f2fe2c13d0b6fdb66dd30976
DPSPPJIUMHPXMA-ZETCQYMHSA-N	CHEBI:85272	(S)-flumequine	ANTIMICROBIAL_UNSPECIFIED	s-flumequine	74f6cc8362498900f2fe2c13d0b6fdb66dd30976
DPVWBQZOSHCQTG-NVTMJBNDSA-N	CHEBI:72611	papulacandin A	ANTIFUNGAL	papulacandin-a	74f6cc8362498900f2fe2c13d0b6fdb66dd30976
DPWKTZRJGMZNFS-IGRUFWJISA-N	CHEBI:64624	microcin B17	ANTIMICROBIAL_UNSPECIFIED	microcin-b17	74f6cc8362498900f2fe2c13d0b6fdb66dd30976
DPXGNIHBGKCXMA-GXBWQGRMSA-N	CHEBI:66259	torvoside H	ANTIVIRAL	torvoside-h	74f6cc8362498900f2fe2c13d0b6fdb66dd30976
DQGIXJCPVVNGMY-KCJUWKMLSA-N	CHEBI:141359	fusarithioamide A	ANTIFUNGAL	fusarithioamide-a	74f6cc8362498900f2fe2c13d0b6fdb66dd30976
DQGOJKVIMNNGAH-UHFFFAOYSA-N	CHEBI:29694	thiotropocin	ANTIBACTERIAL	thiotropocin	74f6cc8362498900f2fe2c13d0b6fdb66dd30976
DQJCHOQLCLEDLL-UHFFFAOYSA-N	CHEBI:81783	tricyclazole	ANTIFUNGAL	tricyclazole	74f6cc8362498900f2fe2c13d0b6fdb66dd30976
DQXPFAADCTZLNL-FXDJFZINSA-N	CHEBI:131609	pneumocandin B0	ANTIFUNGAL	pneumocandin-b0	74f6cc8362498900f2fe2c13d0b6fdb66dd30976
DRAFAQFSRNBNLD-UDWHBACZSA-N	CHEBI:69204	fellutamide C	ANTIFUNGAL	fellutamide-c	74f6cc8362498900f2fe2c13d0b6fdb66dd30976
DRUBOMIDMLWOQH-UHFFFAOYSA-N	CHEBI:65813	drymaritin	ANTIVIRAL	drymaritin	74f6cc8362498900f2fe2c13d0b6fdb66dd30976
DRYAIORIKWDUCC-AHFZSLFQSA-N	CHEBI:68299	phomalevone C	ANTIBACTERIAL	phomalevone-c	74f6cc8362498900f2fe2c13d0b6fdb66dd30976
DSKJPMWIHSOYEA-UHFFFAOYSA-N	CHEBI:81952	bupirimate	ANTIFUNGAL	bupirimate	74f6cc8362498900f2fe2c13d0b6fdb66dd30976
DSPNTLCJTJBXTD-IRNRRZNASA-N	CHEBI:134184	pateamine	ANTIVIRAL	pateamine	74f6cc8362498900f2fe2c13d0b6fdb66dd30976
DSXOWZNZGWXWMX-UHFFFAOYSA-N	CHEBI:143596	ipflufenoquin	ANTIFUNGAL	ipflufenoquin	74f6cc8362498900f2fe2c13d0b6fdb66dd30976
DTFAJAKTSMLKAT-JDCCYXBGSA-N	CHEBI:28295	2-deoxystreptamine	ANTIBACTERIAL	2-deoxystreptamine	74f6cc8362498900f2fe2c13d0b6fdb66dd30976
DTLDDZWHEMEXCO-ILYYIXHASA-N	CHEBI:66051	hyemaloside A	ANTIVIRAL	hyemaloside-a	74f6cc8362498900f2fe2c13d0b6fdb66dd30976
DTTQURMKQUWCNN-ZVSUTAIVSA-N	antibioticmech:aro-da12e2d9fe	cervimycin A	ANTIBACTERIAL	cervimycin-a	74f6cc8362498900f2fe2c13d0b6fdb66dd30976
DTURANKMSHIDDI-GMYASLLUSA-N	CHEBI:138066	nocamycin I	ANTIBACTERIAL	nocamycin-i	74f6cc8362498900f2fe2c13d0b6fdb66dd30976
DTXMRELKPKEPSO-HJWRWDBZSA-N	CHEBI:133621	valanimycin	ANTIMICROBIAL_UNSPECIFIED	valanimycin	74f6cc8362498900f2fe2c13d0b6fdb66dd30976
DUBNHZYBDBBJHD-UHFFFAOYSA-L	CHEBI:79736	ziram	ANTIFUNGAL	ziram	74f6cc8362498900f2fe2c13d0b6fdb66dd30976
DUENHQWYLVQDQK-UHFFFAOYSA-N	CHEBI:6141	knipholone	ANTIPROTOZOAL	knipholone	74f6cc8362498900f2fe2c13d0b6fdb66dd30976
DUGJJSWZRHBJJK-IFSNGKJOSA-N	CHEBI:69018	physalin D	ANTIMYCOBACTERIAL	physalin-d	74f6cc8362498900f2fe2c13d0b6fdb66dd30976
DUSFFQDZSBTFKK-RSGHYBKVSA-N	CHEBI:228298	5α-cholesta-9(11)-en-3β, 20β-diol	ANTIBACTERIAL	5α-cholesta-9-11-en-3β-20β-diol	74f6cc8362498900f2fe2c13d0b6fdb66dd30976
DUWHKUPNNGPNFK-ZEWGMFERSA-N	CHEBI:66148	komaroviquinone	ANTIPROTOZOAL	komaroviquinone	74f6cc8362498900f2fe2c13d0b6fdb66dd30976
DUWPGRAKHMEPCM-IZZDOVSWSA-N	CHEBI:28106	isobavachalcone	ANTIBACTERIAL	isobavachalcone	74f6cc8362498900f2fe2c13d0b6fdb66dd30976
DVQBKROGZULVGL-XVYZEKPJSA-N	CHEBI:66221	thiomarinol B	ANTIBACTERIAL	thiomarinol-b	74f6cc8362498900f2fe2c13d0b6fdb66dd30976
DWEOLLYPKQIHIN-JOAINMFFSA-N	CHEBI:65679	CT2108B	ANTIFUNGAL	ct2108b	74f6cc8362498900f2fe2c13d0b6fdb66dd30976
DWRKFAJEBUWTQM-UHFFFAOYSA-N	CHEBI:4874	etaconazole	ANTIFUNGAL	etaconazole	74f6cc8362498900f2fe2c13d0b6fdb66dd30976
DWTVBEZBWMDXIY-UHFFFAOYSA-N	CHEBI:83212	pyrametostrobin	ANTIFUNGAL	pyrametostrobin	74f6cc8362498900f2fe2c13d0b6fdb66dd30976
DWUHGPPFFABTIY-RLWZQHMASA-N	CHEBI:68241	platencin	ANTIBACTERIAL	platencin	74f6cc8362498900f2fe2c13d0b6fdb66dd30976
DXDHNOMQTFKZDB-HSXFPMABSA-N	antibioticmech:aro-e129595baa	phenelfamycin H	ANTIBACTERIAL	phenelfamycin-h	74f6cc8362498900f2fe2c13d0b6fdb66dd30976
DXDVGVFRBGQXNB-WPZAJUNFSA-N	CHEBI:141316	rhizopycnolide A	ANTIFUNGAL	rhizopycnolide-a	74f6cc8362498900f2fe2c13d0b6fdb66dd30976
DXKGWDISVOGUDQ-XHWFIBSOSA-N	CHEBI:65423	ardimerin digallate	ANTIVIRAL	ardimerin-digallate	74f6cc8362498900f2fe2c13d0b6fdb66dd30976
DXVUYOAEDJXBPY-NFFDBFGFSA-N	CHEBI:5683	hetacillin	ANTIBACTERIAL	hetacillin	74f6cc8362498900f2fe2c13d0b6fdb66dd30976
DYAIAHUQIPBDIP-AXAPSJFSSA-N	CHEBI:3491	cefonicid	ANTIBACTERIAL	cefonicid	74f6cc8362498900f2fe2c13d0b6fdb66dd30976
DYDCPNMLZGFQTM-UHFFFAOYSA-N	antibioticmech:aro-edae5f55a0	delafloxacin	ANTIBACTERIAL	delafloxacin	74f6cc8362498900f2fe2c13d0b6fdb66dd30976
DYDCUQKUCUHJBH-REOHCLBHSA-N	CHEBI:75592	L-cycloserine	ANTIVIRAL	l-cycloserine	74f6cc8362498900f2fe2c13d0b6fdb66dd30976
DYDCUQKUCUHJBH-UWTATZPHSA-N	CHEBI:40009	D-cycloserine	ANTIMYCOBACTERIAL	d-cycloserine	74f6cc8362498900f2fe2c13d0b6fdb66dd30976
DYEFUKCXAQOFHX-UHFFFAOYSA-N	CHEBI:77543	ebselen	ANTIBACTERIAL	ebselen	74f6cc8362498900f2fe2c13d0b6fdb66dd30976
DYGXSHBNTGWENQ-YTXMDVFISA-N	CHEBI:64271	tunicamycin D1	ANTIMICROBIAL_UNSPECIFIED	tunicamycin-d1	74f6cc8362498900f2fe2c13d0b6fdb66dd30976
DYKFCLLONBREIL-KVUCHLLUSA-N	CHEBI:50694	minocycline	ANTIBACTERIAL	minocycline	74f6cc8362498900f2fe2c13d0b6fdb66dd30976
DYLGFOYVTXJFJP-MYYYXRDXSA-N	CHEBI:156095	lumefantrine	ANTIPROTOZOAL	lumefantrine	74f6cc8362498900f2fe2c13d0b6fdb66dd30976
DYNZICQDCVYXFW-AHZSKCOESA-N	CHEBI:77568	trovafloxacin mesylate	ANTIBACTERIAL	trovafloxacin-mesylate	74f6cc8362498900f2fe2c13d0b6fdb66dd30976
DZGHWPQKGWXOHD-NHLONWFASA-N	CHEBI:29706	10-deoxymethymycin	ANTIMICROBIAL_UNSPECIFIED	10-deoxymethymycin	74f6cc8362498900f2fe2c13d0b6fdb66dd30976
DZLMIXIOUIFBDM-ACSYHNTCSA-N	antibioticmech:aro-39c9b140ad	formicamycin B	ANTIBACTERIAL	formicamycin-b	74f6cc8362498900f2fe2c13d0b6fdb66dd30976
DZMVCVMFETWNIU-LDYMZIIASA-N	CHEBI:135716	ceftezole	ANTIBACTERIAL	ceftezole	74f6cc8362498900f2fe2c13d0b6fdb66dd30976
DZQVFHSCSRACSX-UHFFFAOYSA-N	CHEBI:131722	sulfaperin	ANTIBACTERIAL	sulfaperin	74f6cc8362498900f2fe2c13d0b6fdb66dd30976
DZVHAUSOBYTBDX-ZOCIIQOWSA-N	CHEBI:167048	levesquamide	ANTIMYCOBACTERIAL	levesquamide	74f6cc8362498900f2fe2c13d0b6fdb66dd30976
DZZWHBIBMUVIIW-DTORHVGOSA-N	CHEBI:9212	sparfloxacin	ANTIBACTERIAL	sparfloxacin	74f6cc8362498900f2fe2c13d0b6fdb66dd30976
FABPRXSRWADJSP-MEDUHNTESA-N	CHEBI:63611	moxifloxacin	ANTIBACTERIAL	moxifloxacin	74f6cc8362498900f2fe2c13d0b6fdb66dd30976
FALNLLBJTDMUIP-KJTKGZELSA-N	CHEBI:66225	thiomarinol F	ANTIBACTERIAL	thiomarinol-f	74f6cc8362498900f2fe2c13d0b6fdb66dd30976
FANJWAKCIVIYMP-JYVXNHNOSA-N	CHEBI:32047	premithramycin A2'	ANTIMICROBIAL_UNSPECIFIED	premithramycin-a2	74f6cc8362498900f2fe2c13d0b6fdb66dd30976
FAQGZHFLASTWAV-RWANUPMISA-N	CHEBI:5283	geissoschizoline	ANTIPROTOZOAL	geissoschizoline	74f6cc8362498900f2fe2c13d0b6fdb66dd30976
FAUOJMHVEYMQQG-HVYQDZECSA-N	CHEBI:315018	echinocandin B	ANTIFUNGAL	echinocandin-b	74f6cc8362498900f2fe2c13d0b6fdb66dd30976
FAXXYXLNSNAHOO-MICZPBMFSA-N	CHEBI:156294	steffimycin D	ANTIMICROBIAL_UNSPECIFIED	steffimycin-d	74f6cc8362498900f2fe2c13d0b6fdb66dd30976
FAYVBMMWMRQVMB-UHFFFAOYSA-N	CHEBI:233987	aminotipyr	ANTIFUNGAL	aminotipyr	74f6cc8362498900f2fe2c13d0b6fdb66dd30976
FBCLKBXYZRAXNA-PDIPHZEPSA-N	CHEBI:2450	aculeacin A	ANTIFUNGAL	aculeacin-a	74f6cc8362498900f2fe2c13d0b6fdb66dd30976
FBFNOKWBJGHOGZ-LROQTYINSA-N	CHEBI:194484	flavocillin	ANTIBACTERIAL	flavocillin	74f6cc8362498900f2fe2c13d0b6fdb66dd30976
FBOUIAKEJMZPQG-BLXFFLACSA-N	CHEBI:83911	diniconazole-M	ANTIFUNGAL	diniconazole-m	74f6cc8362498900f2fe2c13d0b6fdb66dd30976
FBSKJMQYURKNSU-ZLSOWSIRSA-N	CHEBI:132853	acteoside	ANTIBACTERIAL	acteoside	74f6cc8362498900f2fe2c13d0b6fdb66dd30976
FBSMERQALIEGJT-UHFFFAOYSA-N	CHEBI:3649	chlorpromazine hydrochloride	ANTIVIRAL	chlorpromazine-hydrochloride	74f6cc8362498900f2fe2c13d0b6fdb66dd30976
FCFNRCROJUBPLU-DNDCDFAISA-N	CHEBI:28545	valinomycin	ANTIVIRAL	valinomycin	74f6cc8362498900f2fe2c13d0b6fdb66dd30976
FCGCMRDADMTJIM-LFDIKFNASA-N	CHEBI:66636	14-norpseurotin A	ANTIBACTERIAL	14-norpseurotin-a	74f6cc8362498900f2fe2c13d0b6fdb66dd30976
FCLQHQCOKGKLHR-UHFFFAOYSA-N	antibioticmech:aro-fb45bd17a5	bacitracin F	ANTIBACTERIAL	bacitracin-f	74f6cc8362498900f2fe2c13d0b6fdb66dd30976
FCMYPMGTCIMUMZ-DJKNXTBSSA-N	CHEBI:66226	thiomarinol G	ANTIBACTERIAL	thiomarinol-g	74f6cc8362498900f2fe2c13d0b6fdb66dd30976
FCOAHACKGGIURQ-UHFFFAOYSA-N	CHEBI:79737	iprobenfos	ANTIFUNGAL	iprobenfos	74f6cc8362498900f2fe2c13d0b6fdb66dd30976
FCQBGPOADKWYEG-MNRUEBDGSA-N	CHEBI:65774	1α-acetoxy-2α-hydroxy-6β,9β,15-tribenzoyloxy-β-dihydroagarofuran	ANTIMYCOBACTERIAL	1α-acetoxy-2α-hydroxy-6β-9β-15-tribenzoyloxy-β-dihydroagarofuran	74f6cc8362498900f2fe2c13d0b6fdb66dd30976
FCSKOFQQCWLGMV-UHFFFAOYSA-N	CHEBI:47727	5-{5-[2-chloro-4-(4,5-dihydro-1,3-oxazol-2-yl)phenoxy]pentyl}-3-methylisoxazole	ANTIVIRAL	5-5-2-chloro-4-4-5-dihydro-1-3-oxazol-2-yl-phenoxy-pentyl-3-methylisox	74f6cc8362498900f2fe2c13d0b6fdb66dd30976
FDDDEECHVMSUSB-UHFFFAOYSA-N	CHEBI:45373	sulfanilamide	ANTIBACTERIAL	sulfanilamide	74f6cc8362498900f2fe2c13d0b6fdb66dd30976
FDZZZRQASAIRJF-UHFFFAOYSA-M	CHEBI:72449	malachite green	ANTIBACTERIAL	malachite-green	74f6cc8362498900f2fe2c13d0b6fdb66dd30976
FEEGMVBAILJAQO-QPJJXVBHSA-N	CHEBI:156363	gibepyrone A	ANTIBACTERIAL	gibepyrone-a	74f6cc8362498900f2fe2c13d0b6fdb66dd30976
FEKFUWWVNCCROX-SQWSIXGCSA-N	CHEBI:69494	sphaeropsidin A	ANTIBACTERIAL	sphaeropsidin-a	74f6cc8362498900f2fe2c13d0b6fdb66dd30976
FEPMHVLSLDOMQC-IYPFLVAKSA-N	CHEBI:46416	virginiamycin S1	ANTIBACTERIAL	virginiamycin-s1	74f6cc8362498900f2fe2c13d0b6fdb66dd30976
FEPTXVIRMZIGFY-UHFFFAOYSA-N	CHEBI:88263	sulfisoxazole diolamine	ANTIBACTERIAL	sulfisoxazole-diolamine	74f6cc8362498900f2fe2c13d0b6fdb66dd30976
FERSDKADYZRIAA-CQGKBTLCSA-N	CHEBI:134191	20-oxo-5-O-β-mycaminosyltylactone	ANTIMICROBIAL_UNSPECIFIED	20-oxo-5-o-β-mycaminosyltylactone	74f6cc8362498900f2fe2c13d0b6fdb66dd30976
FERSDKADYZRIAA-CQGKBTLCSA-N	CHEBI:77009	5-O-β-D-mycaminosyl-20-oxotylonolide	ANTIMICROBIAL_UNSPECIFIED	5-o-β-d-mycaminosyl-20-oxotylonolide	74f6cc8362498900f2fe2c13d0b6fdb66dd30976
FFJIWWBSBCOKLS-UHFFFAOYSA-N	CHEBI:145407	sulfaethoxypyridazine	ANTIBACTERIAL	sulfaethoxypyridazine	74f6cc8362498900f2fe2c13d0b6fdb66dd30976
FFNPXDMNZBCNMN-UHFFFAOYSA-N	CHEBI:133759	fonsecinone A	ANTIBACTERIAL	fonsecinone-a	74f6cc8362498900f2fe2c13d0b6fdb66dd30976
FFPKNVKIBUBHMY-CCEBUSCFSA-N	CHEBI:68380	11α-hydroxyasiatic acid	ANTIBACTERIAL	11α-hydroxyasiatic-acid	74f6cc8362498900f2fe2c13d0b6fdb66dd30976
FFSANQNELHESQJ-LWBICVDYSA-N	CHEBI:31373	cefotiam hexetil dihydrochloride	ANTIBACTERIAL	cefotiam-hexetil-dihydrochloride	74f6cc8362498900f2fe2c13d0b6fdb66dd30976
FFWOKTFYGVYKIR-UHFFFAOYSA-N	CHEBI:38167	physcion	ANTIBACTERIAL	physcion	74f6cc8362498900f2fe2c13d0b6fdb66dd30976
FFYJVTLTZYPAAB-UQQQWYQISA-N	CHEBI:156434	5-[[3-(1-phenylethoxy)-4-(2-phenylethoxy)phenyl]methylene]-4-oxo-2-thioxo-3-thiazolidineacetic acid	ANTIFUNGAL	5-3-1-phenylethoxy-4-2-phenylethoxy-phenyl-methylene-4-oxo-2-thioxo-3-	74f6cc8362498900f2fe2c13d0b6fdb66dd30976
FGNXRHWAZABZSZ-AQPBACSKSA-M	CHEBI:234142	sodium (Z)-nifurstyrenate	ANTIBACTERIAL	sodium-z-nifurstyrenate	74f6cc8362498900f2fe2c13d0b6fdb66dd30976
FGNXRHWAZABZSZ-UHFFFAOYSA-M	CHEBI:234123	sodium nifurstyrenate	ANTIBACTERIAL	sodium-nifurstyrenate	74f6cc8362498900f2fe2c13d0b6fdb66dd30976
FGNXRHWAZABZSZ-ZIKNSQGESA-M	CHEBI:234143	sodium (E)-nifurstyrenate	ANTIBACTERIAL	sodium-e-nifurstyrenate	74f6cc8362498900f2fe2c13d0b6fdb66dd30976
FGVVZVPAVGZHMX-SHLUOHGRSA-N	CHEBI:65541	caesalpinin F	ANTIPROTOZOAL	caesalpinin-f	74f6cc8362498900f2fe2c13d0b6fdb66dd30976
FHBQKTSCJKPYIO-OXIGXJDJSA-N	antibioticmech:aro-a71ef91d49	teicoplanin	ANTIBACTERIAL	teicoplanin	74f6cc8362498900f2fe2c13d0b6fdb66dd30976
FHBQKTSCJKPYIO-RLDSMAAISA-N	CHEBI:34998	teicoplanin A2-5	ANTIMICROBIAL_UNSPECIFIED	teicoplanin-a2-5	74f6cc8362498900f2fe2c13d0b6fdb66dd30976
FHCUMDQMBHQXKK-CDIODLITSA-N	CHEBI:133009	velpatasvir	ANTIVIRAL	velpatasvir	74f6cc8362498900f2fe2c13d0b6fdb66dd30976
FHFYDNQZQSQIAI-UHFFFAOYSA-N	CHEBI:50199	pefloxacin	ANTIBACTERIAL	pefloxacin	74f6cc8362498900f2fe2c13d0b6fdb66dd30976
FHJATBIERQTCTN-UHFFFAOYSA-N	CHEBI:234430	gardiquimod	ANTIVIRAL	gardiquimod	74f6cc8362498900f2fe2c13d0b6fdb66dd30976
FIAFUQMPZJWCLV-UHFFFAOYSA-N	CHEBI:45906	suramin	ANTIPROTOZOAL	suramin	74f6cc8362498900f2fe2c13d0b6fdb66dd30976
FIHJKUPKCHIPAT-AHIGJZGOSA-N	CHEBI:63918	artesunate	ANTIPROTOZOAL	artesunate	74f6cc8362498900f2fe2c13d0b6fdb66dd30976
FIHXCHBEHLCXEG-YEFHWUCQSA-N	CHEBI:90888	aurachin C	ANTIBACTERIAL	aurachin-c	74f6cc8362498900f2fe2c13d0b6fdb66dd30976
FIIRBPHYBLFBSD-MZPZZZQLSA-N	CHEBI:64228	tunicamycin A0	ANTIMICROBIAL_UNSPECIFIED	tunicamycin-a0	74f6cc8362498900f2fe2c13d0b6fdb66dd30976
FIVPIPIDMRVLAY-RBJBARPLSA-N	CHEBI:5385	gliotoxin	ANTIFUNGAL	gliotoxin	74f6cc8362498900f2fe2c13d0b6fdb66dd30976
FIZFMEDRNMJYPL-XMXBVVCASA-N	CHEBI:65667	crambescidin 826	ANTIVIRAL	crambescidin-826	74f6cc8362498900f2fe2c13d0b6fdb66dd30976
FJAQNRBDVKIIKK-LFLQOBSNSA-N	antibioticmech:aro-e44e701df2	clorobiocin	ANTIBACTERIAL	clorobiocin	74f6cc8362498900f2fe2c13d0b6fdb66dd30976
FJBGIXKIXPUXBY-UHFFFAOYSA-N	antibioticmech:aro-1224dc3554	oxpoconazole	ANTIFUNGAL	oxpoconazole	74f6cc8362498900f2fe2c13d0b6fdb66dd30976
FJNRUWDGCVDXLU-UHFFFAOYSA-N	CHEBI:83606	fenticonazole nitrate	ANTIBACTERIAL	fenticonazole-nitrate	74f6cc8362498900f2fe2c13d0b6fdb66dd30976
FJSYXNOFZQFOAN-FXPMUEKOSA-N	CHEBI:32279	urdamycin A	ANTIMICROBIAL_UNSPECIFIED	urdamycin-a	74f6cc8362498900f2fe2c13d0b6fdb66dd30976
FKENQMMABCRJMK-RITPCOANSA-N	CHEBI:9321	sulbactam	ANTIMICROBIAL_UNSPECIFIED	sulbactam	74f6cc8362498900f2fe2c13d0b6fdb66dd30976
FKLFBQCQQYDUAM-UHFFFAOYSA-N	CHEBI:34759	fenpiclonil	ANTIFUNGAL	fenpiclonil	74f6cc8362498900f2fe2c13d0b6fdb66dd30976
FKLIFBBUPUAJOL-VZLGSHJVSA-N	antibioticmech:aro-b4caf30bd7	phenelfamycin D	ANTIBACTERIAL	phenelfamycin-d	74f6cc8362498900f2fe2c13d0b6fdb66dd30976
FKQQKMGWCJGUCS-UHFFFAOYSA-N	CHEBI:149660	atromentin	ANTIBACTERIAL	atromentin	74f6cc8362498900f2fe2c13d0b6fdb66dd30976
FKRSSPOQAMALKA-CUPIEXAXSA-N	CHEBI:82977	daclatasvir	ANTIVIRAL	daclatasvir	74f6cc8362498900f2fe2c13d0b6fdb66dd30976
FKSLEDQKNYSZPO-BQLSBOTOSA-N	CHEBI:65594	caseargrewiin C	ANTIMYCOBACTERIAL	caseargrewiin-c	74f6cc8362498900f2fe2c13d0b6fdb66dd30976
FLSUCZWOEMTFAQ-PRBGKLEPSA-N	antibioticmech:aro-f9ecce9898	sulopenem	ANTIBACTERIAL	sulopenem	74f6cc8362498900f2fe2c13d0b6fdb66dd30976
FLVBXVXXXMLMOX-UHFFFAOYSA-N	CHEBI:83555	proquinazid	ANTIFUNGAL	proquinazid	74f6cc8362498900f2fe2c13d0b6fdb66dd30976
FMEHGPQTMOPUGM-UHFFFAOYSA-N	CHEBI:146138	3,3'-dimethylquercetin	ANTIBACTERIAL	3-3-dimethylquercetin	74f6cc8362498900f2fe2c13d0b6fdb66dd30976
FMHJNIRDGYFPEC-CHICSPHLSA-N	CHEBI:87124	6-tuliposide B	ANTIBACTERIAL	6-tuliposide-b	74f6cc8362498900f2fe2c13d0b6fdb66dd30976
FMHQJXGMLMSMLC-WBUYAQKGSA-N	antibioticmech:aro-148ae939a4	azamulin	ANTIBACTERIAL	azamulin	74f6cc8362498900f2fe2c13d0b6fdb66dd30976
FMIPNAUMSPFTHK-UHNVWZDZSA-N	CHEBI:134543	(R)-4-hydroxy-1-methyl-L-proline	ANTIVIRAL	r-4-hydroxy-1-methyl-l-proline	74f6cc8362498900f2fe2c13d0b6fdb66dd30976
FMTDIUIBLCQGJB-SEYHBJAFSA-N	CHEBI:4392	demeclocycline	ANTIBACTERIAL	demeclocycline	74f6cc8362498900f2fe2c13d0b6fdb66dd30976
FNHNBWWIASUEQH-HVWQDESWSA-N	CHEBI:65436	arisugacin B	ANTIMICROBIAL_UNSPECIFIED	arisugacin-b	74f6cc8362498900f2fe2c13d0b6fdb66dd30976
FNPKNWJUFWGJJV-NHCUHLMSSA-N	CHEBI:65631	ciliatamide B	ANTIPROTOZOAL	ciliatamide-b	74f6cc8362498900f2fe2c13d0b6fdb66dd30976
FNUPUYFWZXZMIE-CABCVRRESA-N	CHEBI:228235	(−)-trans-fustin	ANTIVIRAL	trans-fustin-228235	74f6cc8362498900f2fe2c13d0b6fdb66dd30976
FNUPUYFWZXZMIE-LSDHHAIUSA-N	CHEBI:228234	(+)-trans-fustin	ANTIVIRAL	trans-fustin	74f6cc8362498900f2fe2c13d0b6fdb66dd30976
FNUPUYFWZXZMIE-UHFFFAOYSA-N	CHEBI:5202	fustin	ANTIVIRAL	fustin	74f6cc8362498900f2fe2c13d0b6fdb66dd30976
FOBNRKTURPWTQX-UHFFFAOYSA-N	CHEBI:28126	5,6,7-trimethoxycoumarin	ANTIBACTERIAL	5-6-7-trimethoxycoumarin	74f6cc8362498900f2fe2c13d0b6fdb66dd30976
FOGDPGQSHLLYIK-XYQGXRRISA-N	CHEBI:9216	spectinomycin dihydrochloride	ANTIBACTERIAL	spectinomycin-dihydrochloride	74f6cc8362498900f2fe2c13d0b6fdb66dd30976
FOIOSVGAFMLLDU-UDIRGPGZSA-N	CHEBI:132152	triptofordin C 2	ANTIVIRAL	triptofordin-c-2	74f6cc8362498900f2fe2c13d0b6fdb66dd30976
FPIDCOOKEJFXFI-WKUFBULYSA-N	CHEBI:63207	mycinamicin III	ANTIMICROBIAL_UNSPECIFIED	mycinamicin-iii	74f6cc8362498900f2fe2c13d0b6fdb66dd30976
FPJBIRIVZPUIOL-DDURVGIBSA-N	antibioticmech:aro-1cc6dbd596	edeine D	ANTIBACTERIAL	edeine-d	74f6cc8362498900f2fe2c13d0b6fdb66dd30976
FPKARFMSZDBYQF-ILKKLZGPSA-N	CHEBI:59495	cidofovir dihydrate	ANTIVIRAL	cidofovir-dihydrate	74f6cc8362498900f2fe2c13d0b6fdb66dd30976
FPKXBFWMIYHCID-UHFFFAOYSA-N	CHEBI:131600	dipymetitrone	ANTIFUNGAL	dipymetitrone	74f6cc8362498900f2fe2c13d0b6fdb66dd30976
FPPNZSSZRUTDAP-UWFZAAFLSA-N	CHEBI:3393	carbenicillin	ANTIBACTERIAL	carbenicillin	74f6cc8362498900f2fe2c13d0b6fdb66dd30976
FPTPAIQTXYFGJC-UHFFFAOYSA-N	CHEBI:50687	metronidazole hydrochloride	ANTIBACTERIAL	metronidazole-hydrochloride	74f6cc8362498900f2fe2c13d0b6fdb66dd30976
FPUREMWTZVLZBZ-QRQCRPRQSA-N	CHEBI:65891	exiguaflavanone A	ANTIPROTOZOAL	exiguaflavanone-a	74f6cc8362498900f2fe2c13d0b6fdb66dd30976
FPVKHBSQESCIEP-JQCXWYLXSA-N	CHEBI:27834	pentostatin	ANTIMICROBIAL_UNSPECIFIED	pentostatin	74f6cc8362498900f2fe2c13d0b6fdb66dd30976
FPZLLRFZJZRHSY-HJYUBDRYSA-N	CHEBI:149836	tigecycline	ANTIBACTERIAL	tigecycline	74f6cc8362498900f2fe2c13d0b6fdb66dd30976
FQALWUBUOWECTR-WSWRBCCJSA-N	CHEBI:72769	2'-oxokanamycin	ANTIMICROBIAL_UNSPECIFIED	2-oxokanamycin	74f6cc8362498900f2fe2c13d0b6fdb66dd30976
FQKALOFOWPDTED-WBAXXEDZSA-N	CHEBI:173073	PF-07304814	ANTIVIRAL	pf-07304814	74f6cc8362498900f2fe2c13d0b6fdb66dd30976
FQKUGOMFVDPBIZ-UHFFFAOYSA-N	CHEBI:81922	flusilazole	ANTIFUNGAL	flusilazole	74f6cc8362498900f2fe2c13d0b6fdb66dd30976
FQQFFZPBGYGDSX-NJFHWYBASA-N	CHEBI:91030	epithienamycin E	ANTIBACTERIAL	epithienamycin-e	74f6cc8362498900f2fe2c13d0b6fdb66dd30976
FQTLCLSUCSAZDY-KAMYIIQDSA-N	CHEBI:173119	(6Z)-nerolidol	ANTIFUNGAL	6z-nerolidol	74f6cc8362498900f2fe2c13d0b6fdb66dd30976
FQTLCLSUCSAZDY-QKXCFHHRSA-N	CHEBI:176337	(3S,6Z)-nerolidol	ANTIFUNGAL	3s-6z-nerolidol	74f6cc8362498900f2fe2c13d0b6fdb66dd30976
FQTLCLSUCSAZDY-SZGZABIGSA-N	CHEBI:176336	(3R,6Z)-nerolidol	ANTIFUNGAL	3r-6z-nerolidol	74f6cc8362498900f2fe2c13d0b6fdb66dd30976
FQTLCLSUCSAZDY-UHFFFAOYSA-N	CHEBI:7524	nerolidol	ANTIFUNGAL	nerolidol	74f6cc8362498900f2fe2c13d0b6fdb66dd30976
FQVHOULQCKDUCY-OGHXVOSASA-N	antibioticmech:aro-27630f7c54	carbomycin	ANTIBACTERIAL	carbomycin	74f6cc8362498900f2fe2c13d0b6fdb66dd30976
FQYBTYFKOHPWQT-VGSWGCGISA-N	CHEBI:134107	CHIR-090	ANTIMICROBIAL_UNSPECIFIED	chir-090	74f6cc8362498900f2fe2c13d0b6fdb66dd30976
FQZYTYWMLGAPFJ-OQKDUQJOSA-N	CHEBI:9397	tamoxifen citrate	ANTIVIRAL	tamoxifen-citrate	74f6cc8362498900f2fe2c13d0b6fdb66dd30976
FRACPXUHUTXLCX-BELIEFIBSA-N	CHEBI:147409	tert-butyl N-{1-[(1S)-1-{[(1R,2S)-1-(benzylcarbamoyl)-1-hydroxy-3-[(3S)-2-oxopyrrolidin-3-yl]propan-2-yl]carbamoyl}-2-cyclopropylethyl]-2-oxopyridin-3-yl}carbamate	ANTIVIRAL	tert-butyl-n-1-1s-1-1r-2s-1-benzylcarbamoyl-1-hydroxy-3-3s-2-oxopyrrol	74f6cc8362498900f2fe2c13d0b6fdb66dd30976
FRCCEHPWNOQAEU-UHFFFAOYSA-N	CHEBI:34785	heptachlor	ANTIBACTERIAL	heptachlor	74f6cc8362498900f2fe2c13d0b6fdb66dd30976
FRERFZXINXYHDY-QLJPJBMISA-N	CHEBI:66804	obtusafuran	ANTIPROTOZOAL	obtusafuran	74f6cc8362498900f2fe2c13d0b6fdb66dd30976
FROZIYRKKUFAOC-UHFFFAOYSA-N	CHEBI:81754	amobam	ANTIFUNGAL	amobam	74f6cc8362498900f2fe2c13d0b6fdb66dd30976
FRPZMMHWLSIFAZ-UHFFFAOYSA-N	CHEBI:35045	10-undecenoic acid	ANTIFUNGAL	10-undecenoic-acid	74f6cc8362498900f2fe2c13d0b6fdb66dd30976
FRRCHJPQSWYJSH-OZICGBTHSA-N	CHEBI:65618	chloropeptin I	ANTIVIRAL	chloropeptin-i	74f6cc8362498900f2fe2c13d0b6fdb66dd30976
FSEKIHNIDBATFG-UHFFFAOYSA-N	CHEBI:31347	camostat mesylate	ANTIVIRAL	camostat-mesylate	74f6cc8362498900f2fe2c13d0b6fdb66dd30976
FSLAFDXATUXTAG-JHKRTFPPSA-N	CHEBI:66130	kadsuphilactone B	ANTIVIRAL	kadsuphilactone-b	74f6cc8362498900f2fe2c13d0b6fdb66dd30976
FTNWXGFYRHWUKG-UHFFFAOYSA-N	CHEBI:9712	triflupromazine hydrochloride	ANTIVIRAL	triflupromazine-hydrochloride	74f6cc8362498900f2fe2c13d0b6fdb66dd30976
FTSCEGKYKXESFF-LXTVHRRPSA-N	CHEBI:76399	N-nonyldeoxynojirimycin	ANTIVIRAL	n-nonyldeoxynojirimycin	74f6cc8362498900f2fe2c13d0b6fdb66dd30976
FTSDAQTXFRWHEN-LURJTMIESA-N	CHEBI:66634	nocardione A	ANTIFUNGAL	nocardione-a	74f6cc8362498900f2fe2c13d0b6fdb66dd30976
FUBBGQLTSCSAON-PBFPGSCMSA-N	CHEBI:34613	cefaloglycin	ANTIMICROBIAL_UNSPECIFIED	cefaloglycin	74f6cc8362498900f2fe2c13d0b6fdb66dd30976
FUCSLKWLLSEMDQ-MKYGIPPKSA-N	CHEBI:66667	manzamine A	ANTIPROTOZOAL	manzamine-a	74f6cc8362498900f2fe2c13d0b6fdb66dd30976
FUSNMLFNXJSCDI-UHFFFAOYSA-N	CHEBI:9620	tolnaftate	ANTIFUNGAL	tolnaftate	74f6cc8362498900f2fe2c13d0b6fdb66dd30976
FUUFQLXAIUOWML-UHFFFAOYSA-N	CHEBI:62629	nitarsone	ANTIPROTOZOAL	nitarsone	74f6cc8362498900f2fe2c13d0b6fdb66dd30976
FUWUEFKEXZQKKA-UHFFFAOYSA-N	CHEBI:10447	β-thujaplicin	ANTIBACTERIAL	β-thujaplicin	74f6cc8362498900f2fe2c13d0b6fdb66dd30976
FVDRFBGMOWJEOR-UHFFFAOYSA-N	CHEBI:185029	hexadecan-2-ol	ANTIBACTERIAL	hexadecan-2-ol	74f6cc8362498900f2fe2c13d0b6fdb66dd30976
FVRWSIPJNWXCEO-YUMQZZPRSA-N	CHEBI:133876	S-acetylglutathione	ANTIVIRAL	s-acetylglutathione	74f6cc8362498900f2fe2c13d0b6fdb66dd30976
FVWJYYTZTCVBKE-ROUWMTJPSA-N	CHEBI:3086	betulin	ANTIVIRAL	betulin	74f6cc8362498900f2fe2c13d0b6fdb66dd30976
FWTGYTRQUBRVDW-UWGJAOEXSA-N	antibioticmech:aro-00a588048a	LYS228	ANTIBACTERIAL	lys228	74f6cc8362498900f2fe2c13d0b6fdb66dd30976
FWWGXZYUURXJLK-UHFFFAOYSA-N	CHEBI:69086	glycyrin	ANTIBACTERIAL	glycyrin	74f6cc8362498900f2fe2c13d0b6fdb66dd30976
FXGOCVGCVFBLCI-JTEBNOBLSA-N	antibioticmech:aro-6bb73d1eab	tartrolon G	ANTIBACTERIAL	tartrolon-g	74f6cc8362498900f2fe2c13d0b6fdb66dd30976
FXKSEJFHKVNEFI-GCZBSULCSA-N	CHEBI:2638	amikacin disulfate	ANTIBACTERIAL	amikacin-disulfate	74f6cc8362498900f2fe2c13d0b6fdb66dd30976
FXNFHKRTJBSTCS-UHFFFAOYSA-N	CHEBI:2979	baicalein	ANTIBACTERIAL	baicalein	74f6cc8362498900f2fe2c13d0b6fdb66dd30976
FXSFWUNCIOIMAC-YHQXOMPPSA-N	CHEBI:29668	pulvomycin	ANTIBACTERIAL	pulvomycin	74f6cc8362498900f2fe2c13d0b6fdb66dd30976
FYBGSKAWXCBCIQ-JRAUAZSASA-N	CHEBI:132426	chondrochloren A	ANTIMICROBIAL_UNSPECIFIED	chondrochloren-a	74f6cc8362498900f2fe2c13d0b6fdb66dd30976
FYCWLJLGIAUCCL-DMTCNVIQSA-N	CHEBI:44514	O-methyl-L-threonine	ANTIBACTERIAL	o-methyl-l-threonine	74f6cc8362498900f2fe2c13d0b6fdb66dd30976
FYIPKJHNWFVEIR-FXQWNPMTSA-N	CHEBI:80056	(+)-zwittermicin A	ANTIFUNGAL	zwittermicin-a	74f6cc8362498900f2fe2c13d0b6fdb66dd30976
FYJKBFOGJAVCAL-MRBAVNCWSA-N	CHEBI:78519	mastoparan-V	ANTIBACTERIAL	mastoparan-v	74f6cc8362498900f2fe2c13d0b6fdb66dd30976
FYMHBDYBAOKOHD-YSFYHYPLSA-N	CHEBI:65383	alisiaquinone B	ANTIPROTOZOAL	alisiaquinone-b	74f6cc8362498900f2fe2c13d0b6fdb66dd30976
FYMHQCNFKNMJAV-HOTGVXAUSA-N	CHEBI:85176	finafloxacin	ANTIBACTERIAL	finafloxacin	74f6cc8362498900f2fe2c13d0b6fdb66dd30976
FZECHKJQHUVANE-MCYUEQNJSA-N	CHEBI:52060	metampicillin	ANTIMICROBIAL_UNSPECIFIED	metampicillin	74f6cc8362498900f2fe2c13d0b6fdb66dd30976
FZFGGNNUYSILSL-UWJYYQICSA-N	CHEBI:66369	3-O-methylcalopocarpin	ANTIVIRAL	3-o-methylcalopocarpin	74f6cc8362498900f2fe2c13d0b6fdb66dd30976
GAODGIPKEKRVEC-MLIDHZNVSA-N	CHEBI:27553	3'-deoxydihydrostreptomycin 3'α,6-bisphosphate	ANTIMICROBIAL_UNSPECIFIED	3-deoxydihydrostreptomycin-3-α-6-bisphosphate	74f6cc8362498900f2fe2c13d0b6fdb66dd30976
GAOZTHIDHYLHMS-KEOBGNEYSA-N	CHEBI:27617	monensin A	ANTIFUNGAL	monensin-a	74f6cc8362498900f2fe2c13d0b6fdb66dd30976
GBOYJIHYACSLGN-UHFFFAOYSA-N	CHEBI:81764	fluopicolide	ANTIFUNGAL	fluopicolide	74f6cc8362498900f2fe2c13d0b6fdb66dd30976
GBRZTUJCDFSIHM-KRWDZBQOSA-N	CHEBI:69082	licoricidin	ANTIBACTERIAL	licoricidin	74f6cc8362498900f2fe2c13d0b6fdb66dd30976
GBXMNTLQBMLGFM-IHQQTPIISA-N	CHEBI:232062	exophillic acid	ANTIVIRAL	exophillic-acid	74f6cc8362498900f2fe2c13d0b6fdb66dd30976
GCFBRXLSHGKWDP-XCGNWRKASA-N	CHEBI:3493	cefoperazone	ANTIBACTERIAL	cefoperazone	74f6cc8362498900f2fe2c13d0b6fdb66dd30976
GDAAEAXMNLVRCZ-SFHVURJKSA-N	CHEBI:69083	licorisoflavan A	ANTIBACTERIAL	licorisoflavan-a	74f6cc8362498900f2fe2c13d0b6fdb66dd30976
GDLIGKIOYRNHDA-UHFFFAOYSA-N	CHEBI:47780	clomipramine	ANTIVIRAL	clomipramine	74f6cc8362498900f2fe2c13d0b6fdb66dd30976
GECHUMIMRBOMGK-UHFFFAOYSA-N	CHEBI:132842	sulfapyridine	ANTIMICROBIAL_UNSPECIFIED	sulfapyridine	74f6cc8362498900f2fe2c13d0b6fdb66dd30976
GEIYDRPAWIMINR-ZDKANEFWSA-N	CHEBI:32617	(+)-aplasmomycin	ANTIBACTERIAL	aplasmomycin	74f6cc8362498900f2fe2c13d0b6fdb66dd30976
GENAAYFYLGYPIQ-FFPWVZAVSA-N	CHEBI:66136	kalimantacin B	ANTIBACTERIAL	kalimantacin-b	74f6cc8362498900f2fe2c13d0b6fdb66dd30976
GENAAYFYLGYPIQ-JOPGMDTFSA-N	CHEBI:66135	kalimantacin A	ANTIBACTERIAL	kalimantacin-a	74f6cc8362498900f2fe2c13d0b6fdb66dd30976
GEWLYFZWVLXQME-MRXNPFEDSA-N	CHEBI:78696	cercosporamide	ANTIFUNGAL	cercosporamide	74f6cc8362498900f2fe2c13d0b6fdb66dd30976
GEZBIZMDLMTFDB-KJKHOEIASA-N	CHEBI:83959	hygrolidin	ANTIMICROBIAL_UNSPECIFIED	hygrolidin	74f6cc8362498900f2fe2c13d0b6fdb66dd30976
GFNNBHLJANVSQV-UHFFFAOYSA-N	CHEBI:75404	tyrphostin AG 1478	ANTIVIRAL	tyrphostin-ag-1478	74f6cc8362498900f2fe2c13d0b6fdb66dd30976
GFRDTMTUJTYIJJ-IUSUREMMSA-N	CHEBI:66542	lancifodilactone F	ANTIVIRAL	lancifodilactone-f	74f6cc8362498900f2fe2c13d0b6fdb66dd30976
GFRZMEVTBQRIMT-NUWCLZTQSA-N	antibioticmech:aro-e9c8697a8e	battacin	ANTIBACTERIAL	battacin	74f6cc8362498900f2fe2c13d0b6fdb66dd30976
GFTDIFRKHSPLIX-VNLWOOSYSA-N	CHEBI:66006	harziphilone	ANTIVIRAL	harziphilone	74f6cc8362498900f2fe2c13d0b6fdb66dd30976
GFWRVVCDTLRWPK-KPKJPENVSA-N	CHEBI:135732	sofalcone	ANTIBACTERIAL	sofalcone	74f6cc8362498900f2fe2c13d0b6fdb66dd30976
GGKQIOFASHYUJZ-UHFFFAOYSA-N	CHEBI:83398	ametoctradin	ANTIFUNGAL	ametoctradin	74f6cc8362498900f2fe2c13d0b6fdb66dd30976
GGWMNTNDTRKETA-UHFFFAOYSA-N	CHEBI:69094	licoricone	ANTIBACTERIAL	licoricone	74f6cc8362498900f2fe2c13d0b6fdb66dd30976
GGXKWVWZWMLJEH-UHFFFAOYSA-N	CHEBI:4974	famciclovir	ANTIVIRAL	famciclovir	74f6cc8362498900f2fe2c13d0b6fdb66dd30976
GHASVSINZRGABV-UHFFFAOYSA-N	CHEBI:46345	5-Fluorouracil	ANTIFUNGAL	5-fluorouracil	74f6cc8362498900f2fe2c13d0b6fdb66dd30976
GHKISGDRQRSCII-ZOCIIQOWSA-N	CHEBI:31389	chelidonine	ANTIMICROBIAL_UNSPECIFIED	chelidonine	74f6cc8362498900f2fe2c13d0b6fdb66dd30976
GHLDKPNDMMVFDQ-OFWWAFBUSA-N	CHEBI:66276	triptonine A	ANTIVIRAL	triptonine-a	74f6cc8362498900f2fe2c13d0b6fdb66dd30976
GHLIFBNIGXVDHM-VQXSZRIGSA-N	CHEBI:84037	ravidomycin	ANTIMICROBIAL_UNSPECIFIED	ravidomycin	74f6cc8362498900f2fe2c13d0b6fdb66dd30976
GHOXVFYORXUCPY-PKMGYIMSSA-N	CHEBI:85251	teicoplanin A2-2	ANTIMICROBIAL_UNSPECIFIED	teicoplanin-a2-2	74f6cc8362498900f2fe2c13d0b6fdb66dd30976
GHPFVSRTGHIHCD-UHFFFAOYSA-O	CHEBI:59008	piroctone olamine	ANTIFUNGAL	piroctone-olamine	74f6cc8362498900f2fe2c13d0b6fdb66dd30976
GHVNFZFCNZKVNT-UHFFFAOYSA-N	CHEBI:30813	decanoic acid	ANTIBACTERIAL	decanoic-acid	74f6cc8362498900f2fe2c13d0b6fdb66dd30976
GHXZTYHSJHQHIJ-UHFFFAOYSA-N	CHEBI:3614	chlorhexidine	ANTIBACTERIAL	chlorhexidine	74f6cc8362498900f2fe2c13d0b6fdb66dd30976
GIGFIWJRTMBSRP-ACRUOGEOSA-N	CHEBI:70507	(−)-vincadifformine	ANTIPROTOZOAL	vincadifformine	74f6cc8362498900f2fe2c13d0b6fdb66dd30976
GINJFDRNADDBIN-FXQIFTODSA-N	CHEBI:3088	bilanafos	ANTIMICROBIAL_UNSPECIFIED	bilanafos	74f6cc8362498900f2fe2c13d0b6fdb66dd30976
GIROBNCADSJPIJ-OQBWYENPSA-N	CHEBI:70013	comazaphilone D	ANTIBACTERIAL	comazaphilone-d	74f6cc8362498900f2fe2c13d0b6fdb66dd30976
GIUYCYHIANZCFB-FJFJXFQQSA-N	CHEBI:63599	fludarabine phosphate	ANTIVIRAL	fludarabine-phosphate	74f6cc8362498900f2fe2c13d0b6fdb66dd30976
GJBRADPPUCQNGC-YYMHJPMMSA-N	CHEBI:66187	talosin B	ANTIFUNGAL	talosin-b	74f6cc8362498900f2fe2c13d0b6fdb66dd30976
GJGDLRSSCNAKGL-KMVLDZISSA-N	CHEBI:59589	clomocycline	ANTIBACTERIAL	clomocycline	74f6cc8362498900f2fe2c13d0b6fdb66dd30976
GJXWDTUCERCKIX-UHFFFAOYSA-N	CHEBI:443725	fosmidomycin	ANTIBACTERIAL	fosmidomycin	74f6cc8362498900f2fe2c13d0b6fdb66dd30976
GKMFOEIZCLMZDE-QXKUPLGCSA-N	CHEBI:66500	zaluzanin D	ANTIPROTOZOAL	zaluzanin-d	74f6cc8362498900f2fe2c13d0b6fdb66dd30976
GKQPKEYSNFSHDQ-JVYPXMHJSA-N	CHEBI:65814	durhamycin A	ANTIVIRAL	durhamycin-a	74f6cc8362498900f2fe2c13d0b6fdb66dd30976
GLVAUDGFNGKCSF-UHFFFAOYSA-N	CHEBI:50667	mercaptopurine	ANTIVIRAL	mercaptopurine	74f6cc8362498900f2fe2c13d0b6fdb66dd30976
GLWWLNJJJCTFMZ-UHFFFAOYSA-N	CHEBI:148439	cyclanilide	ANTIFUNGAL	cyclanilide	74f6cc8362498900f2fe2c13d0b6fdb66dd30976
GMCZVCXZGZGZPX-HOTGVXAUSA-N	CHEBI:146007	(M)-viriditoxin	ANTIBACTERIAL	m-viriditoxin	74f6cc8362498900f2fe2c13d0b6fdb66dd30976
GMELFDQPUZSJEE-XHBGPGOOSA-N	CHEBI:65516	brasiliquinone A	ANTIBACTERIAL	brasiliquinone-a	74f6cc8362498900f2fe2c13d0b6fdb66dd30976
GMLBVLXDRNJFGR-ZJZGAYNASA-N	CHEBI:66385	michellamine A	ANTIVIRAL	michellamine-a	74f6cc8362498900f2fe2c13d0b6fdb66dd30976
GMLBVLXDRNJFGR-ZJZGAYNASA-N	CHEBI:66386	michellamine B	ANTIVIRAL	michellamine-b	74f6cc8362498900f2fe2c13d0b6fdb66dd30976
GNLYKLDXQZHYTR-QWSGWXDSSA-N	antibioticmech:aro-9abc576b69	LFF571	ANTIBACTERIAL	lff571	74f6cc8362498900f2fe2c13d0b6fdb66dd30976
GNMLPEJAIRBAAO-FLJAPRSHSA-N	CHEBI:66538	swertipunicoside	ANTIVIRAL	swertipunicoside	74f6cc8362498900f2fe2c13d0b6fdb66dd30976
GNOXRTCHZREFRE-UHFFFAOYSA-N	antibioticmech:aro-a1068a1a74	fasamycin B	ANTIBACTERIAL	fasamycin-b	74f6cc8362498900f2fe2c13d0b6fdb66dd30976
GNRIZKKCNOBBMO-UHFFFAOYSA-N	CHEBI:67547	α-mangostin	ANTIMICROBIAL_UNSPECIFIED	α-mangostin	74f6cc8362498900f2fe2c13d0b6fdb66dd30976
GNTVWGDQPXCYBV-PELKAZGASA-N	CHEBI:79394	indolmycin	ANTIBACTERIAL	indolmycin	74f6cc8362498900f2fe2c13d0b6fdb66dd30976
GNVDAZSPJWCIQZ-UHFFFAOYSA-N	CHEBI:81801	flusulfamide	ANTIFUNGAL	flusulfamide	74f6cc8362498900f2fe2c13d0b6fdb66dd30976
GOAUTULGLLBZSR-YLLUOSTHSA-N	CHEBI:70023	sophoraflavanone A	ANTIBACTERIAL	sophoraflavanone-a	74f6cc8362498900f2fe2c13d0b6fdb66dd30976
GOBAQYCCUYZMJY-HGLYATPPSA-N	CHEBI:66514	sorocenol G	ANTIBACTERIAL	sorocenol-g	74f6cc8362498900f2fe2c13d0b6fdb66dd30976
GOFCPYKUMJBHBH-RHSMWYFYSA-N	CHEBI:192380	cefaloram	ANTIBACTERIAL	cefaloram	74f6cc8362498900f2fe2c13d0b6fdb66dd30976
GOWLARCWZRESHU-AQTBWJFISA-N	CHEBI:81844	ferimzone	ANTIFUNGAL	ferimzone	74f6cc8362498900f2fe2c13d0b6fdb66dd30976
GPFWTAVHQKERKY-UHFFFAOYSA-N	CHEBI:167899	mefuparib hydrochloride	ANTIVIRAL	mefuparib-hydrochloride	74f6cc8362498900f2fe2c13d0b6fdb66dd30976
GPKJTRJOBQGKQK-INIZCTEOSA-N	CHEBI:37597	(S)-quinacrine	ANTIPROTOZOAL	s-quinacrine	74f6cc8362498900f2fe2c13d0b6fdb66dd30976
GPKJTRJOBQGKQK-MRXNPFEDSA-N	CHEBI:49845	(R)-quinacrine	ANTIPROTOZOAL	r-quinacrine	74f6cc8362498900f2fe2c13d0b6fdb66dd30976
GPKJTRJOBQGKQK-UHFFFAOYSA-N	CHEBI:8711	quinacrine	ANTIPROTOZOAL	quinacrine	74f6cc8362498900f2fe2c13d0b6fdb66dd30976
GPLGAQQQNWMVMM-MYAJQUOBSA-N	CHEBI:27965	conessine	ANTIBACTERIAL	conessine	74f6cc8362498900f2fe2c13d0b6fdb66dd30976
GPMSLJIYNWBYEL-TYNCELHUSA-N	CHEBI:192379	quinacillin	ANTIBACTERIAL	quinacillin	74f6cc8362498900f2fe2c13d0b6fdb66dd30976
GPRBEKHLDVQUJE-QSWIMTSFSA-N	CHEBI:204928	cefotaxime	ANTIBACTERIAL	cefotaxime	74f6cc8362498900f2fe2c13d0b6fdb66dd30976
GPTONYMQFTZPKC-UHFFFAOYSA-N	CHEBI:53727	sulfamethoxydiazine	ANTIMYCOBACTERIAL	sulfamethoxydiazine	74f6cc8362498900f2fe2c13d0b6fdb66dd30976
GPTXWRGISTZRIO-UHFFFAOYSA-N	CHEBI:74500	chlorquinaldol	ANTIBACTERIAL	chlorquinaldol	74f6cc8362498900f2fe2c13d0b6fdb66dd30976
GPXLMGHLHQJAGZ-JTDSTZFVSA-N	CHEBI:7447	nafcillin	ANTIBACTERIAL	nafcillin	74f6cc8362498900f2fe2c13d0b6fdb66dd30976
GQHVWDKJTDUZRP-UHFFFAOYSA-N	CHEBI:55482	4-(2-nitrobutyl)morpholine	ANTIMICROBIAL_UNSPECIFIED	4-2-nitrobutyl-morpholine	74f6cc8362498900f2fe2c13d0b6fdb66dd30976
GQIJYUMTOUBHSH-IJIVKGSJSA-N	CHEBI:9691	piperyline	ANTIFUNGAL	piperyline	74f6cc8362498900f2fe2c13d0b6fdb66dd30976
GQKXCBCSVYJUMI-WACKOAQBSA-N	CHEBI:80024	aureothin	ANTIBACTERIAL	aureothin	74f6cc8362498900f2fe2c13d0b6fdb66dd30976
GQWYWHOHRVVHAP-DHKPLNAMSA-N	CHEBI:66104	jaspamide	ANTIFUNGAL	jaspamide	74f6cc8362498900f2fe2c13d0b6fdb66dd30976
GRBPIEOBAMGKFD-UHFFFAOYSA-N	antibioticmech:aro-2c3e119979	dragmacidin B	ANTIBACTERIAL	dragmacidin-b	74f6cc8362498900f2fe2c13d0b6fdb66dd30976
GRJLKDCRKHDXSZ-UHFFFAOYSA-N	CHEBI:68724	mollicellin K	ANTIMYCOBACTERIAL	mollicellin-k	74f6cc8362498900f2fe2c13d0b6fdb66dd30976
GROPDRMIDADBEP-UHFFFAOYSA-N	CHEBI:65476	BE-54238B	ANTIMICROBIAL_UNSPECIFIED	be-54238b	74f6cc8362498900f2fe2c13d0b6fdb66dd30976
GRRNUXAQVGOGFE-NZSRVPFOSA-N	CHEBI:16976	hygromycin B	ANTIBACTERIAL	hygromycin-b	74f6cc8362498900f2fe2c13d0b6fdb66dd30976
GSBZVVMZYQMZBG-XMOOUNKUSA-N	CHEBI:66277	triptonine B	ANTIVIRAL	triptonine-b	74f6cc8362498900f2fe2c13d0b6fdb66dd30976
GSDSWSVVBLHKDQ-JTQLQIEISA-N	CHEBI:63598	levofloxacin	ANTIBACTERIAL	levofloxacin	74f6cc8362498900f2fe2c13d0b6fdb66dd30976
GSDSWSVVBLHKDQ-SNVBAGLBSA-N	CHEBI:46577	dextrofloxacin	ANTIBACTERIAL	dextrofloxacin	74f6cc8362498900f2fe2c13d0b6fdb66dd30976
GSDSWSVVBLHKDQ-UHFFFAOYSA-N	antibioticmech:aro-2eea3233f3	ofloxacin	ANTIBACTERIAL	ofloxacin	74f6cc8362498900f2fe2c13d0b6fdb66dd30976
GSNHKUDZZFZSJB-QYOOZWMWSA-N	CHEBI:63608	maraviroc	ANTIVIRAL	maraviroc	74f6cc8362498900f2fe2c13d0b6fdb66dd30976
GSNUFIFRDBKVIE-UHFFFAOYSA-N	CHEBI:89052	2,5-dimethylfuran	ANTIFUNGAL	2-5-dimethylfuran	74f6cc8362498900f2fe2c13d0b6fdb66dd30976
GSOSVVULSKVSLQ-JJVRHELESA-N	CHEBI:51799	imipenem hydrate	ANTIBACTERIAL	imipenem-hydrate	74f6cc8362498900f2fe2c13d0b6fdb66dd30976
GSSIWSIRBWAZHG-ACOPVEIWSA-N	CHEBI:71226	telavancin hydrochloride	ANTIBACTERIAL	telavancin-hydrochloride	74f6cc8362498900f2fe2c13d0b6fdb66dd30976
GSXRBRIWJGAPDU-BBVRJQLQSA-N	CHEBI:29701	tyrocidine A	ANTIBACTERIAL	tyrocidine-a	74f6cc8362498900f2fe2c13d0b6fdb66dd30976
GSXXKILAEILYRX-JRSSMJHLSA-N	CHEBI:66411	multiplolide A	ANTIFUNGAL	multiplolide-a	74f6cc8362498900f2fe2c13d0b6fdb66dd30976
GTUJBZDZEFIEQV-MRCGXDCXSA-N	CHEBI:69205	fellutamide D	ANTIFUNGAL	fellutamide-d	74f6cc8362498900f2fe2c13d0b6fdb66dd30976
GUARTUJKFNAVIK-QPTWMBCESA-N	antibioticmech:aro-b855439125	tulathromycin	ANTIBACTERIAL	tulathromycin	74f6cc8362498900f2fe2c13d0b6fdb66dd30976
GUGALNGMVNRENE-DPOFQXJLSA-N	CHEBI:66388	microspinosamide	ANTIVIRAL	microspinosamide	74f6cc8362498900f2fe2c13d0b6fdb66dd30976
GUMSRJAIAPTKAF-CSEOLDMBSA-N	CHEBI:65942	5-galloylquercetin-3-O-α-L-arabinofuranoside	ANTIPROTOZOAL	5-galloylquercetin-3-o-α-l-arabinofuranoside	74f6cc8362498900f2fe2c13d0b6fdb66dd30976
GVEZIHKRYBHEFX-NQQPLRFYSA-N	CHEBI:171741	cerulenin	ANTIFUNGAL	cerulenin	74f6cc8362498900f2fe2c13d0b6fdb66dd30976
GVJHHUAWPYXKBD-IEOSBIPESA-N	CHEBI:18145	(R,R,R)-α-tocopherol	ANTIVIRAL	r-r-r-α-tocopherol	74f6cc8362498900f2fe2c13d0b6fdb66dd30976
GVPCTDRGYRLXLX-AYPBNUJASA-N	CHEBI:66530	suaveolindole	ANTIBACTERIAL	suaveolindole	74f6cc8362498900f2fe2c13d0b6fdb66dd30976
GVSJQNRGSCOSNJ-KBHRXELFSA-N	CHEBI:59725	demeclocycline hydrochloride	ANTIBACTERIAL	demeclocycline-hydrochloride	74f6cc8362498900f2fe2c13d0b6fdb66dd30976
GVTRUVGBZQJVTF-YJYMSZOUSA-N	CHEBI:17225	salutaridine	ANTIVIRAL	salutaridine	74f6cc8362498900f2fe2c13d0b6fdb66dd30976
GXBIDOSKEKEFEF-KEFGXSCNSA-N	antibioticmech:aro-980580724e	marinomycin A	ANTIBACTERIAL	marinomycin-a	74f6cc8362498900f2fe2c13d0b6fdb66dd30976
GXBIDOSKEKEFEF-LBJGFFSDSA-N	antibioticmech:aro-4b92bbd5fb	marinomycin C	ANTIBACTERIAL	marinomycin-c	74f6cc8362498900f2fe2c13d0b6fdb66dd30976
GXBIDOSKEKEFEF-SGTJGWBUSA-N	antibioticmech:aro-597d65f4ac	marinomycin B	ANTIBACTERIAL	marinomycin-b	74f6cc8362498900f2fe2c13d0b6fdb66dd30976
GXDALQBWZGODGZ-UHFFFAOYSA-N	CHEBI:2896	astemizole	ANTIVIRAL	astemizole	74f6cc8362498900f2fe2c13d0b6fdb66dd30976
GXFAIFRPOKBQRV-GHXCTMGLSA-N	CHEBI:15782	viomycin	ANTIMYCOBACTERIAL	viomycin	74f6cc8362498900f2fe2c13d0b6fdb66dd30976
GXJABQQUPOEUTA-RDJZCZTQSA-N	CHEBI:52717	bortezomib	ANTIPROTOZOAL	bortezomib	74f6cc8362498900f2fe2c13d0b6fdb66dd30976
GXXLUDOKHXEFBQ-YJFSRANCSA-N	antibioticmech:aro-7f38f83f7d	tebipenem	ANTIBACTERIAL	tebipenem	74f6cc8362498900f2fe2c13d0b6fdb66dd30976
GYBUSKWANOPNPI-GXTWGEPZSA-N	CHEBI:71520	paxanthonin	ANTIMICROBIAL_UNSPECIFIED	paxanthonin	74f6cc8362498900f2fe2c13d0b6fdb66dd30976
GYMKHISEUBVBBR-ONOMSOESSA-N	antibioticmech:aro-a22b27492c	formicamycin N	ANTIBACTERIAL	formicamycin-n	74f6cc8362498900f2fe2c13d0b6fdb66dd30976
GYOHFSLEKIIJMU-UMNFMQIXSA-N	CHEBI:66219	thiazomycin	ANTIBACTERIAL	thiazomycin	74f6cc8362498900f2fe2c13d0b6fdb66dd30976
GYSCAQFHASJXRS-FFCOJMSVSA-N	CHEBI:3000	beauvericin	ANTIFUNGAL	beauvericin	74f6cc8362498900f2fe2c13d0b6fdb66dd30976
GYSDUVRPSWKYDJ-SFHVURJKSA-N	CHEBI:66460	selinone	ANTIFUNGAL	selinone	74f6cc8362498900f2fe2c13d0b6fdb66dd30976
GYSSRZJIHXQEHQ-UHFFFAOYSA-N	CHEBI:3405	carboxin	ANTIFUNGAL	carboxin	74f6cc8362498900f2fe2c13d0b6fdb66dd30976
GZFYZYBWLCYBMI-MYZJJQSMSA-N	CHEBI:190404	3β-(2-diethylaminoethoxy)androst-5-en-17-one hydrochloride	ANTIVIRAL	3β-2-diethylaminoethoxy-androst-5-en-17-one-hydrochloride	74f6cc8362498900f2fe2c13d0b6fdb66dd30976
HAAITRDZHUANGT-FYZYNONXSA-N	CHEBI:83692	arasertaconazole nitrate	ANTIFUNGAL	arasertaconazole-nitrate	74f6cc8362498900f2fe2c13d0b6fdb66dd30976
HACDCFFQGRQGEQ-FYVHBMJCSA-L	CHEBI:65640	clathsterol	ANTIVIRAL	clathsterol	74f6cc8362498900f2fe2c13d0b6fdb66dd30976
HAHMABKERDVYCH-ZUQRMPMESA-N	CHEBI:31900	neticonazole hydrochloride	ANTIFUNGAL	neticonazole-hydrochloride	74f6cc8362498900f2fe2c13d0b6fdb66dd30976
HAIHGFWQOPJMPV-ZDUSSCGKSA-N	CHEBI:70664	(2S)-5,7-dihydroxy-6,8-dimethylflavanone	ANTIVIRAL	2s-5-7-dihydroxy-6-8-dimethylflavanone	74f6cc8362498900f2fe2c13d0b6fdb66dd30976
HALQELOKLVRWRI-VDBOFHIQSA-N	CHEBI:34730	doxycycline hyclate	ANTIBACTERIAL	doxycycline-hyclate	74f6cc8362498900f2fe2c13d0b6fdb66dd30976
HAORKNGNJCEJBX-UHFFFAOYSA-N	CHEBI:4045	cyprodinil	ANTIFUNGAL	cyprodinil	74f6cc8362498900f2fe2c13d0b6fdb66dd30976
HASLPZZCXDUQET-OTXZUHDPSA-N	antibioticmech:aro-0aefa62f74	patricin B	ANTIBACTERIAL	patricin-b	74f6cc8362498900f2fe2c13d0b6fdb66dd30976
HASLPZZCXDUQET-OTXZUHDPSA-N	antibioticmech:aro-2ea67cad76	patricin A	ANTIBACTERIAL	patricin-a	74f6cc8362498900f2fe2c13d0b6fdb66dd30976
HAVWRBANWNTOJX-UHFFFAOYSA-N	CHEBI:5169	fraxetin	ANTIBACTERIAL	fraxetin	74f6cc8362498900f2fe2c13d0b6fdb66dd30976
HAXVBVDETFUQGV-LNQHITRNSA-L	CHEBI:145818	mupirocin calcium (anhydrous)	ANTIBACTERIAL	mupirocin-calcium-anhydrous	74f6cc8362498900f2fe2c13d0b6fdb66dd30976
HAYYBYPASCDWEQ-UHFFFAOYSA-N	CHEBI:195558	entrectinib	ANTIBACTERIAL	entrectinib	74f6cc8362498900f2fe2c13d0b6fdb66dd30976
HAZLNOUWLROAAU-KQFLDCGVSA-N	CHEBI:68937	(±)-chartaceone E	ANTIVIRAL	chartaceone-e	74f6cc8362498900f2fe2c13d0b6fdb66dd30976
HBJNTPFHQKXWOY-UHFFFAOYSA-N	CHEBI:65496	6,6'-bieckol	ANTIVIRAL	6-6-bieckol	74f6cc8362498900f2fe2c13d0b6fdb66dd30976
HBJOXQRURQPDEX-MHXMMLMNSA-N	antibioticmech:aro-b0cdef0f20	pirlimycin	ANTIBACTERIAL	pirlimycin	74f6cc8362498900f2fe2c13d0b6fdb66dd30976
HBKSTRSDLUAESY-PKVUCGNLSA-N	CHEBI:65995	(2E,6Z)-13-hydroxy-1-(2-hydroxy-5-methoxy-3-methylphenyl)-3,7,11,15-tetramethylhexadeca-2,6,14-triene-5,12-dione	ANTIBACTERIAL	2e-6z-13-hydroxy-1-2-hydroxy-5-methoxy-3-methylphenyl-3-7-11-15-tetram	74f6cc8362498900f2fe2c13d0b6fdb66dd30976
HBOMLICNUCNMMY-XLPZGREQSA-N	CHEBI:10110	zidovudine	ANTIVIRAL	zidovudine	74f6cc8362498900f2fe2c13d0b6fdb66dd30976
HBQDLHJADJTNRK-LIXMYSHJSA-N	CHEBI:87399	UK 63598	ANTIMICROBIAL_UNSPECIFIED	uk-63598	74f6cc8362498900f2fe2c13d0b6fdb66dd30976
HBROZNQEVUILML-UHFFFAOYSA-N	CHEBI:45615	salicylhydroxamic acid	ANTIBACTERIAL	salicylhydroxamic-acid	74f6cc8362498900f2fe2c13d0b6fdb66dd30976
HBUNPJGMNVQSBX-UHFFFAOYSA-N	CHEBI:156451	holomycin	ANTIBACTERIAL	holomycin	74f6cc8362498900f2fe2c13d0b6fdb66dd30976
HBWJZSWEQJLURT-QIGLBIQCSA-N	CHEBI:66303	rhinacanthin C	ANTIVIRAL	rhinacanthin-c	74f6cc8362498900f2fe2c13d0b6fdb66dd30976
HCEYJYMNIQHPPK-DXTZDJJUSA-N	CHEBI:67296	7-deacetylgedunin	ANTIPROTOZOAL	7-deacetylgedunin	74f6cc8362498900f2fe2c13d0b6fdb66dd30976
HCNLDGTUMBOHKT-NRFANRHFSA-N	CHEBI:2156	6,8-diprenylnaringenin	ANTIBACTERIAL	6-8-diprenylnaringenin	74f6cc8362498900f2fe2c13d0b6fdb66dd30976
HCRBVFBQANEDDM-CUWPLCDZSA-N	CHEBI:152561	3-fluoro-Nα-(1H-indol-2-ylcarbonyl)-N-{(2S)-1-oxo-3-[(3S)-2-oxopyrrolidin-3-yl]propan-2-yl}-L-phenylalaninamide	ANTIVIRAL	3-fluoro-nα-1h-indol-2-ylcarbonyl-n-2s-1-oxo-3-3s-2-oxopyrrolidin-3-yl	74f6cc8362498900f2fe2c13d0b6fdb66dd30976
HCXQIVLHUHTXGC-UHFFFAOYSA-N	CHEBI:65912	FR191512	ANTIVIRAL	fr191512	74f6cc8362498900f2fe2c13d0b6fdb66dd30976
HDEMWSJTNCFIGR-WBVHZDCISA-N	CHEBI:70653	(2S,3S)-3,5,7-trihydroxy-6,8-dimethylflavanone	ANTIVIRAL	2s-3s-3-5-7-trihydroxy-6-8-dimethylflavanone	74f6cc8362498900f2fe2c13d0b6fdb66dd30976
HDFGOPSGAURCEO-UHFFFAOYSA-N	CHEBI:44485	N-ethylmaleimide	ANTIVIRAL	n-ethylmaleimide	74f6cc8362498900f2fe2c13d0b6fdb66dd30976
HDMHBHNRWDNNCD-UHFFFAOYSA-N	CHEBI:43060	1-[(2-hydroxyethoxy)methyl]-6-(phenylsulfanyl)thymine	ANTIVIRAL	1-2-hydroxyethoxy-methyl-6-phenylsulfanyl-thymine	74f6cc8362498900f2fe2c13d0b6fdb66dd30976
HDMUZLQWDPUHND-PGKBBLNOSA-N	CHEBI:87400	UK 65662	ANTIMICROBIAL_UNSPECIFIED	uk-65662	74f6cc8362498900f2fe2c13d0b6fdb66dd30976
HDOVUKNUBWVHOX-QMMMGPOBSA-N	CHEBI:35854	valacyclovir	ANTIVIRAL	valacyclovir	74f6cc8362498900f2fe2c13d0b6fdb66dd30976
HDPPSWUQDQXSJU-UNWVZKJWSA-N	CHEBI:171658	promysalin	ANTIBACTERIAL	promysalin	74f6cc8362498900f2fe2c13d0b6fdb66dd30976
HDQAHAYFRSTUFM-LMEYJBJCSA-N	CHEBI:78285	8-demethyl-8-(2-O-methyl-α-L-rhamnosyl)tetracenomycin C	ANTIMICROBIAL_UNSPECIFIED	8-demethyl-8-2-o-methyl-α-l-rhamnosyl-tetracenomycin-c	74f6cc8362498900f2fe2c13d0b6fdb66dd30976
HDZZVAMISRMYHH-KCGFPETGSA-N	CHEBI:48267	tubercidin	ANTIFUNGAL	tubercidin	74f6cc8362498900f2fe2c13d0b6fdb66dd30976
HELPZWNRUYNCJQ-QWJSOBSRSA-N	antibioticmech:aro-e83eaf8a8a	A201A	ANTIBACTERIAL	a201a	74f6cc8362498900f2fe2c13d0b6fdb66dd30976
HENXXJCYASTLGZ-UHFFFAOYSA-N	antibioticmech:aro-68a16c2153	edeine A	ANTIBACTERIAL	edeine-a	74f6cc8362498900f2fe2c13d0b6fdb66dd30976
HEXWXHDQRMEJNB-QGYAIUEGSA-N	CHEBI:32049	premithramycin A3'	ANTIMICROBIAL_UNSPECIFIED	premithramycin-a3	74f6cc8362498900f2fe2c13d0b6fdb66dd30976
HFHZKZSRXITVMK-UHFFFAOYSA-N	CHEBI:76258	oxyphenbutazone	ANTIMICROBIAL_UNSPECIFIED	oxyphenbutazone	74f6cc8362498900f2fe2c13d0b6fdb66dd30976
HFLKNINDVFJPQT-ZFAMMYHGSA-N	antibioticmech:aro-714bb3cd2d	gentamicin X	ANTIBACTERIAL	gentamicin-x	74f6cc8362498900f2fe2c13d0b6fdb66dd30976
HFMUGRCEDVYMSK-MDWZMJQESA-N	CHEBI:66752	phosphatoquinone B	ANTIMICROBIAL_UNSPECIFIED	phosphatoquinone-b	74f6cc8362498900f2fe2c13d0b6fdb66dd30976
HFSAUGRJONZEDN-UHFFFAOYSA-N	CHEBI:65410	anolignan A	ANTIVIRAL	anolignan-a	74f6cc8362498900f2fe2c13d0b6fdb66dd30976
HGBLNBBNRORJKI-WCABBAIRSA-N	CHEBI:31444	cyclacillin	ANTIBACTERIAL	cyclacillin	74f6cc8362498900f2fe2c13d0b6fdb66dd30976
HGGAKXAHAYOLDJ-FHZUQPTBSA-M	CHEBI:51795	6α-[(R)-1-hydroxyethyl]-2-[(R)-tetrahydrofuran-2-yl]pen-2-em-3-carboxylate	ANTIMICROBIAL_UNSPECIFIED	6α-r-1-hydroxyethyl-2-r-tetrahydrofuran-2-yl-pen-2-em-3-carboxylate	74f6cc8362498900f2fe2c13d0b6fdb66dd30976
HGGAKXAHAYOLDJ-FHZUQPTBSA-N	CHEBI:51257	6α-[(R)-1-hydroxyethyl]-2-[(R)-tetrahydrofuran-2-yl]pen-2-em-3-carboxylic acid	ANTIMICROBIAL_UNSPECIFIED	6α-r-1-hydroxyethyl-2-r-tetrahydrofuran-2-yl-pen-2-em-3-carboxylic-aci	74f6cc8362498900f2fe2c13d0b6fdb66dd30976
HGGAKXAHAYOLDJ-QMWPFBOUSA-M	CHEBI:51797	6α-[(S)-1-hydroxyethyl]-2-[(R)-tetrahydrofuran-2-yl]pen-2-em-3-carboxylate	ANTIMICROBIAL_UNSPECIFIED	6α-s-1-hydroxyethyl-2-r-tetrahydrofuran-2-yl-pen-2-em-3-carboxylate	74f6cc8362498900f2fe2c13d0b6fdb66dd30976
HGGAKXAHAYOLDJ-YZJVMBJSSA-M	CHEBI:51791	faropenem(1−)	ANTIMICROBIAL_UNSPECIFIED	faropenem-1	74f6cc8362498900f2fe2c13d0b6fdb66dd30976
HGGAKXAHAYOLDJ-YZJVMBJSSA-N	CHEBI:51788	faropenem	ANTIBACTERIAL	faropenem	74f6cc8362498900f2fe2c13d0b6fdb66dd30976
HGGAKXAHAYOLDJ-ZSJKCOSDSA-M	CHEBI:51792	6β-[(S)-1-hydroxyethyl]-2-[(R)-tetrahydrofuran-2-yl]pen-2-em-3-carboxylate	ANTIMICROBIAL_UNSPECIFIED	6β-s-1-hydroxyethyl-2-r-tetrahydrofuran-2-yl-pen-2-em-3-carboxylate	74f6cc8362498900f2fe2c13d0b6fdb66dd30976
HGGAKXAHAYOLDJ-ZSJKCOSDSA-N	CHEBI:51790	6β-[(S)-1-hydroxyethyl]-2-[(R)-tetrahydrofuran-2-yl]pen-2-em-3-carboxylic acid	ANTIMICROBIAL_UNSPECIFIED	6β-s-1-hydroxyethyl-2-r-tetrahydrofuran-2-yl-pen-2-em-3-carboxylic-aci	74f6cc8362498900f2fe2c13d0b6fdb66dd30976
HGQNZTBYUKKJLH-CQOCVSQPSA-N	CHEBI:65740	7'-O-demethylisocephaeline	ANTIPROTOZOAL	7-o-demethylisocephaeline	74f6cc8362498900f2fe2c13d0b6fdb66dd30976
HGTSZOYDQGUVER-AWEZNQCLSA-N	CHEBI:70660	(2S)-6-formyl-8-methyl-7-O-methylpinocembrin	ANTIVIRAL	2s-6-formyl-8-methyl-7-o-methylpinocembrin	74f6cc8362498900f2fe2c13d0b6fdb66dd30976
HGWCKYGOWQEYSJ-JBWZRHCTSA-N	antibioticmech:aro-0cf530b2c3	arylomycin	ANTIBACTERIAL	arylomycin	74f6cc8362498900f2fe2c13d0b6fdb66dd30976
HHJJMAYDQLUZRZ-YNCOMUOBSA-N	antibioticmech:aro-df43621fb3	wychimicin A	ANTIBACTERIAL	wychimicin-a	74f6cc8362498900f2fe2c13d0b6fdb66dd30976
HHXMXAQDOUCLDN-RXMQYKEDSA-N	CHEBI:35994	penem	ANTIMICROBIAL_UNSPECIFIED	penem	74f6cc8362498900f2fe2c13d0b6fdb66dd30976
HHZIURLSWUIHRB-UHFFFAOYSA-N	CHEBI:52172	nilotinib	ANTIVIRAL	nilotinib	74f6cc8362498900f2fe2c13d0b6fdb66dd30976
HIDWEYPGMLIQSN-UHFFFAOYSA-N	antibioticmech:curator-f8f4ef7fbd	Abaucin	ANTIBACTERIAL	abaucin	74f6cc8362498900f2fe2c13d0b6fdb66dd30976
HIIRDDUVRXCDBN-OBGWFSINSA-N	CHEBI:81831	metominostrobin	ANTIFUNGAL	metominostrobin	74f6cc8362498900f2fe2c13d0b6fdb66dd30976
HILAYQUKKYWPJW-UHFFFAOYSA-N	CHEBI:74880	1-dodecylguanidine	ANTIBACTERIAL	1-dodecylguanidine	74f6cc8362498900f2fe2c13d0b6fdb66dd30976
HIPXPNHGBRGNFB-WWQAAKFXSA-N	CHEBI:66806	oceanalin A	ANTIFUNGAL	oceanalin-a	74f6cc8362498900f2fe2c13d0b6fdb66dd30976
HIYAVKIYRIFSCZ-CVXKHCKVSA-N	CHEBI:3305	calcimycin	ANTIBACTERIAL	calcimycin	74f6cc8362498900f2fe2c13d0b6fdb66dd30976
HIYSWASSDOXZLC-MOHJPFBDSA-N	CHEBI:29702	undecylprodigiosin	ANTIBACTERIAL	undecylprodigiosin	74f6cc8362498900f2fe2c13d0b6fdb66dd30976
HJEZFVLKJYFNQW-FKKRWUELSA-N	CHEBI:31059	13-dihydrodaunorubicin	ANTIMICROBIAL_UNSPECIFIED	13-dihydrodaunorubicin	74f6cc8362498900f2fe2c13d0b6fdb66dd30976
HJEZFVLKJYFNQW-PRFXOSGESA-N	CHEBI:31031	(13S)-13-dihydrodaunorubicin	ANTIMICROBIAL_UNSPECIFIED	13s-13-dihydrodaunorubicin	74f6cc8362498900f2fe2c13d0b6fdb66dd30976
HJJDBAOLQAWBMH-YCRCPZNHSA-N	CHEBI:55490	cefmenoxime	ANTIBACTERIAL	cefmenoxime	74f6cc8362498900f2fe2c13d0b6fdb66dd30976
HJJRIJDTIPFROI-NVKITGPLSA-N	CHEBI:131729	cefcapene	ANTIBACTERIAL	cefcapene	74f6cc8362498900f2fe2c13d0b6fdb66dd30976
HJJVPARKXDDIQD-UHFFFAOYSA-N	CHEBI:81900	bromuconazole	ANTIFUNGAL	bromuconazole	74f6cc8362498900f2fe2c13d0b6fdb66dd30976
HJKXMQLJTKUBMG-BAOVJYBRSA-N	CHEBI:87042	seldomycin 5	ANTIMICROBIAL_UNSPECIFIED	seldomycin-5	74f6cc8362498900f2fe2c13d0b6fdb66dd30976
HJLSLZFTEKNLFI-UHFFFAOYSA-N	CHEBI:63627	tinidazole	ANTIBACTERIAL	tinidazole	74f6cc8362498900f2fe2c13d0b6fdb66dd30976
HJNJAUYFFFOFBW-UHFFFAOYSA-N	CHEBI:2980	5,6,7-trimethoxyflavone	ANTIVIRAL	5-6-7-trimethoxyflavone	74f6cc8362498900f2fe2c13d0b6fdb66dd30976
HJNZTHHOZWMVPB-WCSXKIRISA-N	CHEBI:66299	respirantin	ANTIMICROBIAL_UNSPECIFIED	respirantin	74f6cc8362498900f2fe2c13d0b6fdb66dd30976
HJYYPODYNSCCOU-ODRIEIDWSA-N	CHEBI:29673	rifamycin SV	ANTIMYCOBACTERIAL	rifamycin-sv	74f6cc8362498900f2fe2c13d0b6fdb66dd30976
HKHLFNJYCWZXPO-NCYKPQTJSA-N	CHEBI:65382	alisiaquinone A	ANTIPROTOZOAL	alisiaquinone-a	74f6cc8362498900f2fe2c13d0b6fdb66dd30976
HKIOYBQGHSTUDB-UHFFFAOYSA-N	CHEBI:82019	folpet	ANTIFUNGAL	folpet	74f6cc8362498900f2fe2c13d0b6fdb66dd30976
HKJSNLGQALZKKO-KXSKSBKOSA-N	CHEBI:65559	callophycoic acid C	ANTIBACTERIAL	callophycoic-acid-c	74f6cc8362498900f2fe2c13d0b6fdb66dd30976
HKMUGCUFXWTNSP-UHFFFAOYSA-N	antibioticmech:aro-6fbc93a42c	nybomycin	ANTIBACTERIAL	nybomycin	74f6cc8362498900f2fe2c13d0b6fdb66dd30976
HKTPJHSXELPTFT-UBMKZYSCSA-N	antibioticmech:aro-07e4fbc49d	cadaside A	ANTIBACTERIAL	cadaside-a	74f6cc8362498900f2fe2c13d0b6fdb66dd30976
HKUKJIQHPXYJTP-UHFFFAOYSA-O	CHEBI:31398	ciclopirox olamine	ANTIBACTERIAL	ciclopirox-olamine	74f6cc8362498900f2fe2c13d0b6fdb66dd30976
HKVAMNSJSFKALM-GKUWKFKPSA-N	CHEBI:68478	everolimus	ANTIVIRAL	everolimus	74f6cc8362498900f2fe2c13d0b6fdb66dd30976
HMBDLBWGDMNPDW-SUXULKRESA-N	antibioticmech:aro-fdb0f4de1c	factumycin	ANTIBACTERIAL	factumycin	74f6cc8362498900f2fe2c13d0b6fdb66dd30976
HMEYVGGHISAPJR-IAHYZSEUSA-N	CHEBI:63334	rolitetracycline	ANTIBACTERIAL	rolitetracycline	74f6cc8362498900f2fe2c13d0b6fdb66dd30976
HMSYAPGFKGSXAJ-GFNGQHCCSA-N	antibioticmech:aro-8b2f0e38fa	kirromycin	ANTIBACTERIAL	kirromycin	74f6cc8362498900f2fe2c13d0b6fdb66dd30976
HMWIYUSLKIYYER-UHFFFAOYSA-N	CHEBI:70402	1-(2,3-dihydro-1H-pyrrol-1-yl)-2-methyldecane-1,3-dione	ANTIFUNGAL	1-2-3-dihydro-1h-pyrrol-1-yl-2-methyldecane-1-3-dione	74f6cc8362498900f2fe2c13d0b6fdb66dd30976
HNDXPZPJZGTJLJ-UEJFNEDBSA-N	antibioticmech:aro-28273ec780	tildipirosin	ANTIBACTERIAL	tildipirosin	74f6cc8362498900f2fe2c13d0b6fdb66dd30976
HNEGCRMUYSKRRR-NWHWRWDZSA-N	CHEBI:9688	trichodermin	ANTIFUNGAL	trichodermin	74f6cc8362498900f2fe2c13d0b6fdb66dd30976
HNIKNQLZTDKDEB-JVSQKCCUSA-N	antibioticmech:aro-890fe891a5	unphenelfamycin	ANTIBACTERIAL	unphenelfamycin	74f6cc8362498900f2fe2c13d0b6fdb66dd30976
HNVKTRONBDHSPT-QETCNUOWSA-N	CHEBI:65720	cytotrienin A	ANTIBACTERIAL	cytotrienin-a	74f6cc8362498900f2fe2c13d0b6fdb66dd30976
HOCWPKXKMNXINF-XQERAMJGSA-N	CHEBI:52429	propicillin	ANTIBACTERIAL	propicillin	74f6cc8362498900f2fe2c13d0b6fdb66dd30976
HOGGEAXXACLKBX-OPYHNVJQSA-N	CHEBI:68982	longirostrerone C	ANTIPROTOZOAL	longirostrerone-c	74f6cc8362498900f2fe2c13d0b6fdb66dd30976
HOGHBEDTLGAJAS-CPJSRVTESA-N	CHEBI:65862	erybraedin A	ANTIBACTERIAL	erybraedin-a	74f6cc8362498900f2fe2c13d0b6fdb66dd30976
HOGISBSFFHDTRM-GHXIOONMSA-N	CHEBI:140109	cefdaloxime	ANTIBACTERIAL	cefdaloxime	74f6cc8362498900f2fe2c13d0b6fdb66dd30976
HOKIDJSKDBPKTQ-GLXFQSAKSA-N	CHEBI:15776	cephalosporin C	ANTIMICROBIAL_UNSPECIFIED	cephalosporin-c	74f6cc8362498900f2fe2c13d0b6fdb66dd30976
HPBKRTWLUQRMNA-PTYDTDROSA-N	CHEBI:71979	surfactin D	ANTIBACTERIAL	surfactin-d	74f6cc8362498900f2fe2c13d0b6fdb66dd30976
HPKJGHVHQWJOOT-ZJOUEHCJSA-N	CHEBI:152560	N-[(2S)-3-cyclohexyl-1-oxo-1-({(2S)-1-oxo-3-[(3S)-2-oxopyrrolidin-3-yl]propan-2-yl}amino)propan-2-yl]-1H-indole-2-carboxamide	ANTIVIRAL	n-2s-3-cyclohexyl-1-oxo-1-2s-1-oxo-3-3s-2-oxopyrrolidin-3-yl-propan-2-	74f6cc8362498900f2fe2c13d0b6fdb66dd30976
HPNSFSBZBAHARI-RUDMXATFSA-N	CHEBI:168396	mycophenolic acid	ANTIVIRAL	mycophenolic-acid	74f6cc8362498900f2fe2c13d0b6fdb66dd30976
HQIZYPQNJWENRT-UHFFFAOYSA-N	CHEBI:195253	5-hydroxy-3-methylfuran-2(5H)-one	ANTIVIRAL	5-hydroxy-3-methylfuran-2-5h-one	74f6cc8362498900f2fe2c13d0b6fdb66dd30976
HQQSBEDKMRHYME-UHFFFAOYSA-N	CHEBI:50194	pefloxacin mesylate	ANTIBACTERIAL	pefloxacin-mesylate	74f6cc8362498900f2fe2c13d0b6fdb66dd30976
HQVFHDUBRNXXHV-LZHJWXOHSA-N	CHEBI:83265	papuamide B	ANTIVIRAL	papuamide-b	74f6cc8362498900f2fe2c13d0b6fdb66dd30976
HRAPIHJIKATMEB-GWVUBWKVSA-N	CHEBI:193157	sceliphrolactam	ANTIFUNGAL	sceliphrolactam	74f6cc8362498900f2fe2c13d0b6fdb66dd30976
HRGFAEUWEMDRRZ-RIZHWKQXSA-N	CHEBI:29505	A47934	ANTIBACTERIAL	a47934	74f6cc8362498900f2fe2c13d0b6fdb66dd30976
HRHJHXJQMNWQTF-UHFFFAOYSA-N	CHEBI:167557	cannabichromenic acid	ANTIBACTERIAL	cannabichromenic-acid	74f6cc8362498900f2fe2c13d0b6fdb66dd30976
HRKDTQUJICJRIH-UHFFFAOYSA-N	CHEBI:66807	ochracenomicin A	ANTIBACTERIAL	ochracenomicin-a	74f6cc8362498900f2fe2c13d0b6fdb66dd30976
HRMCRRLPTVSYHJ-KUDSBEMESA-N	antibioticmech:aro-93dd2d4732	darobactin A	ANTIBACTERIAL	darobactin-a	74f6cc8362498900f2fe2c13d0b6fdb66dd30976
HRPBIJBOFQXOTL-JEJSWHNFSA-N	CHEBI:66587	17-dimethylaminolobohedleolide	ANTIVIRAL	17-dimethylaminolobohedleolide	74f6cc8362498900f2fe2c13d0b6fdb66dd30976
HRYLQFBHBWLLLL-AHNJNIBGSA-N	CHEBI:3900	costunolide	ANTIVIRAL	costunolide	74f6cc8362498900f2fe2c13d0b6fdb66dd30976
HSMVPDGQOIQYSR-KGENOOAVSA-N	CHEBI:81784	triflumizole	ANTIFUNGAL	triflumizole	74f6cc8362498900f2fe2c13d0b6fdb66dd30976
HSMVPDGQOIQYSR-UHFFFAOYSA-N	antibioticmech:aro-d53850fc72	triflumizole	ANTIFUNGAL	triflumizole-aro-d53850fc72	74f6cc8362498900f2fe2c13d0b6fdb66dd30976
HSTKEHHVGUSTOW-PMBWZYFTSA-N	antibioticmech:aro-0f5084fe9f	cyclomarin B	ANTIBACTERIAL	cyclomarin-b	74f6cc8362498900f2fe2c13d0b6fdb66dd30976
HTCPEWKHGGGJBI-UHFFFAOYSA-N	CHEBI:184373	cremeomycin	ANTIBACTERIAL	cremeomycin	74f6cc8362498900f2fe2c13d0b6fdb66dd30976
HTDSMOBGCNRBHQ-RMKNXTFCSA-N	CHEBI:70655	(E)-4,2',4'-trihydroxy-6'-methoxy-3',5'-dimethylchalcone	ANTIVIRAL	e-4-2-4-trihydroxy-6-methoxy-3-5-dimethylchalcone	74f6cc8362498900f2fe2c13d0b6fdb66dd30976
HTNPEHXGEKVIHG-QCNRFFRDSA-N	CHEBI:180653	molnupiravir	ANTIVIRAL	molnupiravir	74f6cc8362498900f2fe2c13d0b6fdb66dd30976
HUAYXMGRIABALH-CHOMWAFYSA-N	CHEBI:38009	3'',6'-di-N-acetylkanamycin A	ANTIMICROBIAL_UNSPECIFIED	3-6-di-n-acetylkanamycin-a	74f6cc8362498900f2fe2c13d0b6fdb66dd30976
HUKYPYXOBINMND-HYUJHOPRSA-N	CHEBI:29630	methymycin	ANTIBACTERIAL	methymycin	74f6cc8362498900f2fe2c13d0b6fdb66dd30976
HUPFGZXOMWLGNK-UHFFFAOYSA-N	CHEBI:39669	diflunisal	ANTIBACTERIAL	diflunisal	74f6cc8362498900f2fe2c13d0b6fdb66dd30976
HURXYEZMLXEXLD-UHFFFAOYSA-N	CHEBI:167182	N-butyl-5-(4-hydroxyphenyl)-6-oxo-1,6-dihydropyrazine-2-carboxamide	ANTIMYCOBACTERIAL	n-butyl-5-4-hydroxyphenyl-6-oxo-1-6-dihydropyrazine-2-carboxamide	74f6cc8362498900f2fe2c13d0b6fdb66dd30976
HVFLCNVBZFFHBT-ZKDACBOMSA-N	CHEBI:478164	cefepime	ANTIBACTERIAL	cefepime	74f6cc8362498900f2fe2c13d0b6fdb66dd30976
HVFLCNVBZFFHBT-ZKDACBOMSA-O	CHEBI:59349	cefepime(1+)	ANTIMICROBIAL_UNSPECIFIED	cefepime-1	74f6cc8362498900f2fe2c13d0b6fdb66dd30976
HVTFEHJSUSPQBK-IIOAQAAUSA-N	CHEBI:69017	physalin B	ANTIPROTOZOAL	physalin-b	74f6cc8362498900f2fe2c13d0b6fdb66dd30976
HWJHZLJIIWOTGZ-UHFFFAOYSA-N	antibioticmech:aro-1286e26ebd	formicin	ANTIBACTERIAL	formicin	74f6cc8362498900f2fe2c13d0b6fdb66dd30976
HWJPWWYTGBZDEG-AWEZNQCLSA-N	CHEBI:131752	(R)-iclaprim	ANTIBACTERIAL	r-iclaprim	74f6cc8362498900f2fe2c13d0b6fdb66dd30976
HWJPWWYTGBZDEG-CQSZACIVSA-N	CHEBI:131753	(S)-iclaprim	ANTIBACTERIAL	s-iclaprim	74f6cc8362498900f2fe2c13d0b6fdb66dd30976
HWSPXPQHONXITJ-AFCXAGJDSA-N	CHEBI:180481	ribavirin 5'-diphosphate	ANTIVIRAL	ribavirin-5-diphosphate	74f6cc8362498900f2fe2c13d0b6fdb66dd30976
HWSQVPGTQUYLEQ-CCBHEJLASA-N	CHEBI:67610	chaetoviridin A	ANTIFUNGAL	chaetoviridin-a	74f6cc8362498900f2fe2c13d0b6fdb66dd30976
HXAZTNIVBVVFJS-SNVBAGLBSA-N	CHEBI:65867	espicufolin	ANTIMICROBIAL_UNSPECIFIED	espicufolin	74f6cc8362498900f2fe2c13d0b6fdb66dd30976
HXCHCVDVKSCDHU-PJKCJEBCSA-N	CHEBI:3319	calicheamicin γ1I	ANTIMICROBIAL_UNSPECIFIED	calicheamicin-γ1i	74f6cc8362498900f2fe2c13d0b6fdb66dd30976
HXCILVUBKWANLN-UHFFFAOYSA-N	CHEBI:88176	brilliant green cation	ANTIBACTERIAL	brilliant-green-cation	74f6cc8362498900f2fe2c13d0b6fdb66dd30976
HXHWSAZORRCQMX-UHFFFAOYSA-N	CHEBI:16664	albendazole	ANTIFUNGAL	albendazole	74f6cc8362498900f2fe2c13d0b6fdb66dd30976
HXKKJKCNOAUCEJ-UHFFFAOYSA-N	CHEBI:65493	bidebiline D	ANTIPROTOZOAL	bidebiline-d	74f6cc8362498900f2fe2c13d0b6fdb66dd30976
HXVPWVPTVOOCMV-UNCTUWKVSA-N	CHEBI:167663	MI-1148	ANTIBACTERIAL	mi-1148	74f6cc8362498900f2fe2c13d0b6fdb66dd30976
HXWOWBFXYUFFKS-PSJNWGMYSA-N	CHEBI:88274	aranotin	ANTIVIRAL	aranotin	74f6cc8362498900f2fe2c13d0b6fdb66dd30976
HYFHYPWGAURHIV-JFIAXGOJSA-N	CHEBI:71019	omacetaxine mepesuccinate	ANTIVIRAL	omacetaxine-mepesuccinate	74f6cc8362498900f2fe2c13d0b6fdb66dd30976
HYFMSAFINFJTFH-NGSRAFSJSA-N	CHEBI:85412	mitomycin A	ANTIMICROBIAL_UNSPECIFIED	mitomycin-a	74f6cc8362498900f2fe2c13d0b6fdb66dd30976
HYJMTIGQCJGKFQ-CGNAQTDSSA-N	CHEBI:77652	novamethymycin	ANTIMICROBIAL_UNSPECIFIED	novamethymycin	74f6cc8362498900f2fe2c13d0b6fdb66dd30976
HYVVJDQGXFXBRZ-UHFFFAOYSA-M	CHEBI:141326	metam(1−)	ANTIFUNGAL	metam-1	74f6cc8362498900f2fe2c13d0b6fdb66dd30976
HYVVJDQGXFXBRZ-UHFFFAOYSA-N	CHEBI:141319	metam	ANTIFUNGAL	metam	74f6cc8362498900f2fe2c13d0b6fdb66dd30976
HYVWIQDYBVKITD-UHFFFAOYSA-N	CHEBI:75182	tolylfluanid	ANTIFUNGAL	tolylfluanid	74f6cc8362498900f2fe2c13d0b6fdb66dd30976
HZJKXKUJVSEEFU-UHFFFAOYSA-N	antibioticmech:aro-14f45eb5b3	myclobutanil	ANTIFUNGAL	myclobutanil	74f6cc8362498900f2fe2c13d0b6fdb66dd30976
HZRSNVGNWUDEFX-UHFFFAOYSA-N	CHEBI:78780	pyraclostrobin	ANTIFUNGAL	pyraclostrobin	74f6cc8362498900f2fe2c13d0b6fdb66dd30976
HZZVJAQRINQKSD-PBFISZAISA-N	CHEBI:48947	clavulanic acid	ANTIBACTERIAL	clavulanic-acid	74f6cc8362498900f2fe2c13d0b6fdb66dd30976
IAIWVQXQOWNYOU-UHFFFAOYSA-N	CHEBI:44368	nitrofurazone	ANTIBACTERIAL	nitrofurazone	74f6cc8362498900f2fe2c13d0b6fdb66dd30976
IAOFPTKYKOAKGZ-CRWQHXLTSA-N	CHEBI:61749	enfumafungin	ANTIFUNGAL	enfumafungin	74f6cc8362498900f2fe2c13d0b6fdb66dd30976
IAPUSMZQQSXGDI-QXHNIIHBSA-N	CHEBI:68980	longirostrerone A	ANTIPROTOZOAL	longirostrerone-a	74f6cc8362498900f2fe2c13d0b6fdb66dd30976
IBALQPBIWZLHPR-SJEMMDPOSA-N	CHEBI:65545	norcaesalpinin E	ANTIPROTOZOAL	norcaesalpinin-e	74f6cc8362498900f2fe2c13d0b6fdb66dd30976
IBSNKSODLGJUMQ-SDNWHVSQSA-N	CHEBI:83197	picoxystrobin	ANTIFUNGAL	picoxystrobin	74f6cc8362498900f2fe2c13d0b6fdb66dd30976
IBXPYPUJPLLOIN-UHFFFAOYSA-N	CHEBI:141155	dimetridazole	ANTIPROTOZOAL	dimetridazole	74f6cc8362498900f2fe2c13d0b6fdb66dd30976
ICFBIVXFINBMRC-SRFJPACDSA-N	CHEBI:65815	durhamycin B	ANTIVIRAL	durhamycin-b	74f6cc8362498900f2fe2c13d0b6fdb66dd30976
ICQSKHARNVQSEP-UHFFFAOYSA-N	antibioticmech:aro-605696c899	pyrrolomycin F3	ANTIBACTERIAL	pyrrolomycin-f3	74f6cc8362498900f2fe2c13d0b6fdb66dd30976
ICUTUKXCWQYESQ-UHFFFAOYSA-N	CHEBI:48347	triclocarban	BIOCIDE	triclocarban	74f6cc8362498900f2fe2c13d0b6fdb66dd30976
ICZOIXFFVKYXOM-YCLOEFEOSA-M	CHEBI:3481	cefamandole nafate	ANTIBACTERIAL	cefamandole-nafate	74f6cc8362498900f2fe2c13d0b6fdb66dd30976
IDBWWEGDLCFCTD-VNEMRZQUSA-N	CHEBI:39900	N-[(5-methyl-1,2-oxazol-3-yl)carbonyl]-L-alanyl-L-valyl-N-{(2S,3E)-5-(benzyloxy)-5-oxo-1-[(3S)-2-oxopyrrolidin-3-yl]pent-3-en-2-yl}-L-leucinamide	ANTIVIRAL	n-5-methyl-1-2-oxazol-3-yl-carbonyl-l-alanyl-l-valyl-n-2s-3e-5-benzylo	74f6cc8362498900f2fe2c13d0b6fdb66dd30976
IDIIJJHBXUESQI-DFIJPDEKSA-N	CHEBI:7008	moxifloxacin hydrochloride	ANTIBACTERIAL	moxifloxacin-hydrochloride	74f6cc8362498900f2fe2c13d0b6fdb66dd30976
IDKBSYZJTHLMLI-IUKJTPATSA-N	antibioticmech:aro-cd72e61879	caprazamycin	ANTIBACTERIAL	caprazamycin	74f6cc8362498900f2fe2c13d0b6fdb66dd30976
IDQVFXZQPGAVAM-YPRSBIJBSA-N	CHEBI:73086	protobassic acid	ANTIFUNGAL	protobassic-acid	74f6cc8362498900f2fe2c13d0b6fdb66dd30976
IDRYSCOQVVUBIJ-PPGFLMPOSA-N	CHEBI:28196	erythromycin B	ANTIMICROBIAL_UNSPECIFIED	erythromycin-b	74f6cc8362498900f2fe2c13d0b6fdb66dd30976
IDYZIJYBMGIQMJ-UHFFFAOYSA-N	CHEBI:157175	enoxacin	ANTIBACTERIAL	enoxacin	74f6cc8362498900f2fe2c13d0b6fdb66dd30976
IECPWNUMDGFDKC-MZJAQBGESA-N	CHEBI:29013	fusidic acid	ANTIBACTERIAL	fusidic-acid	74f6cc8362498900f2fe2c13d0b6fdb66dd30976
IEDVJHCEMCRBQM-UHFFFAOYSA-N	CHEBI:45924	trimethoprim	ANTIBACTERIAL	trimethoprim	74f6cc8362498900f2fe2c13d0b6fdb66dd30976
IFLLFJMUKCVLRY-KMTMZHINSA-N	CHEBI:66173	sarasinoside J	ANTIMICROBIAL_UNSPECIFIED	sarasinoside-j	74f6cc8362498900f2fe2c13d0b6fdb66dd30976
IGGWKHQYMAJOHK-QVHQYWGISA-N	CHEBI:138224	(13R)-epi-8,13-epoxylabd-14-ene	ANTIBACTERIAL	13r-epi-8-13-epoxylabd-14-ene	74f6cc8362498900f2fe2c13d0b6fdb66dd30976
IGQLDUYTWDABFK-GUTXKFCHSA-N	CHEBI:72346	roseoflavin	ANTIMICROBIAL_UNSPECIFIED	roseoflavin	74f6cc8362498900f2fe2c13d0b6fdb66dd30976
IHCDKJZZFOUARO-UHFFFAOYSA-M	CHEBI:63858	sulfacetamide sodium	ANTIMICROBIAL_UNSPECIFIED	sulfacetamide-sodium	74f6cc8362498900f2fe2c13d0b6fdb66dd30976
IHFBPDAQLQOCBX-UHFFFAOYSA-N	antibioticmech:curator-b453af7884	Hispidulin	ANTIBACTERIAL	hispidulin	74f6cc8362498900f2fe2c13d0b6fdb66dd30976
IHIIRQILYAXIOH-NUVDETJMSA-N	CHEBI:8351	pradimicin C	ANTIFUNGAL	pradimicin-c	74f6cc8362498900f2fe2c13d0b6fdb66dd30976
IHQIMVZJVJTKSV-UHFFFAOYSA-N	CHEBI:65799	diperamycin	ANTIBACTERIAL	diperamycin	74f6cc8362498900f2fe2c13d0b6fdb66dd30976
IIFHKWNCTVOSKL-OKGGWNPJSA-N	CHEBI:66147	klugine	ANTIPROTOZOAL	klugine	74f6cc8362498900f2fe2c13d0b6fdb66dd30976
IIJUQWOGZFHFTN-FHUFSZDOSA-N	antibioticmech:aro-6a4094ddb2	dragmacidin F	ANTIBACTERIAL	dragmacidin-f	74f6cc8362498900f2fe2c13d0b6fdb66dd30976
IIQSJHUEZBTSAT-VMPREFPWSA-N	CHEBI:132893	fangchinoline	ANTIVIRAL	fangchinoline	74f6cc8362498900f2fe2c13d0b6fdb66dd30976
IJJVMEJXYNJXOJ-UHFFFAOYSA-N	CHEBI:83923	fluquinconazole	ANTIFUNGAL	fluquinconazole	74f6cc8362498900f2fe2c13d0b6fdb66dd30976
IJMVGIBIGDBVLY-FIFJRYGNSA-N	antibioticmech:aro-d623ec0929	epinecidin-1	ANTIBACTERIAL	epinecidin-1	74f6cc8362498900f2fe2c13d0b6fdb66dd30976
IJODRMYZNYTFTC-UHFFFAOYSA-N	antibioticmech:aro-ba8c8dd0ec	pyrrolomycin D	ANTIBACTERIAL	pyrrolomycin-d	74f6cc8362498900f2fe2c13d0b6fdb66dd30976
IJOMIIDEKGZJJF-KSCHHOEWSA-N	CHEBI:152570	butremycin	ANTIBACTERIAL	butremycin	74f6cc8362498900f2fe2c13d0b6fdb66dd30976
IJXHLVMUNBOGRR-UHFFFAOYSA-N	CHEBI:44499	methyl nonanoate	ANTIFUNGAL	methyl-nonanoate	74f6cc8362498900f2fe2c13d0b6fdb66dd30976
IKGXIBQEEMLURG-NVPNHPEKSA-N	antibioticmech:curator-59edbdc708	Rutin	ANTIBACTERIAL	rutin	74f6cc8362498900f2fe2c13d0b6fdb66dd30976
IKIIZLYTISPENI-ZFORQUDYSA-N	CHEBI:2981	baicalin	ANTIBACTERIAL	baicalin	74f6cc8362498900f2fe2c13d0b6fdb66dd30976
IKNYNBVDLOWJFN-AKGWNBJDSA-N	CHEBI:66077	integracin B	ANTIVIRAL	integracin-b	74f6cc8362498900f2fe2c13d0b6fdb66dd30976
IKQKYNWOONQHQK-DVSNLDMXSA-N	CHEBI:68377	3-O-[β-D-glucopyranosyl]-28-O-[α-L-rhamnopyranosyl-(1→2)-β-D-glucopyranosyl]maslinic acid	ANTIBACTERIAL	3-o-β-d-glucopyranosyl-28-o-α-l-rhamnopyranosyl-12-β-d-glucopyranosyl-	74f6cc8362498900f2fe2c13d0b6fdb66dd30976
IKYKEVDKGZYRMQ-PDBXOOCHSA-N	CHEBI:77474	(9Z,12Z,15Z)-octadecatrien-1-ol	ANTIBACTERIAL	9z-12z-15z-octadecatrien-1-ol	74f6cc8362498900f2fe2c13d0b6fdb66dd30976
IKYMLQOHQLVORI-PLAPNZKPSA-N	CHEBI:31927	nystatin A3	ANTIFUNGAL	nystatin-a3	74f6cc8362498900f2fe2c13d0b6fdb66dd30976
ILRVASBWNRYBFD-UHFFFAOYSA-K	CHEBI:60269	trisodium phosphonoformate hexahydrate	ANTIVIRAL	trisodium-phosphonoformate-hexahydrate	74f6cc8362498900f2fe2c13d0b6fdb66dd30976
ILSZYBVYZFASML-KRZMJZBHSA-N	CHEBI:65635	citrafungin A	ANTIFUNGAL	citrafungin-a	74f6cc8362498900f2fe2c13d0b6fdb66dd30976
IMHBYKMAHXWHRP-UHFFFAOYSA-N	CHEBI:82076	anilazine	ANTIFUNGAL	anilazine	74f6cc8362498900f2fe2c13d0b6fdb66dd30976
IMXSFYNMSOULQS-BEDFLICRSA-N	CHEBI:82751	cholesteryl arachidonate	ANTIBACTERIAL	cholesteryl-arachidonate	74f6cc8362498900f2fe2c13d0b6fdb66dd30976
INDBQLZJXZLFIT-UHFFFAOYSA-N	CHEBI:8405	primaquine	ANTIPROTOZOAL	primaquine	74f6cc8362498900f2fe2c13d0b6fdb66dd30976
INJLZOSCEJMAGG-ADTDQJCQSA-N	CHEBI:65975	glomosporin	ANTIFUNGAL	glomosporin	74f6cc8362498900f2fe2c13d0b6fdb66dd30976
INSDJDFCZJWKAI-UHFFFAOYSA-N	CHEBI:66650	macluraxanthone C	ANTIVIRAL	macluraxanthone-c	74f6cc8362498900f2fe2c13d0b6fdb66dd30976
INVAPAXTQZQLGN-UHFFFAOYSA-N	CHEBI:69475	TAN-931	ANTIVIRAL	tan-931	74f6cc8362498900f2fe2c13d0b6fdb66dd30976
INVGWHRKADIJHF-UHFFFAOYSA-N	CHEBI:17183	sanguinarine	ANTIFUNGAL	sanguinarine	74f6cc8362498900f2fe2c13d0b6fdb66dd30976
IPCSVZSSVZVIGE-UHFFFAOYSA-N	CHEBI:15756	palmitic acid	ANTIBACTERIAL	palmitic-acid	74f6cc8362498900f2fe2c13d0b6fdb66dd30976
IPEHBUMCGVEMRF-UHFFFAOYSA-N	CHEBI:45285	pyrazinecarboxamide	ANTIMYCOBACTERIAL	pyrazinecarboxamide	74f6cc8362498900f2fe2c13d0b6fdb66dd30976
IPEHJNRNYPOFII-AZUAARDMSA-N	CHEBI:138961	sugiol	ANTIVIRAL	sugiol	74f6cc8362498900f2fe2c13d0b6fdb66dd30976
IPENDKRRWFURRE-UHFFFAOYSA-N	CHEBI:81826	fluoroimide	ANTIFUNGAL	fluoroimide	74f6cc8362498900f2fe2c13d0b6fdb66dd30976
IPFJEJXCPFOYQR-CRBXCGNKSA-N	CHEBI:69518	rubiarbonol G	ANTIMICROBIAL_UNSPECIFIED	rubiarbonol-g	74f6cc8362498900f2fe2c13d0b6fdb66dd30976
IPKUPGYEVPMEEL-UHFFFAOYSA-N	CHEBI:66003	N-ethylharmine	ANTIVIRAL	n-ethylharmine	74f6cc8362498900f2fe2c13d0b6fdb66dd30976
IPMYMEWFZKHGAX-ZKSIBHASSA-N	CHEBI:136609	theaflavin	ANTIBACTERIAL	theaflavin	74f6cc8362498900f2fe2c13d0b6fdb66dd30976
IPQJRJBZGLDTMW-UHFFFAOYSA-N	CHEBI:32199	tetracenomycin B2	ANTIMICROBIAL_UNSPECIFIED	tetracenomycin-b2	74f6cc8362498900f2fe2c13d0b6fdb66dd30976
IPWKIXLWTCNBKN-UHFFFAOYSA-N	CHEBI:75176	ornidazole	ANTIBACTERIAL	ornidazole	74f6cc8362498900f2fe2c13d0b6fdb66dd30976
IPZFPROOBOUEIG-UHFFFAOYSA-N	CHEBI:85266	amprolium(1+)	ANTIPROTOZOAL	amprolium-1	74f6cc8362498900f2fe2c13d0b6fdb66dd30976
IQFYYKKMVGJFEH-CSMHCCOUSA-N	CHEBI:63624	telbivudine	ANTIVIRAL	telbivudine	74f6cc8362498900f2fe2c13d0b6fdb66dd30976
IQGKIPDJXCAMSM-UHFFFAOYSA-N	CHEBI:83335	triazoxide	ANTIFUNGAL	triazoxide	74f6cc8362498900f2fe2c13d0b6fdb66dd30976
IQWHCHZFYPIVRV-VLLYEMIKSA-I	CHEBI:59663	colistin A sodium methanesulfonate	ANTIBACTERIAL	colistin-a-sodium-methanesulfonate	74f6cc8362498900f2fe2c13d0b6fdb66dd30976
IRHVVAKMDAHHAI-UHFFFAOYSA-N	CHEBI:141317	2-phenylethyl 1H-indol-3-ylacetate	ANTIFUNGAL	2-phenylethyl-1h-indol-3-ylacetate	74f6cc8362498900f2fe2c13d0b6fdb66dd30976
IRPHRMHQEPXQQF-RFMSQVAGSA-N	CHEBI:69023	preaustinoid A	ANTIBACTERIAL	preaustinoid-a	74f6cc8362498900f2fe2c13d0b6fdb66dd30976
IRSCQMHQWWYFCW-UHFFFAOYSA-N	CHEBI:465284	ganciclovir	ANTIVIRAL	ganciclovir	74f6cc8362498900f2fe2c13d0b6fdb66dd30976
IRSFLDGTOHBADP-UHFFFAOYSA-N	CHEBI:4778	embelin	ANTIMICROBIAL_UNSPECIFIED	embelin	74f6cc8362498900f2fe2c13d0b6fdb66dd30976
IRUQDNIRWKAXRV-AXFHLTTASA-N	CHEBI:149438	6-de(cyclopropylamino)-6-[(S)-sec-butylamino]abacavir	ANTIVIRAL	6-de-cyclopropylamino-6-s-sec-butylamino-abacavir	74f6cc8362498900f2fe2c13d0b6fdb66dd30976
IRZTUXPRIUZXMP-UHFFFAOYSA-N	CHEBI:69533	rubiadin	ANTIBACTERIAL	rubiadin	74f6cc8362498900f2fe2c13d0b6fdb66dd30976
ISHZQVDNXXXTHD-GOUKQLAUSA-N	CHEBI:27918	dihydrostreptomycin 3''-phosphate	ANTIMICROBIAL_UNSPECIFIED	dihydrostreptomycin-3-phosphate	74f6cc8362498900f2fe2c13d0b6fdb66dd30976
ISTOHHFNKVUOKP-BRUMOIPRSA-N	CHEBI:50301	terpentecin	ANTIMICROBIAL_UNSPECIFIED	terpentecin	74f6cc8362498900f2fe2c13d0b6fdb66dd30976
ISWSIDIOOBJBQZ-UHFFFAOYSA-N	CHEBI:15882	phenol	BIOCIDE	phenol	74f6cc8362498900f2fe2c13d0b6fdb66dd30976
ITMXZWXSZNBZAO-HZAQMHFWSA-N	antibioticmech:aro-d39089d50d	formicamycin E	ANTIBACTERIAL	formicamycin-e	74f6cc8362498900f2fe2c13d0b6fdb66dd30976
ITPZQGLNWWAFMF-FXQQNLISSA-N	CHEBI:66401	morellic acid	ANTIBACTERIAL	morellic-acid	74f6cc8362498900f2fe2c13d0b6fdb66dd30976
IUAYMJGZBVDSGL-XNNAEKOYSA-N	antibioticmech:aro-0734abf918	gramicidin S	ANTIBACTERIAL	gramicidin-s	74f6cc8362498900f2fe2c13d0b6fdb66dd30976
IUAYMJGZBVDSGL-XNNAEKOYSA-N	antibioticmech:aro-bf39ac682c	gramicidin C	ANTIBACTERIAL	gramicidin-c	74f6cc8362498900f2fe2c13d0b6fdb66dd30976
IUJAMGNYPWYUPM-UHFFFAOYSA-N	CHEBI:5659	hentriacontane	ANTIMYCOBACTERIAL	hentriacontane	74f6cc8362498900f2fe2c13d0b6fdb66dd30976
IUPCWCLVECYZRV-JZMZINANSA-N	CHEBI:87084	rosaramicin	ANTIBACTERIAL	rosaramicin	74f6cc8362498900f2fe2c13d0b6fdb66dd30976
IVBHGBMCVLDMKU-GXNBUGAJSA-N	CHEBI:8232	piperacillin	ANTIBACTERIAL	piperacillin	74f6cc8362498900f2fe2c13d0b6fdb66dd30976
IVEKQRBIUFGUSE-RZSWSVIESA-N	antibioticmech:aro-9612379da5	wychimicin C	ANTIBACTERIAL	wychimicin-c	74f6cc8362498900f2fe2c13d0b6fdb66dd30976
IVKGLRZLTNXWKF-VAWYXSNFSA-N	CHEBI:65777	2',4'-dihydroxy-3'-(2-hydroxy benzyl)-6'-methoxy chalcone	ANTIBACTERIAL	2-4-dihydroxy-3-2-hydroxy-benzyl-6-methoxy-chalcone	74f6cc8362498900f2fe2c13d0b6fdb66dd30976
IVTMALDHFAHOGL-GJRUVZIXSA-N	CHEBI:70147	quercetin-7-O-[α-L-rhamnopyranosyl(1→6)-β-D-galactopyranoside]	ANTIPROTOZOAL	quercetin-7-o-α-l-rhamnopyranosyl-16-β-d-galactopyranoside	74f6cc8362498900f2fe2c13d0b6fdb66dd30976
IVVLBSCKLIYBCU-GEMPFEMJSA-N	CHEBI:66404	moromycin B	ANTIMICROBIAL_UNSPECIFIED	moromycin-b	74f6cc8362498900f2fe2c13d0b6fdb66dd30976
IVWNIIWOWTWWKH-UHFFFAOYSA-N	CHEBI:66841	7-oxohernangerine	ANTIVIRAL	7-oxohernangerine	74f6cc8362498900f2fe2c13d0b6fdb66dd30976
IVYIIYNMXYWZJH-SPEROGKNSA-N	CHEBI:27599	3'-deoxydihydrostreptomycin 3''-phosphate	ANTIMICROBIAL_UNSPECIFIED	3-deoxydihydrostreptomycin-3-phosphate	74f6cc8362498900f2fe2c13d0b6fdb66dd30976
IWBADCVFZDCUTN-RYDLOJRTSA-N	antibioticmech:aro-9fd72752cb	enacyloxin IIa	ANTIBACTERIAL	enacyloxin-iia	74f6cc8362498900f2fe2c13d0b6fdb66dd30976
IWBJJCOKGLUQIZ-HQKKAZOISA-N	CHEBI:5834	hyperforin	ANTIBACTERIAL	hyperforin	74f6cc8362498900f2fe2c13d0b6fdb66dd30976
IWDCLRJOBJJRNH-UHFFFAOYSA-N	CHEBI:17847	p-cresol	ANTIFUNGAL	p-cresol	74f6cc8362498900f2fe2c13d0b6fdb66dd30976
IWSICNFCWDNIOY-ATVHPVEESA-N	CHEBI:231944	bifemetstrobin	ANTIFUNGAL	bifemetstrobin	74f6cc8362498900f2fe2c13d0b6fdb66dd30976
IWUCXVSUMQZMFG-AFCXAGJDSA-N	CHEBI:63580	ribavirin	ANTIVIRAL	ribavirin	74f6cc8362498900f2fe2c13d0b6fdb66dd30976
IWVCMVBTMGNXQD-PXOLEDIWSA-N	CHEBI:27701	oxytetracycline	ANTIBACTERIAL	oxytetracycline	74f6cc8362498900f2fe2c13d0b6fdb66dd30976
IWYDHOAUDWTVEP-SSDOTTSWSA-N	CHEBI:17656	(R)-mandelic acid	ANTIBACTERIAL	r-mandelic-acid	74f6cc8362498900f2fe2c13d0b6fdb66dd30976
IWYDHOAUDWTVEP-UHFFFAOYSA-N	CHEBI:35825	mandelic acid	ANTIBACTERIAL	mandelic-acid	74f6cc8362498900f2fe2c13d0b6fdb66dd30976
IWYDHOAUDWTVEP-ZETCQYMHSA-N	CHEBI:32800	(S)-mandelic acid	ANTIBACTERIAL	s-mandelic-acid	74f6cc8362498900f2fe2c13d0b6fdb66dd30976
IXONDWQZWWLZDF-ZCMVJGEESA-N	CHEBI:66747	phomacin B	ANTIMICROBIAL_UNSPECIFIED	phomacin-b	74f6cc8362498900f2fe2c13d0b6fdb66dd30976
IXSVOCGZBUJEPI-HTQYORAHSA-N	antibioticmech:aro-cf6aac5f15	rifalazil	ANTIBACTERIAL	rifalazil	74f6cc8362498900f2fe2c13d0b6fdb66dd30976
IXUSDMGLUJZNFO-BXUZGUMPSA-N	CHEBI:41425	(7R)-7-(4-carboxybutanamido)cephalosporanic acid	ANTIMICROBIAL_UNSPECIFIED	7r-7-4-carboxybutanamido-cephalosporanic-acid	74f6cc8362498900f2fe2c13d0b6fdb66dd30976
IXWNPEOFLGJGLY-WCWDXBQESA-N	CHEBI:195528	NPD6433	ANTIFUNGAL	npd6433	74f6cc8362498900f2fe2c13d0b6fdb66dd30976
IXXFZUPTQVDPPK-QIFQIIIXSA-N	antibioticmech:aro-f9eb09229d	solithromycin	ANTIBACTERIAL	solithromycin	74f6cc8362498900f2fe2c13d0b6fdb66dd30976
IYDYFVUFSPQPPV-PEXOCOHZSA-N	antibioticmech:aro-554b15fa7b	plazomicin	ANTIBACTERIAL	plazomicin	74f6cc8362498900f2fe2c13d0b6fdb66dd30976
IYIKMJOMHPPBMO-FTTJKWPISA-N	CHEBI:65367	8-acetoxyheterophyllisine	ANTIFUNGAL	8-acetoxyheterophyllisine	74f6cc8362498900f2fe2c13d0b6fdb66dd30976
IYMDTUUDLAHXGD-HADMNRPSSA-N	CHEBI:68378	3-O-[β-D-glucopyranosyl]-28-O-[α-L-rhamnopyranosyl-(1→2)-β-D-glucopyranosyl]arjunolic acid	ANTIBACTERIAL	3-o-β-d-glucopyranosyl-28-o-α-l-rhamnopyranosyl-12-β-d-glucopyranosyl--68378	74f6cc8362498900f2fe2c13d0b6fdb66dd30976
IYRMWMYZSQPJKC-UHFFFAOYSA-N	CHEBI:28499	kaempferol	ANTIBACTERIAL	kaempferol	74f6cc8362498900f2fe2c13d0b6fdb66dd30976
IZEAZUCUNIRFMQ-SBZMANJYSA-N	antibioticmech:aro-7d06ad4acd	GE37468	ANTIBACTERIAL	ge37468	74f6cc8362498900f2fe2c13d0b6fdb66dd30976
IZICQJAGBLBAMJ-QDYRYYKCSA-N	CHEBI:142841	spectinabilin	ANTIPROTOZOAL	spectinabilin	74f6cc8362498900f2fe2c13d0b6fdb66dd30976
IZOYMGQQVNAMHS-UHFFFAOYSA-N	CHEBI:88258	sulfametrole	ANTIMICROBIAL_UNSPECIFIED	sulfametrole	74f6cc8362498900f2fe2c13d0b6fdb66dd30976
IZTPMTAWOCEKKM-VXMYZLRESA-N	CHEBI:146000	emetine dihydrochloride hydrate	ANTIPROTOZOAL	emetine-dihydrochloride-hydrate	74f6cc8362498900f2fe2c13d0b6fdb66dd30976
IZUPBVBPLAPZRR-UHFFFAOYSA-N	CHEBI:17642	pentachlorophenol	ANTIFUNGAL	pentachlorophenol	74f6cc8362498900f2fe2c13d0b6fdb66dd30976
JAANJQNFIJSRTK-KYRPIRIWSA-N	CHEBI:66537	swertifrancheside	ANTIVIRAL	swertifrancheside	74f6cc8362498900f2fe2c13d0b6fdb66dd30976
JAGLEOBXISHNNM-BRUQVKLWSA-N	CHEBI:85330	dapdiamide A	ANTIMICROBIAL_UNSPECIFIED	dapdiamide-a	74f6cc8362498900f2fe2c13d0b6fdb66dd30976
JAHGNOXPMXOEJS-BSPLYONXSA-N	CHEBI:88298	FR171456	ANTIFUNGAL	fr171456	74f6cc8362498900f2fe2c13d0b6fdb66dd30976
JAJMETBQBCMJSZ-IHRRRGAJSA-N	CHEBI:65600	cathestatin B	ANTIMICROBIAL_UNSPECIFIED	cathestatin-b	74f6cc8362498900f2fe2c13d0b6fdb66dd30976
JAPHQRWPEGVNBT-UTUOFQBUSA-M	CHEBI:281056	loracarbef anion	ANTIMICROBIAL_UNSPECIFIED	loracarbef-anion	74f6cc8362498900f2fe2c13d0b6fdb66dd30976
JAPHQRWPEGVNBT-UTUOFQBUSA-N	CHEBI:214480	loracarbef zwitterion	ANTIMICROBIAL_UNSPECIFIED	loracarbef-zwitterion	74f6cc8362498900f2fe2c13d0b6fdb66dd30976
JAPHQRWPEGVNBT-UTUOFQBUSA-N	CHEBI:47544	loracarbef	ANTIBACTERIAL	loracarbef	74f6cc8362498900f2fe2c13d0b6fdb66dd30976
JARYYMUOCXVXNK-CSLFJTBJSA-N	CHEBI:29703	validamycin A	ANTIFUNGAL	validamycin-a	74f6cc8362498900f2fe2c13d0b6fdb66dd30976
JARYYMUOCXVXNK-CSLFJTBJSA-O	CHEBI:90869	validamycin A(1+)	ANTIFUNGAL	validamycin-a-1	74f6cc8362498900f2fe2c13d0b6fdb66dd30976
JATBUOZGJQJSGA-UHFFFAOYSA-N	CHEBI:66140	karalicin	ANTIVIRAL	karalicin	74f6cc8362498900f2fe2c13d0b6fdb66dd30976
JAYHQHZOWYDLDQ-PONGSQKHSA-N	CHEBI:65583	dragomabin	ANTIPROTOZOAL	dragomabin	74f6cc8362498900f2fe2c13d0b6fdb66dd30976
JBIROUFYLSSYDX-UHFFFAOYSA-M	CHEBI:167208	benzododecinium chloride	BIOCIDE	benzododecinium-chloride	74f6cc8362498900f2fe2c13d0b6fdb66dd30976
JBIWCJUYHHGXTC-AKNGSSGZSA-N	CHEBI:50845	doxycycline	ANTIBACTERIAL	doxycycline	74f6cc8362498900f2fe2c13d0b6fdb66dd30976
JBTGHKUTYAMZEZ-UHFFFAOYSA-N	CHEBI:51763	cellocidin	ANTIBACTERIAL	cellocidin	74f6cc8362498900f2fe2c13d0b6fdb66dd30976
JCGHAEBIBSEQAD-UUUCSUBKSA-N	CHEBI:4916	eugeniin	ANTIFUNGAL	eugeniin	74f6cc8362498900f2fe2c13d0b6fdb66dd30976
JCMDNBJXOUWFMR-JTQLQIEISA-N	CHEBI:65518	brasiliquinone C	ANTIBACTERIAL	brasiliquinone-c	74f6cc8362498900f2fe2c13d0b6fdb66dd30976
JCMPRFCVZKOFIT-KRWDZBQOSA-N	CHEBI:15390	(+)-bisdechlorogeodin	ANTIMICROBIAL_UNSPECIFIED	bisdechlorogeodin	74f6cc8362498900f2fe2c13d0b6fdb66dd30976
JCMPRFCVZKOFIT-QGZVFWFLSA-N	CHEBI:15391	(−)-bisdechlorogeodin	ANTIMICROBIAL_UNSPECIFIED	bisdechlorogeodin-15391	74f6cc8362498900f2fe2c13d0b6fdb66dd30976
JCMPRFCVZKOFIT-UHFFFAOYSA-N	CHEBI:22899	bisdechlorogeodin	ANTIMICROBIAL_UNSPECIFIED	bisdechlorogeodin-22899	74f6cc8362498900f2fe2c13d0b6fdb66dd30976
JCPDZXJDYRLFMC-UHFFFAOYSA-N	CHEBI:66524	streptokordin	ANTIMICROBIAL_UNSPECIFIED	streptokordin	74f6cc8362498900f2fe2c13d0b6fdb66dd30976
JCTPGOAHEVLZAB-KIXAZQDESA-N	antibioticmech:aro-4c6e0c1ff0	tuberactinomycin	ANTIBACTERIAL	tuberactinomycin	74f6cc8362498900f2fe2c13d0b6fdb66dd30976
JDALSSGOBMTZEP-NWJWHWDBSA-N	CHEBI:10050	XV638	ANTIVIRAL	xv638	74f6cc8362498900f2fe2c13d0b6fdb66dd30976
JDLKFOPOAOFWQN-UHFFFAOYSA-N	CHEBI:28411	allicin	ANTIBACTERIAL	allicin	74f6cc8362498900f2fe2c13d0b6fdb66dd30976
JDTRJLXTQXQSSV-FJWCHDPXSA-N	CHEBI:67478	lamesticumin E	ANTIBACTERIAL	lamesticumin-e	74f6cc8362498900f2fe2c13d0b6fdb66dd30976
JDTWUDDOSHJEIZ-UHFFFAOYSA-N	CHEBI:231816	CT3	ANTIPROTOZOAL	ct3	74f6cc8362498900f2fe2c13d0b6fdb66dd30976
JDVVGAQPNNXQDW-TVNFTVLESA-N	CHEBI:27860	castanospermine	ANTIVIRAL	castanospermine	74f6cc8362498900f2fe2c13d0b6fdb66dd30976
JEFUQUGZXLEHLD-UHFFFAOYSA-N	CHEBI:228225	isoflucypram	ANTIFUNGAL	isoflucypram	74f6cc8362498900f2fe2c13d0b6fdb66dd30976
JETQIUPBHQNHNZ-OAYJICASSA-N	CHEBI:9322	sulbenicillin	ANTIMICROBIAL_UNSPECIFIED	sulbenicillin	74f6cc8362498900f2fe2c13d0b6fdb66dd30976
JFIOVJDNOJYLKP-UHFFFAOYSA-N	CHEBI:3131	bithionol	ANTIFUNGAL	bithionol	74f6cc8362498900f2fe2c13d0b6fdb66dd30976
JFPVXVDWJQMJEE-IZRZKJBUSA-N	CHEBI:3515	cefuroxime	ANTIBACTERIAL	cefuroxime	74f6cc8362498900f2fe2c13d0b6fdb66dd30976
JFRWATCOFCPIBM-JPFHKJGASA-N	CHEBI:144354	methyl γ-linolenate	ANTIBACTERIAL	methyl-γ-linolenate	74f6cc8362498900f2fe2c13d0b6fdb66dd30976
JFSPBVWPKOEZCB-UHFFFAOYSA-N	CHEBI:81994	fenfuram	ANTIFUNGAL	fenfuram	74f6cc8362498900f2fe2c13d0b6fdb66dd30976
JFUFATWECSQGDK-UHFFFAOYSA-N	CHEBI:66455	scutianthraquinone C	ANTIPROTOZOAL	scutianthraquinone-c	74f6cc8362498900f2fe2c13d0b6fdb66dd30976
JFVZFKDSXNQEJW-CQSZACIVSA-N	CHEBI:63717	tenofovir disoproxil	ANTIVIRAL	tenofovir-disoproxil	74f6cc8362498900f2fe2c13d0b6fdb66dd30976
JGBUIUFDBKKZNT-WBNSUDINSA-N	CHEBI:65564	callophycoic acid H	ANTIBACTERIAL	callophycoic-acid-h	74f6cc8362498900f2fe2c13d0b6fdb66dd30976
JGCSKOVQDXEQHI-UHFFFAOYSA-N	CHEBI:62412	phenazine-1-carboxylic acid	ANTIFUNGAL	phenazine-1-carboxylic-acid	74f6cc8362498900f2fe2c13d0b6fdb66dd30976
JGNMZTXDOHXIJQ-ONEGZZNKSA-N	CHEBI:70401	(E)-1-(2,3-dihydro-1H-pyrrol-1-yl)-2-methyldec-8-ene-1,3-dione	ANTIFUNGAL	e-1-2-3-dihydro-1h-pyrrol-1-yl-2-methyldec-8-ene-1-3-dione	74f6cc8362498900f2fe2c13d0b6fdb66dd30976
JGNNRPWTNULSRW-BLNRMBNUSA-N	CHEBI:77648	novapikromycin	ANTIMICROBIAL_UNSPECIFIED	novapikromycin	74f6cc8362498900f2fe2c13d0b6fdb66dd30976
JGSARLDLIJGVTE-MBNYWOFBSA-N	CHEBI:18208	benzylpenicillin	ANTIBACTERIAL	benzylpenicillin	74f6cc8362498900f2fe2c13d0b6fdb66dd30976
JGSLSHOXBXVVTQ-NEUKEVNNSA-N	CHEBI:66319	rubriflordilactone B	ANTIVIRAL	rubriflordilactone-b	74f6cc8362498900f2fe2c13d0b6fdb66dd30976
JHCPXISTONUFKB-UUBMZHIOSA-N	CHEBI:65580	caribenol A	ANTIMYCOBACTERIAL	caribenol-a	74f6cc8362498900f2fe2c13d0b6fdb66dd30976
JHDKZFFAIZKUCU-ZRDIBKRKSA-N	CHEBI:95071	pracinostat	ANTIPROTOZOAL	pracinostat	74f6cc8362498900f2fe2c13d0b6fdb66dd30976
JHEAWXMXAWIRAB-FTVOIDONSA-N	CHEBI:141360	helvolic acid methyl ester	ANTIBACTERIAL	helvolic-acid-methyl-ester	74f6cc8362498900f2fe2c13d0b6fdb66dd30976
JHFNIHVVXRKLEF-DCZLAGFPSA-N	CHEBI:134719	ceftolozane	ANTIBACTERIAL	ceftolozane	74f6cc8362498900f2fe2c13d0b6fdb66dd30976
JHIKFOISFAQTJQ-YZANBJIASA-N	CHEBI:47724	vancomycin aglycone	ANTIMICROBIAL_UNSPECIFIED	vancomycin-aglycone	74f6cc8362498900f2fe2c13d0b6fdb66dd30976
JHIPUJPTQJYEQK-ZLHHXESBSA-N	CHEBI:81832	orysastrobin	ANTIFUNGAL	orysastrobin	74f6cc8362498900f2fe2c13d0b6fdb66dd30976
JHJPDDBIHSFERA-GOSISDBHSA-N	CHEBI:66027	(5R)-5-hydroxy-7-(4''-hydroxy-3''-methoxyphenyl)-1-phenyl-3-heptanone	ANTIVIRAL	5r-5-hydroxy-7-4-hydroxy-3-methoxyphenyl-1-phenyl-3-heptanone	74f6cc8362498900f2fe2c13d0b6fdb66dd30976
JHRWWRDRBPCWTF-UHFFFAOYSA-N	CHEBI:81938	captafol	ANTIFUNGAL	captafol	74f6cc8362498900f2fe2c13d0b6fdb66dd30976
JHVAMHSQVVQIOT-MFAJLEFUSA-N	CHEBI:55346	anidulafungin	ANTIFUNGAL	anidulafungin	74f6cc8362498900f2fe2c13d0b6fdb66dd30976
JHZMFWWPPNBNOE-BTYMIDDJSA-N	antibioticmech:aro-eeb30db614	cervimycin K1	ANTIBACTERIAL	cervimycin-k1	74f6cc8362498900f2fe2c13d0b6fdb66dd30976
JIAARYAFYJHUJI-UHFFFAOYSA-L	CHEBI:49976	zinc dichloride	BIOCIDE	zinc-dichloride	74f6cc8362498900f2fe2c13d0b6fdb66dd30976
JIEMCPGFAXNCQW-XVYZEKPJSA-N	CHEBI:66220	thiomarinol A	ANTIBACTERIAL	thiomarinol-a	74f6cc8362498900f2fe2c13d0b6fdb66dd30976
JIRBAUWICKGBFE-MNRDOXJOSA-N	CHEBI:52015	carindacillin	ANTIMICROBIAL_UNSPECIFIED	carindacillin	74f6cc8362498900f2fe2c13d0b6fdb66dd30976
JIYMVSQRGZEYAX-CWUUNJJBSA-N	CHEBI:53749	gemifloxacin mesylate	ANTIMICROBIAL_UNSPECIFIED	gemifloxacin-mesylate	74f6cc8362498900f2fe2c13d0b6fdb66dd30976
JJCQSGDBDPYCEO-XVZSLQNASA-N	CHEBI:37945	dibekacin	ANTIBACTERIAL	dibekacin	74f6cc8362498900f2fe2c13d0b6fdb66dd30976
JJFGJQNWIJPCAN-AJOOJNDDSA-N	CHEBI:66291	(3Z)-ravenic acid	ANTIBACTERIAL	3z-ravenic-acid	74f6cc8362498900f2fe2c13d0b6fdb66dd30976
JJGZGELTZPACID-OTLJHNKQSA-N	CHEBI:65619	chloropeptin II	ANTIVIRAL	chloropeptin-ii	74f6cc8362498900f2fe2c13d0b6fdb66dd30976
JJGZGELTZPACID-OTLJHNKQSA-N	CHEBI:66093	isocomplestatin	ANTIVIRAL	complestatin	74f6cc8362498900f2fe2c13d0b6fdb66dd30976
JKXQBIZCQJLVOS-GSNLGQFWSA-N	CHEBI:131732	clometocillin	ANTIBACTERIAL	clometocillin	74f6cc8362498900f2fe2c13d0b6fdb66dd30976
JLDLXPZTQHZTBT-JYNQZMPESA-N	CHEBI:66023	hookerianamide K	ANTIBACTERIAL	hookerianamide-k	74f6cc8362498900f2fe2c13d0b6fdb66dd30976
JLGKQTAYUIMGRK-IBGZPJMESA-N	CHEBI:83685	arasertaconazole	ANTIBACTERIAL	arasertaconazole	74f6cc8362498900f2fe2c13d0b6fdb66dd30976
JLKIGFTWXXRPMT-UHFFFAOYSA-N	CHEBI:9332	sulfamethoxazole	ANTIBACTERIAL	sulfamethoxazole	74f6cc8362498900f2fe2c13d0b6fdb66dd30976
JLSGWGFUNKKVBT-FMDNSJKISA-N	CHEBI:228296	5α-cholesta-24-en-3β,20β-diol-23-one	ANTIBACTERIAL	5α-cholesta-24-en-3β-20β-diol-23-one	74f6cc8362498900f2fe2c13d0b6fdb66dd30976
JLSQXYITDXJTKL-UHFFFAOYSA-N	CHEBI:3613	chlorflavonin	ANTIFUNGAL	chlorflavonin	74f6cc8362498900f2fe2c13d0b6fdb66dd30976
JLTSTSRANGPLOQ-RIYZIHGNSA-N	CHEBI:66318	rubraxanthone	ANTIBACTERIAL	rubraxanthone	74f6cc8362498900f2fe2c13d0b6fdb66dd30976
JLYXXMFPNIAWKQ-GNIYUCBRSA-N	CHEBI:32888	γ-hexachlorocyclohexane	ANTIBACTERIAL	γ-hexachlorocyclohexane	74f6cc8362498900f2fe2c13d0b6fdb66dd30976
JMDULECOHIXMNX-UHFFFAOYSA-N	CHEBI:29584	GE2270A	ANTIBACTERIAL	ge2270a	74f6cc8362498900f2fe2c13d0b6fdb66dd30976
JMKBTQYGOKJMBJ-ZQPPIKFSSA-N	CHEBI:132468	bacteriohopane-32,33,34,35-tetrol	ANTIMICROBIAL_UNSPECIFIED	bacteriohopane-32-33-34-35-tetrol	74f6cc8362498900f2fe2c13d0b6fdb66dd30976
JMOHRMCZYHDLSW-UHFFFAOYSA-N	CHEBI:72792	lamellarin α 20-hydrogen sulfate	ANTIVIRAL	lamellarin-α-20-hydrogen-sulfate	74f6cc8362498900f2fe2c13d0b6fdb66dd30976
JMXKCYUTURMERF-UHFFFAOYSA-N	CHEBI:81960	dodemorph	ANTIFUNGAL	dodemorph	74f6cc8362498900f2fe2c13d0b6fdb66dd30976
JNMRHUJNCSQMMB-UHFFFAOYSA-N	CHEBI:9337	sulfathiazole	ANTIMICROBIAL_UNSPECIFIED	sulfathiazole	74f6cc8362498900f2fe2c13d0b6fdb66dd30976
JNQHDEHVHXLCAL-UHFFFAOYSA-N	CHEBI:82641	gepinacin	ANTIFUNGAL	gepinacin	74f6cc8362498900f2fe2c13d0b6fdb66dd30976
JNTOCHDNEULJHD-UHFFFAOYSA-N	CHEBI:7956	penciclovir	ANTIVIRAL	penciclovir	74f6cc8362498900f2fe2c13d0b6fdb66dd30976
JOHZPMXAZQZXHR-UHFFFAOYSA-N	CHEBI:75250	pipemidic acid	ANTIBACTERIAL	pipemidic-acid	74f6cc8362498900f2fe2c13d0b6fdb66dd30976
JOOMJVFZQRQWKR-UHFFFAOYSA-N	CHEBI:81942	pyrazophos	ANTIFUNGAL	pyrazophos	74f6cc8362498900f2fe2c13d0b6fdb66dd30976
JPCLUJPDWMBCAA-SUTQZAMLSA-N	antibioticmech:aro-6d3a6e6b69	iboxamycin	ANTIBACTERIAL	iboxamycin	74f6cc8362498900f2fe2c13d0b6fdb66dd30976
JPFWJDMDPLEUBD-ITJAGOAWSA-N	CHEBI:78777	polyoxorim	ANTIFUNGAL	polyoxorim	74f6cc8362498900f2fe2c13d0b6fdb66dd30976
JPGWTZORMBTNMF-UHFFFAOYSA-N	CHEBI:156453	pyoluteorin	ANTIBACTERIAL	pyoluteorin	74f6cc8362498900f2fe2c13d0b6fdb66dd30976
JPMIIZHYYWMHDT-UHFFFAOYSA-N	CHEBI:81936	octhilinone	ANTIBACTERIAL	octhilinone	74f6cc8362498900f2fe2c13d0b6fdb66dd30976
JPUKWEQWGBDDQB-DTGCRPNFSA-N	CHEBI:31742	kaempferol 3-O-β-D-galactoside	ANTIFUNGAL	kaempferol-3-o-β-d-galactoside	74f6cc8362498900f2fe2c13d0b6fdb66dd30976
JPUKWEQWGBDDQB-QSOFNFLRSA-N	CHEBI:30200	kaempferol 3-O-β-D-glucoside	ANTIPROTOZOAL	kaempferol-3-o-β-d-glucoside	74f6cc8362498900f2fe2c13d0b6fdb66dd30976
JQGRQEJSWFZWOD-IDAOPYDCSA-N	CHEBI:149679	N-(tert-butoxycarbonyl)-L-seryl-L-valyl-N-{(2S,3E)-5-ethoxy-5-oxo-1-[(3S)-2-oxopyrrolidin-3-yl]pent-3-en-2-yl}-L-leucinamide	ANTIVIRAL	n-tert-butoxycarbonyl-l-seryl-l-valyl-n-2s-3e-5-ethoxy-5-oxo-1-3s-2-ox	74f6cc8362498900f2fe2c13d0b6fdb66dd30976
JQMYMZZLIOIXEO-SREVYHEPSA-N	CHEBI:140434	3-[(Z)-2-isocyanovinyl]indole	ANTIBACTERIAL	3-z-2-isocyanovinyl-indole	74f6cc8362498900f2fe2c13d0b6fdb66dd30976
JQXRWMLDLWYXKW-KWEXCAGTSA-N	CHEBI:65371	adxanthromycin A	ANTIMICROBIAL_UNSPECIFIED	adxanthromycin-a	74f6cc8362498900f2fe2c13d0b6fdb66dd30976
JQXXHWHPUNPDRT-WLSIYKJHSA-N	CHEBI:28077	rifampicin	ANTIMYCOBACTERIAL	rifampicin	74f6cc8362498900f2fe2c13d0b6fdb66dd30976
JRHMMVBOTXEHGJ-UHFFFAOYSA-N	CHEBI:4324	daphnoretin	ANTIVIRAL	daphnoretin	74f6cc8362498900f2fe2c13d0b6fdb66dd30976
JROGBPMEKVAPEH-GXGBFOEMSA-N	CHEBI:149551	emetine dihydrochloride	ANTIPROTOZOAL	emetine-dihydrochloride	74f6cc8362498900f2fe2c13d0b6fdb66dd30976
JSCQSBGXKRTPHZ-SYKZHUKTSA-N	CHEBI:78156	mucidin	ANTIFUNGAL	mucidin	74f6cc8362498900f2fe2c13d0b6fdb66dd30976
JSDXOWVAHXDYCU-VXSYNFHWSA-N	CHEBI:135817	cefminox	ANTIBACTERIAL	cefminox	74f6cc8362498900f2fe2c13d0b6fdb66dd30976
JSWKNDSDVHJUKY-CYGWNLPQSA-N	CHEBI:71658	mersacidin	ANTIBACTERIAL	mersacidin	74f6cc8362498900f2fe2c13d0b6fdb66dd30976
JTEGQNOMFQHVDC-NKWVEPMBSA-N	CHEBI:63577	lamivudine	ANTIVIRAL	lamivudine	74f6cc8362498900f2fe2c13d0b6fdb66dd30976
JTENRUUFNJYAKN-COBKFSOWSA-N	antibioticmech:aro-3e4204a292	UK-69,753	ANTIBACTERIAL	uk-69-753	74f6cc8362498900f2fe2c13d0b6fdb66dd30976
JTGLZOMMRQOKBM-UHFFFAOYSA-N	CHEBI:68803	mollicellin E	ANTIPROTOZOAL	mollicellin-e	74f6cc8362498900f2fe2c13d0b6fdb66dd30976
JTJHSEFMUWUYLU-KXSKSBKOSA-N	CHEBI:65560	callophycoic acid D	ANTIBACTERIAL	callophycoic-acid-d	74f6cc8362498900f2fe2c13d0b6fdb66dd30976
JTJJGVCUEGCBHL-IWDHFESKSA-N	CHEBI:131850	PR-39	ANTIBACTERIAL	pr-39	74f6cc8362498900f2fe2c13d0b6fdb66dd30976
JTSDBFGMPLKDCD-XVFHVFLVSA-N	CHEBI:195409	tilmicosin	ANTIBACTERIAL	tilmicosin	74f6cc8362498900f2fe2c13d0b6fdb66dd30976
JTWOMNBEOCYFNV-NFFDBFGFSA-N	CHEBI:2956	azlocillin	ANTIBACTERIAL	azlocillin	74f6cc8362498900f2fe2c13d0b6fdb66dd30976
JUBRYHUFFFYTGR-UHFFFAOYSA-N	CHEBI:191856	helioxanthin	ANTIVIRAL	helioxanthin	74f6cc8362498900f2fe2c13d0b6fdb66dd30976
JURYCYSCKRZQLD-UHFFFAOYSA-N	antibioticmech:aro-cb28770ae8	declovanillobiocin	ANTIBACTERIAL	declovanillobiocin	74f6cc8362498900f2fe2c13d0b6fdb66dd30976
JUVHVMCKLDZLGN-TVNFHGJBSA-N	CHEBI:3484	cefclidin	ANTIMICROBIAL_UNSPECIFIED	cefclidin	74f6cc8362498900f2fe2c13d0b6fdb66dd30976
JUZNIMUFDBIJCM-ANEDZVCMSA-N	CHEBI:404903	ertapenem	ANTIBACTERIAL	ertapenem	74f6cc8362498900f2fe2c13d0b6fdb66dd30976
JUZVHLGKYJTCKP-CMDGGOBGSA-N	CHEBI:70659	2',4'-dihydroxy-3'-methyl-6'-methoxychalcone	ANTIVIRAL	2-4-dihydroxy-3-methyl-6-methoxychalcone	74f6cc8362498900f2fe2c13d0b6fdb66dd30976
JUZYLCPPVHEVSV-LJQANCHMSA-N	CHEBI:72289	elvitegravir	ANTIVIRAL	elvitegravir	74f6cc8362498900f2fe2c13d0b6fdb66dd30976
JVNRAWAXQAGKBK-HLIGCJFYSA-N	CHEBI:18142	N6'-acetylkanamycin B	ANTIMICROBIAL_UNSPECIFIED	n6-acetylkanamycin-b	74f6cc8362498900f2fe2c13d0b6fdb66dd30976
JVPIPRZCKOLWKU-BGMSHATGSA-N	CHEBI:66242	TMC-86A	ANTIMICROBIAL_UNSPECIFIED	tmc-86a	74f6cc8362498900f2fe2c13d0b6fdb66dd30976
JVTZFYYHCGSXJV-UHFFFAOYSA-N	CHEBI:193161	isovanillin	ANTIFUNGAL	isovanillin	74f6cc8362498900f2fe2c13d0b6fdb66dd30976
JWBPWNWPEVPCMJ-JVFXBBKESA-N	CHEBI:65873	Eunicea sesquiterpenoid 2	ANTIPROTOZOAL	eunicea-sesquiterpenoid-2	74f6cc8362498900f2fe2c13d0b6fdb66dd30976
JWCSIUVGFCSJCK-CAVRMKNVSA-N	CHEBI:599928	moxalactam	ANTIBACTERIAL	moxalactam	74f6cc8362498900f2fe2c13d0b6fdb66dd30976
JWHQWQQROAZMII-UHFFFAOYSA-N	CHEBI:66462	semicochliodinol B	ANTIVIRAL	semicochliodinol-b	74f6cc8362498900f2fe2c13d0b6fdb66dd30976
JWKYPUZBLKYBRK-OXMUXZJXSA-N	antibioticmech:aro-ab7143cd24	2'-N-ethylnetilmicin	ANTIBACTERIAL	2-n-ethylnetilmicin	74f6cc8362498900f2fe2c13d0b6fdb66dd30976
JWUCHKBSVLQQCO-UHFFFAOYSA-N	CHEBI:83707	flutriafol	ANTIFUNGAL	flutriafol	74f6cc8362498900f2fe2c13d0b6fdb66dd30976
JWWFVRMFYKPZNE-VVIWCBLHSA-N	CHEBI:69039	rutarin	ANTIBACTERIAL	rutarin	74f6cc8362498900f2fe2c13d0b6fdb66dd30976
JWZXKXIUSSIAMR-UHFFFAOYSA-N	CHEBI:134614	methylene bis(thiocyanate)	ANTIBACTERIAL	methylene-bis-thiocyanate	74f6cc8362498900f2fe2c13d0b6fdb66dd30976
JXKPEJDQGNYQSM-UHFFFAOYSA-M	CHEBI:132106	sodium propionate	ANTIFUNGAL	sodium-propionate	74f6cc8362498900f2fe2c13d0b6fdb66dd30976
JXNYQAJFIFYARB-UHFFFAOYSA-N	CHEBI:231921	fluquinometoate	ANTIBACTERIAL	fluquinometoate	74f6cc8362498900f2fe2c13d0b6fdb66dd30976
JXQXTWWCCNHEQZ-PEWXIWONSA-N	CHEBI:66060	hypoglaunine B	ANTIVIRAL	hypoglaunine-b	74f6cc8362498900f2fe2c13d0b6fdb66dd30976
JYAJEGBJMODZBK-GTRHLNJYSA-N	CHEBI:66262	trierixin	ANTIMICROBIAL_UNSPECIFIED	trierixin	74f6cc8362498900f2fe2c13d0b6fdb66dd30976
JYIKNQVWKBUSNH-WVDDFWQHSA-N	CHEBI:474180	caspofungin	ANTIFUNGAL	caspofungin	74f6cc8362498900f2fe2c13d0b6fdb66dd30976
JYJTVFIEFKZWCJ-JTQLQIEISA-N	CHEBI:37908	(S)-nadifloxacin	ANTIBACTERIAL	s-nadifloxacin	74f6cc8362498900f2fe2c13d0b6fdb66dd30976
JYJTVFIEFKZWCJ-SNVBAGLBSA-N	CHEBI:37907	(R)-nadifloxacin	ANTIBACTERIAL	r-nadifloxacin	74f6cc8362498900f2fe2c13d0b6fdb66dd30976
JYJTVFIEFKZWCJ-UHFFFAOYSA-N	CHEBI:31889	nadifloxacin	ANTIBACTERIAL	nadifloxacin	74f6cc8362498900f2fe2c13d0b6fdb66dd30976
JYKBQWDGVKFSAL-FAPPRUROSA-N	CHEBI:65959	geumonoid	ANTIVIRAL	geumonoid	74f6cc8362498900f2fe2c13d0b6fdb66dd30976
JYNTZOBOTQIVKY-GIRUYCOHSA-N	CHEBI:67474	3-[(1S,2S,6S)-2-{2-[(1S,2R,3R)-2-(3-ethoxy-3-oxopropyl)-3-(2-hydroxypropan-2-yl)-2-methyl-6-methylidenecyclohexyl]ethyl}-1,3-dimethyl-6-(prop-1-en-2-yl)cyclohex-3-en-1-yl]propanoic acid	ANTIBACTERIAL	3-1s-2s-6s-2-2-1s-2r-3r-2-3-ethoxy-3-oxopropyl-3-2-hydroxypropan-2-yl-	74f6cc8362498900f2fe2c13d0b6fdb66dd30976
JZIWGWPCBNNLJD-UHFFFAOYSA-N	CHEBI:66040	5-hydroxy-7,2',4',5'-tetramethoxyflavone	ANTIBACTERIAL	5-hydroxy-7-2-4-5-tetramethoxyflavone	74f6cc8362498900f2fe2c13d0b6fdb66dd30976
JZRGFUZJIZSKTF-ALFLKXBZSA-N	CHEBI:66662	6α-malonyloxymanoyl oxide	ANTIBACTERIAL	6α-malonyloxymanoyl-oxide	74f6cc8362498900f2fe2c13d0b6fdb66dd30976
KBHMEHLJSZMEMI-KSYZLYKTSA-N	CHEBI:42452	formycin A	ANTIMICROBIAL_UNSPECIFIED	formycin-a	74f6cc8362498900f2fe2c13d0b6fdb66dd30976
KBPLFHHGFOOTCA-UHFFFAOYSA-N	CHEBI:16188	octan-1-ol	ANTIFUNGAL	octan-1-ol	74f6cc8362498900f2fe2c13d0b6fdb66dd30976
KBPUBCVJHFXPOC-UHFFFAOYSA-N	CHEBI:132364	ethyl 3,4-dihydroxybenzoate	ANTIBACTERIAL	ethyl-3-4-dihydroxybenzoate	74f6cc8362498900f2fe2c13d0b6fdb66dd30976
KCBAKIPOBYUWOG-QIKPMYDRSA-N	CHEBI:78769	plakortide F free acid	ANTIFUNGAL	plakortide-f-free-acid	74f6cc8362498900f2fe2c13d0b6fdb66dd30976
KCJJINQANFZSAM-HZDSEHBESA-N	antibioticmech:aro-1a019a94dc	tylvalosin	ANTIBACTERIAL	tylvalosin	74f6cc8362498900f2fe2c13d0b6fdb66dd30976
KDEMELRYKGOXDL-UHFFFAOYSA-N	CHEBI:65802	diuvaretin	ANTIPROTOZOAL	diuvaretin	74f6cc8362498900f2fe2c13d0b6fdb66dd30976
KDLRVYVGXIQJDK-AWPVFWJPSA-N	CHEBI:3745	clindamycin	ANTIBACTERIAL	clindamycin	74f6cc8362498900f2fe2c13d0b6fdb66dd30976
KDQMRYTZELJKOB-MAHROAIDSA-N	CHEBI:71623	bacillaene	ANTIBACTERIAL	bacillaene	74f6cc8362498900f2fe2c13d0b6fdb66dd30976
KDVYRSSTPWSAJC-GGUABDNCSA-N	CHEBI:66164	samaderine Z	ANTIPROTOZOAL	samaderine-z	74f6cc8362498900f2fe2c13d0b6fdb66dd30976
KEIJCRBIDGPDMU-VSTVETRJSA-N	CHEBI:21826	N3'-acetylgentamycin	ANTIMICROBIAL_UNSPECIFIED	n3-acetylgentamycin	74f6cc8362498900f2fe2c13d0b6fdb66dd30976
KFSLWBXXFJQRDL-UHFFFAOYSA-N	CHEBI:42530	peracetic acid	BIOCIDE	peracetic-acid	74f6cc8362498900f2fe2c13d0b6fdb66dd30976
KFZWEFIJHQUPCM-JMRMDATBSA-N	CHEBI:65461	azoxybacilin	ANTIFUNGAL	azoxybacilin	74f6cc8362498900f2fe2c13d0b6fdb66dd30976
KGCCITMWQZHGKS-WOJGMQOQSA-N	CHEBI:66632	NK372135B	ANTIFUNGAL	nk372135b	74f6cc8362498900f2fe2c13d0b6fdb66dd30976
KGOYCHSKGXJDND-DHZHZOJOSA-N	CHEBI:177872	N-trans-cinnamoyltyramine	ANTIMICROBIAL_UNSPECIFIED	n-trans-cinnamoyltyramine	74f6cc8362498900f2fe2c13d0b6fdb66dd30976
KGPGQDLTDHGEGT-SZUNQUCBSA-N	CHEBI:82721	dalbavancin	ANTIBACTERIAL	dalbavancin	74f6cc8362498900f2fe2c13d0b6fdb66dd30976
KGPYBLOBHQLIET-OAHLLOKOSA-N	CHEBI:167314	KOM70144	ANTIVIRAL	kom70144	74f6cc8362498900f2fe2c13d0b6fdb66dd30976
KGTDRFCXGRULNK-JYOBTZKQSA-N	CHEBI:44504	nogalamycin	ANTIMICROBIAL_UNSPECIFIED	nogalamycin	74f6cc8362498900f2fe2c13d0b6fdb66dd30976
KGVPNLBXJKTABS-UHFFFAOYSA-N	CHEBI:5827	hymexazol	ANTIFUNGAL	hymexazol	74f6cc8362498900f2fe2c13d0b6fdb66dd30976
KGXUEPOHGFWQKF-ZCXUNETKSA-N	CHEBI:83277	flutianil	ANTIFUNGAL	flutianil	74f6cc8362498900f2fe2c13d0b6fdb66dd30976
KGZHFKDNSAEOJX-WIFQYKSHSA-N	CHEBI:29670	ramoplanin	ANTIBACTERIAL	ramoplanin	74f6cc8362498900f2fe2c13d0b6fdb66dd30976
KHBJLRRAMCJZLZ-UHFFFAOYSA-N	CHEBI:65842	5-O-methyl embelin	ANTIPROTOZOAL	5-o-methyl-embelin	74f6cc8362498900f2fe2c13d0b6fdb66dd30976
KHSLHYAUZSPBIU-UHFFFAOYSA-M	CHEBI:167207	benzododecinium bromide	BIOCIDE	benzododecinium-bromide	74f6cc8362498900f2fe2c13d0b6fdb66dd30976
KHVZXXWDPSCGEK-MGVQOFIGSA-N	CHEBI:84310	anticapsin zwitterion	ANTIMICROBIAL_UNSPECIFIED	anticapsin-zwitterion	74f6cc8362498900f2fe2c13d0b6fdb66dd30976
KHVZXXWDPSCGEK-MGVQOFIGSA-N	CHEBI:85005	anticapsin	ANTIMICROBIAL_UNSPECIFIED	anticapsin	74f6cc8362498900f2fe2c13d0b6fdb66dd30976
KHXIDNHTRXJJNS-YKGWIAGDSA-N	antibioticmech:aro-4fcd06e09d	formicamycin M	ANTIBACTERIAL	formicamycin-m	74f6cc8362498900f2fe2c13d0b6fdb66dd30976
KICUTMUDQMLBSF-DDJNVBRHSA-N	CHEBI:69219	fatsicarpain D	ANTIVIRAL	fatsicarpain-d	74f6cc8362498900f2fe2c13d0b6fdb66dd30976
KIMDVVKVNNSHGZ-UHFFFAOYSA-N	CHEBI:10038	wighteone	ANTIFUNGAL	wighteone	74f6cc8362498900f2fe2c13d0b6fdb66dd30976
KIOQRWNZGHZFHB-UFZBKZSQSA-N	CHEBI:66083	interiotherin B	ANTIVIRAL	interiotherin-b	74f6cc8362498900f2fe2c13d0b6fdb66dd30976
KJHKTHWMRKYKJE-SUGCFTRWSA-N	CHEBI:31781	lopinavir	ANTIVIRAL	lopinavir	74f6cc8362498900f2fe2c13d0b6fdb66dd30976
KJPRLNWUNMBNBZ-QPJJXVBHSA-N	CHEBI:16731	(E)-cinnamaldehyde	ANTIFUNGAL	e-cinnamaldehyde	74f6cc8362498900f2fe2c13d0b6fdb66dd30976
KJTFTWQSEBLIPM-RIZHWKQXSA-N	CHEBI:77036	A41030A	ANTIMICROBIAL_UNSPECIFIED	a41030a	74f6cc8362498900f2fe2c13d0b6fdb66dd30976
KKAJSJJFBSOMGS-UHFFFAOYSA-N	CHEBI:383703	3,6-diamino-10-methylacridinium chloride	ANTIBACTERIAL	3-6-diamino-10-methylacridinium-chloride	74f6cc8362498900f2fe2c13d0b6fdb66dd30976
KKBHBCOJHHCOCL-UHFFFAOYSA-N	CHEBI:9699	tridec-1-ene-3,5,7,9,11-pentayne	ANTIFUNGAL	tridec-1-ene-3-5-7-9-11-pentayne	74f6cc8362498900f2fe2c13d0b6fdb66dd30976
KKEJMLAPZVXPOF-UHFFFAOYSA-N	CHEBI:131601	pyraziflumid	ANTIFUNGAL	pyraziflumid	74f6cc8362498900f2fe2c13d0b6fdb66dd30976
KKMLIVYBGSAJPM-UHFFFAOYSA-L	CHEBI:81755	propineb	ANTIFUNGAL	propineb	74f6cc8362498900f2fe2c13d0b6fdb66dd30976
KKMQGSAQSNGBOY-RKLWJJNISA-N	CHEBI:2413	acetylblasticidin S	ANTIMICROBIAL_UNSPECIFIED	acetylblasticidin-s	74f6cc8362498900f2fe2c13d0b6fdb66dd30976
KKNMJWFWBZQVFT-FIHNEYJFSA-N	antibioticmech:aro-832bfb6c2e	magainin B	ANTIBACTERIAL	magainin-b	74f6cc8362498900f2fe2c13d0b6fdb66dd30976
KKRRFZFRCNSVCL-DFBZBFILSA-N	CHEBI:83206	albomycin δ1	ANTIBACTERIAL	albomycin-δ1	74f6cc8362498900f2fe2c13d0b6fdb66dd30976
KLFSEZJCLYBFKQ-WXYNYTDUSA-N	antibioticmech:aro-ae576e4688	BAL30072	ANTIBACTERIAL	bal30072	74f6cc8362498900f2fe2c13d0b6fdb66dd30976
KLGADJPDTCIJLO-LJUCOGSUSA-N	CHEBI:80016	chalcomycin	ANTIBACTERIAL	chalcomycin	74f6cc8362498900f2fe2c13d0b6fdb66dd30976
KLMZPLYXGZZBCX-TYOHIEAGSA-N	CHEBI:66275	tripterifordin	ANTIVIRAL	tripterifordin	74f6cc8362498900f2fe2c13d0b6fdb66dd30976
KLZOEWZFKUESNU-UYFDZFGUSA-N	CHEBI:15795	protoaphin aglucone	ANTIMICROBIAL_UNSPECIFIED	protoaphin-aglucone	74f6cc8362498900f2fe2c13d0b6fdb66dd30976
KMDRWTGFZLUZEY-NEUGYGHLSA-N	CHEBI:68297	phomalevone A	ANTIBACTERIAL	phomalevone-a	74f6cc8362498900f2fe2c13d0b6fdb66dd30976
KMIPKYQIOVAHOP-YLGJWRNMSA-N	CHEBI:59343	cefditoren	ANTIBACTERIAL	cefditoren	74f6cc8362498900f2fe2c13d0b6fdb66dd30976
KMNVHTXBKWKMBA-KMRULJOSSA-N	CHEBI:228238	chloroinconazide	ANTIFUNGAL	chloroinconazide	74f6cc8362498900f2fe2c13d0b6fdb66dd30976
KMOUJOKENFFTPU-QNDFHXLGSA-M	CHEBI:77722	apigenin 7-O-β-D-glucoside(1−)	ANTIBACTERIAL	apigenin-7-o-β-d-glucoside-1	74f6cc8362498900f2fe2c13d0b6fdb66dd30976
KMOUJOKENFFTPU-QNDFHXLGSA-N	CHEBI:16778	apigenin 7-O-β-D-glucoside	ANTIBACTERIAL	apigenin-7-o-β-d-glucoside	74f6cc8362498900f2fe2c13d0b6fdb66dd30976
KMPQYAYAQWNLME-UHFFFAOYSA-N	CHEBI:46202	undecanal	ANTIMYCOBACTERIAL	undecanal	74f6cc8362498900f2fe2c13d0b6fdb66dd30976
KMUGSJNEBPVLKO-PWUQRKGSSA-N	CHEBI:141365	sclerodol B	ANTIFUNGAL	sclerodol-b	74f6cc8362498900f2fe2c13d0b6fdb66dd30976
KNIGBBVETQCJTQ-UHFFFAOYSA-L	CHEBI:137081	CORM 3	ANTIBACTERIAL	corm-3	74f6cc8362498900f2fe2c13d0b6fdb66dd30976
KNIWPHSUTGNZST-SSWRVQTPSA-N	CHEBI:59673	colistin B	ANTIBACTERIAL	colistin-b	74f6cc8362498900f2fe2c13d0b6fdb66dd30976
KNJNBKINYHZUGC-UHFFFAOYSA-M	CHEBI:78327	pseudobaptigenin(1−)	ANTIPROTOZOAL	pseudobaptigenin-1	74f6cc8362498900f2fe2c13d0b6fdb66dd30976
KNJNBKINYHZUGC-UHFFFAOYSA-N	CHEBI:8602	pseudobaptigenin	ANTIPROTOZOAL	pseudobaptigenin	74f6cc8362498900f2fe2c13d0b6fdb66dd30976
KOZFSFOOLUUIGY-SOLYNIJKSA-N	CHEBI:43616	K-252a	ANTIMICROBIAL_UNSPECIFIED	k-252a	74f6cc8362498900f2fe2c13d0b6fdb66dd30976
KPBSBYSJFXROOJ-FUXNZPHBSA-N	CHEBI:77179	4-O-methylrhodomycin D	ANTIMICROBIAL_UNSPECIFIED	4-o-methylrhodomycin-d	74f6cc8362498900f2fe2c13d0b6fdb66dd30976
KPDOJFFZKAUIOE-WNGDLQANSA-N	CHEBI:7609	nomilin	ANTIVIRAL	nomilin	74f6cc8362498900f2fe2c13d0b6fdb66dd30976
KPQZUUQMTUIKBP-UHFFFAOYSA-N	CHEBI:140628	secnidazole	ANTIBACTERIAL	secnidazole	74f6cc8362498900f2fe2c13d0b6fdb66dd30976
KPVIXBKIJXZQJX-FCEONZPQSA-N	antibioticmech:aro-f8f4257b4b	lefamulin	ANTIBACTERIAL	lefamulin	74f6cc8362498900f2fe2c13d0b6fdb66dd30976
KQIQKULTIAJZKL-VHFDLOJPSA-N	CHEBI:70146	robustaside D	ANTIPROTOZOAL	robustaside-d	74f6cc8362498900f2fe2c13d0b6fdb66dd30976
KQNZDYYTLMIZCT-KQPMLPITSA-N	CHEBI:48080	brefeldin A	ANTIBACTERIAL	brefeldin-a	74f6cc8362498900f2fe2c13d0b6fdb66dd30976
KQTVWCSONPJJPE-UHFFFAOYSA-N	CHEBI:81761	etridiazole	ANTIFUNGAL	etridiazole	74f6cc8362498900f2fe2c13d0b6fdb66dd30976
KQXDHUJYNAXLNZ-XQSDOZFQSA-N	CHEBI:80025	salinomycin	ANTIBACTERIAL	salinomycin	74f6cc8362498900f2fe2c13d0b6fdb66dd30976
KRCVYHUEUHHWKT-XOEIKTSYSA-N	CHEBI:68786	rotiorinol C	ANTIFUNGAL	rotiorinol-c	74f6cc8362498900f2fe2c13d0b6fdb66dd30976
KRHKKRFFQDNBIN-FATZIPQQSA-N	CHEBI:66365	12-methyl-5-dehydroacetylhorminone	ANTIMYCOBACTERIAL	12-methyl-5-dehydroacetylhorminone	74f6cc8362498900f2fe2c13d0b6fdb66dd30976
KRKNYBCHXYNGOX-UHFFFAOYSA-N	CHEBI:30769	citric acid	ANTIMICROBIAL_UNSPECIFIED	citric-acid	74f6cc8362498900f2fe2c13d0b6fdb66dd30976
KRWPPVCZNGQQHZ-IINIBMQSSA-N	CHEBI:70714	ceftaroline fosamil acetate monohydrate	ANTIBACTERIAL	ceftaroline-fosamil-acetate-monohydrate	74f6cc8362498900f2fe2c13d0b6fdb66dd30976
KSMVZQYAVGTKIV-UHFFFAOYSA-N	CHEBI:31457	decanal	ANTIFUNGAL	decanal	74f6cc8362498900f2fe2c13d0b6fdb66dd30976
KSPOYQQCANXEDC-WNTLLCOUSA-N	CHEBI:34997	teicoplanin A2-4	ANTIMICROBIAL_UNSPECIFIED	teicoplanin-a2-4	74f6cc8362498900f2fe2c13d0b6fdb66dd30976
KTOAGBIQQPGNIR-WBHUJUFNSA-N	CHEBI:142517	tschimganine	ANTIMICROBIAL_UNSPECIFIED	tschimganine	74f6cc8362498900f2fe2c13d0b6fdb66dd30976
KTSRCTOUNGGQEI-RHYYRQJGSA-N	CHEBI:74758	aclacinomycin T hydrochloride	ANTIMICROBIAL_UNSPECIFIED	aclacinomycin-t-hydrochloride	74f6cc8362498900f2fe2c13d0b6fdb66dd30976
KUAZQDVKQLNFPE-UHFFFAOYSA-N	CHEBI:9495	thiram	ANTIBACTERIAL	thiram	74f6cc8362498900f2fe2c13d0b6fdb66dd30976
KUCMIJRMIDNZCP-UHFFFAOYSA-N	CHEBI:66252	topopyrone A	ANTIVIRAL	topopyrone-a	74f6cc8362498900f2fe2c13d0b6fdb66dd30976
KUCQYCKVKVOKAY-CTYIDZIISA-N	CHEBI:575568	atovaquone	ANTIFUNGAL	atovaquone	74f6cc8362498900f2fe2c13d0b6fdb66dd30976
KUDYATBIEOTCGT-UHFFFAOYSA-N	CHEBI:65940	gaboroquinone A	ANTIPROTOZOAL	gaboroquinone-a	74f6cc8362498900f2fe2c13d0b6fdb66dd30976
KUFFULVDNCHOFZ-UHFFFAOYSA-N	CHEBI:34241	2,4-xylenol	ANTIFUNGAL	2-4-xylenol	74f6cc8362498900f2fe2c13d0b6fdb66dd30976
KUQWGLQLLVFLSM-ONAXAZCASA-N	CHEBI:136047	vaniprevir	ANTIVIRAL	vaniprevir	74f6cc8362498900f2fe2c13d0b6fdb66dd30976
KURWKDDWCJELSV-UHFFFAOYSA-N	CHEBI:3930	cryptolepine	ANTIPROTOZOAL	cryptolepine	74f6cc8362498900f2fe2c13d0b6fdb66dd30976
KUZYDHCVYKUFKF-LPLPFJSBSA-N	CHEBI:66627	niruriside	ANTIVIRAL	niruriside	74f6cc8362498900f2fe2c13d0b6fdb66dd30976
KVDJTXBXMWJJEF-UHFFFAOYSA-N	CHEBI:83070	fluopyram	ANTIFUNGAL	fluopyram	74f6cc8362498900f2fe2c13d0b6fdb66dd30976
KVTPRMVXYZKLIG-NCAOFHFGSA-N	CHEBI:45773	streptolydigin	ANTIMICROBIAL_UNSPECIFIED	streptolydigin	74f6cc8362498900f2fe2c13d0b6fdb66dd30976
KWAMDQVQFVBEAU-HMWIRDDCSA-N	CHEBI:67280	azadiradione	ANTIMYCOBACTERIAL	azadiradione	74f6cc8362498900f2fe2c13d0b6fdb66dd30976
KWNDLWPKCDMGTN-UHFFFAOYSA-N	CHEBI:90702	carboxy-PTIO	BIOCIDE	carboxy-ptio	74f6cc8362498900f2fe2c13d0b6fdb66dd30976
KWVISVAMQJWJSZ-VKROHFNGSA-N	CHEBI:9190	solasodine	ANTIFUNGAL	solasodine	74f6cc8362498900f2fe2c13d0b6fdb66dd30976
KWVISVAMQJWJSZ-VKROHFNGSA-O	CHEBI:145043	solasodine(1+)	ANTIFUNGAL	solasodine-1	74f6cc8362498900f2fe2c13d0b6fdb66dd30976
KWXCNODTHBHSIQ-UHFFFAOYSA-N	CHEBI:145405	sulfabromomethazine	ANTIBACTERIAL	sulfabromomethazine	74f6cc8362498900f2fe2c13d0b6fdb66dd30976
KXEBLAPZMOQCKO-UHFFFAOYSA-N	CHEBI:6518	lomefloxacin hydrochloride	ANTIMYCOBACTERIAL	lomefloxacin-hydrochloride	74f6cc8362498900f2fe2c13d0b6fdb66dd30976
KXKOBIRSQLNUPS-UHFFFAOYSA-N	CHEBI:234469	cannabinolic acid	ANTIBACTERIAL	cannabinolic-acid	74f6cc8362498900f2fe2c13d0b6fdb66dd30976
KYCIRSXXQPEBCI-UYGPANRWSA-N	CHEBI:66222	thiomarinol C	ANTIBACTERIAL	thiomarinol-c	74f6cc8362498900f2fe2c13d0b6fdb66dd30976
KYGZCKSPAKDVKC-UHFFFAOYSA-N	CHEBI:138856	oxolinic acid	ANTIBACTERIAL	oxolinic-acid	74f6cc8362498900f2fe2c13d0b6fdb66dd30976
KYHATJJXUGJUJJ-LUFVGXTESA-N	CHEBI:67475	lamesticumin B	ANTIBACTERIAL	lamesticumin-b	74f6cc8362498900f2fe2c13d0b6fdb66dd30976
KYKNRZGSIGMXFH-ZVGUSBNCSA-M	CHEBI:32034	potassium bitartrate	ANTIMICROBIAL_UNSPECIFIED	potassium-bitartrate	74f6cc8362498900f2fe2c13d0b6fdb66dd30976
KYUNATJAFQPBJE-BXUZGUMPSA-N	CHEBI:68284	(+)-microdiplodiasone	ANTIBACTERIAL	microdiplodiasone	74f6cc8362498900f2fe2c13d0b6fdb66dd30976
KYVJVURXKAZJRK-LBPRGKRZSA-N	CHEBI:66557	laurolistine	ANTIVIRAL	laurolistine	74f6cc8362498900f2fe2c13d0b6fdb66dd30976
KZOBOICRKKYGAQ-GOUGDUPLSA-N	CHEBI:66593	lucialdehyde B	ANTIVIRAL	lucialdehyde-b	74f6cc8362498900f2fe2c13d0b6fdb66dd30976
KZVVGZKAVZUACK-BJILWQEISA-N	CHEBI:68602	rilpivirine hydrochloride	ANTIVIRAL	rilpivirine-hydrochloride	74f6cc8362498900f2fe2c13d0b6fdb66dd30976
LAAFMXBDDPXIKZ-UHFFFAOYSA-N	CHEBI:65472	bauhinoxepin J	ANTIMYCOBACTERIAL	bauhinoxepin-j	74f6cc8362498900f2fe2c13d0b6fdb66dd30976
LACABBHUBUCHAU-UHFFFAOYSA-N	CHEBI:65810	drummondin E	ANTIBACTERIAL	drummondin-e	74f6cc8362498900f2fe2c13d0b6fdb66dd30976
LATFDMCUVSRKNK-DKXUYOFUSA-N	CHEBI:66341	UK-3A	ANTIFUNGAL	uk-3a	74f6cc8362498900f2fe2c13d0b6fdb66dd30976
LBKFGYZQBSGRHY-UHFFFAOYSA-N	CHEBI:63798	3-hydroxy-4-methoxybenzoic acid	ANTIBACTERIAL	3-hydroxy-4-methoxybenzoic-acid	74f6cc8362498900f2fe2c13d0b6fdb66dd30976
LBLDXSZDCOFIAT-UHFFFAOYSA-N	CHEBI:68726	mollicellin M	ANTIPROTOZOAL	mollicellin-m	74f6cc8362498900f2fe2c13d0b6fdb66dd30976
LBQIJVLKGVZRIW-ZDUSSCGKSA-N	CHEBI:5369	glabridin	ANTIPROTOZOAL	glabridin	74f6cc8362498900f2fe2c13d0b6fdb66dd30976
LCCCZIASPPCLCU-KKLWWLSJSA-N	CHEBI:66076	integracin A	ANTIVIRAL	integracin-a	74f6cc8362498900f2fe2c13d0b6fdb66dd30976
LCDBRGPJMWXDGF-RTEOAJGCSA-N	CHEBI:66177	scalusamide A	ANTIBACTERIAL	scalusamide-a	74f6cc8362498900f2fe2c13d0b6fdb66dd30976
LCHMSLHVXVQJDG-GLDUGTPFSA-N	CHEBI:65662	2-O-E-p-coumaroyl alphitolic acid	ANTIPROTOZOAL	2-o-e-p-coumaroyl-alphitolic-acid	74f6cc8362498900f2fe2c13d0b6fdb66dd30976
LCSDQFNUYFTXMT-UHFFFAOYSA-N	CHEBI:141315	djalonensone	ANTIFUNGAL	djalonensone	74f6cc8362498900f2fe2c13d0b6fdb66dd30976
LCTXBFGHZLGBNU-UHFFFAOYSA-M	CHEBI:85265	amprolium	ANTIPROTOZOAL	amprolium	74f6cc8362498900f2fe2c13d0b6fdb66dd30976
LDEKQSIMHVQZJK-CAQYMETFSA-N	CHEBI:90926	tenofovir alafenamide	ANTIVIRAL	tenofovir-alafenamide	74f6cc8362498900f2fe2c13d0b6fdb66dd30976
LDLMOOXUCMHBMZ-UHFFFAOYSA-N	CHEBI:83106	bixafen	ANTIFUNGAL	bixafen	74f6cc8362498900f2fe2c13d0b6fdb66dd30976
LDVVMCZRFWMZSG-UHFFFAOYSA-N	CHEBI:34608	captan	ANTIFUNGAL	captan	74f6cc8362498900f2fe2c13d0b6fdb66dd30976
LEERCZRUWSNMMK-GIWWSJOHSA-N	CHEBI:65824	EI-1625-2	ANTIMICROBIAL_UNSPECIFIED	ei-1625-2	74f6cc8362498900f2fe2c13d0b6fdb66dd30976
LEPXKGXTXIACRO-UHFFFAOYSA-N	CHEBI:66700	1-methoxycanthinone	ANTIVIRAL	1-methoxycanthinone	74f6cc8362498900f2fe2c13d0b6fdb66dd30976
LESVOLZBIFDZGS-UHFFFAOYSA-N	CHEBI:38990	vamidothion	ANTIBACTERIAL	vamidothion	74f6cc8362498900f2fe2c13d0b6fdb66dd30976
LEZWWPYKPKIXLL-UHFFFAOYSA-N	antibioticmech:aro-e05d19b916	econazole	ANTIFUNGAL	econazole	74f6cc8362498900f2fe2c13d0b6fdb66dd30976
LFBMRFDBJDFLTN-QDNWXXHKSA-N	CHEBI:65584	dragonamide A	ANTIPROTOZOAL	dragonamide-a	74f6cc8362498900f2fe2c13d0b6fdb66dd30976
LFHISGNCFUNFFM-UHFFFAOYSA-N	CHEBI:39285	chloropicrin	ANTIFUNGAL	chloropicrin	74f6cc8362498900f2fe2c13d0b6fdb66dd30976
LFHRGUYKUBKTMG-BSRMMMFRSA-N	antibioticmech:aro-d5fecb3190	oncocin	ANTIBACTERIAL	oncocin	74f6cc8362498900f2fe2c13d0b6fdb66dd30976
LFPBILWIIIPSMS-IEBSNVMFSA-N	CHEBI:66013	hesseltin A	ANTIVIRAL	hesseltin-a	74f6cc8362498900f2fe2c13d0b6fdb66dd30976
LFQDNHWZDQTITF-UHFFFAOYSA-N	CHEBI:77942	tavaborole	ANTIFUNGAL	tavaborole	74f6cc8362498900f2fe2c13d0b6fdb66dd30976
LFQSCWFLJHTTHZ-UHFFFAOYSA-N	CHEBI:16236	ethanol	BIOCIDE	ethanol	74f6cc8362498900f2fe2c13d0b6fdb66dd30976
LFVVNPBBFUSSHL-UHFFFAOYSA-N	CHEBI:53661	alexidine	ANTIBACTERIAL	alexidine	74f6cc8362498900f2fe2c13d0b6fdb66dd30976
LGLFFNDHMLKUMI-UHFFFAOYSA-N	CHEBI:77181	crystal violet cation	ANTIBACTERIAL	crystal-violet-cation	74f6cc8362498900f2fe2c13d0b6fdb66dd30976
LGOPVBMUGSRUOT-NLGWJYKOSA-N	CHEBI:66180	sch 54445	ANTIFUNGAL	sch-54445	74f6cc8362498900f2fe2c13d0b6fdb66dd30976
LGOWVXRSYXXXNZ-GTQHFPFQSA-K	CHEBI:65997	halistanol sulfate G	ANTIVIRAL	halistanol-sulfate-g	74f6cc8362498900f2fe2c13d0b6fdb66dd30976
LHGVFZTZFXWLCP-UHFFFAOYSA-N	CHEBI:28591	guaiacol	BIOCIDE	guaiacol	74f6cc8362498900f2fe2c13d0b6fdb66dd30976
LHHCSNFAOIFYRV-DOVBMPENSA-N	CHEBI:68621	boceprevir	ANTIVIRAL	boceprevir	74f6cc8362498900f2fe2c13d0b6fdb66dd30976
LHKWCVMCNOROFZ-MCPFUKIPSA-N	CHEBI:65438	arisugacin D	ANTIMICROBIAL_UNSPECIFIED	arisugacin-d	74f6cc8362498900f2fe2c13d0b6fdb66dd30976
LHYHMMRYTDARSZ-AJNGGQMLSA-N	CHEBI:132906	(−)-Τ-muurolol	ANTIFUNGAL	τ-muurolol	74f6cc8362498900f2fe2c13d0b6fdb66dd30976
LHYHMMRYTDARSZ-BYNSBNAKSA-N	CHEBI:132905	α-cadinol	ANTIFUNGAL	α-cadinol	74f6cc8362498900f2fe2c13d0b6fdb66dd30976
LIENCHBZNNMNKG-OJFNHCPVSA-N	CHEBI:170007	nirmatrelvir	ANTIVIRAL	nirmatrelvir	74f6cc8362498900f2fe2c13d0b6fdb66dd30976
LIRYPHYGHXZJBZ-UHFFFAOYSA-N	CHEBI:75998	trametinib	ANTIVIRAL	trametinib	74f6cc8362498900f2fe2c13d0b6fdb66dd30976
LIVXWXAMTVJGCO-UHFFFAOYSA-N	CHEBI:73908	2,4-diamino-6,7-diisopropylpteridine	ANTIBACTERIAL	2-4-diamino-6-7-diisopropylpteridine	74f6cc8362498900f2fe2c13d0b6fdb66dd30976
LJBSAUIFGPSHCN-UHFFFAOYSA-N	CHEBI:31325	butenafine hydrochloride	ANTIFUNGAL	butenafine-hydrochloride	74f6cc8362498900f2fe2c13d0b6fdb66dd30976
LJIOWVLIRDRGSB-MLIDHZNVSA-N	CHEBI:28590	3'-deoxydihydrostreptomycin 6-phosphate	ANTIMICROBIAL_UNSPECIFIED	3-deoxydihydrostreptomycin-6-phosphate	74f6cc8362498900f2fe2c13d0b6fdb66dd30976
LJORXTIGOHMBOS-OTRVPSFMSA-N	CHEBI:65783	2α,19α-dihydroxy-3-oxo-12-ursen-28-oic acid	ANTIVIRAL	2α-19α-dihydroxy-3-oxo-12-ursen-28-oic-acid	74f6cc8362498900f2fe2c13d0b6fdb66dd30976
LJOZMWRYMKECFF-UHFFFAOYSA-N	CHEBI:82052	benodanil	ANTIFUNGAL	benodanil	74f6cc8362498900f2fe2c13d0b6fdb66dd30976
LJPSCRDRIZSODI-ATGSNQNLSA-N	CHEBI:65845	1R,4S,6R-1,4-endoperoxy-bisabola-2,10-diene	ANTIPROTOZOAL	1r-4s-6r-1-4-endoperoxy-bisabola-2-10-diene	74f6cc8362498900f2fe2c13d0b6fdb66dd30976
LJPSCRDRIZSODI-ZGKBOVNRSA-N	CHEBI:65844	1S,4R,6R-1,4-endoperoxy-bisabola-2,10-diene	ANTIPROTOZOAL	1s-4r-6r-1-4-endoperoxy-bisabola-2-10-diene	74f6cc8362498900f2fe2c13d0b6fdb66dd30976
LJQQFQHBKUKHIS-KSFFZXMPSA-N	CHEBI:53273	esperamicin A1	ANTIMICROBIAL_UNSPECIFIED	esperamicin-a1	74f6cc8362498900f2fe2c13d0b6fdb66dd30976
LJRDOKAZOAKLDU-UDXJMMFXSA-N	CHEBI:7935	paromomycin sulfate	ANTIBACTERIAL	paromomycin-sulfate	74f6cc8362498900f2fe2c13d0b6fdb66dd30976
LJVAJPDWBABPEJ-PNUFFHFMSA-N	CHEBI:29688	telithromycin	ANTIBACTERIAL	telithromycin	74f6cc8362498900f2fe2c13d0b6fdb66dd30976
LJWZOKOFCBPNAG-HULHSAFCSA-N	CHEBI:69621	trichothecin	ANTIFUNGAL	trichothecin	74f6cc8362498900f2fe2c13d0b6fdb66dd30976
LJZPVWKMAYDYAS-QKKPTTNWSA-N	CHEBI:74351	aclacinomycin T	ANTIMICROBIAL_UNSPECIFIED	aclacinomycin-t	74f6cc8362498900f2fe2c13d0b6fdb66dd30976
LJZPVWKMAYDYAS-QKKPTTNWSA-N	CHEBI:77979	aclacinomycin T zwitterion	ANTIMICROBIAL_UNSPECIFIED	aclacinomycin-t-zwitterion	74f6cc8362498900f2fe2c13d0b6fdb66dd30976
LKCWBDHBTVXHDL-RMDFUYIESA-N	CHEBI:2637	amikacin	ANTIBACTERIAL	amikacin	74f6cc8362498900f2fe2c13d0b6fdb66dd30976
LKJYEAJRWPUOGW-UHFFFAOYSA-N	antibioticmech:aro-df383601e2	clerocidin	ANTIBACTERIAL	clerocidin	74f6cc8362498900f2fe2c13d0b6fdb66dd30976
LKKVGKXCMYHKSL-LLZRLKDCSA-N	CHEBI:28418	gentamycin A	ANTIBACTERIAL	gentamycin-a	74f6cc8362498900f2fe2c13d0b6fdb66dd30976
LKPLKUMXSAEKID-UHFFFAOYSA-N	CHEBI:34908	pentachloronitrobenzene	ANTIFUNGAL	pentachloronitrobenzene	74f6cc8362498900f2fe2c13d0b6fdb66dd30976
LLEJIEBFSOEYIV-UHFFFAOYSA-N	CHEBI:78373	chelerythrine	ANTIBACTERIAL	chelerythrine	74f6cc8362498900f2fe2c13d0b6fdb66dd30976
LLEMOWNGBBNAJR-UHFFFAOYSA-N	CHEBI:17043	biphenyl-2-ol	ANTIFUNGAL	biphenyl-2-ol	74f6cc8362498900f2fe2c13d0b6fdb66dd30976
LLYYNOVSVPBRGV-NFQTWZMKSA-N	CHEBI:29705	valnemulin	ANTIBACTERIAL	valnemulin	74f6cc8362498900f2fe2c13d0b6fdb66dd30976
LMADRJRTQXNOEP-FNCICBJWSA-N	CHEBI:65764	dicerandrol A	ANTIMICROBIAL_UNSPECIFIED	dicerandrol-a	74f6cc8362498900f2fe2c13d0b6fdb66dd30976
LMBFAGIMSUYTBN-MPZNNTNKSA-N	CHEBI:84192	teixobactin	ANTIBACTERIAL	teixobactin	74f6cc8362498900f2fe2c13d0b6fdb66dd30976
LMJSLTNSBFUCMU-UHFFFAOYSA-N	CHEBI:9683	trichlormethiazide	ANTIMICROBIAL_UNSPECIFIED	trichlormethiazide	74f6cc8362498900f2fe2c13d0b6fdb66dd30976
LMJVXGOFWKVXAW-OXOINMOOSA-N	CHEBI:86012	oxetanocin A	ANTIBACTERIAL	oxetanocin-a	74f6cc8362498900f2fe2c13d0b6fdb66dd30976
LMVPQMGRYSRMIW-KRWDZBQOSA-N	CHEBI:83258	fenamidone	ANTIFUNGAL	fenamidone	74f6cc8362498900f2fe2c13d0b6fdb66dd30976
LMXOHSDXUQEUSF-YECHIGJVSA-N	CHEBI:45453	sinefungin	ANTIFUNGAL	sinefungin	74f6cc8362498900f2fe2c13d0b6fdb66dd30976
LNDDBMXOCFEELJ-UHFFFAOYSA-N	antibioticmech:aro-96ff58856f	vanillobiocin	ANTIBACTERIAL	vanillobiocin	74f6cc8362498900f2fe2c13d0b6fdb66dd30976
LNFCWEXGZIEGJW-TXSVMFMRSA-O	CHEBI:229680	rezafungin	ANTIFUNGAL	rezafungin	74f6cc8362498900f2fe2c13d0b6fdb66dd30976
LNHMLFJFDISYQH-YXDAFIJTSA-N	antibioticmech:aro-e1509d505b	phenelfamycin F	ANTIBACTERIAL	phenelfamycin-f	74f6cc8362498900f2fe2c13d0b6fdb66dd30976
LNJNFVJKDJYTEU-UHFFFAOYSA-N	CHEBI:4520	diethofencarb	ANTIFUNGAL	diethofencarb	74f6cc8362498900f2fe2c13d0b6fdb66dd30976
LNXMEHXPWCVVID-UHFFFAOYSA-N	CHEBI:66048	2'-hydroxyneobavaisoflavanone	ANTIVIRAL	2-hydroxyneobavaisoflavanone	74f6cc8362498900f2fe2c13d0b6fdb66dd30976
LNYIJBSSELCSKA-UHFFFAOYSA-N	CHEBI:66079	integrastatin A	ANTIVIRAL	integrastatin-a	74f6cc8362498900f2fe2c13d0b6fdb66dd30976
LOBCDGHHHHGHFA-UHFFFAOYSA-N	CHEBI:75382	monastrol	ANTIPROTOZOAL	monastrol	74f6cc8362498900f2fe2c13d0b6fdb66dd30976
LOUOCBKBIWBTTR-DHZHZOJOSA-N	CHEBI:137441	(E)-1-hydroxy-2-(non-1-en-1-yl)quinolin-4-one	ANTIBACTERIAL	e-1-hydroxy-2-non-1-en-1-yl-quinolin-4-one	74f6cc8362498900f2fe2c13d0b6fdb66dd30976
LOUPRKONTZGTKE-LHHVKLHASA-N	CHEBI:28593	quinidine	ANTIPROTOZOAL	quinidine	74f6cc8362498900f2fe2c13d0b6fdb66dd30976
LOUPRKONTZGTKE-WZBLMQSHSA-N	CHEBI:15854	quinine	ANTIPROTOZOAL	quinine	74f6cc8362498900f2fe2c13d0b6fdb66dd30976
LOUPRKONTZGTKE-WZBLMQSHSA-O	CHEBI:137041	quinine(1+)	ANTIPROTOZOAL	quinine-1	74f6cc8362498900f2fe2c13d0b6fdb66dd30976
LOUWELXLLQURSP-UHFFFAOYSA-N	CHEBI:64901	mygalin	ANTIBACTERIAL	mygalin	74f6cc8362498900f2fe2c13d0b6fdb66dd30976
LOYXTWZXLWHMBX-VOTSOKGWSA-N	CHEBI:80484	pinocembrin chalcone	ANTIFUNGAL	pinocembrin-chalcone	74f6cc8362498900f2fe2c13d0b6fdb66dd30976
LPJLAXYRFCLYIG-HBKYZHKXSA-N	CHEBI:66306	rhuscholide A	ANTIVIRAL	rhuscholide-a	74f6cc8362498900f2fe2c13d0b6fdb66dd30976
LPQZKKCYTLCDGQ-WEDXCCLWSA-N	CHEBI:9421	tazobactam	ANTIMICROBIAL_UNSPECIFIED	tazobactam	74f6cc8362498900f2fe2c13d0b6fdb66dd30976
LPVVTHNMXSEIFM-UHFFFAOYSA-N	CHEBI:132230	marbofloxacin	ANTIBACTERIAL	marbofloxacin	74f6cc8362498900f2fe2c13d0b6fdb66dd30976
LPXPTNMVRIOKMN-UHFFFAOYSA-M	CHEBI:78870	sodium nitrite	BIOCIDE	sodium-nitrite	74f6cc8362498900f2fe2c13d0b6fdb66dd30976
LQCLVBQBTUVCEQ-QTFUVMRISA-N	CHEBI:45735	troleandomycin	ANTIMICROBIAL_UNSPECIFIED	troleandomycin	74f6cc8362498900f2fe2c13d0b6fdb66dd30976
LQGUBLBATBMXHT-UHFFFAOYSA-N	CHEBI:3687	chrysophanol	ANTIVIRAL	chrysophanol	74f6cc8362498900f2fe2c13d0b6fdb66dd30976
LQOLIRLGBULYKD-JKIFEVAISA-N	CHEBI:49566	cloxacillin	ANTIBACTERIAL	cloxacillin	74f6cc8362498900f2fe2c13d0b6fdb66dd30976
LQSMEVHEYXACJP-DSHASFMGSA-N	antibioticmech:aro-f2b46f8b0e	gramicidin B	ANTIBACTERIAL	gramicidin-b	74f6cc8362498900f2fe2c13d0b6fdb66dd30976
LRAJHPGSGBRUJN-OMIVUECESA-N	CHEBI:31368	cefepime hydrochloride	ANTIBACTERIAL	cefepime-hydrochloride	74f6cc8362498900f2fe2c13d0b6fdb66dd30976
LRBYDVJXPROTLX-UHFFFAOYSA-N	CHEBI:65944	7,4'-di-O-galloyltricetiflavan	ANTIVIRAL	7-4-di-o-galloyltricetiflavan	74f6cc8362498900f2fe2c13d0b6fdb66dd30976
LRFIKYDSTHZRKW-BFMVXSJESA-N	CHEBI:65402	amburoside A	ANTIPROTOZOAL	amburoside-a	74f6cc8362498900f2fe2c13d0b6fdb66dd30976
LRSRCZBNIGNEHL-NTXCPLLSSA-N	antibioticmech:aro-2a1d8b8631	virginiamycin S2	ANTIBACTERIAL	virginiamycin-s2	74f6cc8362498900f2fe2c13d0b6fdb66dd30976
LRTJMINIVSPVMX-ZVJWTWILSA-N	CHEBI:65716	cystothiazole A	ANTIFUNGAL	cystothiazole-a	74f6cc8362498900f2fe2c13d0b6fdb66dd30976
LRVJUCBWMNTDLP-UHFFFAOYSA-N	CHEBI:156291	oviedomycin	ANTIMICROBIAL_UNSPECIFIED	oviedomycin	74f6cc8362498900f2fe2c13d0b6fdb66dd30976
LRWRQTMTYVZKQW-QIQQTWHTSA-N	antibioticmech:aro-d058164b57	megalomycin	ANTIBACTERIAL	megalomycin	74f6cc8362498900f2fe2c13d0b6fdb66dd30976
LSDULPZJLTZEFD-UHFFFAOYSA-N	CHEBI:6574	lupulone	ANTIMICROBIAL_UNSPECIFIED	lupulone	74f6cc8362498900f2fe2c13d0b6fdb66dd30976
LSGRZENCFIIHNV-UHFFFAOYSA-N	CHEBI:144671	LDC4297	ANTIVIRAL	ldc4297	74f6cc8362498900f2fe2c13d0b6fdb66dd30976
LSLVHNSGLHQBDX-UHFFFAOYSA-N	CHEBI:231919	fluopsin	ANTIBACTERIAL	fluopsin	74f6cc8362498900f2fe2c13d0b6fdb66dd30976
LSQKHXZMWRRDRU-GUKOCFKPSA-N	CHEBI:72992	3''-deamino-3''-hydroxykanamycin X	ANTIMICROBIAL_UNSPECIFIED	3-deamino-3-hydroxykanamycin-x	74f6cc8362498900f2fe2c13d0b6fdb66dd30976
LSQZJLSUYDQPKJ-NJBDSQKTSA-N	CHEBI:2676	amoxicillin	ANTIBACTERIAL	amoxicillin	74f6cc8362498900f2fe2c13d0b6fdb66dd30976
LSRDCIRGVJBGRF-UHFFFAOYSA-N	CHEBI:65469	bauhinoxepin B	ANTIMYCOBACTERIAL	bauhinoxepin-b	74f6cc8362498900f2fe2c13d0b6fdb66dd30976
LSSAEGXLQBRSBC-PMOUVXMZSA-N	CHEBI:66473	1α-hydroperoxy-guaia-10(15),11-diene	ANTIPROTOZOAL	1α-hydroperoxy-guaia-10-15-11-diene	74f6cc8362498900f2fe2c13d0b6fdb66dd30976
LTBCQBSAWAZBDF-MLTZYSBQSA-N	CHEBI:166872	nucleocidin	ANTIBACTERIAL	nucleocidin	74f6cc8362498900f2fe2c13d0b6fdb66dd30976
LTDDHUQIMJCFPX-DZMJNENTSA-N	CHEBI:65850	7-epiclusianone	ANTIBACTERIAL	7-epiclusianone	74f6cc8362498900f2fe2c13d0b6fdb66dd30976
LTHLIQFAHGGQPW-OQURKPEFSA-N	CHEBI:66543	lancifodilactone G	ANTIVIRAL	lancifodilactone-g	74f6cc8362498900f2fe2c13d0b6fdb66dd30976
LTINZAODLRIQIX-FBXRGJNPSA-N	CHEBI:3505	cefpodoxime proxetil	ANTIBACTERIAL	cefpodoxime-proxetil	74f6cc8362498900f2fe2c13d0b6fdb66dd30976
LTKQHGHTROTART-UHFFFAOYSA-N	antibioticmech:aro-df2f0e08b4	pyrrolomycin F	ANTIBACTERIAL	pyrrolomycin-f	74f6cc8362498900f2fe2c13d0b6fdb66dd30976
LTKZCHKSOAHTRI-UHFFFAOYSA-N	CHEBI:149693	N-{4-[(1H-benzotriazol-1-ylacetyl)(thiophen-3-ylmethyl)amino]phenyl}-2-methylpropanamide	ANTIVIRAL	n-4-1h-benzotriazol-1-ylacetyl-thiophen-3-ylmethyl-amino-phenyl-2-meth	74f6cc8362498900f2fe2c13d0b6fdb66dd30976
LTLDDYQPSWDOBJ-UNEDFBIISA-N	CHEBI:68660	FR901469	ANTIFUNGAL	fr901469	74f6cc8362498900f2fe2c13d0b6fdb66dd30976
LTLYEAJONXGNFG-DCAQKATOSA-N	CHEBI:30270	E64	ANTIPROTOZOAL	e64	74f6cc8362498900f2fe2c13d0b6fdb66dd30976
LTNZEXKYNRNOGT-UHFFFAOYSA-N	CHEBI:31466	dequalinium chloride	ANTIFUNGAL	dequalinium-chloride	74f6cc8362498900f2fe2c13d0b6fdb66dd30976
LTZQMADYCMVTKI-UVJPKDHBSA-N	CHEBI:66235	TMC-1B	ANTIMICROBIAL_UNSPECIFIED	tmc-1b	74f6cc8362498900f2fe2c13d0b6fdb66dd30976
LUBCWELSQUOSLN-UHFFFAOYSA-N	CHEBI:66453	scutianthraquinone A	ANTIPROTOZOAL	scutianthraquinone-a	74f6cc8362498900f2fe2c13d0b6fdb66dd30976
LVBXEMGDVWVTGY-VOTSOKGWSA-N	CHEBI:61748	(E)-oct-2-enal	ANTIFUNGAL	e-oct-2-enal	74f6cc8362498900f2fe2c13d0b6fdb66dd30976
LVGKNESDSKGROR-UHFFFAOYSA-N	CHEBI:144185	pannarin	ANTIMICROBIAL_UNSPECIFIED	pannarin	74f6cc8362498900f2fe2c13d0b6fdb66dd30976
LVHAEMOCOJOUOD-UHFFFAOYSA-N	CHEBI:83368	2,6-dimethyl-4-undecylmorpholine	ANTIFUNGAL	2-6-dimethyl-4-undecylmorpholine	74f6cc8362498900f2fe2c13d0b6fdb66dd30976
LVWVMRBMGDJZLM-BONFEJLISA-N	CHEBI:7753	oligomycin D	ANTIFUNGAL	oligomycin-d	74f6cc8362498900f2fe2c13d0b6fdb66dd30976
LWLJEQHTPVPKSJ-UHFFFAOYSA-N	CHEBI:83266	tebufloquin	ANTIFUNGAL	tebufloquin	74f6cc8362498900f2fe2c13d0b6fdb66dd30976
LWPAZPOZBPFAAE-WSQSGNSCSA-N	CHEBI:66279	tubelactomicin A	ANTIMYCOBACTERIAL	tubelactomicin-a	74f6cc8362498900f2fe2c13d0b6fdb66dd30976
LWRJCRVGRLKUNI-PIIWDFAUSA-N	antibioticmech:aro-0c3c5e785d	formicamycin P	ANTIBACTERIAL	formicamycin-p	74f6cc8362498900f2fe2c13d0b6fdb66dd30976
LWXUIUUOMSMZKJ-KLFWAVJMSA-M	CHEBI:85977	isavuconazonium sulfate	ANTIFUNGAL	isavuconazonium-sulfate	74f6cc8362498900f2fe2c13d0b6fdb66dd30976
LWXUPCAADQWXRE-UPMFUDSQSA-N	antibioticmech:aro-6e963f402b	dihydromocimycin	ANTIBACTERIAL	dihydromocimycin	74f6cc8362498900f2fe2c13d0b6fdb66dd30976
LXBIFEVIBLOUGU-JGWLITMVSA-N	CHEBI:44369	duvoglustat	ANTIVIRAL	duvoglustat	74f6cc8362498900f2fe2c13d0b6fdb66dd30976
LXCFILQKKLGQFO-UHFFFAOYSA-N	CHEBI:31835	methylparaben	ANTIFUNGAL	methylparaben	74f6cc8362498900f2fe2c13d0b6fdb66dd30976
LXGJPDKYMJJWRB-IERUDJENSA-N	CHEBI:147284	cinanserin hydrochloride	ANTIVIRAL	cinanserin-hydrochloride	74f6cc8362498900f2fe2c13d0b6fdb66dd30976
LXHOFEUVCQUXRZ-RRKCRQDMSA-N	CHEBI:131580	6-azathymidine	ANTIVIRAL	6-azathymidine	74f6cc8362498900f2fe2c13d0b6fdb66dd30976
LXWBXEWUSAABOA-VXSYNFHWSA-N	CHEBI:3543	cephamycin C	ANTIMICROBIAL_UNSPECIFIED	cephamycin-c	74f6cc8362498900f2fe2c13d0b6fdb66dd30976
LYAHJFZLDZDIOH-VURMDHGXSA-N	CHEBI:15660	(Z)-2-(2-furyl)-3-(5-nitro-2-furyl)acrylamide	ANTIMICROBIAL_UNSPECIFIED	z-2-2-furyl-3-5-nitro-2-furyl-acrylamide	74f6cc8362498900f2fe2c13d0b6fdb66dd30976
LYAOVDVXUUARTK-GTPINHCMSA-N	CHEBI:66240	TMC-52C	ANTIMICROBIAL_UNSPECIFIED	tmc-52c	74f6cc8362498900f2fe2c13d0b6fdb66dd30976
LYMUFMGSOHLCHO-WCQYABFASA-N	CHEBI:65742	5-O-demethylpaxanthonin	ANTIFUNGAL	5-o-demethylpaxanthonin	74f6cc8362498900f2fe2c13d0b6fdb66dd30976
LYMWNVVWPGMTHS-VOTSOKGWSA-N	CHEBI:66078	integracin C	ANTIVIRAL	integracin-c	74f6cc8362498900f2fe2c13d0b6fdb66dd30976
LYWOIRXBEDUAPM-ACMZUNAXSA-N	CHEBI:65766	dicerandrol C	ANTIMICROBIAL_UNSPECIFIED	dicerandrol-c	74f6cc8362498900f2fe2c13d0b6fdb66dd30976
MALXRGLKOHFCJX-NEPJUHHUSA-N	CHEBI:149432	6-de(cyclopropylamino)-6-(3-isopropoxyazetidin-1-yl)abacavir	ANTIVIRAL	6-de-cyclopropylamino-6-3-isopropoxyazetidin-1-yl-abacavir	74f6cc8362498900f2fe2c13d0b6fdb66dd30976
MASXKPLGZRMBJF-MVSGICTGSA-N	CHEBI:78496	mastoparan	ANTIMICROBIAL_UNSPECIFIED	mastoparan	74f6cc8362498900f2fe2c13d0b6fdb66dd30976
MAZFBCJNIUKTID-MNQBEEPXSA-N	CHEBI:65386	alismorientol A	ANTIVIRAL	alismorientol-a	74f6cc8362498900f2fe2c13d0b6fdb66dd30976
MBDIPBHBEVOYQB-UHFFFAOYSA-N	CHEBI:145950	nigerone	ANTIFUNGAL	nigerone	74f6cc8362498900f2fe2c13d0b6fdb66dd30976
MBDOYVRWFFCFHM-SNAWJCMRSA-N	CHEBI:28913	(2E)-hexenal	ANTIBACTERIAL	2e-hexenal	74f6cc8362498900f2fe2c13d0b6fdb66dd30976
MBFTWDFKACXAAV-XXYMEPQGSA-N	CHEBI:67481	ethyl lansiolate	ANTIBACTERIAL	ethyl-lansiolate	74f6cc8362498900f2fe2c13d0b6fdb66dd30976
MBGKPRSARHEFAG-CCHLGUQTSA-N	CHEBI:66082	interiotherin A	ANTIVIRAL	interiotherin-a	74f6cc8362498900f2fe2c13d0b6fdb66dd30976
MBHXIQDIVCJZTD-RVDMUPIBSA-N	CHEBI:83194	flufenoxystrobin	ANTIFUNGAL	flufenoxystrobin	74f6cc8362498900f2fe2c13d0b6fdb66dd30976
MCAHMSDENAOJFZ-BVXDHVRPSA-N	CHEBI:5674	herbimycin	ANTIMICROBIAL_UNSPECIFIED	herbimycin	74f6cc8362498900f2fe2c13d0b6fdb66dd30976
MCGSCOLBFJQGHM-SCZZXKLOSA-N	CHEBI:421707	abacavir	ANTIVIRAL	abacavir	74f6cc8362498900f2fe2c13d0b6fdb66dd30976
MCJGNVYPOGVAJF-UHFFFAOYSA-N	CHEBI:48981	quinolin-8-ol	ANTIBACTERIAL	quinolin-8-ol	74f6cc8362498900f2fe2c13d0b6fdb66dd30976
MCTUMEOQLDXESY-NTZNESFSSA-N	CHEBI:73187	6β-[(p-hydroxybenzylidene)amino]penicillanic acid	ANTIMICROBIAL_UNSPECIFIED	6β-p-hydroxybenzylidene-amino-penicillanic-acid	74f6cc8362498900f2fe2c13d0b6fdb66dd30976
MCWOXLPZYFOWRX-YXAMBPQSSA-N	CHEBI:141330	stemphyperylenol	ANTIFUNGAL	stemphyperylenol	74f6cc8362498900f2fe2c13d0b6fdb66dd30976
MDFZYGLOIJNNRM-OAJDADRGSA-N	CHEBI:62460	helvolic acid	ANTIBACTERIAL	helvolic-acid	74f6cc8362498900f2fe2c13d0b6fdb66dd30976
MDKCFLQDBWCQCV-UHFFFAOYSA-N	CHEBI:17484	benzyl isothiocyanate	ANTIBACTERIAL	benzyl-isothiocyanate	74f6cc8362498900f2fe2c13d0b6fdb66dd30976
MDMCODCJMHTFIZ-UHFFFAOYSA-N	CHEBI:28523	2',6'-dihydroxy-4'-methoxydihydrochalcone	ANTIPROTOZOAL	2-6-dihydroxy-4-methoxydihydrochalcone	74f6cc8362498900f2fe2c13d0b6fdb66dd30976
MDQGTDMBVJCTBN-JCGDXUMPSA-N	CHEBI:59004	6-formamidopenicillanic acid	ANTIMICROBIAL_UNSPECIFIED	6-formamidopenicillanic-acid	74f6cc8362498900f2fe2c13d0b6fdb66dd30976
MDUGEFRGUDVHQH-UHFFFAOYSA-N	CHEBI:65474	BE-24566B	ANTIBACTERIAL	be-24566b	74f6cc8362498900f2fe2c13d0b6fdb66dd30976
MDYOLVRUBBJPFM-UHFFFAOYSA-N	CHEBI:79966	tropolone	ANTIFUNGAL	tropolone	74f6cc8362498900f2fe2c13d0b6fdb66dd30976
MEGKRPMNPGTIIG-VNYBMUHKSA-N	CHEBI:75258	penimepicycline	ANTIMICROBIAL_UNSPECIFIED	penimepicycline	74f6cc8362498900f2fe2c13d0b6fdb66dd30976
MEPNHSOMXMALDZ-UHFFFAOYSA-N	CHEBI:4379	delavirdine mesylate	ANTIVIRAL	delavirdine-mesylate	74f6cc8362498900f2fe2c13d0b6fdb66dd30976
MEYZYGMYMLNUHJ-DIRMKAHISA-N	CHEBI:64250	tunicamycin B2	ANTIMICROBIAL_UNSPECIFIED	tunicamycin-b2	74f6cc8362498900f2fe2c13d0b6fdb66dd30976
MFYMBIZGFDNLPT-UHFFFAOYSA-N	CHEBI:77693	CTBT	ANTIFUNGAL	ctbt	74f6cc8362498900f2fe2c13d0b6fdb66dd30976
MGGBYMDAPCCKCT-UHFFFAOYSA-N	CHEBI:167650	ASP-3026	ANTIPROTOZOAL	asp-3026	74f6cc8362498900f2fe2c13d0b6fdb66dd30976
MGGPOESVKAWHRB-KZOVRTNRSA-N	CHEBI:66161	samaderine E	ANTIPROTOZOAL	samaderine-e	74f6cc8362498900f2fe2c13d0b6fdb66dd30976
MGIUUAHJVPPFEV-ABXDCCGRSA-N	antibioticmech:aro-b18912d1c6	magainin 2	ANTIBACTERIAL	magainin-2	74f6cc8362498900f2fe2c13d0b6fdb66dd30976
MGQLHRYJBWGORO-LLVKDONJSA-N	CHEBI:34553	Balofloxacin	ANTIBACTERIAL	balofloxacin	74f6cc8362498900f2fe2c13d0b6fdb66dd30976
MGVFDWIGIYHFIO-CKQYGLACSA-N	CHEBI:67477	lamesticumin D	ANTIBACTERIAL	lamesticumin-d	74f6cc8362498900f2fe2c13d0b6fdb66dd30976
MGYMHQJELJYRQS-UHFFFAOYSA-N	CHEBI:2866	ascaridole	ANTIPROTOZOAL	ascaridole	74f6cc8362498900f2fe2c13d0b6fdb66dd30976
MGYZVMMHKLKEHR-QTRCTKFUSA-N	antibioticmech:aro-40a2a87cc8	magainin G	ANTIBACTERIAL	magainin-g	74f6cc8362498900f2fe2c13d0b6fdb66dd30976
MHAJPDPJQMAIIY-UHFFFAOYSA-N	CHEBI:16240	hydrogen peroxide	BIOCIDE	hydrogen-peroxide	74f6cc8362498900f2fe2c13d0b6fdb66dd30976
MHAXMIHGEZOCTQ-HTAPYJJXSA-N	CHEBI:75244	aklaviketone	ANTIMICROBIAL_UNSPECIFIED	aklaviketone	74f6cc8362498900f2fe2c13d0b6fdb66dd30976
MHIGBKBJSQVXNH-IWVLMIASSA-N	CHEBI:6805	methacycline	ANTIBACTERIAL	methacycline	74f6cc8362498900f2fe2c13d0b6fdb66dd30976
MHMRAFONCSQAIA-UHFFFAOYSA-N	CHEBI:156450	thiolutin	ANTIBACTERIAL	thiolutin	74f6cc8362498900f2fe2c13d0b6fdb66dd30976
MHWLWQUZZRMNGJ-UHFFFAOYSA-N	CHEBI:100147	nalidixic acid	ANTIBACTERIAL	nalidixic-acid	74f6cc8362498900f2fe2c13d0b6fdb66dd30976
MHXCIKYXNYCMHY-AUSJPIAWSA-N	CHEBI:67246	(+)-lariciresinol	ANTIFUNGAL	lariciresinol	74f6cc8362498900f2fe2c13d0b6fdb66dd30976
MHZVWXOKIRZLCJ-RVZXZRSKSA-N	CHEBI:30986	frequentin	ANTIMICROBIAL_UNSPECIFIED	frequentin	74f6cc8362498900f2fe2c13d0b6fdb66dd30976
MIFYHUACUWQUKT-GPUHXXMPSA-N	CHEBI:18203	penicillin N	ANTIMICROBIAL_UNSPECIFIED	penicillin-n	74f6cc8362498900f2fe2c13d0b6fdb66dd30976
MIFYHUACUWQUKT-GTQWGBSQSA-N	CHEBI:18165	isopenicillin N	ANTIMICROBIAL_UNSPECIFIED	isopenicillin-n	74f6cc8362498900f2fe2c13d0b6fdb66dd30976
MIHBCQWIBJDVPX-JUDWXZBOSA-N	CHEBI:65435	arisugacin A	ANTIMICROBIAL_UNSPECIFIED	arisugacin-a	74f6cc8362498900f2fe2c13d0b6fdb66dd30976
MIMNIDIHOQDTFD-HNNXBMFYSA-N	CHEBI:65407	ancistrotanzanine B	ANTIPROTOZOAL	ancistrotanzanine-b	74f6cc8362498900f2fe2c13d0b6fdb66dd30976
MINDHVHHQZYEEK-HBBNESRFSA-N	CHEBI:7025	mupirocin	ANTIBACTERIAL	mupirocin	74f6cc8362498900f2fe2c13d0b6fdb66dd30976
MIQUEZGHEJGPJB-UHFFFAOYSA-N	CHEBI:95003	MST-312	ANTIVIRAL	mst-312	74f6cc8362498900f2fe2c13d0b6fdb66dd30976
MIYTVBARXCVVHZ-RYGJVYDSSA-N	CHEBI:52086	glyceollin III	ANTIFUNGAL	glyceollin-iii	74f6cc8362498900f2fe2c13d0b6fdb66dd30976
MIZMDSVSLSIMSC-VYLWARHZSA-N	CHEBI:64649	enniatin B	ANTIMICROBIAL_UNSPECIFIED	enniatin-b	74f6cc8362498900f2fe2c13d0b6fdb66dd30976
MJKRDLMPYUENAA-OANOARFOSA-N	CHEBI:70143	robustaside E	ANTIPROTOZOAL	robustaside-e	74f6cc8362498900f2fe2c13d0b6fdb66dd30976
MJPKMDAPFRGJGV-FBFNWGNUSA-N	CHEBI:85333	dapdiamide C	ANTIMICROBIAL_UNSPECIFIED	dapdiamide-c	74f6cc8362498900f2fe2c13d0b6fdb66dd30976
MJQUEDHRCUIRLF-TVIXENOKSA-N	CHEBI:88353	bryostatin 1	ANTIVIRAL	bryostatin-1	74f6cc8362498900f2fe2c13d0b6fdb66dd30976
MJRURUDEESYVHI-UJZFCZBUSA-N	CHEBI:66531	suberosol	ANTIVIRAL	suberosol	74f6cc8362498900f2fe2c13d0b6fdb66dd30976
MKKYBZZTJQGVCD-XTCKQBCOSA-N	CHEBI:37922	arbekacin	ANTIBACTERIAL	arbekacin	74f6cc8362498900f2fe2c13d0b6fdb66dd30976
MKMCJLMBVKHUMS-UHFFFAOYSA-N	CHEBI:195240	6-methoxy-2-benzoxazolinone	ANTIBACTERIAL	6-methoxy-2-benzoxazolinone	74f6cc8362498900f2fe2c13d0b6fdb66dd30976
MKNCRDRXKFGNDG-BGEOUFIESA-N	CHEBI:66412	multiplolide B	ANTIFUNGAL	multiplolide-b	74f6cc8362498900f2fe2c13d0b6fdb66dd30976
MKUXAQIIEYXACX-UHFFFAOYSA-N	CHEBI:2453	acyclovir	ANTIVIRAL	acyclovir	74f6cc8362498900f2fe2c13d0b6fdb66dd30976
MKYUCBXUUSZMQB-MKZMYESJSA-N	CHEBI:91218	(10E,15Z)-9,12,13-trihydroxy-10,15-octadecadienoic acid	ANTIFUNGAL	10e-15z-9-12-13-trihydroxy-10-15-octadecadienoic-acid	74f6cc8362498900f2fe2c13d0b6fdb66dd30976
MLDQJTXFUGDVEO-UHFFFAOYSA-N	CHEBI:50924	sorafenib	ANTIVIRAL	sorafenib	74f6cc8362498900f2fe2c13d0b6fdb66dd30976
MLGCATYQZVMGBG-DRHHIBKESA-N	CHEBI:66339	UK-2A	ANTIFUNGAL	uk-2a	74f6cc8362498900f2fe2c13d0b6fdb66dd30976
MLGUXXSGWWCJQW-KBPBESRZSA-N	CHEBI:6116	kavapyrone	ANTIPROTOZOAL	kavapyrone	74f6cc8362498900f2fe2c13d0b6fdb66dd30976
MLILORUFDVLTSP-UHFFFAOYSA-N	CHEBI:44143	emivirine	ANTIVIRAL	emivirine	74f6cc8362498900f2fe2c13d0b6fdb66dd30976
MLWIYODOURBGPI-MRXNPFEDSA-N	CHEBI:69196	brazilein	ANTIBACTERIAL	brazilein	74f6cc8362498900f2fe2c13d0b6fdb66dd30976
MLYYVTUWGNIJIB-BXKDBHETSA-N	CHEBI:474053	cefazolin	ANTIBACTERIAL	cefazolin	74f6cc8362498900f2fe2c13d0b6fdb66dd30976
MMDMXWRRAOLMDC-ZNZAGFTISA-N	CHEBI:64246	tunicamycin A2	ANTIMICROBIAL_UNSPECIFIED	tunicamycin-a2	74f6cc8362498900f2fe2c13d0b6fdb66dd30976
MMIABLSMKGWQKD-UHFFFAOYSA-N	CHEBI:156041	rac5c	ANTIVIRAL	rac5c	74f6cc8362498900f2fe2c13d0b6fdb66dd30976
MMJOCKKLRMRSEQ-AFCXAGJDSA-N	CHEBI:45578	ribavirin 5'-triphosphate	ANTIVIRAL	ribavirin-5-triphosphate	74f6cc8362498900f2fe2c13d0b6fdb66dd30976
MMKIAHOGFMPKCT-LUNGMMDTSA-N	CHEBI:66529	strychnogucine B	ANTIPROTOZOAL	strychnogucine-b	74f6cc8362498900f2fe2c13d0b6fdb66dd30976
MMRGGLJWHXYKLZ-NEYRYYQWSA-N	CHEBI:72675	(+)-phytocassane E	ANTIFUNGAL	phytocassane-e	74f6cc8362498900f2fe2c13d0b6fdb66dd30976
MMTWXUQMLQGAPC-KQRWKONWSA-N	CHEBI:66497	Ys-II	ANTIFUNGAL	ys-ii	74f6cc8362498900f2fe2c13d0b6fdb66dd30976
MMYTYGXIKKVLES-AGMCFEMXSA-N	CHEBI:31047	10-carboxy-13-deoxycarminomycin	ANTIMICROBIAL_UNSPECIFIED	10-carboxy-13-deoxycarminomycin	74f6cc8362498900f2fe2c13d0b6fdb66dd30976
MNFORVFSTILPAW-UHFFFAOYSA-N	CHEBI:327119	azetidin-2-one	ANTIMICROBIAL_UNSPECIFIED	azetidin-2-one	74f6cc8362498900f2fe2c13d0b6fdb66dd30976
MNHVNIJQQRJYDH-UHFFFAOYSA-N	antibioticmech:aro-a441fc6b50	prothioconazole	ANTIFUNGAL	prothioconazole	74f6cc8362498900f2fe2c13d0b6fdb66dd30976
MNULEGDCPYONBU-AWJDAWNUSA-N	CHEBI:28285	oligomycin A	ANTIFUNGAL	oligomycin-a	74f6cc8362498900f2fe2c13d0b6fdb66dd30976
MOCVYVBNJQIVOV-TVQRCGJNSA-N	CHEBI:156498	rohitukine	ANTIPROTOZOAL	rohitukine	74f6cc8362498900f2fe2c13d0b6fdb66dd30976
MOWMHIINUAQFMU-DNBVWFFRSA-N	CHEBI:72990	3''-deamino-3''-hydroxykanamycin B	ANTIMICROBIAL_UNSPECIFIED	3-deamino-3-hydroxykanamycin-b	74f6cc8362498900f2fe2c13d0b6fdb66dd30976
MPMFCABZENCRHV-UHFFFAOYSA-N	CHEBI:147347	tilorone	ANTIVIRAL	tilorone	74f6cc8362498900f2fe2c13d0b6fdb66dd30976
MPNSEMULLQLQCF-UHFFFAOYSA-N	CHEBI:79384	BAR0329	ANTIFUNGAL	bar0329	74f6cc8362498900f2fe2c13d0b6fdb66dd30976
MQHLMHIZUIDKOO-AYHJJNSGSA-N	CHEBI:599440	amorolfine	ANTIFUNGAL	amorolfine	74f6cc8362498900f2fe2c13d0b6fdb66dd30976
MQJKPEGWNLWLTK-UHFFFAOYSA-N	CHEBI:4325	dapsone	ANTIMYCOBACTERIAL	dapsone	74f6cc8362498900f2fe2c13d0b6fdb66dd30976
MQLRYUCJDNBWMV-GHXIOONMSA-N	CHEBI:135629	cefetamet	ANTIBACTERIAL	cefetamet	74f6cc8362498900f2fe2c13d0b6fdb66dd30976
MQLUFEFCCDNPMA-UHFFFAOYSA-N	CHEBI:65445	AS-186c	ANTIMICROBIAL_UNSPECIFIED	as-186c	74f6cc8362498900f2fe2c13d0b6fdb66dd30976
MQLUFEFCCDNPMA-UHFFFAOYSA-N	CHEBI:65446	AS-186g	ANTIMICROBIAL_UNSPECIFIED	as-186g	74f6cc8362498900f2fe2c13d0b6fdb66dd30976
MQQOZPYNKMAOLT-GTPINHCMSA-N	CHEBI:66239	TMC-52B	ANTIMICROBIAL_UNSPECIFIED	tmc-52b	74f6cc8362498900f2fe2c13d0b6fdb66dd30976
MQTOSJVFKKJCRP-BICOPXKESA-N	CHEBI:2955	azithromycin	ANTIBACTERIAL	azithromycin	74f6cc8362498900f2fe2c13d0b6fdb66dd30976
MQXQVCLAUDMCEF-CWLIKTDRSA-N	CHEBI:51254	amoxicillin trihydrate	ANTIBACTERIAL	amoxicillin-trihydrate	74f6cc8362498900f2fe2c13d0b6fdb66dd30976
MRBLTWPEPGRXQN-WMUQSPHGSA-N	CHEBI:65778	16β,17-dihydroxy-ent-kaurane-19-oic acid	ANTIVIRAL	16β-17-dihydroxy-ent-kaurane-19-oic-acid	74f6cc8362498900f2fe2c13d0b6fdb66dd30976
MRMBZHPJVKCOMA-YJFSRANCSA-N	CHEBI:3089	biapenem	ANTIBACTERIAL	biapenem	74f6cc8362498900f2fe2c13d0b6fdb66dd30976
MRNLLBXPSWMYCK-UHFFFAOYSA-N	antibioticmech:aro-3cfb065f35	bleomycinic acid	ANTIBACTERIAL	bleomycinic-acid	74f6cc8362498900f2fe2c13d0b6fdb66dd30976
MSPVTUIBMQIOJP-ZFQMPNKVSA-N	CHEBI:71950	tyrocidine D	ANTIBACTERIAL	tyrocidine-d	74f6cc8362498900f2fe2c13d0b6fdb66dd30976
MSTGSKMQIWAVEE-ONOMSOESSA-N	antibioticmech:aro-17e5b16969	formicamycin O	ANTIBACTERIAL	formicamycin-o	74f6cc8362498900f2fe2c13d0b6fdb66dd30976
MTCJZZBQNCXKAP-KSYZLYKTSA-N	CHEBI:42654	formycin B	ANTIMICROBIAL_UNSPECIFIED	formycin-b	74f6cc8362498900f2fe2c13d0b6fdb66dd30976
MTRMGJAIETUBQO-UHFFFAOYSA-N	antibioticmech:aro-53ea9afd3e	fasamycin H	ANTIBACTERIAL	fasamycin-h	74f6cc8362498900f2fe2c13d0b6fdb66dd30976
MTWGWIOCIREVRF-KRWDZBQOSA-N	CHEBI:542606	minquartynoic acid	ANTIPROTOZOAL	minquartynoic-acid	74f6cc8362498900f2fe2c13d0b6fdb66dd30976
MUJOIMFVNIBMKC-UHFFFAOYSA-N	CHEBI:81763	fludioxonil	ANTIFUNGAL	fludioxonil	74f6cc8362498900f2fe2c13d0b6fdb66dd30976
MUMCCPUVOAUBAN-UHFFFAOYSA-N	CHEBI:70649	liriodenine	ANTIFUNGAL	liriodenine	74f6cc8362498900f2fe2c13d0b6fdb66dd30976
MUUDYSFWQUSAOO-UHFFFAOYSA-N	CHEBI:68023	cudraflavone C	ANTIBACTERIAL	cudraflavone-c	74f6cc8362498900f2fe2c13d0b6fdb66dd30976
MUYAUELJBWQNDH-UHFFFAOYSA-N	CHEBI:65780	7,4'-dihydroxy-3'-methoxyisoflavone	ANTIPROTOZOAL	7-4-dihydroxy-3-methoxyisoflavone	74f6cc8362498900f2fe2c13d0b6fdb66dd30976
MUZYEKLWXWDOOD-RUDZPDEXSA-N	antibioticmech:aro-180f92bec8	polymyxin B3	ANTIBACTERIAL	polymyxin-b3	74f6cc8362498900f2fe2c13d0b6fdb66dd30976
MVGWUTBTXDYMND-QGZVFWFLSA-N	CHEBI:229230	etrasimod	ANTIBACTERIAL	etrasimod	74f6cc8362498900f2fe2c13d0b6fdb66dd30976
MVIOXXHCLPZAAQ-UMLDZSFSSA-N	CHEBI:65372	adxanthromycin B	ANTIMICROBIAL_UNSPECIFIED	adxanthromycin-b	74f6cc8362498900f2fe2c13d0b6fdb66dd30976
MVSIZSYJQDRVAV-XMTLADTRSA-N	CHEBI:65514	brasilinolide A	ANTIFUNGAL	brasilinolide-a	74f6cc8362498900f2fe2c13d0b6fdb66dd30976
MWCNCFCBBXKOCI-CMTGZUNTSA-N	CHEBI:66591	longipedumin A	ANTIVIRAL	longipedumin-a	74f6cc8362498900f2fe2c13d0b6fdb66dd30976
MWEQHAGXLGTSKL-OPCQMSRDSA-N	CHEBI:67926	2''-acetylastragalin	ANTIPROTOZOAL	2-acetylastragalin	74f6cc8362498900f2fe2c13d0b6fdb66dd30976
MWFRKHPRXPSWNT-QNPWSHAKSA-N	CHEBI:64273	erythromycin C	ANTIMICROBIAL_UNSPECIFIED	erythromycin-c	74f6cc8362498900f2fe2c13d0b6fdb66dd30976
MWOMNLDJNQWJMK-UHFFFAOYSA-N	CHEBI:4559	dihydroconiferyl alcohol	ANTIBACTERIAL	dihydroconiferyl-alcohol	74f6cc8362498900f2fe2c13d0b6fdb66dd30976
MWTQCWZOXMULHF-QZSJCTLHSA-N	CHEBI:68591	eurysterol A sulfonic acid	ANTIFUNGAL	eurysterol-a-sulfonic-acid	74f6cc8362498900f2fe2c13d0b6fdb66dd30976
MWYMVCYBLZZWPG-BXKDBHETSA-N	CHEBI:65613	chaetoxanthone C	ANTIPROTOZOAL	chaetoxanthone-c	74f6cc8362498900f2fe2c13d0b6fdb66dd30976
MWYYLZRWWNBROW-BDZRSQQBSA-N	CHEBI:7777	ophiobolin A	ANTIMICROBIAL_UNSPECIFIED	ophiobolin-a	74f6cc8362498900f2fe2c13d0b6fdb66dd30976
MXGYFZAWHDLLFI-ZJUUUORDSA-N	CHEBI:149435	6-de(cyclopropylamino)-6-(3-methoxyazetidin-1-yl)abacavir	ANTIVIRAL	6-de-cyclopropylamino-6-3-methoxyazetidin-1-yl-abacavir	74f6cc8362498900f2fe2c13d0b6fdb66dd30976
MXIZZLBQRBAZEX-HUUCEWRRSA-N	CHEBI:31504	dioncophylline A	ANTIFUNGAL	dioncophylline-a	74f6cc8362498900f2fe2c13d0b6fdb66dd30976
MXLOKFOWFPJWCW-UHFFFAOYSA-N	CHEBI:172922	ethylzingerone	ANTIBACTERIAL	ethylzingerone	74f6cc8362498900f2fe2c13d0b6fdb66dd30976
MXMWJAPNUIKPGF-YOFVRWEXSA-N	CHEBI:230470	rezafungin acetate	ANTIFUNGAL	rezafungin-acetate	74f6cc8362498900f2fe2c13d0b6fdb66dd30976
MXMXHPPIGKYTAR-UHFFFAOYSA-N	CHEBI:83393	silthiofam	ANTIFUNGAL	silthiofam	74f6cc8362498900f2fe2c13d0b6fdb66dd30976
MXOAEAUPQDYUQM-MRVPVSSYSA-N	CHEBI:59479	(R)-chlorphenesin	ANTIBACTERIAL	r-chlorphenesin	74f6cc8362498900f2fe2c13d0b6fdb66dd30976
MXOAEAUPQDYUQM-QMMMGPOBSA-N	CHEBI:59480	(S)-chlorphenesin	ANTIBACTERIAL	s-chlorphenesin	74f6cc8362498900f2fe2c13d0b6fdb66dd30976
MXOAEAUPQDYUQM-UHFFFAOYSA-N	CHEBI:3642	chlorphenesin	ANTIBACTERIAL	chlorphenesin	74f6cc8362498900f2fe2c13d0b6fdb66dd30976
MYPYJXKWCTUITO-LYRMYLQWSA-N	CHEBI:28001	vancomycin	ANTIBACTERIAL	vancomycin	74f6cc8362498900f2fe2c13d0b6fdb66dd30976
MYSWGUAQZAJSOK-UHFFFAOYSA-N	CHEBI:100241	ciprofloxacin	ANTIBACTERIAL	ciprofloxacin	74f6cc8362498900f2fe2c13d0b6fdb66dd30976
MYVHVFGKOZGBLW-RAMHWAOYSA-N	CHEBI:65539	caesalpinin C	ANTIPROTOZOAL	caesalpinin-c	74f6cc8362498900f2fe2c13d0b6fdb66dd30976
MYWTWSQFJLXGGQ-UHFFFAOYSA-N	CHEBI:78351	amantadine sulfate	ANTIVIRAL	amantadine-sulfate	74f6cc8362498900f2fe2c13d0b6fdb66dd30976
MYXLDFYXMNSXDR-GOSISDBHSA-N	CHEBI:66001	hamacanthin B	ANTIFUNGAL	hamacanthin-b	74f6cc8362498900f2fe2c13d0b6fdb66dd30976
MYXLDFYXMNSXDR-UHFFFAOYSA-N	CHEBI:66000	hamacanthin A	ANTIFUNGAL	hamacanthin-a	74f6cc8362498900f2fe2c13d0b6fdb66dd30976
MZZGOOYMKKIOOX-VKHMYHEASA-N	CHEBI:74846	azaserine	ANTIFUNGAL	azaserine	74f6cc8362498900f2fe2c13d0b6fdb66dd30976
NADRVFUNXRGAII-UHFFFAOYSA-N	CHEBI:65779	2,5-dihydroxy-3-methanesulfinylbenzyl alcohol	ANTIBACTERIAL	2-5-dihydroxy-3-methanesulfinylbenzyl-alcohol	74f6cc8362498900f2fe2c13d0b6fdb66dd30976
NAEDADOYRYAJDM-UHFFFAOYSA-N	CHEBI:65413	antimycin A9	ANTIMICROBIAL_UNSPECIFIED	antimycin-a9	74f6cc8362498900f2fe2c13d0b6fdb66dd30976
NAIJFFZGPGRMSV-SGTCUYSDSA-N	CHEBI:65649	colossolactone V	ANTIVIRAL	colossolactone-v	74f6cc8362498900f2fe2c13d0b6fdb66dd30976
NALOMJPIDNQZKW-ZIAGYGMSSA-N	CHEBI:31505	dioncophylline C	ANTIPROTOZOAL	dioncophylline-c	74f6cc8362498900f2fe2c13d0b6fdb66dd30976
NBLHOLNNKJBEDC-XOGQCRKLSA-N	antibioticmech:aro-e05426a76f	bleomycin B2	ANTIBACTERIAL	bleomycin-b2	74f6cc8362498900f2fe2c13d0b6fdb66dd30976
NBQXBIDZPLKFHR-UHFFFAOYSA-N	CHEBI:27461	selenohomocystine	ANTIBACTERIAL	selenohomocystine	74f6cc8362498900f2fe2c13d0b6fdb66dd30976
NBRBXGKOEOGLOI-UHFFFAOYSA-N	CHEBI:85182	dasabuvir	ANTIVIRAL	dasabuvir	74f6cc8362498900f2fe2c13d0b6fdb66dd30976
NBVTYGIYKCPHQN-UHFFFAOYSA-N	CHEBI:3689	chrysosplenetin	ANTIVIRAL	chrysosplenetin	74f6cc8362498900f2fe2c13d0b6fdb66dd30976
NCBUKYVWLOGAPQ-UHFFFAOYSA-N	antibioticmech:aro-251ff28ef6	fasamycin A	ANTIBACTERIAL	fasamycin-a	74f6cc8362498900f2fe2c13d0b6fdb66dd30976
NCDNCNXCDXHOMX-XGKFQTDJSA-N	CHEBI:45409	ritonavir	ANTIVIRAL	ritonavir	74f6cc8362498900f2fe2c13d0b6fdb66dd30976
NCEXYHBECQHGNR-QZQOTICOSA-N	CHEBI:9334	sulfasalazine	ANTIBACTERIAL	sulfasalazine	74f6cc8362498900f2fe2c13d0b6fdb66dd30976
NCUTXLGVUNPWKM-XCLVBVFRSA-N	antibioticmech:aro-e45d4c195a	cyclomarin C	ANTIBACTERIAL	cyclomarin-c	74f6cc8362498900f2fe2c13d0b6fdb66dd30976
NCVWJDISIZHFQS-CQSZACIVSA-N	CHEBI:143911	(−)-antofine	ANTIVIRAL	antofine	74f6cc8362498900f2fe2c13d0b6fdb66dd30976
NCXMLFZGDNKEPB-FFPOYIOWSA-N	CHEBI:7488	natamycin	ANTIFUNGAL	natamycin	74f6cc8362498900f2fe2c13d0b6fdb66dd30976
NDAYQJDHGXTBJL-MWWSRJDJSA-N	antibioticmech:aro-edfe06b075	gramicidin D	ANTIBACTERIAL	gramicidin-d	74f6cc8362498900f2fe2c13d0b6fdb66dd30976
NDCUAPJVLWFHHB-UHNVWZDZSA-N	CHEBI:85984	avibactam	ANTIBACTERIAL	avibactam	74f6cc8362498900f2fe2c13d0b6fdb66dd30976
NDNXVUYCJZMRRS-ABRNDMKOSA-N	CHEBI:65753	3,5-di-O-acetyl-1-O-[(5β,8α,9β,10α)-18-oxokaur-16-en-18-yl]-β-L-arabinofuranose	ANTIBACTERIAL	3-5-di-o-acetyl-1-o-5β-8α-9β-10α-18-oxokaur-16-en-18-yl-β-l-arabinofur	74f6cc8362498900f2fe2c13d0b6fdb66dd30976
NEHNMFOYXAPHSD-JTQLQIEISA-N	CHEBI:368	(S)-(−)-citronellal	ANTIFUNGAL	s-citronellal	74f6cc8362498900f2fe2c13d0b6fdb66dd30976
NEHNMFOYXAPHSD-SNVBAGLBSA-N	CHEBI:299	(R)-(+)-citronellal	ANTIFUNGAL	r-citronellal	74f6cc8362498900f2fe2c13d0b6fdb66dd30976
NEHNMFOYXAPHSD-UHFFFAOYSA-N	CHEBI:47856	citronellal	ANTIFUNGAL	citronellal	74f6cc8362498900f2fe2c13d0b6fdb66dd30976
NEMNPWINWMHUMR-UHFFFAOYSA-N	CHEBI:234200	rafoxanide	ANTIBACTERIAL	rafoxanide	74f6cc8362498900f2fe2c13d0b6fdb66dd30976
NENPYTRHICXVCS-YNEHKIRRSA-N	CHEBI:73139	oseltamivir acid	ANTIVIRAL	oseltamivir-acid	74f6cc8362498900f2fe2c13d0b6fdb66dd30976
NEQZWEXWOFPKOT-BYRRXHGESA-N	CHEBI:67559	5Z-7-oxozeaenol	ANTIBACTERIAL	5z-7-oxozeaenol	74f6cc8362498900f2fe2c13d0b6fdb66dd30976
NEQZWEXWOFPKOT-ULSULSEOSA-N	CHEBI:67558	5E-7-oxozeaenol	ANTIBACTERIAL	5e-7-oxozeaenol	74f6cc8362498900f2fe2c13d0b6fdb66dd30976
NESLWCLHZZISNB-UHFFFAOYSA-M	CHEBI:52476	sodium phenolate	BIOCIDE	sodium-phenolate	74f6cc8362498900f2fe2c13d0b6fdb66dd30976
NETSQGRTUNRXEO-XUXIUFHCSA-N	CHEBI:244418	dehydrocostus lactone	ANTIMYCOBACTERIAL	dehydrocostus-lactone	74f6cc8362498900f2fe2c13d0b6fdb66dd30976
NFDVJYPMLVMXRR-UHFFFAOYSA-N	CHEBI:70651	oxonantenine	ANTIMICROBIAL_UNSPECIFIED	oxonantenine	74f6cc8362498900f2fe2c13d0b6fdb66dd30976
NFEZZTICAUWDHU-RDTXWAMCSA-N	CHEBI:82718	efinaconazole	ANTIFUNGAL	efinaconazole	74f6cc8362498900f2fe2c13d0b6fdb66dd30976
NFMVWIXBGOEENC-VJCWLMRASA-N	CHEBI:65566	callophycol B	ANTIBACTERIAL	callophycol-b	74f6cc8362498900f2fe2c13d0b6fdb66dd30976
NGBKFLTYGSREKK-PMACEKPBSA-N	CHEBI:82818	MDL-28170	ANTIPROTOZOAL	mdl-28170	74f6cc8362498900f2fe2c13d0b6fdb66dd30976
NGGMYCMLYOUNGM-CSDLUJIJSA-N	CHEBI:48635	fumagillin	ANTIBACTERIAL	fumagillin	74f6cc8362498900f2fe2c13d0b6fdb66dd30976
NGHVIOIJCVXTGV-ALEPSDHESA-N	CHEBI:16705	6-aminopenicillanic acid	ANTIMICROBIAL_UNSPECIFIED	6-aminopenicillanic-acid	74f6cc8362498900f2fe2c13d0b6fdb66dd30976
NGODKUCEKYYIFN-UHFFFAOYSA-N	CHEBI:65898	flavaspidic acid PB	ANTIBACTERIAL	flavaspidic-acid-pb	74f6cc8362498900f2fe2c13d0b6fdb66dd30976
NGSGHHXJBXTNFJ-IBGZPJMESA-N	CHEBI:65865	erylatissin C	ANTIMICROBIAL_UNSPECIFIED	erylatissin-c	74f6cc8362498900f2fe2c13d0b6fdb66dd30976
NGSUYOQYYVLKJJ-NAZRFLCCSA-N	CHEBI:65656	complestatin B	ANTIVIRAL	complestatin-b	74f6cc8362498900f2fe2c13d0b6fdb66dd30976
NHBHUPPOSSJZSN-UHFFFAOYSA-N	CHEBI:52611	N'-(2-hydroxybenzoyl)-2,6-dimethoxybenzohydrazide	ANTIVIRAL	n-2-hydroxybenzoyl-2-6-dimethoxybenzohydrazide	74f6cc8362498900f2fe2c13d0b6fdb66dd30976
NHBJTTGFHCHQHS-VZTVMPNDSA-N	CHEBI:156289	decanoyl-L-Arg-L-Val-L-Lys-L-Arg-chloromethylketone	ANTIVIRAL	decanoyl-l-arg-l-val-l-lys-l-arg-chloromethylketone	74f6cc8362498900f2fe2c13d0b6fdb66dd30976
NHKCCADZVLTPPO-UHFFFAOYSA-N	CHEBI:50437	nocardamine	ANTIBACTERIAL	nocardamine	74f6cc8362498900f2fe2c13d0b6fdb66dd30976
NHUHCSRWZMLRLA-UHFFFAOYSA-N	CHEBI:102484	sulfisoxazole	ANTIBACTERIAL	sulfisoxazole	74f6cc8362498900f2fe2c13d0b6fdb66dd30976
NHYSRKKHKHCRGR-RFRQLJORSA-N	CHEBI:229666	geranylgeranyl acetate	ANTIBACTERIAL	geranylgeranyl-acetate	74f6cc8362498900f2fe2c13d0b6fdb66dd30976
NIBXHVDVUJEQPO-MHVGILDJSA-N	CHEBI:133841	yanuthone D	ANTIFUNGAL	yanuthone-d	74f6cc8362498900f2fe2c13d0b6fdb66dd30976
NIDGCIPAMWNKOA-UHFFFAOYSA-N	CHEBI:145817	neophytadiene	ANTIMICROBIAL_UNSPECIFIED	neophytadiene	74f6cc8362498900f2fe2c13d0b6fdb66dd30976
NIDRYBLTWYFCFV-FMTVUPSXSA-N	CHEBI:65552	(+)-calanolide A	ANTIVIRAL	calanolide-a	74f6cc8362498900f2fe2c13d0b6fdb66dd30976
NIDRYBLTWYFCFV-PZROIBLQSA-N	CHEBI:65553	(−)-calanolide B	ANTIVIRAL	calanolide-b	74f6cc8362498900f2fe2c13d0b6fdb66dd30976
NIKHGUQULKYIGE-OTCXFQBHSA-N	CHEBI:15417	ent-kaur-16-en-19-oic acid	ANTIVIRAL	ent-kaur-16-en-19-oic-acid	74f6cc8362498900f2fe2c13d0b6fdb66dd30976
NIKLINODNHPPMX-JPXCXHODSA-N	CHEBI:65549	3-(Z)-caffeoyllupeol	ANTIPROTOZOAL	3-z-caffeoyllupeol	74f6cc8362498900f2fe2c13d0b6fdb66dd30976
NIOCOUPGHASQHO-UHFFFAOYSA-N	antibioticmech:aro-b7537957c3	SB22484	ANTIBACTERIAL	sb22484	74f6cc8362498900f2fe2c13d0b6fdb66dd30976
NIPZZXUFJPQHNH-UHFFFAOYSA-N	CHEBI:71311	pyrazine-2-carboxylic acid	ANTIMYCOBACTERIAL	pyrazine-2-carboxylic-acid	74f6cc8362498900f2fe2c13d0b6fdb66dd30976
NIRLIWMQNRJEDG-RARRKIFNSA-N	CHEBI:78286	8-demethyl-8-(2,3-O-dimethyl-α-L-rhamnosyl)tetracenomycin C	ANTIMICROBIAL_UNSPECIFIED	8-demethyl-8-2-3-o-dimethyl-α-l-rhamnosyl-tetracenomycin-c	74f6cc8362498900f2fe2c13d0b6fdb66dd30976
NISGMKNSSUMSSN-IBWRYCSWSA-N	CHEBI:66021	hookerianamide I	ANTIPROTOZOAL	hookerianamide-i	74f6cc8362498900f2fe2c13d0b6fdb66dd30976
NITWSHWHQAQBAW-UHFFFAOYSA-N	CHEBI:86904	4-coumaric acid methyl ester	ANTIFUNGAL	4-coumaric-acid-methyl-ester	74f6cc8362498900f2fe2c13d0b6fdb66dd30976
NITYDPDXAAFEIT-DYVFJYSZSA-N	CHEBI:137236	ilomastat	ANTIBACTERIAL	ilomastat	74f6cc8362498900f2fe2c13d0b6fdb66dd30976
NIVFCUNTHUULDF-DQUBFYRCSA-N	CHEBI:141296	(1R,4R,5R,8S)-8-hydroxy-4,8-dimethyl-2-oxabicyclo[3.3.1]nonan-3-one	ANTIFUNGAL	1r-4r-5r-8s-8-hydroxy-4-8-dimethyl-2-oxabicyclo-3-3-1-nonan-3-one	74f6cc8362498900f2fe2c13d0b6fdb66dd30976
NJCUSQKMYNTYOW-MWUYRYRWSA-N	antibioticmech:aro-bd55fbe0ca	enramycin	ANTIBACTERIAL	enramycin	74f6cc8362498900f2fe2c13d0b6fdb66dd30976
NJDRXTDGYFKORP-LLVKDONJSA-N	CHEBI:131716	garenoxacin	ANTIBACTERIAL	garenoxacin	74f6cc8362498900f2fe2c13d0b6fdb66dd30976
NJFOSFIPGRXARF-BRTULJEKSA-N	CHEBI:66626	nigranoic acid	ANTIVIRAL	nigranoic-acid	74f6cc8362498900f2fe2c13d0b6fdb66dd30976
NJFUXFYUHIHHOJ-FSEITFBQSA-N	antibioticmech:aro-53b7643d5c	zosurabalpin	ANTIBACTERIAL	zosurabalpin	74f6cc8362498900f2fe2c13d0b6fdb66dd30976
NJGWOFRZMQRKHT-WGVNQGGSSA-N	CHEBI:71978	surfactin C	ANTIBACTERIAL	surfactin-c	74f6cc8362498900f2fe2c13d0b6fdb66dd30976
NJIYMLLTXNGJHV-REZTVBANSA-N	CHEBI:65499	bipinnatone B	ANTIPROTOZOAL	bipinnatone-b	74f6cc8362498900f2fe2c13d0b6fdb66dd30976
NJMWWUADORPGGY-AJOXBXEMSA-N	CHEBI:71949	tyrocidine C	ANTIBACTERIAL	tyrocidine-c	74f6cc8362498900f2fe2c13d0b6fdb66dd30976
NJVOZLGKTAPUTQ-UHFFFAOYSA-M	CHEBI:35036	fentin chloride	ANTIFUNGAL	fentin-chloride	74f6cc8362498900f2fe2c13d0b6fdb66dd30976
NKDRZEIENXWUCE-VDIUWDQWSA-N	CHEBI:64257	tunicamycin C2	ANTIMICROBIAL_UNSPECIFIED	tunicamycin-c2	74f6cc8362498900f2fe2c13d0b6fdb66dd30976
NKFNBVMJTSYZDV-UHFFFAOYSA-N	CHEBI:229635	N-lauryldiethanolamine	ANTIBACTERIAL	n-lauryldiethanolamine	74f6cc8362498900f2fe2c13d0b6fdb66dd30976
NKSQSZYYPUIJDD-UHFFFAOYSA-N	CHEBI:68723	mollicellin J	ANTIPROTOZOAL	mollicellin-j	74f6cc8362498900f2fe2c13d0b6fdb66dd30976
NKTGCVUIESDXPU-YLEPRARLSA-N	CHEBI:144441	triacsin C	ANTIPROTOZOAL	triacsin-c	74f6cc8362498900f2fe2c13d0b6fdb66dd30976
NKULICGUDKGGRL-FCHFGNCGSA-L	antibioticmech:aro-736d7660a3	bacitracin	ANTIBACTERIAL	bacitracin	74f6cc8362498900f2fe2c13d0b6fdb66dd30976
NKZMPZCWBSWAOX-IBTYICNHSA-M	CHEBI:157785	sulbactam sodium	ANTIMICROBIAL_UNSPECIFIED	sulbactam-sodium	74f6cc8362498900f2fe2c13d0b6fdb66dd30976
NKZRZOVSJNSBFR-FEMMEMONSA-N	CHEBI:133817	doxorubicinol	ANTIMICROBIAL_UNSPECIFIED	doxorubicinol	74f6cc8362498900f2fe2c13d0b6fdb66dd30976
NLHHRLWOUZZQLW-UHFFFAOYSA-N	CHEBI:28217	acrylonitrile	ANTIFUNGAL	acrylonitrile	74f6cc8362498900f2fe2c13d0b6fdb66dd30976
NLIHPCYXRYQPSD-BAJZRUMYSA-N	CHEBI:52316	cordycepin triphosphate	ANTIFUNGAL	cordycepin-triphosphate	74f6cc8362498900f2fe2c13d0b6fdb66dd30976
NLJVXZFCYKWXLH-DXTIXLATSA-N	antibioticmech:aro-1c243155df	tyrothricin	ANTIBACTERIAL	tyrothricin	74f6cc8362498900f2fe2c13d0b6fdb66dd30976
NLOOMWLTUVBWAW-HLLBOEOZSA-N	CHEBI:131733	penamecillin	ANTIBACTERIAL	penamecillin	74f6cc8362498900f2fe2c13d0b6fdb66dd30976
NLUGUZJQJYVUHS-IDXDZYHTSA-N	CHEBI:230243	verrucarin A	ANTIMICROBIAL_UNSPECIFIED	verrucarin-a	74f6cc8362498900f2fe2c13d0b6fdb66dd30976
NLVFBUXFDBBNBW-PBSUHMDJSA-N	CHEBI:28864	tobramycin	ANTIBACTERIAL	tobramycin	74f6cc8362498900f2fe2c13d0b6fdb66dd30976
NLVNWKWBXDAKIC-GHNQEIAISA-N	CHEBI:67930	paeonoside decaacetate	ANTIPROTOZOAL	paeonoside-decaacetate	74f6cc8362498900f2fe2c13d0b6fdb66dd30976
NLWVIEFILMVVQV-OBXQOZEMSA-N	antibioticmech:aro-41b2842f38	lassomycin	ANTIBACTERIAL	lassomycin	74f6cc8362498900f2fe2c13d0b6fdb66dd30976
NLZCOTZRUWYPTP-WHCFWRGISA-N	CHEBI:65361	acacetin-7-O-β-D-galactopyranoside	ANTIVIRAL	acacetin-7-o-β-d-galactopyranoside	74f6cc8362498900f2fe2c13d0b6fdb66dd30976
NMMOYDKOFASOBV-HKHZIIAMSA-L	CHEBI:77885	nocardicin E(2−)	ANTIMICROBIAL_UNSPECIFIED	nocardicin-e-2	74f6cc8362498900f2fe2c13d0b6fdb66dd30976
NMMOYDKOFASOBV-HKHZIIAMSA-N	CHEBI:29091	nocardicin E	ANTIMICROBIAL_UNSPECIFIED	nocardicin-e	74f6cc8362498900f2fe2c13d0b6fdb66dd30976
NMMOYDKOFASOBV-ORWLQXDRSA-N	CHEBI:33012	nocardicin F	ANTIMICROBIAL_UNSPECIFIED	nocardicin-f	74f6cc8362498900f2fe2c13d0b6fdb66dd30976
NMVCBWZLCXANER-UHFFFAOYSA-N	CHEBI:83346	pyriofenone	ANTIFUNGAL	pyriofenone	74f6cc8362498900f2fe2c13d0b6fdb66dd30976
NMWKWBPNKPGATC-UHFFFAOYSA-N	CHEBI:47617	4,5,6,7-tetrachloro-2-benzofuran-1(3H)-one	ANTIFUNGAL	4-5-6-7-tetrachloro-2-benzofuran-1-3h-one	74f6cc8362498900f2fe2c13d0b6fdb66dd30976
NNBFNNNWANBMTI-UHFFFAOYSA-M	CHEBI:88173	brilliant green	ANTIBACTERIAL	brilliant-green	74f6cc8362498900f2fe2c13d0b6fdb66dd30976
NNNVXFKZMRGJPM-KHPPLWFESA-N	CHEBI:76244	sapienic acid	ANTIBACTERIAL	sapienic-acid	74f6cc8362498900f2fe2c13d0b6fdb66dd30976
NNPGECDACGBKDH-UHFFFAOYSA-N	CHEBI:194126	ochnaflavone	ANTIBACTERIAL	ochnaflavone	74f6cc8362498900f2fe2c13d0b6fdb66dd30976
NNQIJOYQWYKBOW-JWKOBGCHSA-N	CHEBI:18229	deacetoxycephalosporin C	ANTIMICROBIAL_UNSPECIFIED	deacetoxycephalosporin-c	74f6cc8362498900f2fe2c13d0b6fdb66dd30976
NNULBSISHYWZJU-LLKWHZGFSA-N	CHEBI:553473	ceftizoxime	ANTIBACTERIAL	ceftizoxime	74f6cc8362498900f2fe2c13d0b6fdb66dd30976
NOCJXYPHIIZEHN-UHFFFAOYSA-N	CHEBI:4537	difloxacin	ANTIBACTERIAL	difloxacin	74f6cc8362498900f2fe2c13d0b6fdb66dd30976
NODILNFGTFIURN-GZPRDHCNSA-N	CHEBI:77152	ginsenoside Rb2	ANTIVIRAL	ginsenoside-rb2	74f6cc8362498900f2fe2c13d0b6fdb66dd30976
NOFOAYPPHIUXJR-APNQCZIXSA-N	CHEBI:2766	aphidicolin	ANTIVIRAL	aphidicolin	74f6cc8362498900f2fe2c13d0b6fdb66dd30976
NONJJLVGHLVQQM-JHXYUMNGSA-N	CHEBI:52427	phenethicillin	ANTIBACTERIAL	phenethicillin	74f6cc8362498900f2fe2c13d0b6fdb66dd30976
NOPFSRXAKWQILS-UHFFFAOYSA-N	CHEBI:31000	docosan-1-ol	ANTIVIRAL	docosan-1-ol	74f6cc8362498900f2fe2c13d0b6fdb66dd30976
NPGNOVNWUSPMDP-HLLBOEOZSA-N	CHEBI:51210	pivmecillinam	ANTIBACTERIAL	pivmecillinam	74f6cc8362498900f2fe2c13d0b6fdb66dd30976
NPOAEKOTGBOUST-MVSGICTGSA-N	CHEBI:78518	mastoparan-M	ANTIBACTERIAL	mastoparan-m	74f6cc8362498900f2fe2c13d0b6fdb66dd30976
NPTHXJUVZWZDJB-HXOBKFHXSA-N	CHEBI:66297	remangiflavanone A	ANTIBACTERIAL	remangiflavanone-a	74f6cc8362498900f2fe2c13d0b6fdb66dd30976
NPTYMHRTUPEDPI-WQTFAPJPSA-M	CHEBI:65888	eurysterol A	ANTIFUNGAL	eurysterol-a	74f6cc8362498900f2fe2c13d0b6fdb66dd30976
NQDJXKOVJZTUJA-UHFFFAOYSA-N	CHEBI:63613	nevirapine	ANTIVIRAL	nevirapine	74f6cc8362498900f2fe2c13d0b6fdb66dd30976
NQHXCOAXSHGTIA-SKXNDZRYSA-N	CHEBI:7497	nelfinavir mesylate	ANTIVIRAL	nelfinavir-mesylate	74f6cc8362498900f2fe2c13d0b6fdb66dd30976
NQQBNZBOOHHVQP-UHFFFAOYSA-N	CHEBI:146227	halicin	ANTIBACTERIAL	halicin	74f6cc8362498900f2fe2c13d0b6fdb66dd30976
NRAUADCLPJTGSF-VLSXYIQESA-N	CHEBI:60821	streptothricin F	ANTIBACTERIAL	streptothricin-f	74f6cc8362498900f2fe2c13d0b6fdb66dd30976
NRAUADCLPJTGSF-VLSXYIQESA-Q	CHEBI:60822	streptothricin F(3+)	ANTIMICROBIAL_UNSPECIFIED	streptothricin-f-3	74f6cc8362498900f2fe2c13d0b6fdb66dd30976
NRCFYQYMBDTOBT-PJQLUOCWSA-N	CHEBI:66340	UK-2B	ANTIFUNGAL	uk-2b	74f6cc8362498900f2fe2c13d0b6fdb66dd30976
NRFFIDZDMKFXMS-FAYKFVSFSA-N	CHEBI:167566	maremycin G	ANTIFUNGAL	maremycin-g	74f6cc8362498900f2fe2c13d0b6fdb66dd30976
NSEWTSAADLNHNH-LSBOWGMISA-N	CHEBI:28472	proanthocyanidin A2	ANTIVIRAL	proanthocyanidin-a2	74f6cc8362498900f2fe2c13d0b6fdb66dd30976
NSFBOCKFBVQQKB-CQWNSWRRSA-N	CHEBI:78511	mastoparan-B	ANTIBACTERIAL	mastoparan-b	74f6cc8362498900f2fe2c13d0b6fdb66dd30976
NSFFHOGKXHRQEW-AIHSUZKVSA-N	CHEBI:29693	thiostrepton	ANTIBACTERIAL	thiostrepton	74f6cc8362498900f2fe2c13d0b6fdb66dd30976
NSKGQURZWSPSBC-VVPCINPTSA-N	CHEBI:45257	ribostamycin	ANTIBACTERIAL	ribostamycin	74f6cc8362498900f2fe2c13d0b6fdb66dd30976
NSKLWYCTXNPUBB-UHFFFAOYSA-N	CHEBI:32200	tetracenomycin B3	ANTIMICROBIAL_UNSPECIFIED	tetracenomycin-b3	74f6cc8362498900f2fe2c13d0b6fdb66dd30976
NSYZCCDSJNWWJL-YXOIYICCSA-N	CHEBI:31555	erythromycin ethylsuccinate	ANTIMICROBIAL_UNSPECIFIED	erythromycin-ethylsuccinate	74f6cc8362498900f2fe2c13d0b6fdb66dd30976
NTAHMPNXQOYXSX-WKSONYIQSA-N	antibioticmech:aro-5086cca2e7	aurodox	ANTIBACTERIAL	aurodox	74f6cc8362498900f2fe2c13d0b6fdb66dd30976
NTDLXWMIWOECHG-YRCFQSNFSA-N	CHEBI:15932	apiin	ANTIVIRAL	apiin	74f6cc8362498900f2fe2c13d0b6fdb66dd30976
NTKHEOJBPXFULD-UHFFFAOYSA-N	CHEBI:66615	neopyrrolomycin B	ANTIBACTERIAL	neopyrrolomycin-b	74f6cc8362498900f2fe2c13d0b6fdb66dd30976
NUAQIRUAZSJTAI-YRPZDAAMSA-N	antibioticmech:aro-515166b9c7	norvancomycin	ANTIBACTERIAL	norvancomycin	74f6cc8362498900f2fe2c13d0b6fdb66dd30976
NUHWTADXTBESTA-UHFFFAOYSA-N	CHEBI:65746	5-deoxyglyasperin F	ANTIVIRAL	5-deoxyglyasperin-f	74f6cc8362498900f2fe2c13d0b6fdb66dd30976
NUJLMXRQKUYQKE-UHFFFAOYSA-N	CHEBI:65718	cytonic acid B	ANTIVIRAL	cytonic-acid-b	74f6cc8362498900f2fe2c13d0b6fdb66dd30976
NUNIWXHYABYXKF-KRWDZBQOSA-N	CHEBI:59302	(S)-bromazine	ANTIMICROBIAL_UNSPECIFIED	s-bromazine	74f6cc8362498900f2fe2c13d0b6fdb66dd30976
NUNIWXHYABYXKF-QGZVFWFLSA-N	CHEBI:59301	(R)-bromazine	ANTIMICROBIAL_UNSPECIFIED	r-bromazine	74f6cc8362498900f2fe2c13d0b6fdb66dd30976
NUNIWXHYABYXKF-UHFFFAOYSA-N	CHEBI:59177	bromazine	ANTIMICROBIAL_UNSPECIFIED	bromazine	74f6cc8362498900f2fe2c13d0b6fdb66dd30976
NUPNVWUYFVEAIT-UJJBCWTCSA-N	CHEBI:70816	pentalenolactone	ANTIMICROBIAL_UNSPECIFIED	pentalenolactone	74f6cc8362498900f2fe2c13d0b6fdb66dd30976
NUTSBYCZDOSSIV-FFXBEMEVSA-N	CHEBI:65822	EI-1511-3	ANTIBACTERIAL	ei-1511-3	74f6cc8362498900f2fe2c13d0b6fdb66dd30976
NUVBSKCKDOMJSU-UHFFFAOYSA-N	CHEBI:31575	ethylparaben	ANTIFUNGAL	ethylparaben	74f6cc8362498900f2fe2c13d0b6fdb66dd30976
NUYFKDBCHFKOBT-IBGZPJMESA-N	CHEBI:65444	AS-186b	ANTIMICROBIAL_UNSPECIFIED	as-186b	74f6cc8362498900f2fe2c13d0b6fdb66dd30976
NVIAYEIXYQCDAN-CLZZGJSISA-N	CHEBI:64984	7β-aminodeacetoxycephalosporanic acid	ANTIMICROBIAL_UNSPECIFIED	7β-aminodeacetoxycephalosporanic-acid	74f6cc8362498900f2fe2c13d0b6fdb66dd30976
NVKLTRSBZLYZHK-UHFFFAOYSA-N	antibioticmech:aro-13aab8b73c	thiacalixarene derivatives	BIOCIDE	thiacalixarene-derivatives	74f6cc8362498900f2fe2c13d0b6fdb66dd30976
NVNLLIYOARQCIX-IPGQQNLLSA-N	CHEBI:71629	nisin	ANTIBACTERIAL	nisin	74f6cc8362498900f2fe2c13d0b6fdb66dd30976
NVSDADJBGGUCLP-UHFFFAOYSA-N	CHEBI:17909	polysulfur	ANTIFUNGAL	polysulfur	74f6cc8362498900f2fe2c13d0b6fdb66dd30976
NVVDQMVGALBDGE-PZXGUROGSA-N	CHEBI:3887	(−)-coronaridine	ANTIPROTOZOAL	coronaridine	74f6cc8362498900f2fe2c13d0b6fdb66dd30976
NVVJCDZZKMPNHL-LMFUHVRBSA-N	CHEBI:66688	mediomycin B	ANTIFUNGAL	mediomycin-b	74f6cc8362498900f2fe2c13d0b6fdb66dd30976
NVZJDPXVSWFFJJ-YXDKPKCJSA-N	CHEBI:17161	O-demethylpuromycin	ANTIMICROBIAL_UNSPECIFIED	o-demethylpuromycin	74f6cc8362498900f2fe2c13d0b6fdb66dd30976
NWUWYYSKZYIQAE-WMCAAGNKSA-N	CHEBI:82023	iprovalicarb	ANTIFUNGAL	iprovalicarb	74f6cc8362498900f2fe2c13d0b6fdb66dd30976
NXFQHRVNIOXGAQ-YCRREMRBSA-N	CHEBI:71415	nitrofurantoin	ANTIBACTERIAL	nitrofurantoin	74f6cc8362498900f2fe2c13d0b6fdb66dd30976
NXIASLUNMKAUTN-WFKFIOEPSA-N	CHEBI:34828	ML-236C	ANTIMICROBIAL_UNSPECIFIED	ml-236c	74f6cc8362498900f2fe2c13d0b6fdb66dd30976
NXIOJDXYHLKSSC-UHFFFAOYSA-N	CHEBI:70656	7-hydroxy-5-methoxy-6,8-dimethylflavone	ANTIVIRAL	7-hydroxy-5-methoxy-6-8-dimethylflavone	74f6cc8362498900f2fe2c13d0b6fdb66dd30976
NYFZWIIIOFTTKN-UHFFFAOYSA-N	CHEBI:155860	2,4-dihydroxy-3-methyl-6-(2-oxopropyl)benzaldehyde	ANTIBACTERIAL	2-4-dihydroxy-3-methyl-6-2-oxopropyl-benzaldehyde	74f6cc8362498900f2fe2c13d0b6fdb66dd30976
NYJBDYAABVMJOF-UHFFFAOYSA-N	CHEBI:229753	fenopyramid	ANTIFUNGAL	fenopyramid	74f6cc8362498900f2fe2c13d0b6fdb66dd30976
NZCOZAMBHLSNDW-HNDNCJINSA-N	CHEBI:73079	kanamycin D	ANTIMICROBIAL_UNSPECIFIED	kanamycin-d	74f6cc8362498900f2fe2c13d0b6fdb66dd30976
NZCRJKRKKOLAOJ-XRCRFVBUSA-N	CHEBI:75246	rifaximin	ANTIBACTERIAL	rifaximin	74f6cc8362498900f2fe2c13d0b6fdb66dd30976
NZDASSHFKWDBBU-KVMCETHSSA-N	CHEBI:3414	carfecillin	ANTIMICROBIAL_UNSPECIFIED	carfecillin	74f6cc8362498900f2fe2c13d0b6fdb66dd30976
NZGMVSJQULXLHF-RAKCNUBFSA-N	CHEBI:134705	etimicin	ANTIBACTERIAL	etimicin	74f6cc8362498900f2fe2c13d0b6fdb66dd30976
NZSWNNDHPOTJNH-VEJILBAHSA-N	antibioticmech:aro-34c0642a61	albicidin	ANTIBACTERIAL	albicidin	74f6cc8362498900f2fe2c13d0b6fdb66dd30976
OAFXTKGAKYAFSI-UPHZGLEOSA-N	CHEBI:233498	3,4,5-tricaffeoylquinic acid	ANTIVIRAL	3-4-5-tricaffeoylquinic-acid	74f6cc8362498900f2fe2c13d0b6fdb66dd30976
OAFXTKGAKYAFSI-YOWOTECTSA-N	CHEBI:233499	3,4,5-tri-(E)-caffeoylquinic acid	ANTIVIRAL	3-4-5-tri-e-caffeoylquinic-acid	74f6cc8362498900f2fe2c13d0b6fdb66dd30976
OAVGBZOFDPFGPJ-UHFFFAOYSA-N	CHEBI:90531	sotrastaurin	ANTIVIRAL	sotrastaurin	74f6cc8362498900f2fe2c13d0b6fdb66dd30976
OBGBGHKYJAOXRR-UHFFFAOYSA-N	CHEBI:69522	2-methoxy-1,4-naphthoquinone	ANTIMICROBIAL_UNSPECIFIED	2-methoxy-1-4-naphthoquinone	74f6cc8362498900f2fe2c13d0b6fdb66dd30976
OBMNJSNZOWALQB-NCQNOWPTSA-N	CHEBI:132975	grazoprevir	ANTIVIRAL	grazoprevir	74f6cc8362498900f2fe2c13d0b6fdb66dd30976
OBXVUUWPKYYYBL-NCYKPQTJSA-N	CHEBI:65385	alisiaquinol	ANTIPROTOZOAL	alisiaquinol	74f6cc8362498900f2fe2c13d0b6fdb66dd30976
OBZIQQJJIKNWNO-UHFFFAOYSA-N	CHEBI:81731	tolclofos-methyl	ANTIFUNGAL	tolclofos-methyl	74f6cc8362498900f2fe2c13d0b6fdb66dd30976
OCAPBUJLXMYKEJ-UHFFFAOYSA-N	CHEBI:78692	bifonazole	ANTIFUNGAL	bifonazole	74f6cc8362498900f2fe2c13d0b6fdb66dd30976
OCDGBSUVYYVKQZ-UHFFFAOYSA-N	CHEBI:28948	gramine	ANTIBACTERIAL	gramine	74f6cc8362498900f2fe2c13d0b6fdb66dd30976
OCOLTXUAPMAMPP-AJVJTBPOSA-N	CHEBI:52511	olivomycin A	ANTIMICROBIAL_UNSPECIFIED	olivomycin-a	74f6cc8362498900f2fe2c13d0b6fdb66dd30976
ODBRNZZJSYPIDI-VJXVFPJBSA-N	antibioticmech:curator-35c6404d6e	Isoorientin	ANTIBACTERIAL	isoorientin	74f6cc8362498900f2fe2c13d0b6fdb66dd30976
ODFHGIPNGIAMDK-NJBDSQKTSA-N	CHEBI:51758	azidocillin	ANTIBACTERIAL	azidocillin	74f6cc8362498900f2fe2c13d0b6fdb66dd30976
ODKNJVUHOIMIIZ-RRKCRQDMSA-N	CHEBI:60761	floxuridine	ANTIVIRAL	floxuridine	74f6cc8362498900f2fe2c13d0b6fdb66dd30976
ODZBBRURCPAEIQ-PIXDULNESA-N	CHEBI:47278	brivudine	ANTIVIRAL	brivudine	74f6cc8362498900f2fe2c13d0b6fdb66dd30976
OEBRKCOSUFCWJD-UHFFFAOYSA-N	CHEBI:34690	dichlorvos	ANTIBACTERIAL	dichlorvos	74f6cc8362498900f2fe2c13d0b6fdb66dd30976
OEEYCNOOAHGFHL-UHFFFAOYSA-N	CHEBI:136532	8-azahypoxanthine	ANTIPROTOZOAL	8-azahypoxanthine	74f6cc8362498900f2fe2c13d0b6fdb66dd30976
OEGQPXPIKZELFM-UHFFFAOYSA-N	CHEBI:74727	3,6-diamino-10-methylacridinium chloride.HCl	ANTIBACTERIAL	3-6-diamino-10-methylacridinium-chloride-hcl	74f6cc8362498900f2fe2c13d0b6fdb66dd30976
OEZWCAHAQBRTTP-FKRBRYKNSA-N	CHEBI:65454	asphodelin A-4'-O-β-glucoside	ANTIBACTERIAL	asphodelin-a-4-o-β-glucoside	74f6cc8362498900f2fe2c13d0b6fdb66dd30976
OFEZSBMBBKLLBJ-BAJZRUMYSA-N	CHEBI:29014	cordycepin	ANTIBACTERIAL	cordycepin	74f6cc8362498900f2fe2c13d0b6fdb66dd30976
OFIZOVDANLLTQD-ZVNXOKPXSA-N	antibioticmech:aro-e57b52c636	magainin 1	ANTIBACTERIAL	magainin-1	74f6cc8362498900f2fe2c13d0b6fdb66dd30976
OFNXOACBUMGOPC-HZYVHMACSA-N	CHEBI:24750	5'-hydroxystreptomycin	ANTIMICROBIAL_UNSPECIFIED	5-hydroxystreptomycin	74f6cc8362498900f2fe2c13d0b6fdb66dd30976
OFVLGDICTFRJMM-WESIUVDSSA-N	CHEBI:27902	tetracycline	ANTIBACTERIAL	tetracycline	74f6cc8362498900f2fe2c13d0b6fdb66dd30976
OFVLGDICTFRJMM-WESIUVDSSA-N	CHEBI:77932	tetracycline zwitterion	ANTIBACTERIAL	tetracycline-zwitterion	74f6cc8362498900f2fe2c13d0b6fdb66dd30976
OGGVRVMISBQNMQ-YPBSLCSMSA-N	CHEBI:52549	sordarin	ANTIFUNGAL	sordarin	74f6cc8362498900f2fe2c13d0b6fdb66dd30976
OGJPXUAPXNRGGI-UHFFFAOYSA-N	CHEBI:100246	norfloxacin	ANTIBACTERIAL	norfloxacin	74f6cc8362498900f2fe2c13d0b6fdb66dd30976
OGLDWXZKYODSOB-JTQLQIEISA-N	CHEBI:367	(+)-α-phellandrene	ANTIMICROBIAL_UNSPECIFIED	α-phellandrene-367	74f6cc8362498900f2fe2c13d0b6fdb66dd30976
OGLDWXZKYODSOB-SNVBAGLBSA-N	CHEBI:301	(−)-α-phellandrene	ANTIMICROBIAL_UNSPECIFIED	α-phellandrene	74f6cc8362498900f2fe2c13d0b6fdb66dd30976
OGLDWXZKYODSOB-UHFFFAOYSA-N	CHEBI:50035	α-phellandrene	ANTIMICROBIAL_UNSPECIFIED	α-phellandrene-50035	74f6cc8362498900f2fe2c13d0b6fdb66dd30976
OGUJBRYAAJYXQP-LLXMLGLCSA-N	CHEBI:59900	caspofungin acetate	ANTIFUNGAL	caspofungin-acetate	74f6cc8362498900f2fe2c13d0b6fdb66dd30976
OGXIDVVYYFRBGF-UHFFFAOYSA-N	CHEBI:85178	dasabuvir sodium hydrate	ANTIVIRAL	dasabuvir-sodium-hydrate	74f6cc8362498900f2fe2c13d0b6fdb66dd30976
OGYFATSSENRIKG-UHFFFAOYSA-N	CHEBI:7957	pencycuron	ANTIFUNGAL	pencycuron	74f6cc8362498900f2fe2c13d0b6fdb66dd30976
OGYMUMAKGYYNHV-IJMHZYIBSA-N	CHEBI:66389	migrastatin	ANTIMICROBIAL_UNSPECIFIED	migrastatin	74f6cc8362498900f2fe2c13d0b6fdb66dd30976
OHCQJHSOBUTRHG-KGGHGJDLSA-N	CHEBI:42471	forskolin	ANTIVIRAL	forskolin	74f6cc8362498900f2fe2c13d0b6fdb66dd30976
OHDYRIXQCGVPSA-HTNAZZBXSA-N	CHEBI:82622	leucascandrolide A congener	ANTIFUNGAL	leucascandrolide-a-congener	74f6cc8362498900f2fe2c13d0b6fdb66dd30976
OHHXJWHRQGZQJM-ACMZUNAXSA-N	CHEBI:66749	phomoxanthone A	ANTIMYCOBACTERIAL	phomoxanthone-a	74f6cc8362498900f2fe2c13d0b6fdb66dd30976
OHKOGUYZJXTSFX-KZFFXBSXSA-N	CHEBI:9587	ticarcillin	ANTIBACTERIAL	ticarcillin	74f6cc8362498900f2fe2c13d0b6fdb66dd30976
OHNBRQGGOHMIAP-NOAMYHISSA-N	CHEBI:72797	kanamycin X	ANTIMICROBIAL_UNSPECIFIED	kanamycin-x	74f6cc8362498900f2fe2c13d0b6fdb66dd30976
OHPVYKXTRACOSQ-ZJUUUORDSA-N	CHEBI:135467	sulbactam pivoxil	ANTIMICROBIAL_UNSPECIFIED	sulbactam-pivoxil	74f6cc8362498900f2fe2c13d0b6fdb66dd30976
OHRURASPPZQGQM-GCCNXGTGSA-N	CHEBI:61080	romidepsin	ANTIMICROBIAL_UNSPECIFIED	romidepsin	74f6cc8362498900f2fe2c13d0b6fdb66dd30976
OHVCWYKNFLTBKL-KEHXOTTASA-N	CHEBI:52551	stichloroside C1	ANTIFUNGAL	stichloroside-c1	74f6cc8362498900f2fe2c13d0b6fdb66dd30976
OHYKIDCHGZQVCM-ZMXWBCPCSA-N	antibioticmech:aro-a1f2f7e07d	tartrolon D	ANTIBACTERIAL	tartrolon-d	74f6cc8362498900f2fe2c13d0b6fdb66dd30976
OIQJEQLSYJSNDS-UHFFFAOYSA-N	CHEBI:59009	piroctone	ANTIFUNGAL	piroctone	74f6cc8362498900f2fe2c13d0b6fdb66dd30976
OIRDTQYFTABQOQ-UHTZMRCNSA-N	CHEBI:45327	adenine arabinoside	ANTIMICROBIAL_UNSPECIFIED	adenine-arabinoside	74f6cc8362498900f2fe2c13d0b6fdb66dd30976
OIWTWACQMDFHJG-BJEBZIPWSA-N	CHEBI:138179	aspirin-triggered resolvin D1	ANTIVIRAL	aspirin-triggered-resolvin-d1	74f6cc8362498900f2fe2c13d0b6fdb66dd30976
OJAGQZQYWOJBHT-PKJHRQCFSA-N	CHEBI:66496	YM-47522	ANTIFUNGAL	ym-47522	74f6cc8362498900f2fe2c13d0b6fdb66dd30976
OJCKRNPLOZHAOU-JTHVHBRGSA-N	CHEBI:78661	borrelidin	ANTIFUNGAL	borrelidin	74f6cc8362498900f2fe2c13d0b6fdb66dd30976
OJISWRZIEWCUBN-QIRCYJPOSA-N	CHEBI:46762	(E,E,E)-geranylgeraniol	ANTIPROTOZOAL	e-e-e-geranylgeraniol	74f6cc8362498900f2fe2c13d0b6fdb66dd30976
OJISWRZIEWCUBN-UHFFFAOYSA-N	CHEBI:24229	geranylgeraniol	ANTIPROTOZOAL	geranylgeraniol	74f6cc8362498900f2fe2c13d0b6fdb66dd30976
OJISWRZIEWCUBN-XBQSVVNOSA-N	CHEBI:18822	(Z,Z,Z)-geranylgeraniol	ANTIPROTOZOAL	z-z-z-geranylgeraniol	74f6cc8362498900f2fe2c13d0b6fdb66dd30976
OJMMVQQUTAEWLP-KIDUDLJLSA-N	CHEBI:6472	lincomycin	ANTIBACTERIAL	lincomycin	74f6cc8362498900f2fe2c13d0b6fdb66dd30976
OJMNTWPPFNMOCJ-CFOLLTDRSA-M	CHEBI:34614	cefamandole sodium	ANTIBACTERIAL	cefamandole-sodium	74f6cc8362498900f2fe2c13d0b6fdb66dd30976
OJMSNONHTSXZKM-GPCCPHFNSA-N	CHEBI:66353	venturamide A	ANTIPROTOZOAL	venturamide-a	74f6cc8362498900f2fe2c13d0b6fdb66dd30976
OJNKDUUHVWZPHM-UHFFFAOYSA-N	CHEBI:65492	bidebiline C	ANTIPROTOZOAL	bidebiline-c	74f6cc8362498900f2fe2c13d0b6fdb66dd30976
OJUJNNKCVPCATE-QGOAFFKASA-N	CHEBI:131915	deoxyviolacein	ANTIBACTERIAL	deoxyviolacein	74f6cc8362498900f2fe2c13d0b6fdb66dd30976
OKBVVJOGVLARMR-QSWIMTSFSA-N	CHEBI:472657	cefixime	ANTIBACTERIAL	cefixime	74f6cc8362498900f2fe2c13d0b6fdb66dd30976
OKIKYYZNNZCZRX-ZPUVFWQWSA-N	CHEBI:66486	simalikalactone D	ANTIPROTOZOAL	simalikalactone-d	74f6cc8362498900f2fe2c13d0b6fdb66dd30976
OKKDEIYWILRZIA-OSZBKLCCSA-N	CHEBI:31647	gemcitabine hydrochloride	ANTIVIRAL	gemcitabine-hydrochloride	74f6cc8362498900f2fe2c13d0b6fdb66dd30976
OKQSSSVVBOUMNZ-UHFFFAOYSA-N	CHEBI:82615	diminazene diaceturate	ANTIPROTOZOAL	diminazene-diaceturate	74f6cc8362498900f2fe2c13d0b6fdb66dd30976
OKYWSSBYCHUWKT-ZJOLZETKSA-N	CHEBI:65729	decatromicin B	ANTIBACTERIAL	decatromicin-b	74f6cc8362498900f2fe2c13d0b6fdb66dd30976
OLUKILHGKRVDCT-UHFFFAOYSA-N	CHEBI:138488	alsterpaullone	ANTIVIRAL	alsterpaullone	74f6cc8362498900f2fe2c13d0b6fdb66dd30976
OLVCFLKTBJRLHI-AXAPSJFSSA-N	CHEBI:3480	cefamandole	ANTIBACTERIAL	cefamandole	74f6cc8362498900f2fe2c13d0b6fdb66dd30976
OMDANBMKOUVKAG-WZNMFJNZSA-N	antibioticmech:aro-e0bba9e7d3	chrysomycin A	ANTIBACTERIAL	chrysomycin-a	74f6cc8362498900f2fe2c13d0b6fdb66dd30976
OMGAIUZPUSZZME-WJDWOHSUSA-N	antibioticmech:aro-dfdbce9a83	benzothiostrobin	ANTIFUNGAL	benzothiostrobin	74f6cc8362498900f2fe2c13d0b6fdb66dd30976
OMHUCGDTACNQEX-OSHKXICASA-N	CHEBI:145030	steviolbioside	ANTIMYCOBACTERIAL	steviolbioside	74f6cc8362498900f2fe2c13d0b6fdb66dd30976
OMOOHFQAZTVBPK-UHFFFAOYSA-N	CHEBI:68801	mollicellin B	ANTIPROTOZOAL	mollicellin-b	74f6cc8362498900f2fe2c13d0b6fdb66dd30976
ONCZDRURRATYFI-TVJDWZFNSA-N	CHEBI:81833	trifloxystrobin	ANTIFUNGAL	trifloxystrobin	74f6cc8362498900f2fe2c13d0b6fdb66dd30976
ONGSLGFACDWAIV-OIXFFAKGSA-N	CHEBI:66360	vinylamycin	ANTIBACTERIAL	vinylamycin	74f6cc8362498900f2fe2c13d0b6fdb66dd30976
ONRNCDHSZVITNY-TWWFCBCGSA-N	CHEBI:132345	canophyllal	ANTIBACTERIAL	canophyllal	74f6cc8362498900f2fe2c13d0b6fdb66dd30976
ONUFESLQCSAYKA-UHFFFAOYSA-N	CHEBI:28909	iprodione	ANTIFUNGAL	iprodione	74f6cc8362498900f2fe2c13d0b6fdb66dd30976
ONUMZHGUFYIKPM-MXNFEBESSA-N	CHEBI:71229	telavancin	ANTIBACTERIAL	telavancin	74f6cc8362498900f2fe2c13d0b6fdb66dd30976
OOBFYEMEQCZLJL-IIWQOWOFSA-O	CHEBI:77880	boromycin	ANTIBACTERIAL	boromycin	74f6cc8362498900f2fe2c13d0b6fdb66dd30976
OONFNUWBHFSNBT-HXUWFJFHSA-N	CHEBI:40629	AEE788	ANTIPROTOZOAL	aee788	74f6cc8362498900f2fe2c13d0b6fdb66dd30976
OORLDLMDGJZAFM-MNNSJKJDSA-N	CHEBI:46238	U100313	ANTIVIRAL	u100313	74f6cc8362498900f2fe2c13d0b6fdb66dd30976
OOXFQLGEGVNXBG-KDOFPFPSSA-N	CHEBI:65893	F390B	ANTIMICROBIAL_UNSPECIFIED	f390b	74f6cc8362498900f2fe2c13d0b6fdb66dd30976
OOYGSFOGFJDDHP-KMCOLRRFSA-N	CHEBI:6109	kanamycin A sulfate	ANTIBACTERIAL	kanamycin-a-sulfate	74f6cc8362498900f2fe2c13d0b6fdb66dd30976
OPAHEYNNJWPQPX-RCDICMHDSA-N	CHEBI:143825	ravuconazole	ANTIFUNGAL	ravuconazole	74f6cc8362498900f2fe2c13d0b6fdb66dd30976
OPEUDILCTNZYOP-UHFFFAOYSA-N	antibioticmech:aro-6235078efd	pyrrolomycin J	ANTIBACTERIAL	pyrrolomycin-j	74f6cc8362498900f2fe2c13d0b6fdb66dd30976
OPGSFDUODIJJGF-JBUZINEHSA-N	CHEBI:3349	candicidin D	ANTIFUNGAL	candicidin-d	74f6cc8362498900f2fe2c13d0b6fdb66dd30976
OPQNCARIZFLNLF-JBHFWYGFSA-N	CHEBI:29515	ansamitocin P3	ANTIMICROBIAL_UNSPECIFIED	ansamitocin-p3	74f6cc8362498900f2fe2c13d0b6fdb66dd30976
OPXLLQIJSORQAM-UHFFFAOYSA-N	antibioticmech:aro-adaab5b65b	mebendazole	ANTIFUNGAL	mebendazole	74f6cc8362498900f2fe2c13d0b6fdb66dd30976
OPYGFNJSCUDTBT-PMLPCWDUSA-N	CHEBI:51770	sultamicillin	ANTIMICROBIAL_UNSPECIFIED	sultamicillin	74f6cc8362498900f2fe2c13d0b6fdb66dd30976
OPYPWMGWBUCOSQ-RZNLEFLGSA-N	CHEBI:141332	guignardone N	ANTIFUNGAL	guignardone-n	74f6cc8362498900f2fe2c13d0b6fdb66dd30976
OQBFQOOZNQRQAW-INFQXDPISA-N	CHEBI:82825	neothyonidioside	ANTIFUNGAL	neothyonidioside	74f6cc8362498900f2fe2c13d0b6fdb66dd30976
OQJADHLOEAOIGC-NOHGZBONSA-N	CHEBI:84035	pyridoxatin	ANTIMICROBIAL_UNSPECIFIED	pyridoxatin	74f6cc8362498900f2fe2c13d0b6fdb66dd30976
OQLKNTOKMBVBKV-UHFFFAOYSA-N	CHEBI:87184	hexamidine	ANTIMICROBIAL_UNSPECIFIED	hexamidine	74f6cc8362498900f2fe2c13d0b6fdb66dd30976
OQPZXQVAOOHEFP-UHFFFAOYSA-N	CHEBI:65606	celebixanthone	ANTIPROTOZOAL	celebixanthone	74f6cc8362498900f2fe2c13d0b6fdb66dd30976
OQWZETPYVIVWBB-ZOCYIJKUSA-N	CHEBI:149426	6-de(cyclopropylamino)-6-(2-methylazetidin-1-yl)abacavir	ANTIVIRAL	6-de-cyclopropylamino-6-2-methylazetidin-1-yl-abacavir	74f6cc8362498900f2fe2c13d0b6fdb66dd30976
ORDAZKGHSNRHTD-UXHICEINSA-N	CHEBI:4357	deguelin	ANTIVIRAL	deguelin	74f6cc8362498900f2fe2c13d0b6fdb66dd30976
ORFOPKXBNMVMKC-DWVKKRMSSA-N	CHEBI:3508	ceftazidime	ANTIBACTERIAL	ceftazidime	74f6cc8362498900f2fe2c13d0b6fdb66dd30976
ORPUAOXOPLNKNG-GEUQSOIWSA-N	CHEBI:63285	mycinamicin VI	ANTIMICROBIAL_UNSPECIFIED	mycinamicin-vi	74f6cc8362498900f2fe2c13d0b6fdb66dd30976
ORXQGKIUCDPEAJ-YRNVUSSQSA-N	CHEBI:66331	xanthohumol	ANTIVIRAL	xanthohumol	74f6cc8362498900f2fe2c13d0b6fdb66dd30976
ORYDPOVDJJZGHQ-UHFFFAOYSA-N	CHEBI:78887	tirapazamine	ANTIBACTERIAL	tirapazamine	74f6cc8362498900f2fe2c13d0b6fdb66dd30976
OSDFYZPKJKRCRR-UHFFFAOYSA-N	CHEBI:4414	deoxylapachol	ANTIFUNGAL	deoxylapachol	74f6cc8362498900f2fe2c13d0b6fdb66dd30976
OSDLLIBGSJNGJE-UHFFFAOYSA-N	CHEBI:34393	4-chloro-3,5-dimethylphenol	BIOCIDE	4-chloro-3-5-dimethylphenol	74f6cc8362498900f2fe2c13d0b6fdb66dd30976
OSERMIPXNLXAPD-MJMYBOKFSA-N	CHEBI:77879	elaiophylin	ANTIFUNGAL	elaiophylin	74f6cc8362498900f2fe2c13d0b6fdb66dd30976
OSFRHUJJEKKRCH-GTMUTZHESA-N	CHEBI:65592	caseargrewiin A	ANTIMYCOBACTERIAL	caseargrewiin-a	74f6cc8362498900f2fe2c13d0b6fdb66dd30976
OSJAZSFVURTOLX-LICLKQGHSA-N	CHEBI:66633	NK372135C	ANTIFUNGAL	nk372135c	74f6cc8362498900f2fe2c13d0b6fdb66dd30976
OSKAZZUZQORABG-UQKUNJBPSA-N	antibioticmech:aro-ca1f16372a	L-681,217	ANTIBACTERIAL	l-681-217	74f6cc8362498900f2fe2c13d0b6fdb66dd30976
OTILGUINRVYYKM-BSZZVILASA-N	CHEBI:65823	EI-1511-5	ANTIMICROBIAL_UNSPECIFIED	ei-1511-5	74f6cc8362498900f2fe2c13d0b6fdb66dd30976
OTIWAYTTYNFEKL-QFIPXVFZSA-N	CHEBI:167893	SID 26681509	ANTIPROTOZOAL	sid-26681509	74f6cc8362498900f2fe2c13d0b6fdb66dd30976
OTKPPUXRIADSGD-PPRNARJGSA-N	antibioticmech:aro-9aee56c696	avoparcin	ANTIBACTERIAL	avoparcin	74f6cc8362498900f2fe2c13d0b6fdb66dd30976
OTLORQJLOJHVHW-UHFFFAOYSA-N	CHEBI:65597	cassiarin B	ANTIPROTOZOAL	cassiarin-b	74f6cc8362498900f2fe2c13d0b6fdb66dd30976
OTUCXMIQUNROBJ-JFNZIVIESA-N	CHEBI:67931	petiolaroside	ANTIPROTOZOAL	petiolaroside	74f6cc8362498900f2fe2c13d0b6fdb66dd30976
OTVAEFIXJLOWRX-NXEZZACHSA-N	CHEBI:32215	thiamphenicol	ANTIBACTERIAL	thiamphenicol	74f6cc8362498900f2fe2c13d0b6fdb66dd30976
OUFRIWNNMFWZTM-UHFFFAOYSA-M	CHEBI:36049	sodium arsanilate	ANTIBACTERIAL	sodium-arsanilate	74f6cc8362498900f2fe2c13d0b6fdb66dd30976
OUIGYUDPNSGJSX-UHFFFAOYSA-N	CHEBI:66202	termilignan B	ANTIBACTERIAL	termilignan-b	74f6cc8362498900f2fe2c13d0b6fdb66dd30976
OUKYUETWWIPKQR-UHFFFAOYSA-N	CHEBI:47458	saracatinib	ANTIVIRAL	saracatinib	74f6cc8362498900f2fe2c13d0b6fdb66dd30976
OUWDLUAYXCGSSS-KIKDIOEMSA-N	antibioticmech:aro-4e94f7ae64	magainin H	ANTIBACTERIAL	magainin-h	74f6cc8362498900f2fe2c13d0b6fdb66dd30976
OVCDSSHSILBFBN-UHFFFAOYSA-N	CHEBI:2674	amodiaquine	ANTIPROTOZOAL	amodiaquine	74f6cc8362498900f2fe2c13d0b6fdb66dd30976
OVIPDYYHLHEFDF-YIXHJXPBSA-N	CHEBI:32207	tetracenomycin F2	ANTIMICROBIAL_UNSPECIFIED	tetracenomycin-f2	74f6cc8362498900f2fe2c13d0b6fdb66dd30976
OVNRKQHNHZRXHF-UHFFFAOYSA-N	CHEBI:65524	5-bromo-8-methoxy-1-methyl-β-carboline	ANTIBACTERIAL	5-bromo-8-methoxy-1-methyl-β-carboline	74f6cc8362498900f2fe2c13d0b6fdb66dd30976
OVYJWDSHGYTZSE-UHFFFAOYSA-N	CHEBI:66410	12-demethylmultiorthoquinone	ANTIMYCOBACTERIAL	12-demethylmultiorthoquinone	74f6cc8362498900f2fe2c13d0b6fdb66dd30976
OWCRARVHWCCRAG-UHFFFAOYSA-N	CHEBI:66699	9-methoxycanthin-6-one	ANTIPROTOZOAL	9-methoxycanthin-6-one	74f6cc8362498900f2fe2c13d0b6fdb66dd30976
OWDCXJMCKGCGEQ-UHFFFAOYSA-N	CHEBI:66454	scutianthraquinone B	ANTIPROTOZOAL	scutianthraquinone-b	74f6cc8362498900f2fe2c13d0b6fdb66dd30976
OWPCHSCAPHNHAV-QIPOKPRISA-N	CHEBI:72590	rhizoxin	ANTIMICROBIAL_UNSPECIFIED	rhizoxin	74f6cc8362498900f2fe2c13d0b6fdb66dd30976
OWRCRVABZYJUES-FLJLGRLJSA-N	CHEBI:66771	polyketomycin	ANTIBACTERIAL	polyketomycin	74f6cc8362498900f2fe2c13d0b6fdb66dd30976
OXCNORDLEQIUCT-UHFFFAOYSA-N	CHEBI:32202	tetracenomycin D3	ANTIMICROBIAL_UNSPECIFIED	tetracenomycin-d3	74f6cc8362498900f2fe2c13d0b6fdb66dd30976
OXFYAOOMMKGGAI-JLTOUBQASA-N	CHEBI:29649	narbomycin	ANTIBACTERIAL	narbomycin	74f6cc8362498900f2fe2c13d0b6fdb66dd30976
OXGUCUVFOIWWQJ-HQBVPOQASA-N	CHEBI:17558	quercitrin	ANTIPROTOZOAL	quercitrin	74f6cc8362498900f2fe2c13d0b6fdb66dd30976
OYAPXMLXMKSIDT-WSCZMHPESA-M	CHEBI:66258	torvanol A	ANTIVIRAL	torvanol-a	74f6cc8362498900f2fe2c13d0b6fdb66dd30976
OYEXGNNKRQPUBW-FJYHMNRNSA-N	CHEBI:78288	elloramycin A	ANTIMICROBIAL_UNSPECIFIED	elloramycin-a	74f6cc8362498900f2fe2c13d0b6fdb66dd30976
OYHQOLUKZRVURQ-HZJYTTRNSA-N	CHEBI:17351	linoleic acid	ANTIBACTERIAL	linoleic-acid	74f6cc8362498900f2fe2c13d0b6fdb66dd30976
OYLVRNLKRWKWJA-ZOWXZIJZSA-N	CHEBI:66474	15α-hydroperoxy-guaia-1(10),11-diene	ANTIPROTOZOAL	15α-hydroperoxy-guaia-1-10-11-diene	74f6cc8362498900f2fe2c13d0b6fdb66dd30976
OYVAGSVQBOHSSS-UAPAGMARSA-O	CHEBI:3139	bleomycin A2	ANTIBACTERIAL	bleomycin-a2	74f6cc8362498900f2fe2c13d0b6fdb66dd30976
OYVAGSVQBOHSSS-WXFSZRTFSA-O	antibioticmech:aro-1504589de3	bleomycin	ANTIBACTERIAL	bleomycin	74f6cc8362498900f2fe2c13d0b6fdb66dd30976
OZGNYLLQHRPOBR-DHZHZOJOSA-N	CHEBI:7451	naftifine	ANTIFUNGAL	naftifine	74f6cc8362498900f2fe2c13d0b6fdb66dd30976
OZOZCKVLUMXFGS-UHFFFAOYSA-N	CHEBI:65453	asphodelin A	ANTIBACTERIAL	asphodelin-a	74f6cc8362498900f2fe2c13d0b6fdb66dd30976
OZPNLJQULOIOGU-UPABGHPRSA-N	CHEBI:190009	himastatin	ANTIBACTERIAL	himastatin	74f6cc8362498900f2fe2c13d0b6fdb66dd30976
OZULCLLLPIEFBL-FUPZROSBSA-M	CHEBI:65889	eurysterol B	ANTIFUNGAL	eurysterol-b	74f6cc8362498900f2fe2c13d0b6fdb66dd30976
OZUTUJQHZGJOKZ-AIGATTFSSA-N	antibioticmech:aro-4bf8cc8c16	TNP-2198	ANTIBACTERIAL	tnp-2198	74f6cc8362498900f2fe2c13d0b6fdb66dd30976
PAIBKVQNJKUVCE-JUENUIDLSA-N	CHEBI:71531	gypsogenic acid	ANTIBACTERIAL	gypsogenic-acid	74f6cc8362498900f2fe2c13d0b6fdb66dd30976
PAWIYAYFNXQGAP-UHFFFAOYSA-N	CHEBI:94771	quisinostat	ANTIPROTOZOAL	quisinostat	74f6cc8362498900f2fe2c13d0b6fdb66dd30976
PBBGTVBGXBUVLT-UHFFFAOYSA-N	CHEBI:74718	3,6-diaminoacridine monohydrochloride	ANTIBACTERIAL	3-6-diaminoacridine-monohydrochloride	74f6cc8362498900f2fe2c13d0b6fdb66dd30976
PBCZLFBEBARBBI-UHFFFAOYSA-N	CHEBI:94677	sulfabenzamide	ANTIBACTERIAL	sulfabenzamide	74f6cc8362498900f2fe2c13d0b6fdb66dd30976
PBEDWPIWZYHNPL-RHKAOURMSA-N	CHEBI:71976	surfactin A	ANTIBACTERIAL	surfactin-a	74f6cc8362498900f2fe2c13d0b6fdb66dd30976
PBKVAXUNUBEUPO-OSHWNDANSA-N	CHEBI:68775	chaetoglobosin L	ANTIFUNGAL	chaetoglobosin-l	74f6cc8362498900f2fe2c13d0b6fdb66dd30976
PBMSWVPMRUJMPE-UHFFFAOYSA-N	CHEBI:9336	phthalylsulfathiazole	ANTIMICROBIAL_UNSPECIFIED	phthalylsulfathiazole	74f6cc8362498900f2fe2c13d0b6fdb66dd30976
PBRMNFXOHFGVPZ-HVACLVPVSA-N	CHEBI:66622	neurolenin C	ANTIPROTOZOAL	neurolenin-c	74f6cc8362498900f2fe2c13d0b6fdb66dd30976
PCCSBWNGDMYFCW-QFIPXVFZSA-N	CHEBI:106738	(S)-famoxadone	ANTIFUNGAL	s-famoxadone	74f6cc8362498900f2fe2c13d0b6fdb66dd30976
PCOXSOQWQVRJCH-UHFFFAOYSA-N	CHEBI:8418	pristinamycin IB	ANTIBACTERIAL	pristinamycin-ib	74f6cc8362498900f2fe2c13d0b6fdb66dd30976
PCRJJAXIHTZHNU-SDUSCBPUSA-N	CHEBI:66741	PF 1163B	ANTIFUNGAL	pf-1163b	74f6cc8362498900f2fe2c13d0b6fdb66dd30976
PCRZFPGJPKPMQB-LNQSXZRDSA-N	antibioticmech:aro-6536d0e3bb	vernamycin C	ANTIBACTERIAL	vernamycin-c	74f6cc8362498900f2fe2c13d0b6fdb66dd30976
PCSWXVJAIHCTMO-UHFFFAOYSA-P	CHEBI:41872	dequalinium	ANTIFUNGAL	dequalinium	74f6cc8362498900f2fe2c13d0b6fdb66dd30976
PEASPLKKXBYDKL-FXEVSJAOSA-N	CHEBI:608828	enfuvirtide	ANTIVIRAL	enfuvirtide	74f6cc8362498900f2fe2c13d0b6fdb66dd30976
PECRJLBPKXQZDC-UHFFFAOYSA-N	CHEBI:66080	integrastatin B	ANTIVIRAL	integrastatin-b	74f6cc8362498900f2fe2c13d0b6fdb66dd30976
PEEAQGQIMNUWED-UHFFFAOYSA-N	antibioticmech:aro-ab6394287c	pyrrolomycin F2b	ANTIBACTERIAL	pyrrolomycin-f2b	74f6cc8362498900f2fe2c13d0b6fdb66dd30976
PEFIRMBVFBVVGZ-UHFFFAOYSA-N	CHEBI:65596	cassiarin A	ANTIPROTOZOAL	cassiarin-a	74f6cc8362498900f2fe2c13d0b6fdb66dd30976
PEHSSTUGJUBZBI-UHFFFAOYSA-N	antibioticmech:curator-9412b5ca77	5-indanol	ANTIBACTERIAL	5-indanol	74f6cc8362498900f2fe2c13d0b6fdb66dd30976
PEJLNXHANOHNSU-UHFFFAOYSA-N	antibioticmech:aro-1fe0873afd	acriflavine	BIOCIDE	acriflavine	74f6cc8362498900f2fe2c13d0b6fdb66dd30976
PENDGIOBPJLVBT-AMXFZXBBSA-N	CHEBI:29506	cethromycin	ANTIBACTERIAL	cethromycin	74f6cc8362498900f2fe2c13d0b6fdb66dd30976
PERZMHJGZKHNGU-JGYWJTCASA-N	CHEBI:28908	bambermycin	ANTIMICROBIAL_UNSPECIFIED	bambermycin	74f6cc8362498900f2fe2c13d0b6fdb66dd30976
PFIADAMVCJPXSF-UHFFFAOYSA-N	CHEBI:3628	chloroneb	ANTIFUNGAL	chloroneb	74f6cc8362498900f2fe2c13d0b6fdb66dd30976
PFOLLRNADZZWEX-FFGRCDKISA-N	CHEBI:2968	bacampicillin	ANTIMICROBIAL_UNSPECIFIED	bacampicillin	74f6cc8362498900f2fe2c13d0b6fdb66dd30976
PFRGXCVKLLPLIP-UHFFFAOYSA-N	CHEBI:4488	diallyl disulfide	ANTIFUNGAL	diallyl-disulfide	74f6cc8362498900f2fe2c13d0b6fdb66dd30976
PGBHMTALBVVCIT-VCIWKGPPSA-N	CHEBI:7508	framycetin	ANTIBACTERIAL	framycetin	74f6cc8362498900f2fe2c13d0b6fdb66dd30976
PGRHXDWITVMQBC-UHFFFAOYSA-N	CHEBI:137426	dehydroacetic acid	ANTIBACTERIAL	dehydroacetic-acid	74f6cc8362498900f2fe2c13d0b6fdb66dd30976
PGYPOBZJRVSMDS-UHFFFAOYSA-N	CHEBI:6533	loperamide hydrochloride	ANTIVIRAL	loperamide-hydrochloride	74f6cc8362498900f2fe2c13d0b6fdb66dd30976
PGYZQLIUYISMJD-UHFFFAOYSA-N	CHEBI:222417	fluopsin C	ANTIBACTERIAL	fluopsin-c	74f6cc8362498900f2fe2c13d0b6fdb66dd30976
PHEZJEYUWHETKO-UHFFFAOYSA-N	CHEBI:177387	brequinar	ANTIVIRAL	brequinar	74f6cc8362498900f2fe2c13d0b6fdb66dd30976
PHMHDRYYFAYWEG-NSCUHMNNSA-N	CHEBI:174376	rhapontigenin	ANTIBACTERIAL	rhapontigenin	74f6cc8362498900f2fe2c13d0b6fdb66dd30976
PHRCDWVPTULQMT-UHFFFAOYSA-N	CHEBI:189648	PB28	ANTIVIRAL	pb28	74f6cc8362498900f2fe2c13d0b6fdb66dd30976
PHTQWCKDNZKARW-UHFFFAOYSA-N	CHEBI:15837	isoamylol	ANTIFUNGAL	isoamylol	74f6cc8362498900f2fe2c13d0b6fdb66dd30976
PHTUQLWOUWZIMZ-BOPFTXTBSA-N	CHEBI:36802	cis-dothiepin	ANTIVIRAL	cis-dothiepin	74f6cc8362498900f2fe2c13d0b6fdb66dd30976
PHTUQLWOUWZIMZ-GZTJUZNOSA-N	CHEBI:36803	trans-dothiepin	ANTIVIRAL	trans-dothiepin	74f6cc8362498900f2fe2c13d0b6fdb66dd30976
PHTUQLWOUWZIMZ-UHFFFAOYSA-N	CHEBI:36798	dothiepin	ANTIVIRAL	dothiepin	74f6cc8362498900f2fe2c13d0b6fdb66dd30976
PIBJADPEZQHMQS-FVEFGIFQSA-N	CHEBI:67153	(+)-larreatricin	ANTIVIRAL	larreatricin	74f6cc8362498900f2fe2c13d0b6fdb66dd30976
PICFAMQFTUCMDC-PNHWDRBUSA-N	CHEBI:16299	dehydrocoformycin	ANTIMICROBIAL_UNSPECIFIED	dehydrocoformycin	74f6cc8362498900f2fe2c13d0b6fdb66dd30976
PIDFDZJZLOTZTM-KHVQSSSXSA-N	CHEBI:85183	ombitasvir	ANTIVIRAL	ombitasvir	74f6cc8362498900f2fe2c13d0b6fdb66dd30976
PIEUQSKUWLMALL-YABMTYFHSA-N	CHEBI:600520	micafungin	ANTIFUNGAL	micafungin	74f6cc8362498900f2fe2c13d0b6fdb66dd30976
PIFFQYJYNWXNGE-UHFFFAOYSA-M	CHEBI:140662	2,4-diacetylphloroglucinol(1−)	ANTIFUNGAL	2-4-diacetylphloroglucinol-1	74f6cc8362498900f2fe2c13d0b6fdb66dd30976
PIFFQYJYNWXNGE-UHFFFAOYSA-N	CHEBI:78688	2,4-diacetylphloroglucinol	ANTIFUNGAL	2-4-diacetylphloroglucinol	74f6cc8362498900f2fe2c13d0b6fdb66dd30976
PIMDIROPKFPSDI-BXRJKVPUSA-N	antibioticmech:aro-77a152a10f	magainin A	ANTIBACTERIAL	magainin-a	74f6cc8362498900f2fe2c13d0b6fdb66dd30976
PINIEAOMWQJGBW-FYZOBXCZSA-N	CHEBI:63716	tenofovir hydrate	ANTIVIRAL	tenofovir-hydrate	74f6cc8362498900f2fe2c13d0b6fdb66dd30976
PJKVJJDQXZARCA-QHYZBLTGSA-N	CHEBI:65915	FR901464	ANTIMICROBIAL_UNSPECIFIED	fr901464	74f6cc8362498900f2fe2c13d0b6fdb66dd30976
PJSFRIWCGOHTNF-UHFFFAOYSA-N	CHEBI:9329	sulfadoxine	ANTIBACTERIAL	sulfadoxine	74f6cc8362498900f2fe2c13d0b6fdb66dd30976
PJUXIGJXLKHONL-WFASDCNBSA-N	CHEBI:65638	CJ-01	ANTIFUNGAL	cj-01	74f6cc8362498900f2fe2c13d0b6fdb66dd30976
PKCDDUHJAFVJJB-VLZXCDOPSA-N	CHEBI:91402	linsitinib	ANTIMYCOBACTERIAL	linsitinib	74f6cc8362498900f2fe2c13d0b6fdb66dd30976
PKUNXGQLUGXWJB-ZQZBKPNISA-N	CHEBI:132424	novclobiocin 109	ANTIMICROBIAL_UNSPECIFIED	novclobiocin-109	74f6cc8362498900f2fe2c13d0b6fdb66dd30976
PLAPMLGJVGLZOV-VPRICQMDSA-N	antibioticmech:curator-ee3df8bfee	Orientin	ANTIBACTERIAL	orientin	74f6cc8362498900f2fe2c13d0b6fdb66dd30976
PLDUPXSUYLZYBN-UHFFFAOYSA-N	CHEBI:5123	fluphenazine	ANTIVIRAL	fluphenazine	74f6cc8362498900f2fe2c13d0b6fdb66dd30976
PLHJDBGFXBMTGZ-UHFFFAOYSA-N	CHEBI:5195	furazolidone	ANTIBACTERIAL	furazolidone	74f6cc8362498900f2fe2c13d0b6fdb66dd30976
PLTDHXZQZPWZBC-QWOQCBQGSA-N	CHEBI:69470	purpurquinone B	ANTIVIRAL	purpurquinone-b	74f6cc8362498900f2fe2c13d0b6fdb66dd30976
PLUUPKMBPOFNDA-JEFQDFFJSA-N	CHEBI:66162	samaderine X	ANTIPROTOZOAL	samaderine-x	74f6cc8362498900f2fe2c13d0b6fdb66dd30976
PMATZTZNYRCHOR-CGLBZJNRSA-N	CHEBI:4031	cyclosporin A	ANTIFUNGAL	cyclosporin-a	74f6cc8362498900f2fe2c13d0b6fdb66dd30976
PMHCAQUSIVAZPO-WBMJQRKESA-N	CHEBI:65894	F390C	ANTIMICROBIAL_UNSPECIFIED	f390c	74f6cc8362498900f2fe2c13d0b6fdb66dd30976
PMRINUPHTRWJOC-BZPSDGNJSA-N	CHEBI:66016	hirsutellide A	ANTIMYCOBACTERIAL	hirsutellide-a	74f6cc8362498900f2fe2c13d0b6fdb66dd30976
PNAAOYLIDNSLKV-NBEYISGCSA-N	CHEBI:27419	dehydrodeoxycoformycin	ANTIMICROBIAL_UNSPECIFIED	dehydrodeoxycoformycin	74f6cc8362498900f2fe2c13d0b6fdb66dd30976
PNDKCRDVVKJPKG-WHERJAGFSA-N	CHEBI:149636	cenicriviroc	ANTIVIRAL	cenicriviroc	74f6cc8362498900f2fe2c13d0b6fdb66dd30976
PNMQDIDLWTXQLZ-RZELCZIWSA-N	antibioticmech:aro-340d45af79	carrimycin	ANTIBACTERIAL	carrimycin	74f6cc8362498900f2fe2c13d0b6fdb66dd30976
PNOKUGWGMLEAPE-JKUQZMGJSA-N	CHEBI:79390	furanomycin	ANTIBACTERIAL	furanomycin	74f6cc8362498900f2fe2c13d0b6fdb66dd30976
PNUZDKCDAWUEGK-CYZMBNFOSA-N	CHEBI:4304	Sitafloxacin	ANTIBACTERIAL	sitafloxacin	74f6cc8362498900f2fe2c13d0b6fdb66dd30976
POAWNROCPSHGIZ-UHFFFAOYSA-N	CHEBI:156314	erdasporine B	ANTIBACTERIAL	erdasporine-b	74f6cc8362498900f2fe2c13d0b6fdb66dd30976
PODWXQQNRWNDGD-UHFFFAOYSA-L	CHEBI:32150	sodium thiosulfate pentahydrate	ANTIFUNGAL	sodium-thiosulfate-pentahydrate	74f6cc8362498900f2fe2c13d0b6fdb66dd30976
PORQOHRXAJJKGK-UHFFFAOYSA-N	CHEBI:83518	4,5-dichloro-2-n-octyl-3(2H)-isothiazolone	ANTIFUNGAL	4-5-dichloro-2-n-octyl-3-2h-isothiazolone	74f6cc8362498900f2fe2c13d0b6fdb66dd30976
POUITAHNNRJWMA-UHFFFAOYSA-N	CHEBI:141343	5-hydroxybenzofuran-2-one	ANTIFUNGAL	5-hydroxybenzofuran-2-one	74f6cc8362498900f2fe2c13d0b6fdb66dd30976
POULHZVOKOAJMA-UHFFFAOYSA-N	CHEBI:30805	dodecanoic acid	ANTIBACTERIAL	dodecanoic-acid	74f6cc8362498900f2fe2c13d0b6fdb66dd30976
PPZWAJHYVRKUKB-BPXWMNIUSA-N	CHEBI:65666	crambescidin 800	ANTIPROTOZOAL	crambescidin-800	74f6cc8362498900f2fe2c13d0b6fdb66dd30976
PQFRTXSWDXZRRS-UHFFFAOYSA-N	CHEBI:141154	ronidazole	ANTIPROTOZOAL	ronidazole	74f6cc8362498900f2fe2c13d0b6fdb66dd30976
PQLXHQMOHUQAKB-UHFFFAOYSA-N	CHEBI:75283	miltefosine	ANTIFUNGAL	miltefosine	74f6cc8362498900f2fe2c13d0b6fdb66dd30976
PQMSFAORUFMASU-UHFFFAOYSA-M	CHEBI:9327	sulfacetamide sodium anhydrous	ANTIMICROBIAL_UNSPECIFIED	sulfacetamide-sodium-anhydrous	74f6cc8362498900f2fe2c13d0b6fdb66dd30976
PQQRNPDHSJDAGV-HQSXISOASA-N	CHEBI:66606	(+)-lyoniresinol-3-α-O-β-D-glucopyranoside	ANTIBACTERIAL	lyoniresinol-3-α-o-β-d-glucopyranoside	74f6cc8362498900f2fe2c13d0b6fdb66dd30976
PQZVLCSYKIYYRQ-CRNXWWIHSA-N	CHEBI:82754	microcin c	ANTIMICROBIAL_UNSPECIFIED	microcin-c	74f6cc8362498900f2fe2c13d0b6fdb66dd30976
PRAUVHZJPXOEIF-AOLYGAPISA-N	CHEBI:73058	madecassic acid	ANTIBACTERIAL	madecassic-acid	74f6cc8362498900f2fe2c13d0b6fdb66dd30976
PRCZPOBZJVCPKL-GTPINHCMSA-N	CHEBI:66238	TMC-52A	ANTIMICROBIAL_UNSPECIFIED	tmc-52a	74f6cc8362498900f2fe2c13d0b6fdb66dd30976
PRPNUZWHFGSGRV-RZFSBTTISA-N	CHEBI:58998	carbapenem MM22383	ANTIBACTERIAL	carbapenem-mm22383	74f6cc8362498900f2fe2c13d0b6fdb66dd30976
PRUSTPADOGZAML-LMXGZOGMSA-N	CHEBI:28239	erythromycin E	ANTIMICROBIAL_UNSPECIFIED	erythromycin-e	74f6cc8362498900f2fe2c13d0b6fdb66dd30976
PRWQRPNQDIKFBR-NOAMYHISSA-N	CHEBI:73683	6''-O-carbamoylkanamycin A	ANTIMICROBIAL_UNSPECIFIED	6-o-carbamoylkanamycin-a	74f6cc8362498900f2fe2c13d0b6fdb66dd30976
PSFDQSOCUJVVGF-UHFFFAOYSA-N	CHEBI:5623	harman	ANTIVIRAL	harman	74f6cc8362498900f2fe2c13d0b6fdb66dd30976
PSYSMHVCBGMCIW-FBHGCBBZSA-N	CHEBI:65561	callophycoic acid E	ANTIBACTERIAL	callophycoic-acid-e	74f6cc8362498900f2fe2c13d0b6fdb66dd30976
PTCGDEVVHUXTMP-UHFFFAOYSA-N	CHEBI:81792	flutolanil	ANTIFUNGAL	flutolanil	74f6cc8362498900f2fe2c13d0b6fdb66dd30976
PTLQDKFYOYMVQN-CECFYEBASA-N	CHEBI:66592	lucensimycin E	ANTIBACTERIAL	lucensimycin-e	74f6cc8362498900f2fe2c13d0b6fdb66dd30976
PTLRDCMBXHILCL-UHFFFAOYSA-M	CHEBI:29678	sodium arsenite	ANTIBACTERIAL	sodium-arsenite	74f6cc8362498900f2fe2c13d0b6fdb66dd30976
PUVWPDQSNYAMEH-UQHIYWQBSA-N	CHEBI:71948	tyrocidine B	ANTIBACTERIAL	tyrocidine-b	74f6cc8362498900f2fe2c13d0b6fdb66dd30976
PUYXTUJWRLOUCW-UHFFFAOYSA-N	CHEBI:9242	spiroxamine	ANTIFUNGAL	spiroxamine	74f6cc8362498900f2fe2c13d0b6fdb66dd30976
PVCSYQLWBAGPTF-PWSUYJOCSA-N	CHEBI:149436	6-de(cyclopropylamino)-6-(3-cyclopropyl-3-fluoroazetidin-1-yl)abacavir	ANTIVIRAL	6-de-cyclopropylamino-6-3-cyclopropyl-3-fluoroazetidin-1-yl-abacavir	74f6cc8362498900f2fe2c13d0b6fdb66dd30976
PVNBAUCASRIGKP-AWMQQPGVSA-N	CHEBI:27944	3'-deoxydihydrostreptomycin 3'',6-bisphosphate	ANTIMICROBIAL_UNSPECIFIED	3-deoxydihydrostreptomycin-3-6-bisphosphate	74f6cc8362498900f2fe2c13d0b6fdb66dd30976
PVTHJAPFENJVNC-MHRBZPPQSA-N	CHEBI:81419	kasugamycin	ANTIFUNGAL	kasugamycin	74f6cc8362498900f2fe2c13d0b6fdb66dd30976
PVYJZLYGTZKPJE-UHFFFAOYSA-N	CHEBI:9287	streptonigrin	ANTIMICROBIAL_UNSPECIFIED	streptonigrin	74f6cc8362498900f2fe2c13d0b6fdb66dd30976
PWAUCHMQEXVFJR-PMAPCBKXSA-N	CHEBI:59213	cefpiramide	ANTIBACTERIAL	cefpiramide	74f6cc8362498900f2fe2c13d0b6fdb66dd30976
PWKSKIMOESPYIA-BYPYZUCNSA-M	CHEBI:78236	N-acetyl-L-cysteinate	ANTIVIRAL	n-acetyl-l-cysteinate	74f6cc8362498900f2fe2c13d0b6fdb66dd30976
PWKSKIMOESPYIA-BYPYZUCNSA-N	CHEBI:28939	N-acetyl-L-cysteine	ANTIVIRAL	n-acetyl-l-cysteine	74f6cc8362498900f2fe2c13d0b6fdb66dd30976
PWNMXPDKBYZCOO-UHFFFAOYSA-N	CHEBI:32071	Prulifloxacin	ANTIBACTERIAL	prulifloxacin	74f6cc8362498900f2fe2c13d0b6fdb66dd30976
PWRKLYZVCZMDTC-UHFFFAOYSA-N	CHEBI:59938	ciprofloxacin dihydrochloride	ANTIBACTERIAL	ciprofloxacin-dihydrochloride	74f6cc8362498900f2fe2c13d0b6fdb66dd30976
PWTROOMOPLCZHB-BHYQHFGMSA-N	CHEBI:83305	oritavancin bisphosphate	ANTIBACTERIAL	oritavancin-bisphosphate	74f6cc8362498900f2fe2c13d0b6fdb66dd30976
PWWVAXIEGOYWEE-UHFFFAOYSA-N	CHEBI:8461	promethazine	ANTIVIRAL	promethazine	74f6cc8362498900f2fe2c13d0b6fdb66dd30976
PXIPVTKHYLBLMZ-UHFFFAOYSA-N	CHEBI:278547	sodium azide	ANTIBACTERIAL	sodium-azide	74f6cc8362498900f2fe2c13d0b6fdb66dd30976
PXMNMQRDXWABCY-UHFFFAOYSA-N	CHEBI:83779	tebuconazole	ANTIFUNGAL	tebuconazole	74f6cc8362498900f2fe2c13d0b6fdb66dd30976
PXWJNFJRUYWQOX-DSNAYJLUSA-N	CHEBI:66528	strychnogucine A	ANTIPROTOZOAL	strychnogucine-a	74f6cc8362498900f2fe2c13d0b6fdb66dd30976
PYEDKAHYOPGAKC-PDXJJUDESA-N	CHEBI:65611	chaetoxanthone A	ANTIPROTOZOAL	chaetoxanthone-a	74f6cc8362498900f2fe2c13d0b6fdb66dd30976
PYFOXRACBORDCT-GOSXWKPOSA-N	CHEBI:75291	ε-rhodomycinone	ANTIMICROBIAL_UNSPECIFIED	ε-rhodomycinone	74f6cc8362498900f2fe2c13d0b6fdb66dd30976
PYGWGZALEOIKDF-UHFFFAOYSA-N	CHEBI:63589	etravirine	ANTIVIRAL	etravirine	74f6cc8362498900f2fe2c13d0b6fdb66dd30976
PYNSBUJNGRHFPI-REIOUMPOSA-M	antibioticmech:aro-8013b9b55a	tetronomycin	ANTIBACTERIAL	tetronomycin	74f6cc8362498900f2fe2c13d0b6fdb66dd30976
PYYNLZYNJIYAOW-YKGWIAGDSA-N	antibioticmech:aro-35e3f4294f	formicamycin A	ANTIBACTERIAL	formicamycin-a	74f6cc8362498900f2fe2c13d0b6fdb66dd30976
PYZSVQVRHDXQSL-UHFFFAOYSA-N	CHEBI:81842	dithianon	ANTIFUNGAL	dithianon	74f6cc8362498900f2fe2c13d0b6fdb66dd30976
PZBPKYOVPCNPJY-UHFFFAOYSA-N	antibioticmech:aro-c1dea01a87	imazalil	ANTIBACTERIAL	imazalil	74f6cc8362498900f2fe2c13d0b6fdb66dd30976
PZFAZQUREQIODZ-LJQANCHMSA-N	antibioticmech:aro-b2e68d25c8	gepotidacin	ANTIBACTERIAL	gepotidacin	74f6cc8362498900f2fe2c13d0b6fdb66dd30976
PZOHOALJQOFNTB-UHFFFAOYSA-M	CHEBI:177871	brequinar sodium	ANTIVIRAL	brequinar-sodium	74f6cc8362498900f2fe2c13d0b6fdb66dd30976
PZTFGAULNIGNTB-UHFFFAOYSA-N	CHEBI:66440	scleropyric acid	ANTIMYCOBACTERIAL	scleropyric-acid	74f6cc8362498900f2fe2c13d0b6fdb66dd30976
PZWVXQVKPAZYRZ-GIIUFEGQSA-N	CHEBI:68981	longirostrerone B	ANTIPROTOZOAL	longirostrerone-b	74f6cc8362498900f2fe2c13d0b6fdb66dd30976
PZXJOHSZQAEJFE-FZFNOLFKSA-N	CHEBI:65485	dihydrobetulinic acid	ANTIPROTOZOAL	dihydrobetulinic-acid	74f6cc8362498900f2fe2c13d0b6fdb66dd30976
QAGYKUNXZHXKMR-HKWSIXNMSA-N	CHEBI:7496	nelfinavir	ANTIVIRAL	nelfinavir	74f6cc8362498900f2fe2c13d0b6fdb66dd30976
QAHRSPAZSGMZMT-UHFFFAOYSA-N	CHEBI:133760	aurasperone A	ANTIPROTOZOAL	aurasperone-a	74f6cc8362498900f2fe2c13d0b6fdb66dd30976
QAPOXOGEDXIOHD-VZRGJMDUSA-N	CHEBI:146153	ilicicolin B	ANTIMICROBIAL_UNSPECIFIED	ilicicolin-b	74f6cc8362498900f2fe2c13d0b6fdb66dd30976
QAWIHIJWNYOLBE-OKKQSCSOSA-N	CHEBI:74545	acivicin	ANTIPROTOZOAL	acivicin	74f6cc8362498900f2fe2c13d0b6fdb66dd30976
QAYICIQNSGETAS-UHFFFAOYSA-N	CHEBI:75212	dazomet	ANTIBACTERIAL	dazomet	74f6cc8362498900f2fe2c13d0b6fdb66dd30976
QAYOIGPJKWWLOT-WXRFRXGMSA-N	CHEBI:65540	caesalpinin D	ANTIPROTOZOAL	caesalpinin-d	74f6cc8362498900f2fe2c13d0b6fdb66dd30976
QBQXQYSJPWXZJL-NWVAQQJZSA-N	CHEBI:5533	granaticin	ANTIMICROBIAL_UNSPECIFIED	granaticin	74f6cc8362498900f2fe2c13d0b6fdb66dd30976
QCDFBFJGMNKBDO-UHFFFAOYSA-N	CHEBI:74460	5-chloro-7-iodoquinolin-8-ol	ANTIBACTERIAL	5-chloro-7-iodoquinolin-8-ol	74f6cc8362498900f2fe2c13d0b6fdb66dd30976
QCGUSIANLFXSGE-GFCCVEGCSA-N	CHEBI:83326	tedizolid phosphate	ANTIMICROBIAL_UNSPECIFIED	tedizolid-phosphate	74f6cc8362498900f2fe2c13d0b6fdb66dd30976
QCHYVJAUGVHJHX-PZIRYZLHSA-N	CHEBI:47395	devancoaminyl vancomycin	ANTIMICROBIAL_UNSPECIFIED	devancoaminyl-vancomycin	74f6cc8362498900f2fe2c13d0b6fdb66dd30976
QCSKWFANIUTEHG-KDIQAUPYSA-N	CHEBI:65563	callophycoic acid G	ANTIBACTERIAL	callophycoic-acid-g	74f6cc8362498900f2fe2c13d0b6fdb66dd30976
QDEXSBYEIYRPIT-UHFFFAOYSA-N	CHEBI:65812	isodrummondin D	ANTIBACTERIAL	isodrummondin-d	74f6cc8362498900f2fe2c13d0b6fdb66dd30976
QDGZDCVAUDNJFG-FXQIFTODSA-N	CHEBI:473990	entecavir (anhydrous)	ANTIVIRAL	entecavir-anhydrous	74f6cc8362498900f2fe2c13d0b6fdb66dd30976
QDIMHKWNHMVDJB-WBAXXEDZSA-N	CHEBI:172918	PF-00835231	ANTIVIRAL	pf-00835231	74f6cc8362498900f2fe2c13d0b6fdb66dd30976
QDKLRKZQSOQWJQ-LPEHXNHASA-N	CHEBI:65991	guttiferone F	ANTIPROTOZOAL	guttiferone-f	74f6cc8362498900f2fe2c13d0b6fdb66dd30976
QDLHCMPXEPAAMD-QAIWCSMKSA-N	CHEBI:52289	wortmannin	ANTIVIRAL	wortmannin	74f6cc8362498900f2fe2c13d0b6fdb66dd30976
QDQQNGZRIJPDGA-UHFFFAOYSA-N	CHEBI:87805	ethionamide S-oxide	ANTIMYCOBACTERIAL	ethionamide-s-oxide	74f6cc8362498900f2fe2c13d0b6fdb66dd30976
QDUIJCOKQCCXQY-WHJQOFBOSA-N	CHEBI:3502	cefozopran	ANTIBACTERIAL	cefozopran	74f6cc8362498900f2fe2c13d0b6fdb66dd30976
QECBVZBMGUAZDL-JSADDXMJSA-N	CHEBI:52650	leptomycin A	ANTIFUNGAL	leptomycin-a	74f6cc8362498900f2fe2c13d0b6fdb66dd30976
QEJCXVUCARKGSY-UHFFFAOYSA-N	CHEBI:65387	allanxanthone C	ANTIPROTOZOAL	allanxanthone-c	74f6cc8362498900f2fe2c13d0b6fdb66dd30976
QELSKZZBTMNZEB-UHFFFAOYSA-N	CHEBI:32063	propylparaben	ANTIFUNGAL	propylparaben	74f6cc8362498900f2fe2c13d0b6fdb66dd30976
QEPMTPAOVMUVBT-NJCRSHSXSA-N	CHEBI:68700	epi-isochromophilone II	ANTIFUNGAL	epi-isochromophilone-ii	74f6cc8362498900f2fe2c13d0b6fdb66dd30976
QFJCIRLUMZQUOT-HPLJOQBZSA-N	CHEBI:9168	sirolimus	ANTIBACTERIAL	sirolimus	74f6cc8362498900f2fe2c13d0b6fdb66dd30976
QFNFRZHOXWNWAQ-UHFFFAOYSA-N	CHEBI:83213	triclopyricarb	ANTIFUNGAL	triclopyricarb	74f6cc8362498900f2fe2c13d0b6fdb66dd30976
QFYDCUMYVXSZFJ-UHFFFAOYSA-N	CHEBI:66649	macluraxanthone B	ANTIVIRAL	macluraxanthone-b	74f6cc8362498900f2fe2c13d0b6fdb66dd30976
QGHREAKMXXNCOA-UHFFFAOYSA-N	CHEBI:35014	thiophanate-methyl	ANTIFUNGAL	thiophanate-methyl	74f6cc8362498900f2fe2c13d0b6fdb66dd30976
QGIHYQPVZRSTNP-AWEZNQCLSA-N	CHEBI:65406	ancistrotanzanine A	ANTIPROTOZOAL	ancistrotanzanine-a	74f6cc8362498900f2fe2c13d0b6fdb66dd30976
QGJZLNKBHJESQX-FZFNOLFKSA-N	CHEBI:3087	betulinic acid	ANTIPROTOZOAL	betulinic-acid	74f6cc8362498900f2fe2c13d0b6fdb66dd30976
QGPKADBNRMWEQR-UHFFFAOYSA-N	antibioticmech:aro-86221775c0	clinafloxacin	ANTIBACTERIAL	clinafloxacin	74f6cc8362498900f2fe2c13d0b6fdb66dd30976
QGTOTYJSCYHYFK-RBODFLQRSA-N	CHEBI:136340	fenpicoxamid	ANTIFUNGAL	fenpicoxamid	74f6cc8362498900f2fe2c13d0b6fdb66dd30976
QHFWZNALDDSHFJ-UHFFFAOYSA-N	CHEBI:66011	hernandonine	ANTIVIRAL	hernandonine	74f6cc8362498900f2fe2c13d0b6fdb66dd30976
QHMBSVQNZZTUGM-ZWKOTPCHSA-N	CHEBI:69478	cannabidiol	ANTIMICROBIAL_UNSPECIFIED	cannabidiol	74f6cc8362498900f2fe2c13d0b6fdb66dd30976
QHMWCHQXCUNUAK-UHFFFAOYSA-N	CHEBI:82864	flutrimazole	ANTIFUNGAL	flutrimazole	74f6cc8362498900f2fe2c13d0b6fdb66dd30976
QHTOIDKCEPKVCM-ZCFIWIBFSA-N	CHEBI:35993	cepham	ANTIMICROBIAL_UNSPECIFIED	cepham	74f6cc8362498900f2fe2c13d0b6fdb66dd30976
QIJXKOOPLDVFLW-DWENXZEQSA-N	CHEBI:78283	8-demethyl-8-(α-L-rhamnosyl)tetracenomycin C	ANTIMICROBIAL_UNSPECIFIED	8-demethyl-8-α-l-rhamnosyl-tetracenomycin-c	74f6cc8362498900f2fe2c13d0b6fdb66dd30976
QIMCUSGGYZHVEF-VULLPXFTSA-N	CHEBI:140259	sordaricin	ANTIFUNGAL	sordaricin	74f6cc8362498900f2fe2c13d0b6fdb66dd30976
QIRNGVVZBINFMX-UHFFFAOYSA-N	CHEBI:39826	2-allylphenol	ANTIFUNGAL	2-allylphenol	74f6cc8362498900f2fe2c13d0b6fdb66dd30976
QJBZDBLBQWFTPZ-UHFFFAOYSA-N	CHEBI:32079	pyrrolnitrin	ANTIFUNGAL	pyrrolnitrin	74f6cc8362498900f2fe2c13d0b6fdb66dd30976
QJDWKBINWOWJNZ-OURZNGJWSA-N	CHEBI:141991	cinnamycin	ANTIMICROBIAL_UNSPECIFIED	cinnamycin	74f6cc8362498900f2fe2c13d0b6fdb66dd30976
QJJXYPPXXYFBGM-LFZNUXCKSA-N	antibioticmech:aro-2e3b34cc67	tacrolimus	ANTIMICROBIAL_UNSPECIFIED	tacrolimus	74f6cc8362498900f2fe2c13d0b6fdb66dd30976
QJPVBLGWZKAQRW-BQBICWQZSA-N	antibioticmech:aro-b6c9cc2b59	lysocin E	ANTIBACTERIAL	lysocin-e	74f6cc8362498900f2fe2c13d0b6fdb66dd30976
QJQJKEWQUOORFC-AWEZNQCLSA-N	CHEBI:70661	(2S)-8-formyl-5-hydroxy-7-methoxy-6-methylflavanone	ANTIVIRAL	2s-8-formyl-5-hydroxy-7-methoxy-6-methylflavanone	74f6cc8362498900f2fe2c13d0b6fdb66dd30976
QJSWSNAZIVGTFZ-NPQXMUAYSA-N	CHEBI:68787	rubrorotiorin	ANTIFUNGAL	rubrorotiorin	74f6cc8362498900f2fe2c13d0b6fdb66dd30976
QKDHBVNJCZBTMR-LLVKDONJSA-N	CHEBI:77794	(R)-temafloxacin	ANTIBACTERIAL	r-temafloxacin	74f6cc8362498900f2fe2c13d0b6fdb66dd30976
QKDHBVNJCZBTMR-NSHDSACASA-N	CHEBI:77795	(S)-temafloxacin	ANTIBACTERIAL	s-temafloxacin	74f6cc8362498900f2fe2c13d0b6fdb66dd30976
QKDHBVNJCZBTMR-UHFFFAOYSA-N	CHEBI:77796	1-(2,4-difluorophenyl)-6-fluoro-7-(3-methylpiperazin-1-yl)-4-oxo-1,4-dihydroquinoline-3-carboxylic acid	ANTIMICROBIAL_UNSPECIFIED	1-2-4-difluorophenyl-6-fluoro-7-3-methylpiperazin-1-yl-4-oxo-1-4-dihyd	74f6cc8362498900f2fe2c13d0b6fdb66dd30976
QKQLSQLKXBHUSO-CMDGGOBGSA-N	CHEBI:65899	flavokawain B	ANTIPROTOZOAL	flavokawain-b	74f6cc8362498900f2fe2c13d0b6fdb66dd30976
QMNFFXRFOJIOKZ-UHFFFAOYSA-N	CHEBI:135029	cycloguanil	ANTIPROTOZOAL	cycloguanil	74f6cc8362498900f2fe2c13d0b6fdb66dd30976
QMXOFBXZEKTJIK-LSDHHAIUSA-N	CHEBI:15649	3,6,9-trihydroxypterocarpan	ANTIBACTERIAL	3-6-9-trihydroxypterocarpan	74f6cc8362498900f2fe2c13d0b6fdb66dd30976
QNBTYORWCCMPQP-JXAWBTAJSA-N	CHEBI:83427	(Z)-dimethomorph	ANTIFUNGAL	z-dimethomorph	74f6cc8362498900f2fe2c13d0b6fdb66dd30976
QNBTYORWCCMPQP-UHFFFAOYSA-N	CHEBI:81848	dimethomorph	ANTIFUNGAL	dimethomorph	74f6cc8362498900f2fe2c13d0b6fdb66dd30976
QNGZXAWVLALWLX-UHFFFAOYSA-N	CHEBI:68298	phomalevone B	ANTIBACTERIAL	phomalevone-b	74f6cc8362498900f2fe2c13d0b6fdb66dd30976
QNQBPPQLRODXET-HMHJLHGTSA-N	CHEBI:142135	equisetin	ANTIBACTERIAL	equisetin	74f6cc8362498900f2fe2c13d0b6fdb66dd30976
QNYUIPNTIJJURA-UMVBOHGHSA-N	CHEBI:66432	schisanwilsonene A	ANTIVIRAL	schisanwilsonene-a	74f6cc8362498900f2fe2c13d0b6fdb66dd30976
QOECJCJVIMVJGX-UHFFFAOYSA-N	CHEBI:95074	UNC0638	ANTIVIRAL	unc0638	74f6cc8362498900f2fe2c13d0b6fdb66dd30976
QOGOGJNRMJOCKH-BDAKNGLRSA-N	CHEBI:141292	(2R)-2-[(1R)-4-methylcyclohex-3-en-1-yl]propanoic acid	ANTIFUNGAL	2r-2-1r-4-methylcyclohex-3-en-1-yl-propanoic-acid	74f6cc8362498900f2fe2c13d0b6fdb66dd30976
QOKZNLCOQRNCTQ-XFBOQIBUSA-N	CHEBI:65534	22α-methoxy-3-β-O-{β-D-Xylp(1→3)-[β-D-Glcp-(1→2)]-β-D-Glcp-(1→4)-β-D-Glcp}-furost-3β,26-diol 26-O-β-D-Glcp	ANTIPROTOZOAL	22α-methoxy-3-β-o-β-d-xylp-13-β-d-glcp-12-β-d-glcp-14-β-d-glcp-furost-	74f6cc8362498900f2fe2c13d0b6fdb66dd30976
QONBOMKYCJJCSL-WPQAJTLNSA-N	CHEBI:66250	tolybyssidin B	ANTIFUNGAL	tolybyssidin-b	74f6cc8362498900f2fe2c13d0b6fdb66dd30976
QOOORVUXEUQEKV-KNLYTHMISA-N	CHEBI:156382	jawsamycin	ANTIFUNGAL	jawsamycin	74f6cc8362498900f2fe2c13d0b6fdb66dd30976
QOXPZVASXWSKKU-UEIWAABPSA-N	CHEBI:20651	5α-ergosta-7,22-dien-3β-ol	ANTIFUNGAL	5α-ergosta-7-22-dien-3β-ol	74f6cc8362498900f2fe2c13d0b6fdb66dd30976
QPFYXYFORQJZEC-UHFFFAOYSA-N	CHEBI:71416	phenazopyridine	ANTIVIRAL	phenazopyridine	74f6cc8362498900f2fe2c13d0b6fdb66dd30976
QPLUQODTAQYAFC-FVBCJJOCSA-N	CHEBI:65849	epichlicin	ANTIFUNGAL	epichlicin	74f6cc8362498900f2fe2c13d0b6fdb66dd30976
QPLVRXNITVEQGA-UHFFFAOYSA-N	antibioticmech:aro-74aa00cff4	pyrrolomycin F2a	ANTIBACTERIAL	pyrrolomycin-f2a	74f6cc8362498900f2fe2c13d0b6fdb66dd30976
QPPBRPIAZZHUNT-UHFFFAOYSA-N	CHEBI:102130	sulfamerazine	ANTIBACTERIAL	sulfamerazine	74f6cc8362498900f2fe2c13d0b6fdb66dd30976
QPRQJOHKNJIMGN-WVUAJZTGSA-N	CHEBI:7751	oligomycin B	ANTIMICROBIAL_UNSPECIFIED	oligomycin-b	74f6cc8362498900f2fe2c13d0b6fdb66dd30976
QPVBWEUWNJWRLD-XPVUCKRVSA-N	CHEBI:68594	eurysterol B sulfonic acid	ANTIFUNGAL	eurysterol-b-sulfonic-acid	74f6cc8362498900f2fe2c13d0b6fdb66dd30976
QPYBAPKWMFWJOS-HVACLVPVSA-N	CHEBI:66623	neurolenin D	ANTIPROTOZOAL	neurolenin-d	74f6cc8362498900f2fe2c13d0b6fdb66dd30976
QQBSPLCHDUCBNM-UHFFFAOYSA-N	CHEBI:3690	chrysosplenol C	ANTIVIRAL	chrysosplenol-c	74f6cc8362498900f2fe2c13d0b6fdb66dd30976
QRJJEGAJXVEBNE-HKOYGPOVSA-N	CHEBI:7825	oxiconazole	ANTIFUNGAL	oxiconazole	74f6cc8362498900f2fe2c13d0b6fdb66dd30976
QRXWMOHMRWLFEY-UHFFFAOYSA-N	CHEBI:6030	isoniazide	ANTIMYCOBACTERIAL	isoniazide	74f6cc8362498900f2fe2c13d0b6fdb66dd30976
QRYRORQUOLYVBU-VBKZILBWSA-N	CHEBI:65585	carnosic acid	ANTIVIRAL	carnosic-acid	74f6cc8362498900f2fe2c13d0b6fdb66dd30976
QSBYPNXLFMSGKH-HJWRWDBZSA-N	CHEBI:84328	(9Z)-heptadecenoic acid	ANTIFUNGAL	9z-heptadecenoic-acid	74f6cc8362498900f2fe2c13d0b6fdb66dd30976
QSRVMXWVVMILDI-UHFFFAOYSA-N	CHEBI:140443	viridicatin	ANTIBACTERIAL	viridicatin	74f6cc8362498900f2fe2c13d0b6fdb66dd30976
QSZDTCGHFRXGFB-UHFFFAOYSA-N	CHEBI:66407	multicaulin	ANTIMYCOBACTERIAL	multicaulin	74f6cc8362498900f2fe2c13d0b6fdb66dd30976
QTBSBXVTEAMEQO-UHFFFAOYSA-N	CHEBI:15366	acetic acid	BIOCIDE	acetic-acid	74f6cc8362498900f2fe2c13d0b6fdb66dd30976
QTEDUQSFCPUIOH-UEUBVZDRSA-N	CHEBI:78514	mastoparan-D	ANTIBACTERIAL	mastoparan-d	74f6cc8362498900f2fe2c13d0b6fdb66dd30976
QTORDDSSLVGNHO-BGTMZHHNSA-N	CHEBI:66751	phosphatoquinone A	ANTIMICROBIAL_UNSPECIFIED	phosphatoquinone-a	74f6cc8362498900f2fe2c13d0b6fdb66dd30976
QTQAWLPCGQOSGP-KSRBKZBZSA-N	CHEBI:5292	geldanamycin	ANTIVIRAL	geldanamycin	74f6cc8362498900f2fe2c13d0b6fdb66dd30976
QTSJJDIDTYFLFC-YHYXMXQVSA-N	antibioticmech:aro-1c565a1a6c	perchlozone	ANTIBACTERIAL	perchlozone	74f6cc8362498900f2fe2c13d0b6fdb66dd30976
QTYCMDBMOLSEAM-UHFFFAOYSA-N	CHEBI:81770	ipconazole	ANTIFUNGAL	ipconazole	74f6cc8362498900f2fe2c13d0b6fdb66dd30976
QUAPPCXFYKSDSV-UHFFFAOYSA-N	CHEBI:67376	dihydrooroxylin A	ANTIMYCOBACTERIAL	dihydrooroxylin-a	74f6cc8362498900f2fe2c13d0b6fdb66dd30976
QUIJNHUBAXPXFS-XLJNKUFUSA-N	CHEBI:72292	bedaquiline	ANTIMYCOBACTERIAL	bedaquiline	74f6cc8362498900f2fe2c13d0b6fdb66dd30976
QULKGELYPOJSLP-WCABBAIRSA-N	CHEBI:51207	penicillin O	ANTIMICROBIAL_UNSPECIFIED	penicillin-o	74f6cc8362498900f2fe2c13d0b6fdb66dd30976
QUPRNMGEDWRDBX-GZTJUZNOSA-N	CHEBI:66631	NK372135A	ANTIFUNGAL	nk372135a	74f6cc8362498900f2fe2c13d0b6fdb66dd30976
QURROFPXYUFYAZ-GFHGMWMXSA-N	CHEBI:65459	australifungin	ANTIFUNGAL	australifungin	74f6cc8362498900f2fe2c13d0b6fdb66dd30976
QVRLHIRFLRXFIW-MLDHBKOMSA-N	antibioticmech:aro-ddcacf705e	vertilimicin	ANTIBACTERIAL	vertilimicin	74f6cc8362498900f2fe2c13d0b6fdb66dd30976
QVXPDENFBGGWAY-FXSXARLRSA-N	CHEBI:65558	callophycoic acid B	ANTIBACTERIAL	callophycoic-acid-b	74f6cc8362498900f2fe2c13d0b6fdb66dd30976
QWAXKHKRTORLEM-UGJKXSETSA-N	CHEBI:63621	saquinavir	ANTIVIRAL	saquinavir	74f6cc8362498900f2fe2c13d0b6fdb66dd30976
QWCJHSGMANYXCW-UHFFFAOYSA-N	CHEBI:77780	sulfaphenazole	ANTIBACTERIAL	sulfaphenazole	74f6cc8362498900f2fe2c13d0b6fdb66dd30976
QWHPVCGUVBLEQF-UHFFFAOYSA-N	CHEBI:66304	rhinacanthin D	ANTIVIRAL	rhinacanthin-d	74f6cc8362498900f2fe2c13d0b6fdb66dd30976
QWMZGLCXYLPQAZ-CJWQODIFSA-N	CHEBI:65931	fumimycin	ANTIBACTERIAL	fumimycin	74f6cc8362498900f2fe2c13d0b6fdb66dd30976
QWUGXIXRFGEYBD-UHFFFAOYSA-M	CHEBI:152058	ethylmercuric chloride	ANTIFUNGAL	ethylmercuric-chloride	74f6cc8362498900f2fe2c13d0b6fdb66dd30976
QWVGKYWNOKOFNN-UHFFFAOYSA-N	CHEBI:28054	o-cresol	ANTIFUNGAL	o-cresol	74f6cc8362498900f2fe2c13d0b6fdb66dd30976
QXACEHWTBCFNSA-SFQUDFHCSA-N	CHEBI:69477	cannabigerol	ANTIBACTERIAL	cannabigerol	74f6cc8362498900f2fe2c13d0b6fdb66dd30976
QXJKBPAVAHBARF-BETUJISGSA-N	CHEBI:8450	procymidone	ANTIFUNGAL	procymidone	74f6cc8362498900f2fe2c13d0b6fdb66dd30976
QXNWVJOHUAQHLM-AZUAARDMSA-N	CHEBI:78274	ferruginol	ANTIBACTERIAL	ferruginol	74f6cc8362498900f2fe2c13d0b6fdb66dd30976
QXTWSUQCXCWEHF-JXMROGBWSA-N	antibioticmech:curator-8edc5e6516	AFN-1252	ANTIBACTERIAL	afn-1252	74f6cc8362498900f2fe2c13d0b6fdb66dd30976
QXVIQXFZWZQGMX-CBNFSBMOSA-N	CHEBI:68785	rotiorinol A	ANTIFUNGAL	rotiorinol-a	74f6cc8362498900f2fe2c13d0b6fdb66dd30976
QYIYFLOTGYLRGG-GPCCPHFNSA-N	CHEBI:3478	cefaclor	ANTIBACTERIAL	cefaclor	74f6cc8362498900f2fe2c13d0b6fdb66dd30976
QYKWCMVFBWGYRE-XROCGEGMSA-N	CHEBI:90868	validamycin B	ANTIFUNGAL	validamycin-b	74f6cc8362498900f2fe2c13d0b6fdb66dd30976
QYOAUOAXCQAEMW-UTXKDXHTSA-N	CHEBI:78160	bleomycin A5	ANTIMICROBIAL_UNSPECIFIED	bleomycin-a5	74f6cc8362498900f2fe2c13d0b6fdb66dd30976
QYPJBTMRYKRTFG-UHFFFAOYSA-N	CHEBI:66678	(−)-marinopyrrole A	ANTIBACTERIAL	marinopyrrole-a	74f6cc8362498900f2fe2c13d0b6fdb66dd30976
QYQDKDWGWDOFFU-IUODEOHRSA-N	CHEBI:355510	cefotiam	ANTIBACTERIAL	cefotiam	74f6cc8362498900f2fe2c13d0b6fdb66dd30976
QYVMTFXNKNWWFX-YGTZKZKGSA-N	CHEBI:64248	tunicamycin B1	ANTIMICROBIAL_UNSPECIFIED	tunicamycin-b1	74f6cc8362498900f2fe2c13d0b6fdb66dd30976
QZBCDLLHQSDFIG-ZEVBXJOLSA-N	CHEBI:65375	agrochelin	ANTIMICROBIAL_UNSPECIFIED	agrochelin	74f6cc8362498900f2fe2c13d0b6fdb66dd30976
QZCHAQYTIIGVHJ-HXIPBOOUSA-N	CHEBI:68598	clathsterol disulfonic acid	ANTIVIRAL	clathsterol-disulfonic-acid	74f6cc8362498900f2fe2c13d0b6fdb66dd30976
QZCOVMJUGCBXHV-AVCFMDPFSA-N	CHEBI:29572	demethyllactenocin	ANTIMICROBIAL_UNSPECIFIED	demethyllactenocin	74f6cc8362498900f2fe2c13d0b6fdb66dd30976
QZNGYMKAHFFKCJ-ZBQZSICZSA-N	CHEBI:133127	lugdunin	ANTIBACTERIAL	lugdunin	74f6cc8362498900f2fe2c13d0b6fdb66dd30976
QZNUIODTYIUAMN-KNPMLCFXSA-N	CHEBI:66603	lycojapodine A	ANTIVIRAL	lycojapodine-a	74f6cc8362498900f2fe2c13d0b6fdb66dd30976
QZOYYXRCNOZKAN-NSHSNTAOSA-N	antibioticmech:aro-4b163fa344	tartrolon F	ANTIBACTERIAL	tartrolon-f	74f6cc8362498900f2fe2c13d0b6fdb66dd30976
QZRPBFSNQQUAAB-QZXUYJGCSA-N	CHEBI:167054	acrophiarin	ANTIFUNGAL	acrophiarin	74f6cc8362498900f2fe2c13d0b6fdb66dd30976
RAGFPHFDFVNLCG-INYQBOQCSA-N	CHEBI:90941	sibiromycin	ANTIMICROBIAL_UNSPECIFIED	sibiromycin	74f6cc8362498900f2fe2c13d0b6fdb66dd30976
RAGOYPUPXAKGKH-XAKZXMRKSA-N	CHEBI:64355	posaconazole	ANTIFUNGAL	posaconazole	74f6cc8362498900f2fe2c13d0b6fdb66dd30976
RAGZNEMPFYNJSA-KQFLDCGVSA-N	CHEBI:68936	(±)-chartaceone D	ANTIVIRAL	chartaceone-d	74f6cc8362498900f2fe2c13d0b6fdb66dd30976
RAKGKFLUJPUROQ-ACMZUNAXSA-N	CHEBI:66750	phomoxanthone B	ANTIMYCOBACTERIAL	phomoxanthone-b	74f6cc8362498900f2fe2c13d0b6fdb66dd30976
RAKJVIPCCGXHHS-UHFFFAOYSA-N	CHEBI:81485	osthenol	ANTIFUNGAL	osthenol	74f6cc8362498900f2fe2c13d0b6fdb66dd30976
RALQCAVZSAUESR-XTEMEEEFSA-N	CHEBI:192979	nystatin A2	ANTIFUNGAL	nystatin-a2	74f6cc8362498900f2fe2c13d0b6fdb66dd30976
RAPTZTAHJXHERF-MHTXLSKPSA-N	antibioticmech:aro-18bdab079e	formicamycin I	ANTIBACTERIAL	formicamycin-i	74f6cc8362498900f2fe2c13d0b6fdb66dd30976
RBKMMJSQKNKNEV-RITPCOANSA-N	CHEBI:37806	penicillanic acid	ANTIMICROBIAL_UNSPECIFIED	penicillanic-acid	74f6cc8362498900f2fe2c13d0b6fdb66dd30976
RBWGTZRSEOIHFD-UHUFKFKFSA-N	CHEBI:83220	fenaminstrobin	ANTIFUNGAL	fenaminstrobin	74f6cc8362498900f2fe2c13d0b6fdb66dd30976
RBWXRFBKVDBXEG-DMTCNVIQSA-N	CHEBI:144729	L-β-ethynylserine zwitterion	ANTIBACTERIAL	l-β-ethynylserine-zwitterion	74f6cc8362498900f2fe2c13d0b6fdb66dd30976
RBWXRFBKVDBXEG-DMTCNVIQSA-N	CHEBI:144833	L-β-ethynylserine	ANTIBACTERIAL	l-β-ethynylserine	74f6cc8362498900f2fe2c13d0b6fdb66dd30976
RCAULRNMJFUWRP-HETMPLHPSA-N	CHEBI:156387	aspyrone	ANTIBACTERIAL	aspyrone	74f6cc8362498900f2fe2c13d0b6fdb66dd30976
RCIMBBZXSXFZBV-UHFFFAOYSA-N	CHEBI:32019	piromidic acid	ANTIBACTERIAL	piromidic-acid	74f6cc8362498900f2fe2c13d0b6fdb66dd30976
RCNNSAWFPVOGAA-QCDYRJBNSA-N	CHEBI:66179	sch 725432	ANTIFUNGAL	sch-725432	74f6cc8362498900f2fe2c13d0b6fdb66dd30976
RDECBWLKMPEKPM-PSCJHHPTSA-N	CHEBI:9232	spinosyn D	ANTIMICROBIAL_UNSPECIFIED	spinosyn-d	74f6cc8362498900f2fe2c13d0b6fdb66dd30976
RDEZRSOXSQHNOU-SMVKTZMVSA-N	CHEBI:66687	mediomycin A	ANTIFUNGAL	mediomycin-a	74f6cc8362498900f2fe2c13d0b6fdb66dd30976
RDHDUYAKDYQPEW-HWLWSTNVSA-M	CHEBI:91848	lasalocid sodium	ANTIPROTOZOAL	lasalocid-sodium	74f6cc8362498900f2fe2c13d0b6fdb66dd30976
RDLNVCALMXCDOJ-QUVQPCEGSA-N	CHEBI:66596	lucidumoside C	ANTIVIRAL	lucidumoside-c	74f6cc8362498900f2fe2c13d0b6fdb66dd30976
RDLPVSKMFDYCOR-UEKVPHQBSA-N	CHEBI:3547	cephradine	ANTIBACTERIAL	cephradine	74f6cc8362498900f2fe2c13d0b6fdb66dd30976
RDMOROXKXONCAL-UEKVPHQBSA-N	CHEBI:31379	cefroxadine	ANTIBACTERIAL	cefroxadine	74f6cc8362498900f2fe2c13d0b6fdb66dd30976
RDOIQAHITMMDAJ-UHFFFAOYSA-N	CHEBI:6532	loperamide	ANTIVIRAL	loperamide	74f6cc8362498900f2fe2c13d0b6fdb66dd30976
RECUKUPTGUEGMW-UHFFFAOYSA-N	CHEBI:3440	carvacrol	ANTIFUNGAL	carvacrol	74f6cc8362498900f2fe2c13d0b6fdb66dd30976
REESKGYZXCEZKQ-UHFFFAOYSA-N	CHEBI:65458	aureoquinone	ANTIBACTERIAL	aureoquinone	74f6cc8362498900f2fe2c13d0b6fdb66dd30976
REFJWTPEDVJJIY-UHFFFAOYSA-N	CHEBI:16243	quercetin	ANTIBACTERIAL	quercetin	74f6cc8362498900f2fe2c13d0b6fdb66dd30976
REIIQZAQCCFGIJ-LBLJTAPMSA-N	CHEBI:16251	deaminohydroxyblasticidin S	ANTIMICROBIAL_UNSPECIFIED	deaminohydroxyblasticidin-s	74f6cc8362498900f2fe2c13d0b6fdb66dd30976
REJLGAUYTKNVJM-SGXCCWNXSA-N	CHEBI:9630	tomatine	ANTIFUNGAL	tomatine	74f6cc8362498900f2fe2c13d0b6fdb66dd30976
REPPNUPKOJKPSP-ZZNWINOMSA-N	CHEBI:31908	niddamycin	ANTIBACTERIAL	niddamycin	74f6cc8362498900f2fe2c13d0b6fdb66dd30976
RFHAOTPXVQNOHP-UHFFFAOYSA-N	CHEBI:46081	fluconazole	ANTIFUNGAL	fluconazole	74f6cc8362498900f2fe2c13d0b6fdb66dd30976
RFLHUYUQCKHUKS-JUODUXDSSA-M	CHEBI:31383	ceftiofur	ANTIBACTERIAL	ceftiofur	74f6cc8362498900f2fe2c13d0b6fdb66dd30976
RFMIKMMOLPNEDG-QVUDESDKSA-M	CHEBI:85192	tazobactam sodium	ANTIMICROBIAL_UNSPECIFIED	tazobactam-sodium	74f6cc8362498900f2fe2c13d0b6fdb66dd30976
RGFBRLNVZCCMSV-BIRGHMBHSA-N	CHEBI:70729	ceftaroline	ANTIBACTERIAL	ceftaroline	74f6cc8362498900f2fe2c13d0b6fdb66dd30976
RGLYKWWBQGJZGM-ISLYRVAYSA-N	CHEBI:41922	diethylstilbestrol	ANTIFUNGAL	diethylstilbestrol	74f6cc8362498900f2fe2c13d0b6fdb66dd30976
RGOCVNGEBMGCNA-WIDQCZIUSA-N	CHEBI:66042	1-hydroxycrisamicin A	ANTIBACTERIAL	1-hydroxycrisamicin-a	74f6cc8362498900f2fe2c13d0b6fdb66dd30976
RGQUDRQSJYJYAQ-UHFFFAOYSA-O	CHEBI:66637	nostocarboline	ANTIPROTOZOAL	nostocarboline	74f6cc8362498900f2fe2c13d0b6fdb66dd30976
RGSUZUQISVAJJF-GFCCVEGCSA-N	CHEBI:66703	(R)-4''-methoxydalbergione	ANTIPROTOZOAL	r-4-methoxydalbergione	74f6cc8362498900f2fe2c13d0b6fdb66dd30976
RGXKJLTVROJBKZ-LZNZQLKFSA-N	CHEBI:70508	(16R,19E)-isositsirikine	ANTIFUNGAL	16r-19e-isositsirikine	74f6cc8362498900f2fe2c13d0b6fdb66dd30976
RGZSPQYXJSDKAN-FWSOMWAYSA-N	CHEBI:68935	(±)-chartaceone C	ANTIVIRAL	chartaceone-c	74f6cc8362498900f2fe2c13d0b6fdb66dd30976
RHIAIJKBSAWEJK-UHFFFAOYSA-N	CHEBI:83370	2,6-dimethyl-4-tetradecylmorpholine	ANTIFUNGAL	2-6-dimethyl-4-tetradecylmorpholine	74f6cc8362498900f2fe2c13d0b6fdb66dd30976
RHRAMPXHWHSKQB-GGEUKFTFSA-N	antibioticmech:aro-808cc3b683	gentamicin B	ANTIBACTERIAL	gentamicin-b	74f6cc8362498900f2fe2c13d0b6fdb66dd30976
RHWKPHLQXYSBKR-BMIGLBTASA-N	CHEBI:76010	dolutegravir	ANTIVIRAL	dolutegravir	74f6cc8362498900f2fe2c13d0b6fdb66dd30976
RICZEKWVNZFTNZ-LFGITCQGSA-N	CHEBI:173104	narlaprevir	ANTIVIRAL	narlaprevir	74f6cc8362498900f2fe2c13d0b6fdb66dd30976
RIDRXGOBXZLKHZ-NZUANIILSA-N	antibioticmech:aro-0a013bd963	murepavadin	ANTIBACTERIAL	murepavadin	74f6cc8362498900f2fe2c13d0b6fdb66dd30976
RIOXQFHNBCKOKP-UHFFFAOYSA-N	CHEBI:3015	benomyl	ANTIFUNGAL	benomyl	74f6cc8362498900f2fe2c13d0b6fdb66dd30976
RJCJVIFSIXKSAH-UHFFFAOYSA-N	CHEBI:146142	3,4'-dimethylkaempferol	ANTIMYCOBACTERIAL	3-4-dimethylkaempferol	74f6cc8362498900f2fe2c13d0b6fdb66dd30976
RJIPNPHMQGDUBW-RFGKEDTNSA-N	CHEBI:141130	grandiflorenic acid	ANTIBACTERIAL	grandiflorenic-acid	74f6cc8362498900f2fe2c13d0b6fdb66dd30976
RJIWZDNTCBHXAL-UHFFFAOYSA-N	CHEBI:67121	nitroxoline	ANTIFUNGAL	nitroxoline	74f6cc8362498900f2fe2c13d0b6fdb66dd30976
RJLTUQKBCWHJFJ-ACCWSZCWSA-N	CHEBI:65818	dzununcanone	ANTIPROTOZOAL	dzununcanone	74f6cc8362498900f2fe2c13d0b6fdb66dd30976
RJMUSRYZPJIFPJ-UHFFFAOYSA-N	CHEBI:7553	niclosamide	ANTIVIRAL	niclosamide	74f6cc8362498900f2fe2c13d0b6fdb66dd30976
RJQXTJLFIWVMTO-TYNCELHUSA-N	CHEBI:6827	methicillin	ANTIBACTERIAL	methicillin	74f6cc8362498900f2fe2c13d0b6fdb66dd30976
RJURFGZVJUQBHK-IIXSONLDSA-N	CHEBI:27666	actinomycin D	ANTIBACTERIAL	actinomycin-d	74f6cc8362498900f2fe2c13d0b6fdb66dd30976
RJYIZTVVOPZJCP-UHFFFAOYSA-N	CHEBI:70652	7-hydroxy-5-methoxy-6,8-dimethylisoflavone	ANTIVIRAL	7-hydroxy-5-methoxy-6-8-dimethylisoflavone	74f6cc8362498900f2fe2c13d0b6fdb66dd30976
RKQOSDAEEGPRER-UHFFFAOYSA-L	CHEBI:144351	zinc diethyldithiocarbamate	ANTIFUNGAL	zinc-diethyldithiocarbamate	74f6cc8362498900f2fe2c13d0b6fdb66dd30976
RLBIQVVOMOPOHC-UHFFFAOYSA-N	CHEBI:38746	parathion-methyl	ANTIFUNGAL	parathion-methyl	74f6cc8362498900f2fe2c13d0b6fdb66dd30976
RLFCSBSRGRJFRO-QAOQTAGDSA-N	antibioticmech:aro-d56d37db11	nafithromycin	ANTIBACTERIAL	nafithromycin	74f6cc8362498900f2fe2c13d0b6fdb66dd30976
RLFDHDLZRRLOSI-VFLTUTPWSA-N	CHEBI:66494	YM-47141	ANTIMICROBIAL_UNSPECIFIED	ym-47141	74f6cc8362498900f2fe2c13d0b6fdb66dd30976
RLGSXXMFPPOROB-JOYMZIHVSA-N	CHEBI:28147	N2'-acetylgentamycin C1a	ANTIMICROBIAL_UNSPECIFIED	n2-acetylgentamycin-c1a	74f6cc8362498900f2fe2c13d0b6fdb66dd30976
RLSSMJSEOOYNOY-UHFFFAOYSA-N	CHEBI:17231	m-cresol	ANTIFUNGAL	m-cresol	74f6cc8362498900f2fe2c13d0b6fdb66dd30976
RMAWSNVDVKZXDX-UHFFFAOYSA-N	CHEBI:144087	bromodeoxytopsentin	ANTIBACTERIAL	bromodeoxytopsentin	74f6cc8362498900f2fe2c13d0b6fdb66dd30976
RNIKQZXKWIZFHL-MASHWEEQSA-N	CHEBI:65537	(R)-7-butyl-6,8-dihydroxy-3-[(3E)-pent-3-en-1-yl]-3,4-dihydroisochromen-1-one	ANTIMYCOBACTERIAL	r-7-butyl-6-8-dihydroxy-3-3e-pent-3-en-1-yl-3-4-dihydroisochromen-1-on	74f6cc8362498900f2fe2c13d0b6fdb66dd30976
RNRHMQWZFJXKLZ-XUWXXGDYSA-N	CHEBI:131713	xibornol	ANTIBACTERIAL	xibornol	74f6cc8362498900f2fe2c13d0b6fdb66dd30976
ROBJKLPZIPNAMV-UHFFFAOYSA-N	CHEBI:167905	mefuparib	ANTIVIRAL	mefuparib	74f6cc8362498900f2fe2c13d0b6fdb66dd30976
ROCUOVBWAWAQFD-UHFFFAOYSA-N	CHEBI:177047	velutin	ANTIBACTERIAL	velutin	74f6cc8362498900f2fe2c13d0b6fdb66dd30976
RONFGUROBZGJKP-UHFFFAOYSA-N	CHEBI:5569	iminoctadine	ANTIFUNGAL	iminoctadine	74f6cc8362498900f2fe2c13d0b6fdb66dd30976
RONUKPQOBQKEHX-FOUIGEGESA-N	CHEBI:65914	FR901463	ANTIMICROBIAL_UNSPECIFIED	fr901463	74f6cc8362498900f2fe2c13d0b6fdb66dd30976
RONWGALEIBILOG-VMJVVOMYSA-N	CHEBI:52250	quinine sulfate	ANTIPROTOZOAL	quinine-sulfate	74f6cc8362498900f2fe2c13d0b6fdb66dd30976
ROYGEIBVSIXOBH-QWWLYEKJSA-N	CHEBI:77195	10-carboxy-13-deoxydaunorubicin	ANTIMICROBIAL_UNSPECIFIED	10-carboxy-13-deoxydaunorubicin	74f6cc8362498900f2fe2c13d0b6fdb66dd30976
ROZUQUDEWZIBHV-UHFFFAOYSA-N	CHEBI:83341	tecloftalam	ANTIBACTERIAL	tecloftalam	74f6cc8362498900f2fe2c13d0b6fdb66dd30976
RPBAFSBGYDKNRG-NJBDSQKTSA-N	CHEBI:58974	epicillin	ANTIBACTERIAL	epicillin	74f6cc8362498900f2fe2c13d0b6fdb66dd30976
RPHCJSPQKSVBSH-UHFFFAOYSA-N	CHEBI:66067	IC202C	ANTIMICROBIAL_UNSPECIFIED	ic202c	74f6cc8362498900f2fe2c13d0b6fdb66dd30976
RPSLZGPKLQLZGH-UHFFFAOYSA-N	CHEBI:68802	mollicellin C	ANTIPROTOZOAL	mollicellin-c	74f6cc8362498900f2fe2c13d0b6fdb66dd30976
RQAGSTDFTGSIGB-UHFFFAOYSA-N	CHEBI:195185	gravacridonediol	ANTIPROTOZOAL	gravacridonediol	74f6cc8362498900f2fe2c13d0b6fdb66dd30976
RQDJADAKIFFEKQ-UHFFFAOYSA-N	CHEBI:83920	fenbuconazole	ANTIFUNGAL	fenbuconazole	74f6cc8362498900f2fe2c13d0b6fdb66dd30976
RQNVIKXOOKXAJQ-UHFFFAOYSA-N	CHEBI:28849	naphthazarin	ANTIBACTERIAL	naphthazarin	74f6cc8362498900f2fe2c13d0b6fdb66dd30976
RQSUJBPFSUWQSA-UHFFFAOYSA-N	CHEBI:66518	SPF-32629B	ANTIMICROBIAL_UNSPECIFIED	spf-32629b	74f6cc8362498900f2fe2c13d0b6fdb66dd30976
RQZRKFJHRUDTLB-IDJYBIRTSA-N	CHEBI:83215	albomycin δ2	ANTIBACTERIAL	albomycin-δ2	74f6cc8362498900f2fe2c13d0b6fdb66dd30976
RRAFCDWBNXTKKO-UHFFFAOYSA-N	CHEBI:4917	eugenol	ANTIBACTERIAL	eugenol	74f6cc8362498900f2fe2c13d0b6fdb66dd30976
RRDKRMMBMWKANR-LDLUVENISA-N	antibioticmech:aro-865dbced81	formicamycin D	ANTIBACTERIAL	formicamycin-d	74f6cc8362498900f2fe2c13d0b6fdb66dd30976
RRJHESVQVSRQEX-SUYBPPKGSA-N	CHEBI:53654	O-formylcefamandole	ANTIBACTERIAL	o-formylcefamandole	74f6cc8362498900f2fe2c13d0b6fdb66dd30976
RRKSDDREVOXSJD-TXARQUJHSA-N	CHEBI:66095	20-epi-isoiguesterinol	ANTIPROTOZOAL	20-epi-isoiguesterinol	74f6cc8362498900f2fe2c13d0b6fdb66dd30976
RROQIUMZODEXOR-UHFFFAOYSA-N	CHEBI:9715	triforine	ANTIFUNGAL	triforine	74f6cc8362498900f2fe2c13d0b6fdb66dd30976
RRYMAQUWDLIUPV-BXKDBHETSA-N	CHEBI:135437	cefacetrile	ANTIBACTERIAL	cefacetrile	74f6cc8362498900f2fe2c13d0b6fdb66dd30976
RSHYSOGXGSUUIJ-OAHLLOKOSA-N	CHEBI:3932	cryptopleurine	ANTIVIRAL	cryptopleurine	74f6cc8362498900f2fe2c13d0b6fdb66dd30976
RSOBJVBYZCMJOS-CYBMUJFWSA-N	CHEBI:85628	tolprocarb	ANTIFUNGAL	tolprocarb	74f6cc8362498900f2fe2c13d0b6fdb66dd30976
RSUVYMGADVXGOU-BUHFOSPRSA-N	CHEBI:145999	cinanserin	ANTIVIRAL	cinanserin	74f6cc8362498900f2fe2c13d0b6fdb66dd30976
RSVIJELKMXTPMI-CKSXXEILSA-N	antibioticmech:aro-2b2f71621c	klebsazolicin	ANTIBACTERIAL	klebsazolicin	74f6cc8362498900f2fe2c13d0b6fdb66dd30976
RSWOJTICKMKTER-QXLBVTBOSA-N	CHEBI:85978	isavuconazonium	ANTIFUNGAL	isavuconazonium	74f6cc8362498900f2fe2c13d0b6fdb66dd30976
RTCDDYYZMGGHOE-YMSVYGIHSA-N	CHEBI:10003	ribostamycin sulfate	ANTIBACTERIAL	ribostamycin-sulfate	74f6cc8362498900f2fe2c13d0b6fdb66dd30976
RTCIKUMODPANKX-JBUOLDKXSA-M	CHEBI:85982	avibactam sodium	ANTIBACTERIAL	avibactam-sodium	74f6cc8362498900f2fe2c13d0b6fdb66dd30976
RTGDFNSFWBGLEC-SYZQJQIISA-N	CHEBI:8764	mycophenolate mofetil	ANTIVIRAL	mycophenolate-mofetil	74f6cc8362498900f2fe2c13d0b6fdb66dd30976
RTKIYFITIVXBLE-QEQCGCAPSA-N	CHEBI:46024	trichostatin A	ANTIFUNGAL	trichostatin-a	74f6cc8362498900f2fe2c13d0b6fdb66dd30976
RTKIYNMVFMVABJ-UHFFFAOYSA-L	CHEBI:9546	thimerosal	ANTIFUNGAL	thimerosal	74f6cc8362498900f2fe2c13d0b6fdb66dd30976
RTXOFQZKPXMALH-GHXIOONMSA-N	CHEBI:3485	cefdinir	ANTIBACTERIAL	cefdinir	74f6cc8362498900f2fe2c13d0b6fdb66dd30976
RUEYEZADQJCKGV-UHFFFAOYSA-N	CHEBI:229223	daprodustat	ANTIVIRAL	daprodustat	74f6cc8362498900f2fe2c13d0b6fdb66dd30976
RUONQJYGQKYSSL-GTJPDFRWSA-N	CHEBI:66364	12-methyl-5-dehydrohorminone	ANTIMYCOBACTERIAL	12-methyl-5-dehydrohorminone	74f6cc8362498900f2fe2c13d0b6fdb66dd30976
RUVGAOXZLPFVKY-VAPXRUTMSA-N	CHEBI:66094	isoiguesterin	ANTIPROTOZOAL	isoiguesterin	74f6cc8362498900f2fe2c13d0b6fdb66dd30976
RUZIUYOSRDWYQF-HNNXBMFYSA-N	CHEBI:5373	(S)-glaucine	ANTIBACTERIAL	s-glaucine	74f6cc8362498900f2fe2c13d0b6fdb66dd30976
RVBRTNPNFYFDMZ-SPIKMXEPSA-N	CHEBI:32216	thiethylperazine maleate	ANTIVIRAL	thiethylperazine-maleate	74f6cc8362498900f2fe2c13d0b6fdb66dd30976
RVIIZRJMWFSNER-LJCLWVHTSA-N	CHEBI:65401	ambiguine I	ANTIBACTERIAL	ambiguine-i	74f6cc8362498900f2fe2c13d0b6fdb66dd30976
RVMPLOSJMIQORE-FUAAEJBOSA-N	CHEBI:65487	platanic acid	ANTIVIRAL	platanic-acid	74f6cc8362498900f2fe2c13d0b6fdb66dd30976
RWNHLTKFBKYDOJ-DDHMHSPCSA-N	CHEBI:68381	arjunolic acid	ANTIBACTERIAL	arjunolic-acid	74f6cc8362498900f2fe2c13d0b6fdb66dd30976
RWUQIKIJRXVZFL-ZSCBFHBVSA-N	CHEBI:65565	callophycol A	ANTIBACTERIAL	callophycol-a	74f6cc8362498900f2fe2c13d0b6fdb66dd30976
RWWYLEGWBNMMLJ-YSOARWBDSA-N	CHEBI:145994	remdesivir	ANTIVIRAL	remdesivir	74f6cc8362498900f2fe2c13d0b6fdb66dd30976
RXDMAYSSBPYBFW-RULNRJAQSA-N	CHEBI:47351	(1S,3R)-2,2-dichloro-N-[(1R)-1-(4-chlorophenyl)ethyl]-1-ethyl-3-methylcyclopropanecarboxamide	ANTIFUNGAL	1s-3r-2-2-dichloro-n-1r-1-4-chlorophenyl-ethyl-1-ethyl-3-methylcyclopr	74f6cc8362498900f2fe2c13d0b6fdb66dd30976
RXDMAYSSBPYBFW-UHFFFAOYSA-N	CHEBI:3434	carpropamid	ANTIFUNGAL	carpropamid	74f6cc8362498900f2fe2c13d0b6fdb66dd30976
RXKJFZQQPQGTFL-UHFFFAOYSA-N	CHEBI:16016	dihydroxyacetone	ANTIFUNGAL	dihydroxyacetone	74f6cc8362498900f2fe2c13d0b6fdb66dd30976
RXWNCPJZOCPEPQ-NVWDDTSBSA-N	CHEBI:17939	puromycin	ANTIBACTERIAL	puromycin	74f6cc8362498900f2fe2c13d0b6fdb66dd30976
RXZBMPWDPOLZGW-HEWSMUCTSA-N	CHEBI:32109	(Z)-roxithromycin	ANTIBACTERIAL	z-roxithromycin	74f6cc8362498900f2fe2c13d0b6fdb66dd30976
RXZBMPWDPOLZGW-HITVVWEBSA-N	CHEBI:48844	roxithromycin	ANTIBACTERIAL	roxithromycin	74f6cc8362498900f2fe2c13d0b6fdb66dd30976
RXZBMPWDPOLZGW-XMRMVWPWSA-N	CHEBI:48935	(E)-roxithromycin	ANTIBACTERIAL	e-roxithromycin	74f6cc8362498900f2fe2c13d0b6fdb66dd30976
RYDUWPYFQUMUJP-JAKYJIPASA-N	CHEBI:67479	lamesticumin F	ANTIBACTERIAL	lamesticumin-f	74f6cc8362498900f2fe2c13d0b6fdb66dd30976
RYEXLSDOKVGMTN-ZDUSSCGKSA-N	CHEBI:66701	(+)-N-(methoxycarbonyl)-N-norboldine	ANTIMICROBIAL_UNSPECIFIED	n-methoxycarbonyl-n-norboldine	74f6cc8362498900f2fe2c13d0b6fdb66dd30976
RZKZJERAFMFNMF-UHFFFAOYSA-N	CHEBI:32201	tetracenomycin D1	ANTIMICROBIAL_UNSPECIFIED	tetracenomycin-d1	74f6cc8362498900f2fe2c13d0b6fdb66dd30976
RZLRMVZBGPHYJA-XXJPCBNGSA-N	antibioticmech:aro-d473074d4a	neutramycin	ANTIBACTERIAL	neutramycin	74f6cc8362498900f2fe2c13d0b6fdb66dd30976
RZPAKFUAFGMUPI-QESOVKLGSA-N	CHEBI:16869	oleandomycin	ANTIBACTERIAL	oleandomycin	74f6cc8362498900f2fe2c13d0b6fdb66dd30976
RZRIJLLGEUPKNZ-BIENJXGCSA-N	CHEBI:67932	2''-acetylpetiolaroside	ANTIPROTOZOAL	2-acetylpetiolaroside	74f6cc8362498900f2fe2c13d0b6fdb66dd30976
RZXCDENQJDMFQY-OLUUFXIRSA-N	antibioticmech:aro-e4e652725f	6'-N-ethylnetilmicin	ANTIBACTERIAL	6-n-ethylnetilmicin	74f6cc8362498900f2fe2c13d0b6fdb66dd30976
SAQNYTQFLPVTNJ-PPIFFTIDSA-N	antibioticmech:aro-59524d78a3	madumycin II	ANTIBACTERIAL	madumycin-ii	74f6cc8362498900f2fe2c13d0b6fdb66dd30976
SAVAPYNOQXYBJS-ARFHVFGLSA-N	CHEBI:81024	nocardicin G	ANTIMICROBIAL_UNSPECIFIED	nocardicin-g	74f6cc8362498900f2fe2c13d0b6fdb66dd30976
SAZHWKBRJJLWKC-YFSQLXLCSA-N	CHEBI:65513	brasilicardin A	ANTIMICROBIAL_UNSPECIFIED	brasilicardin-a	74f6cc8362498900f2fe2c13d0b6fdb66dd30976
SBRZIHLYZVNBSC-HVXQVQMZSA-N	CHEBI:78507	mastoparan-AF	ANTIBACTERIAL	mastoparan-af	74f6cc8362498900f2fe2c13d0b6fdb66dd30976
SBUJHOSQTJFQJX-NOAMYHISSA-N	CHEBI:17630	kanamycin A	ANTIBACTERIAL	kanamycin-a	74f6cc8362498900f2fe2c13d0b6fdb66dd30976
SBUKOHLFHYSZNG-HDICACEKSA-N	CHEBI:83298	cis-4-dodecyl-2,6-dimethylmorpholine	ANTIFUNGAL	cis-4-dodecyl-2-6-dimethylmorpholine	74f6cc8362498900f2fe2c13d0b6fdb66dd30976
SBUKOHLFHYSZNG-QZTJIDSGSA-N	CHEBI:83301	(2R,6R)-4-dodecyl-2,6-dimethylmorpholine	ANTIFUNGAL	2r-6r-4-dodecyl-2-6-dimethylmorpholine	74f6cc8362498900f2fe2c13d0b6fdb66dd30976
SBUKOHLFHYSZNG-ROUUACIJSA-N	CHEBI:83300	(2S,6S)-4-dodecyl-2,6-dimethylmorpholine	ANTIFUNGAL	2s-6s-4-dodecyl-2-6-dimethylmorpholine	74f6cc8362498900f2fe2c13d0b6fdb66dd30976
SBUKOHLFHYSZNG-UHFFFAOYSA-N	CHEBI:83297	4-dodecyl-2,6-dimethylmorpholine	ANTIFUNGAL	4-dodecyl-2-6-dimethylmorpholine	74f6cc8362498900f2fe2c13d0b6fdb66dd30976
SCEVFJUWLLRELN-UHFFFAOYSA-N	CHEBI:51804	imidocarb	ANTIPROTOZOAL	imidocarb	74f6cc8362498900f2fe2c13d0b6fdb66dd30976
SCKYRAXSEDYPSA-UHFFFAOYSA-N	CHEBI:453011	ciclopirox	ANTIBACTERIAL	ciclopirox	74f6cc8362498900f2fe2c13d0b6fdb66dd30976
SCOQIJBVVKZZHE-GVARAGBVSA-N	CHEBI:68283	microdiplodiasol	ANTIBACTERIAL	microdiplodiasol	74f6cc8362498900f2fe2c13d0b6fdb66dd30976
SCUIHYCLCWYXKC-UHFFFAOYSA-N	CHEBI:64518	cordyol C	ANTIMYCOBACTERIAL	cordyol-c	74f6cc8362498900f2fe2c13d0b6fdb66dd30976
SCVCWUHUBWSKHS-CRHDNEEASA-N	CHEBI:66281	TMC-89A	ANTIMICROBIAL_UNSPECIFIED	tmc-89a	74f6cc8362498900f2fe2c13d0b6fdb66dd30976
SCVCWUHUBWSKHS-VJUMYARRSA-N	CHEBI:66282	TMC-89B	ANTIMICROBIAL_UNSPECIFIED	tmc-89b	74f6cc8362498900f2fe2c13d0b6fdb66dd30976
SDAWCNCFVWQZDP-GOUGDUPLSA-N	CHEBI:65945	ganoderone A	ANTIVIRAL	ganoderone-a	74f6cc8362498900f2fe2c13d0b6fdb66dd30976
SDBGPLZSWIQIOV-VQPAQMSKSA-N	CHEBI:66740	PF 1163A	ANTIFUNGAL	pf-1163a	74f6cc8362498900f2fe2c13d0b6fdb66dd30976
SDHTXBWLVGWJFT-XKCURVIJSA-N	CHEBI:138236	oridonin	ANTIBACTERIAL	oridonin	74f6cc8362498900f2fe2c13d0b6fdb66dd30976
SDHWTVQPAMCPFR-WTZVVYLDSA-N	antibioticmech:aro-ae741f3893	tartrolon B	ANTIBACTERIAL	tartrolon-b	74f6cc8362498900f2fe2c13d0b6fdb66dd30976
SDLNCVBYFYLESJ-UHFFFAOYSA-N	CHEBI:177359	mansouramycin A	ANTIBACTERIAL	mansouramycin-a	74f6cc8362498900f2fe2c13d0b6fdb66dd30976
SDLYZOYQWKDWJG-UHFFFAOYSA-N	CHEBI:192798	sulfociprofloxacin	ANTIMICROBIAL_UNSPECIFIED	sulfociprofloxacin	74f6cc8362498900f2fe2c13d0b6fdb66dd30976
SDUQYLNIPVEERB-QPPQHZFASA-N	CHEBI:175901	gemcitabine	ANTIVIRAL	gemcitabine	74f6cc8362498900f2fe2c13d0b6fdb66dd30976
SDWIOXKHTFOULX-AFCXAGJDSA-N	CHEBI:45490	ribavirin 5'-monophosphate	ANTIVIRAL	ribavirin-5-monophosphate	74f6cc8362498900f2fe2c13d0b6fdb66dd30976
SEEIKOSFZLBRHO-JLHYYAGUSA-N	CHEBI:229760	flupyroxystrobin	ANTIFUNGAL	flupyroxystrobin	74f6cc8362498900f2fe2c13d0b6fdb66dd30976
SEEPANYCNGTZFQ-UHFFFAOYSA-N	CHEBI:9328	sulfadiazine	ANTIPROTOZOAL	sulfadiazine	74f6cc8362498900f2fe2c13d0b6fdb66dd30976
SEGGMMXRZJRNCN-UHFFFAOYSA-N	CHEBI:68725	mollicellin L	ANTIPROTOZOAL	mollicellin-l	74f6cc8362498900f2fe2c13d0b6fdb66dd30976
SEHDRAXGPBPQKE-AWEZNQCLSA-N	CHEBI:67364	pisonivanone	ANTIMYCOBACTERIAL	pisonivanone	74f6cc8362498900f2fe2c13d0b6fdb66dd30976
SEHVRKPXIDOTRX-CMUUVTEDSA-N	CHEBI:66515	sorocenol H	ANTIBACTERIAL	sorocenol-h	74f6cc8362498900f2fe2c13d0b6fdb66dd30976
SETVRSKZJJWOPA-FLDGXQSCSA-N	CHEBI:156219	ascochlorin	ANTIFUNGAL	ascochlorin	74f6cc8362498900f2fe2c13d0b6fdb66dd30976
SFAOBXUZYBPOKX-KBVPZPMPSA-N	antibioticmech:aro-cc357c3b89	cezomycin	ANTIBACTERIAL	cezomycin	74f6cc8362498900f2fe2c13d0b6fdb66dd30976
SFQIGPZCFNTPOD-KRWDZBQOSA-N	CHEBI:66483	sigmoidin B	ANTIBACTERIAL	sigmoidin-b	74f6cc8362498900f2fe2c13d0b6fdb66dd30976
SFWLDKQAUHFCBS-WWXQEMPQSA-N	CHEBI:77834	lancovutide	ANTIMICROBIAL_UNSPECIFIED	lancovutide	74f6cc8362498900f2fe2c13d0b6fdb66dd30976
SFWTYJIXVMNTBL-ODAXIHTASA-N	CHEBI:65384	alisiaquninone C	ANTIPROTOZOAL	alisiaquninone-c	74f6cc8362498900f2fe2c13d0b6fdb66dd30976
SFXYAAFUXNWNQF-BJMVGYQFSA-N	CHEBI:70080	4-hydroxycordoin	ANTIBACTERIAL	4-hydroxycordoin	74f6cc8362498900f2fe2c13d0b6fdb66dd30976
SGEOBHBCFXDBHD-UHFFFAOYSA-N	antibioticmech:aro-96ac9a7072	pyrrolomycin E	ANTIBACTERIAL	pyrrolomycin-e	74f6cc8362498900f2fe2c13d0b6fdb66dd30976
SGEWCQFRYRRZDC-VPRICQMDSA-N	antibioticmech:curator-c27816fecf	Vitexin	ANTIBACTERIAL	vitexin	74f6cc8362498900f2fe2c13d0b6fdb66dd30976
SGOIRFVFHAKUTI-ZCFIWIBFSA-M	CHEBI:134504	tenofovir(1−)	ANTIVIRAL	tenofovir-1	74f6cc8362498900f2fe2c13d0b6fdb66dd30976
SGOIRFVFHAKUTI-ZCFIWIBFSA-N	CHEBI:63625	tenofovir (anhydrous)	ANTIVIRAL	tenofovir-anhydrous	74f6cc8362498900f2fe2c13d0b6fdb66dd30976
SGPYLFWAQBAXCZ-RUDZPDEXSA-N	CHEBI:59063	polymyxin B2	ANTIBACTERIAL	polymyxin-b2	74f6cc8362498900f2fe2c13d0b6fdb66dd30976
SGRUZFCHLOFYHZ-MWLCHTKSSA-N	CHEBI:135238	azidamfenicol	ANTIBACTERIAL	azidamfenicol	74f6cc8362498900f2fe2c13d0b6fdb66dd30976
SGSMSXWFVXNLOG-UCNABHHISA-N	CHEBI:34995	teicoplanin A2-1	ANTIMICROBIAL_UNSPECIFIED	teicoplanin-a2-1	74f6cc8362498900f2fe2c13d0b6fdb66dd30976
SHPPXMGVUDNKLV-KMFFXDMSSA-N	CHEBI:31788	luteolin 7-O-neohesperidoside	ANTIBACTERIAL	luteolin-7-o-neohesperidoside	74f6cc8362498900f2fe2c13d0b6fdb66dd30976
SHSXEDBTKZLLOJ-JMAOHHPVSA-N	antibioticmech:aro-c1c0e2fcb2	moenomycin A1	ANTIBACTERIAL	moenomycin-a1	74f6cc8362498900f2fe2c13d0b6fdb66dd30976
SHUZZAXJEJPUGA-CCUNJIBTSA-N	CHEBI:51460	albaflavenone	ANTIMICROBIAL_UNSPECIFIED	albaflavenone	74f6cc8362498900f2fe2c13d0b6fdb66dd30976
SIQZJFKTROUNPI-UHFFFAOYSA-N	CHEBI:143246	1-(hydroxymethyl)-5,5-dimethylhydantoin	ANTIMICROBIAL_UNSPECIFIED	1-hydroxymethyl-5-5-dimethylhydantoin	74f6cc8362498900f2fe2c13d0b6fdb66dd30976
SIUXYUWNLUKHJD-FVQBIDKESA-N	CHEBI:68285	(−)-microdiplodiasolol	ANTIBACTERIAL	microdiplodiasolol	74f6cc8362498900f2fe2c13d0b6fdb66dd30976
SJBBGMVJNAOUOI-VLURGLOZSA-N	CHEBI:65498	bipinnatone A	ANTIPROTOZOAL	bipinnatone-a	74f6cc8362498900f2fe2c13d0b6fdb66dd30976
SJZIFWGVHGVKAH-AVZLBZSXSA-N	CHEBI:65544	norcaesalpinin D	ANTIPROTOZOAL	norcaesalpinin-d	74f6cc8362498900f2fe2c13d0b6fdb66dd30976
SKCKOFZKJLZSFA-KCDKBNATSA-N	CHEBI:42600	L-fucitol	ANTIBACTERIAL	l-fucitol	74f6cc8362498900f2fe2c13d0b6fdb66dd30976
SKHHYJVYSRMYHD-YDIXZRNLSA-N	CHEBI:66157	salzmannianoside A	ANTIFUNGAL	salzmannianoside-a	74f6cc8362498900f2fe2c13d0b6fdb66dd30976
SKIHYPQTROYIIT-VHXXJFIISA-N	CHEBI:65525	bromophycolide A	ANTIBACTERIAL	bromophycolide-a	74f6cc8362498900f2fe2c13d0b6fdb66dd30976
SKIVFJLNDNKQPD-UHFFFAOYSA-N	CHEBI:63845	sulfacetamide	ANTIBACTERIAL	sulfacetamide	74f6cc8362498900f2fe2c13d0b6fdb66dd30976
SKKLOUVUUNMCJE-FQSMHNGLSA-N	CHEBI:28098	kanamycin B	ANTIMICROBIAL_UNSPECIFIED	kanamycin-b	74f6cc8362498900f2fe2c13d0b6fdb66dd30976
SLAYUXIURFNXPG-CRAIPNDOSA-N	CHEBI:3495	ceforanide	ANTIBACTERIAL	ceforanide	74f6cc8362498900f2fe2c13d0b6fdb66dd30976
SLGRAIAQIAUZAQ-UHFFFAOYSA-N	CHEBI:80729	toxoflavin	ANTIBACTERIAL	toxoflavin	74f6cc8362498900f2fe2c13d0b6fdb66dd30976
SLIMCXCSQXYCGL-JENUQAQBSA-N	CHEBI:156511	poacic acid	ANTIFUNGAL	poacic-acid	74f6cc8362498900f2fe2c13d0b6fdb66dd30976
SLTGLTLBIVDQKE-BYPYZUCNSA-N	CHEBI:72341	O-(2-aminoethyl)-L-serine	ANTIMICROBIAL_UNSPECIFIED	o-2-aminoethyl-l-serine	74f6cc8362498900f2fe2c13d0b6fdb66dd30976
SMSRCGPDNDCXFR-CYWZMYCQSA-N	CHEBI:135856	cefbuperazone	ANTIBACTERIAL	cefbuperazone	74f6cc8362498900f2fe2c13d0b6fdb66dd30976
SMTCDPMWINUUKC-AVBBYWJWSA-N	CHEBI:140174	malacidin B	ANTIBACTERIAL	malacidin-b	74f6cc8362498900f2fe2c13d0b6fdb66dd30976
SNBUBQHDYVFSQF-HIFRSBDPSA-N	CHEBI:3489	cefmetazole	ANTIBACTERIAL	cefmetazole	74f6cc8362498900f2fe2c13d0b6fdb66dd30976
SNPOLGTUMADPOR-UHFFFAOYSA-N	CHEBI:66005	N2-methylharmine	ANTIVIRAL	n2-methylharmine	74f6cc8362498900f2fe2c13d0b6fdb66dd30976
SOLJFAQVSWXZEQ-CFGAKRJMSA-N	CHEBI:132650	burchellin	ANTIPROTOZOAL	burchellin	74f6cc8362498900f2fe2c13d0b6fdb66dd30976
SOLUWJRYJLAZCX-LYOVBCGYSA-N	CHEBI:172943	bictegravir	ANTIVIRAL	bictegravir	74f6cc8362498900f2fe2c13d0b6fdb66dd30976
SOROUYSPFADXSN-SUWVAFIASA-N	CHEBI:9391	talampicillin	ANTIMICROBIAL_UNSPECIFIED	talampicillin	74f6cc8362498900f2fe2c13d0b6fdb66dd30976
SORYERHBQFTRIK-AQJYKDKHSA-N	CHEBI:66585	lobohedleolide	ANTIVIRAL	lobohedleolide	74f6cc8362498900f2fe2c13d0b6fdb66dd30976
SORYERHBQFTRIK-JMQTVVQQSA-N	CHEBI:66586	(7Z)-lobohedleolide	ANTIVIRAL	7z-lobohedleolide	74f6cc8362498900f2fe2c13d0b6fdb66dd30976
SOSLMHZOJATCCP-AEIZVZFYSA-N	CHEBI:80790	afzelin	ANTIBACTERIAL	afzelin	74f6cc8362498900f2fe2c13d0b6fdb66dd30976
SPCXZDDGSGTVAW-XIDUGBJDSA-N	CHEBI:61699	(−)-α-gurjunene	ANTIBACTERIAL	α-gurjunene	74f6cc8362498900f2fe2c13d0b6fdb66dd30976
SPFYMRJSYKOXGV-UHFFFAOYSA-N	CHEBI:35720	enrofloxacin	ANTIBACTERIAL	enrofloxacin	74f6cc8362498900f2fe2c13d0b6fdb66dd30976
SPJQBGGHUDNAIC-UHFFFAOYSA-N	CHEBI:132299	methyl 2,5-dichlorobenzoate	ANTIFUNGAL	methyl-2-5-dichlorobenzoate	74f6cc8362498900f2fe2c13d0b6fdb66dd30976
SPWBEELZNSXNME-CMDGGOBGSA-N	CHEBI:66265	2,2',4'-trihydroxy-6'-methoxy-3',5'-dimethylchalcone	ANTIPROTOZOAL	2-2-4-trihydroxy-6-methoxy-3-5-dimethylchalcone	74f6cc8362498900f2fe2c13d0b6fdb66dd30976
SQAVVPNPTLMTMX-UHFFFAOYSA-N	antibioticmech:aro-f3aad264a4	fasamycin J	ANTIBACTERIAL	fasamycin-j	74f6cc8362498900f2fe2c13d0b6fdb66dd30976
SQVRNKJHWKZAKO-LUWBGTNYSA-N	CHEBI:17012	N-acetylneuraminic acid	ANTIVIRAL	n-acetylneuraminic-acid	74f6cc8362498900f2fe2c13d0b6fdb66dd30976
SQVRNKJHWKZAKO-PFQGKNLYSA-N	CHEBI:45744	N-acetyl-β-neuraminic acid	ANTIVIRAL	n-acetyl-β-neuraminic-acid	74f6cc8362498900f2fe2c13d0b6fdb66dd30976
SQVRNKJHWKZAKO-YRMXFSIDSA-N	CHEBI:49026	N-acetyl-α-neuraminic acid	ANTIVIRAL	n-acetyl-α-neuraminic-acid	74f6cc8362498900f2fe2c13d0b6fdb66dd30976
SQZYUOYBTIOEEA-UHFFFAOYSA-N	CHEBI:65717	cytonic acid A	ANTIVIRAL	cytonic-acid-a	74f6cc8362498900f2fe2c13d0b6fdb66dd30976
SRJQTHAZUNRMPR-UYQKXTDMSA-N	CHEBI:9230	spinosyn A	ANTIMICROBIAL_UNSPECIFIED	spinosyn-a	74f6cc8362498900f2fe2c13d0b6fdb66dd30976
SRQKTCXJCCHINN-NYYWCZLTSA-N	CHEBI:135180	nifuratel	ANTIBACTERIAL	nifuratel	74f6cc8362498900f2fe2c13d0b6fdb66dd30976
SRVFFFJZQVENJC-IHRRRGAJSA-N	CHEBI:101381	aloxistatin	ANTIVIRAL	aloxistatin	74f6cc8362498900f2fe2c13d0b6fdb66dd30976
SRVJKTDHMYAMHA-UHFFFAOYSA-N	CHEBI:134958	thioacetazone	ANTIBACTERIAL	thioacetazone	74f6cc8362498900f2fe2c13d0b6fdb66dd30976
SRZNHPXWXCNNDU-IXOPCIAXSA-N	CHEBI:3499	cefotetan	ANTIBACTERIAL	cefotetan	74f6cc8362498900f2fe2c13d0b6fdb66dd30976
SSHVAUUEPNULMP-JHWDTTIQSA-N	CHEBI:73481	asukamycin	ANTIBACTERIAL	asukamycin	74f6cc8362498900f2fe2c13d0b6fdb66dd30976
SSNQAUBBJYCSMY-KNTMUCJRSA-N	CHEBI:83275	hypothemycin	ANTIFUNGAL	hypothemycin	74f6cc8362498900f2fe2c13d0b6fdb66dd30976
SSNZFFBDIMUILS-ZHACJKMWSA-N	CHEBI:133741	(E)-dodec-2-enal	ANTIBACTERIAL	e-dodec-2-enal	74f6cc8362498900f2fe2c13d0b6fdb66dd30976
SSOLNOMRVKKSON-UHFFFAOYSA-N	CHEBI:8455	proguanil	ANTIPROTOZOAL	proguanil	74f6cc8362498900f2fe2c13d0b6fdb66dd30976
SSULTCPIIYRGFQ-UHFFFAOYSA-N	CHEBI:32248	tosufloxacin tosylate hydrate	ANTIMICROBIAL_UNSPECIFIED	tosufloxacin-tosylate-hydrate	74f6cc8362498900f2fe2c13d0b6fdb66dd30976
SSWTVBYDDFPFAF-DKOGRLLHSA-N	CHEBI:34618	ceftibuten dihydrate	ANTIBACTERIAL	ceftibuten-dihydrate	74f6cc8362498900f2fe2c13d0b6fdb66dd30976
STJLVHWMYQXCPB-UHFFFAOYSA-N	CHEBI:8489	propiconazole	ANTIFUNGAL	propiconazole	74f6cc8362498900f2fe2c13d0b6fdb66dd30976
STMIIPIFODONDC-UHFFFAOYSA-N	CHEBI:83711	hexaconazole	ANTIFUNGAL	hexaconazole	74f6cc8362498900f2fe2c13d0b6fdb66dd30976
STQGQHZAVUOBTE-VGBVRHCVSA-N	CHEBI:41977	daunorubicin	ANTIMICROBIAL_UNSPECIFIED	daunorubicin	74f6cc8362498900f2fe2c13d0b6fdb66dd30976
STSOHAOGZMLWFR-UHFFFAOYSA-N	CHEBI:141335	4-hydroxymellein	ANTIFUNGAL	4-hydroxymellein	74f6cc8362498900f2fe2c13d0b6fdb66dd30976
STUFASHYXFEKNQ-CEKXONASSA-N	antibioticmech:aro-2e5f698558	phenelfamycin A	ANTIBACTERIAL	phenelfamycin-a	74f6cc8362498900f2fe2c13d0b6fdb66dd30976
STUMFFBVBKIJSG-UHFFFAOYSA-N	CHEBI:133829	tensyuic acid C	ANTIBACTERIAL	tensyuic-acid-c	74f6cc8362498900f2fe2c13d0b6fdb66dd30976
STZYTFJPGGDRJD-FJJJPKKESA-N	antibioticmech:aro-556deb5a30	retapamulin	ANTIBACTERIAL	retapamulin	74f6cc8362498900f2fe2c13d0b6fdb66dd30976
SUJUHGSWHZTSEU-FYBSXPHGSA-N	CHEBI:63628	tipranavir	ANTIVIRAL	tipranavir	74f6cc8362498900f2fe2c13d0b6fdb66dd30976
SUKJFIGYRHOWBL-UHFFFAOYSA-N	CHEBI:32146	sodium hypochlorite	BIOCIDE	sodium-hypochlorite	74f6cc8362498900f2fe2c13d0b6fdb66dd30976
SULYVXZZUMRQAX-NSHDSACASA-N	antibioticmech:aro-ca0e85f42a	contezolid	ANTIBACTERIAL	contezolid	74f6cc8362498900f2fe2c13d0b6fdb66dd30976
SUMCRDMQIVHXRY-XRAYCMFKSA-N	antibioticmech:aro-45efa31311	kirrothricin	ANTIBACTERIAL	kirrothricin	74f6cc8362498900f2fe2c13d0b6fdb66dd30976
SUNUQCQIFHHEOW-UHFFFAOYSA-N	CHEBI:70005	combretol	ANTIPROTOZOAL	combretol	74f6cc8362498900f2fe2c13d0b6fdb66dd30976
SUPKOOSCJHTBAH-UHFFFAOYSA-N	CHEBI:2469	adefovir	ANTIVIRAL	adefovir	74f6cc8362498900f2fe2c13d0b6fdb66dd30976
SUWQGLGDFGHZNH-WBWZXODPSA-N	CHEBI:85616	viridicatumtoxin	ANTIMICROBIAL_UNSPECIFIED	viridicatumtoxin	74f6cc8362498900f2fe2c13d0b6fdb66dd30976
SUWYPNNPLSRNPS-UNTSEYQFSA-N	CHEBI:32023	plaunotol	ANTIBACTERIAL	plaunotol	74f6cc8362498900f2fe2c13d0b6fdb66dd30976
SUYRLXYYZQTJHF-VMBLUXKRSA-N	CHEBI:4309	dalfopristin	ANTIBACTERIAL	dalfopristin	74f6cc8362498900f2fe2c13d0b6fdb66dd30976
SVDSPJJUJMMDFX-CXCXETQFSA-N	CHEBI:155927	arterolane maleate	ANTIPROTOZOAL	arterolane-maleate	74f6cc8362498900f2fe2c13d0b6fdb66dd30976
SVUJNSGGPUCLQZ-FQQAACOVSA-N	CHEBI:90923	tenofovir alafenamide fumarate	ANTIVIRAL	tenofovir-alafenamide-fumarate	74f6cc8362498900f2fe2c13d0b6fdb66dd30976
SWLMUYACZKCSHZ-INIZCTEOSA-N	CHEBI:59288	(S)-butoconazole	ANTIFUNGAL	s-butoconazole	74f6cc8362498900f2fe2c13d0b6fdb66dd30976
SWLMUYACZKCSHZ-MRXNPFEDSA-N	CHEBI:59287	(R)-butaconazole	ANTIFUNGAL	r-butaconazole	74f6cc8362498900f2fe2c13d0b6fdb66dd30976
SWLMUYACZKCSHZ-UHFFFAOYSA-N	CHEBI:3240	butoconazole	ANTIFUNGAL	butoconazole	74f6cc8362498900f2fe2c13d0b6fdb66dd30976
SWUARLUWKZWEBQ-VQHVLOKHSA-N	CHEBI:8062	phenethyl caffeate	ANTIBACTERIAL	phenethyl-caffeate	74f6cc8362498900f2fe2c13d0b6fdb66dd30976
SXRSQZLOMIGNAQ-UHFFFAOYSA-N	CHEBI:64276	glutaraldehyde	BIOCIDE	glutaraldehyde	74f6cc8362498900f2fe2c13d0b6fdb66dd30976
SXSGXWCSHSVPGB-UHFFFAOYSA-N	CHEBI:83113	fluxapyroxad	ANTIFUNGAL	fluxapyroxad	74f6cc8362498900f2fe2c13d0b6fdb66dd30976
SXVHYPUSAGNSMU-HXZOEFROSA-N	antibioticmech:aro-12bdf3352c	halolitoralin A	ANTIBACTERIAL	halolitoralin-a	74f6cc8362498900f2fe2c13d0b6fdb66dd30976
SXXXXTQMWPXIES-VJNSTPMQSA-N	CHEBI:85614	neopikromycin	ANTIMICROBIAL_UNSPECIFIED	neopikromycin	74f6cc8362498900f2fe2c13d0b6fdb66dd30976
SXYIRMFQILZOAM-HVNFFKDJSA-N	CHEBI:195280	artemether	ANTIPROTOZOAL	artemether	74f6cc8362498900f2fe2c13d0b6fdb66dd30976
SYJXFKPQNSDJLI-HKEUSBCWSA-N	CHEBI:7489	neamine	ANTIBACTERIAL	neamine	74f6cc8362498900f2fe2c13d0b6fdb66dd30976
SYLKGLMBLAAGSC-QLVMHMETSA-N	CHEBI:3507	cefsulodin	ANTIBACTERIAL	cefsulodin	74f6cc8362498900f2fe2c13d0b6fdb66dd30976
SZXDNGVQRDTJSD-VBKFSLOCSA-N	CHEBI:82758	prodigiosin	ANTIMICROBIAL_UNSPECIFIED	prodigiosin	74f6cc8362498900f2fe2c13d0b6fdb66dd30976
TTZHDVOVKQGIBA-IQWMDFIBSA-N	CHEBI:85083	sofosbuvir	ANTIVIRAL	sofosbuvir	74f6cc8362498900f2fe2c13d0b6fdb66dd30976
TUXFWOHFPFBNEJ-GJGHEGAFSA-N	CHEBI:28130	13,14-dihydro-Δ12-prostaglandin J2	ANTIVIRAL	13-14-dihydro-δ12-prostaglandin-j2	74f6cc8362498900f2fe2c13d0b6fdb66dd30976
TVDSBUOJIPERQY-UHFFFAOYSA-N	CHEBI:28905	prop-2-yn-1-ol	ANTIFUNGAL	prop-2-yn-1-ol	74f6cc8362498900f2fe2c13d0b6fdb66dd30976
TVKPTWJPKVSGJB-XHCIOXAKSA-N	CHEBI:38344	hellebrigenin	ANTIPROTOZOAL	hellebrigenin	74f6cc8362498900f2fe2c13d0b6fdb66dd30976
TVLSRXXIMLFWEO-UHFFFAOYSA-N	CHEBI:8434	prochloraz	ANTIFUNGAL	prochloraz	74f6cc8362498900f2fe2c13d0b6fdb66dd30976
TVYNBNZEEHEPOX-XHDOVSQSSA-N	antibioticmech:aro-274dd73c04	formicamycin J	ANTIBACTERIAL	formicamycin-j	74f6cc8362498900f2fe2c13d0b6fdb66dd30976
TVZWTTNULXZYTK-UHFFFAOYSA-N	antibioticmech:aro-0a1c492c45	microcin J25	ANTIBACTERIAL	microcin-j25	74f6cc8362498900f2fe2c13d0b6fdb66dd30976
TWFZGCMQGLPBSX-UHFFFAOYSA-N	CHEBI:3392	carbendazim	ANTIFUNGAL	carbendazim	74f6cc8362498900f2fe2c13d0b6fdb66dd30976
TWHBYJSVDCWICV-BHZTXFQCSA-N	CHEBI:64651	enniatin A	ANTIMICROBIAL_UNSPECIFIED	enniatin-a	74f6cc8362498900f2fe2c13d0b6fdb66dd30976
TWIVXCFEBRGEKY-UHFFFAOYSA-N	CHEBI:149680	N-(4-{[(1H-benzotriazol-1-yl)acetyl][(thiophen-3-yl)methyl]amino}phenyl)propanamide	ANTIVIRAL	n-4-1h-benzotriazol-1-yl-acetyl-thiophen-3-yl-methyl-amino-phenyl-prop	74f6cc8362498900f2fe2c13d0b6fdb66dd30976
TWWQHCKLTXDWBD-MVTGTTCWSA-N	CHEBI:29623	manumycin A	ANTIMICROBIAL_UNSPECIFIED	manumycin-a	74f6cc8362498900f2fe2c13d0b6fdb66dd30976
TYAJEEFQBLTASC-NNIFVFKYSA-N	CHEBI:66544	lancilactone C	ANTIVIRAL	lancilactone-c	74f6cc8362498900f2fe2c13d0b6fdb66dd30976
TYBHXIFFPVFXQW-UHFFFAOYSA-N	CHEBI:76005	abafungin	ANTIFUNGAL	abafungin	74f6cc8362498900f2fe2c13d0b6fdb66dd30976
TYCWBBBQIATAJE-GEZPOGBYSA-M	CHEBI:142061	trichosetin(1−)	ANTIBACTERIAL	trichosetin-1	74f6cc8362498900f2fe2c13d0b6fdb66dd30976
TYCWBBBQIATAJE-GEZPOGBYSA-N	CHEBI:142133	trichosetin	ANTIBACTERIAL	trichosetin	74f6cc8362498900f2fe2c13d0b6fdb66dd30976
TYJJADVDDVDEDZ-UHFFFAOYSA-M	CHEBI:81862	potassium hydrogencarbonate	ANTIFUNGAL	potassium-hydrogencarbonate	74f6cc8362498900f2fe2c13d0b6fdb66dd30976
TYMABNNERDVXID-DLYFRVTGSA-N	CHEBI:7911	panipenem	ANTIBACTERIAL	panipenem	74f6cc8362498900f2fe2c13d0b6fdb66dd30976
TYMRLRRVMHJFTF-UHFFFAOYSA-N	CHEBI:6633	mafenide	ANTIBACTERIAL	mafenide	74f6cc8362498900f2fe2c13d0b6fdb66dd30976
TYPMTMPLTVSOBU-XJHWFDBESA-N	CHEBI:10015	vobasine	ANTIVIRAL	vobasine	74f6cc8362498900f2fe2c13d0b6fdb66dd30976
TYQXKHPOXXXCTP-CSLYCKPJSA-N	CHEBI:48913	erythromycin A 2'-propanoate	ANTIMICROBIAL_UNSPECIFIED	erythromycin-a-2-propanoate	74f6cc8362498900f2fe2c13d0b6fdb66dd30976
TYZROVQLWOKYKF-ZDUSSCGKSA-N	CHEBI:63607	linezolid	ANTIBACTERIAL	linezolid	74f6cc8362498900f2fe2c13d0b6fdb66dd30976
TZBZGNPXKXHFKI-VZUCSPMQSA-N	CHEBI:65473	BE-23372M	ANTIMICROBIAL_UNSPECIFIED	be-23372m	74f6cc8362498900f2fe2c13d0b6fdb66dd30976
TZEQDSMFACWASC-MDZDMXLPSA-N	CHEBI:70658	2',4'-dihydroxy-6'-methoxy-3',5'-dimethylchalcone	ANTIVIRAL	2-4-dihydroxy-6-methoxy-3-5-dimethylchalcone	74f6cc8362498900f2fe2c13d0b6fdb66dd30976
UAUIUKWPKRJZJV-MDJGTQRPSA-N	CHEBI:85188	paritaprevir	ANTIVIRAL	paritaprevir	74f6cc8362498900f2fe2c13d0b6fdb66dd30976
UAZIZEMIKKIBCA-TYVGYKFWSA-N	CHEBI:277842	amphotericin B methyl ester	ANTIFUNGAL	amphotericin-b-methyl-ester	74f6cc8362498900f2fe2c13d0b6fdb66dd30976
UBAXRAHSPKWNCX-UHFFFAOYSA-N	CHEBI:78492	diallyl trisulfide	ANTIPROTOZOAL	diallyl-trisulfide	74f6cc8362498900f2fe2c13d0b6fdb66dd30976
UBGPMJPFKHUCCA-UHFFFAOYSA-N	CHEBI:32204	tetracenomycin E	ANTIMICROBIAL_UNSPECIFIED	tetracenomycin-e	74f6cc8362498900f2fe2c13d0b6fdb66dd30976
UBMDAKWARMURDL-FNORWQNLSA-N	CHEBI:75544	feruloylagmatine	ANTIFUNGAL	feruloylagmatine	74f6cc8362498900f2fe2c13d0b6fdb66dd30976
UBWMSSICUOCSHT-BJHCZKLTSA-N	CHEBI:66022	hookerianamide J	ANTIBACTERIAL	hookerianamide-j	74f6cc8362498900f2fe2c13d0b6fdb66dd30976
UCHYSPNEUSDFQR-UHFFFAOYSA-N	CHEBI:66263	5,7,4'-trihydroxy-6,8-diprenylisoflavone	ANTIBACTERIAL	5-7-4-trihydroxy-6-8-diprenylisoflavone	74f6cc8362498900f2fe2c13d0b6fdb66dd30976
UCRHFBCYFMIWHC-UHFFFAOYSA-N	CHEBI:91231	piperaquine	ANTIPROTOZOAL	piperaquine	74f6cc8362498900f2fe2c13d0b6fdb66dd30976
UCRMFRXIRGKEPT-NGVCODNXSA-N	CHEBI:67484	methyl lansiolate	ANTIBACTERIAL	methyl-lansiolate	74f6cc8362498900f2fe2c13d0b6fdb66dd30976
UCSJYZPVAKXKNQ-HZYVHMACSA-N	CHEBI:17076	streptomycin	ANTIBACTERIAL	streptomycin	74f6cc8362498900f2fe2c13d0b6fdb66dd30976
UCUWZJWAQQRCOR-AIMGAIMTSA-N	CHEBI:65887	eurycomanone	ANTIPROTOZOAL	eurycomanone	74f6cc8362498900f2fe2c13d0b6fdb66dd30976
UCWHHFGTUDDROG-DNKDVBPTSA-N	CHEBI:66415	muqubilone	ANTIVIRAL	muqubilone	74f6cc8362498900f2fe2c13d0b6fdb66dd30976
UDCFQVYVEMPFKM-CTPBMWBYSA-N	CHEBI:133036	yanuthone M	ANTIFUNGAL	yanuthone-m	74f6cc8362498900f2fe2c13d0b6fdb66dd30976
UDEWPOVQBGFNGE-UHFFFAOYSA-N	CHEBI:156072	propyl benzoate	BIOCIDE	propyl-benzoate	74f6cc8362498900f2fe2c13d0b6fdb66dd30976
UDIIBEDMEYAVNG-ZKFPOVNWSA-N	antibioticmech:aro-3116ad4253	isepamicin	ANTIBACTERIAL	isepamicin	74f6cc8362498900f2fe2c13d0b6fdb66dd30976
UDTRUOCOOZKCCT-QVVVRIHHSA-N	CHEBI:65556	callipeltin A	ANTIFUNGAL	callipeltin-a	74f6cc8362498900f2fe2c13d0b6fdb66dd30976
UDVVGDCMWCVRCO-CUFFYTIGSA-N	antibioticmech:aro-0ae735fe08	phenelfamycin E	ANTIBACTERIAL	phenelfamycin-e	74f6cc8362498900f2fe2c13d0b6fdb66dd30976
UDWSABBWZXKLLQ-UHFFFAOYSA-N	CHEBI:69704	1-(2-hydroxy-4-methoxyphenyl)-3-(4-hydroxy-3-methoxyphenyl)propane	ANTIMYCOBACTERIAL	1-2-hydroxy-4-methoxyphenyl-3-4-hydroxy-3-methoxyphenyl-propane	74f6cc8362498900f2fe2c13d0b6fdb66dd30976
UEIVQYHYALXCBD-OTUJEKPESA-N	CHEBI:29656	neomethymycin	ANTIMICROBIAL_UNSPECIFIED	neomethymycin	74f6cc8362498900f2fe2c13d0b6fdb66dd30976
UEJSSZHHYBHCEL-UHFFFAOYSA-N	CHEBI:9142	silver(1+) sulfadiazinate	ANTIBACTERIAL	silver-1-sulfadiazinate	74f6cc8362498900f2fe2c13d0b6fdb66dd30976
UELITFHSCLAHKR-UHFFFAOYSA-N	CHEBI:73178	acibenzolar-S-methyl	ANTIFUNGAL	acibenzolar-s-methyl	74f6cc8362498900f2fe2c13d0b6fdb66dd30976
UEMLYRZWLVXWRU-UHFFFAOYSA-N	CHEBI:131723	sulfathiourea	ANTIBACTERIAL	sulfathiourea	74f6cc8362498900f2fe2c13d0b6fdb66dd30976
UEZOFWAZJUOMCN-HKDNVZQMSA-N	CHEBI:66597	lupulin A	ANTIBACTERIAL	lupulin-a	74f6cc8362498900f2fe2c13d0b6fdb66dd30976
UFEODZBUAFNAEU-NLRVBDNBSA-N	CHEBI:83253	fluoxastrobin	ANTIFUNGAL	fluoxastrobin	74f6cc8362498900f2fe2c13d0b6fdb66dd30976
UFHLMYOGRXOCSL-UHFFFAOYSA-N	CHEBI:6047	isoprothiolane	ANTIFUNGAL	isoprothiolane	74f6cc8362498900f2fe2c13d0b6fdb66dd30976
UFKNDVKQCSBIQE-OCANJJRCSA-N	CHEBI:229724	herquline A	ANTIVIRAL	herquline-a	74f6cc8362498900f2fe2c13d0b6fdb66dd30976
UFNOUKDBUJZYDE-UHFFFAOYSA-N	CHEBI:83748	cyproconazole	ANTIFUNGAL	cyproconazole	74f6cc8362498900f2fe2c13d0b6fdb66dd30976
UFUYRGNJTFAODM-HQCAVAADSA-N	CHEBI:17371	macrocin	ANTIMICROBIAL_UNSPECIFIED	macrocin	74f6cc8362498900f2fe2c13d0b6fdb66dd30976
UGEKKXLEYACFTD-LJQANCHMSA-N	CHEBI:32211	tetrangomycin	ANTIMICROBIAL_UNSPECIFIED	tetrangomycin	74f6cc8362498900f2fe2c13d0b6fdb66dd30976
UGGAHNIITODSKB-ONERCXAPSA-N	CHEBI:66555	laurinterol	ANTIBACTERIAL	laurinterol	74f6cc8362498900f2fe2c13d0b6fdb66dd30976
UGHHNQFYEVOFIV-VRDMTWHKSA-N	CHEBI:70715	ceftaroline fosamil acetate	ANTIBACTERIAL	ceftaroline-fosamil-acetate	74f6cc8362498900f2fe2c13d0b6fdb66dd30976
UGTJLJZQQFGTJD-UHFFFAOYSA-N	CHEBI:3259	CCCP	ANTIBACTERIAL	cccp	74f6cc8362498900f2fe2c13d0b6fdb66dd30976
UGTYTOKVOXBJBZ-LINPMSLLSA-N	CHEBI:85196	peramivir hydrate	ANTIVIRAL	peramivir-hydrate	74f6cc8362498900f2fe2c13d0b6fdb66dd30976
UGWJRRXTMKRYNK-VSLILLSYSA-M	CHEBI:76007	dolutegravir sodium	ANTIVIRAL	dolutegravir-sodium	74f6cc8362498900f2fe2c13d0b6fdb66dd30976
UGZYFXMSMFMTSM-UHFFFAOYSA-N	CHEBI:156452	aureothricin	ANTIBACTERIAL	aureothricin	74f6cc8362498900f2fe2c13d0b6fdb66dd30976
UHDGCWIWMRVCDJ-CCXZUQQUSA-N	CHEBI:28680	cytarabine	ANTIVIRAL	cytarabine	74f6cc8362498900f2fe2c13d0b6fdb66dd30976
UHRBTBZOWWGKMK-DOMZBBRYSA-N	CHEBI:135813	flomoxef	ANTIBACTERIAL	flomoxef	74f6cc8362498900f2fe2c13d0b6fdb66dd30976
UHYFCDBUKBJSFA-JYFLSIMMSA-N	CHEBI:31056	13-deoxycarminomycin	ANTIMICROBIAL_UNSPECIFIED	13-deoxycarminomycin	74f6cc8362498900f2fe2c13d0b6fdb66dd30976
UHZARYILKCVWLR-MNOVXSKESA-N	CHEBI:149437	6-de(cyclopropylamino)-6-(isobutylamino)abacavir	ANTIVIRAL	6-de-cyclopropylamino-6-isobutylamino-abacavir	74f6cc8362498900f2fe2c13d0b6fdb66dd30976
UIDWQGRXEVDFCA-XCVCLJGOSA-N	CHEBI:88255	nifurtoinol	ANTIBACTERIAL	nifurtoinol	74f6cc8362498900f2fe2c13d0b6fdb66dd30976
UIFFUZWRFRDZJC-SBOOETFBSA-N	CHEBI:2762	antimycin A	ANTIFUNGAL	antimycin-a	74f6cc8362498900f2fe2c13d0b6fdb66dd30976
UIFXCAYUHZVWHR-SFHVURJKSA-N	CHEBI:66400	monotesone A	ANTIFUNGAL	monotesone-a	74f6cc8362498900f2fe2c13d0b6fdb66dd30976
UIMOJFJSJSIGLV-JNHMLNOCSA-N	CHEBI:55486	carumonam	ANTIBACTERIAL	carumonam	74f6cc8362498900f2fe2c13d0b6fdb66dd30976
UIOFUWFRIANQPC-JKIFEVAISA-N	CHEBI:5098	flucloxacillin	ANTIBACTERIAL	flucloxacillin	74f6cc8362498900f2fe2c13d0b6fdb66dd30976
UIXJDFDDMXCJCT-DVRXSGNOSA-N	CHEBI:66081	integric acid	ANTIVIRAL	integric-acid	74f6cc8362498900f2fe2c13d0b6fdb66dd30976
UJHBVMHOBZBWMX-UHFFFAOYSA-N	CHEBI:173086	ferrostatin-1	ANTIFUNGAL	ferrostatin-1	74f6cc8362498900f2fe2c13d0b6fdb66dd30976
UJKRUPHWCPAJIL-CPLCKGKLSA-N	CHEBI:67811	zorbamycin	ANTIMICROBIAL_UNSPECIFIED	zorbamycin	74f6cc8362498900f2fe2c13d0b6fdb66dd30976
UJLFRJFJTPPIOK-JPWNLYTBSA-N	CHEBI:72622	papulacandin C	ANTIFUNGAL	papulacandin-c	74f6cc8362498900f2fe2c13d0b6fdb66dd30976
UJLFRJFJTPPIOK-RZGJRGQUSA-N	CHEBI:569624	papulacandin B	ANTIFUNGAL	papulacandin-b	74f6cc8362498900f2fe2c13d0b6fdb66dd30976
UKHVLWKBNNSRRR-UHFFFAOYSA-M	CHEBI:59607	quaternium-15	ANTIBACTERIAL	quaternium-15	74f6cc8362498900f2fe2c13d0b6fdb66dd30976
UKRMDFPJXIVYCZ-BXUZGUMPSA-N	CHEBI:15838	(7R)-7-(5-carboxy-5-oxopentanamido)cephalosporanic acid	ANTIMICROBIAL_UNSPECIFIED	7r-7-5-carboxy-5-oxopentanamido-cephalosporanic-acid	74f6cc8362498900f2fe2c13d0b6fdb66dd30976
ULAZFRGMLIIKAD-MNRUEBDGSA-N	CHEBI:66828	orbiculin G	ANTIMYCOBACTERIAL	orbiculin-g	74f6cc8362498900f2fe2c13d0b6fdb66dd30976
ULDHMXUKGWMISQ-SECBINFHSA-N	CHEBI:15400	(−)-carvone	ANTIFUNGAL	carvone-15400	74f6cc8362498900f2fe2c13d0b6fdb66dd30976
ULDHMXUKGWMISQ-UHFFFAOYSA-N	CHEBI:38265	carvone	ANTIFUNGAL	carvone-38265	74f6cc8362498900f2fe2c13d0b6fdb66dd30976
ULDHMXUKGWMISQ-VIFPVBQESA-N	CHEBI:15399	(+)-carvone	ANTIFUNGAL	carvone	74f6cc8362498900f2fe2c13d0b6fdb66dd30976
ULGZDMOVFRHVEP-RFAHSBMDSA-N	CHEBI:145339	erythromycin-[N-methyl-14C]	ANTIMICROBIAL_UNSPECIFIED	erythromycin-n-methyl-14c	74f6cc8362498900f2fe2c13d0b6fdb66dd30976
ULGZDMOVFRHVEP-RWJQBGPGSA-N	CHEBI:42355	erythromycin A	ANTIBACTERIAL	erythromycin-a	74f6cc8362498900f2fe2c13d0b6fdb66dd30976
ULHJWHCSSAEMLW-UEVCKROQSA-N	CHEBI:9470	tetracenomycin C	ANTIBACTERIAL	tetracenomycin-c	74f6cc8362498900f2fe2c13d0b6fdb66dd30976
ULUIYCOUZXIMPX-XXMQOAAMSA-N	CHEBI:133034	yanuthone L	ANTIFUNGAL	yanuthone-l	74f6cc8362498900f2fe2c13d0b6fdb66dd30976
ULXKXLZEOGLCRJ-BYPYZUCNSA-N	CHEBI:156209	S-ethyl-L-cysteine	ANTIMYCOBACTERIAL	s-ethyl-l-cysteine	74f6cc8362498900f2fe2c13d0b6fdb66dd30976
UMNFJRNUJIBDSK-NMVZEWDOSA-N	CHEBI:84073	aminocandin	ANTIFUNGAL	aminocandin	74f6cc8362498900f2fe2c13d0b6fdb66dd30976
UMYJVVZWBKIXQQ-QALSDZMNSA-N	CHEBI:30815	moronic acid	ANTIVIRAL	moronic-acid	74f6cc8362498900f2fe2c13d0b6fdb66dd30976
UNCGSIXTLZAFKK-RXRZWAIISA-N	CHEBI:67929	2''-acetylpaeonoside	ANTIPROTOZOAL	2-acetylpaeonoside	74f6cc8362498900f2fe2c13d0b6fdb66dd30976
UNFWWIHTNXNPBV-WXKVUWSESA-N	CHEBI:9215	spectinomycin	ANTIBACTERIAL	spectinomycin	74f6cc8362498900f2fe2c13d0b6fdb66dd30976
UNJFKXSSGBWRBZ-BJCIPQKHSA-N	CHEBI:3510	ceftibuten	ANTIBACTERIAL	ceftibuten	74f6cc8362498900f2fe2c13d0b6fdb66dd30976
UNVIKJZRLTXMOH-DHIUTWEWSA-N	CHEBI:65630	ciliatamide A	ANTIPROTOZOAL	ciliatamide-a	74f6cc8362498900f2fe2c13d0b6fdb66dd30976
UOCJDOLVGGIYIQ-PBFPGSCMSA-N	CHEBI:131730	cefatrizine	ANTIBACTERIAL	cefatrizine	74f6cc8362498900f2fe2c13d0b6fdb66dd30976
UOFYXWHFYPFLPH-HZAQMHFWSA-N	antibioticmech:aro-d4b630f1d7	formicamycin F	ANTIBACTERIAL	formicamycin-f	74f6cc8362498900f2fe2c13d0b6fdb66dd30976
UOPRBHLVKJBASE-XVSBCJMYSA-N	CHEBI:65900	fleephilone	ANTIVIRAL	fleephilone	74f6cc8362498900f2fe2c13d0b6fdb66dd30976
UOWGLBYIKHMCIS-HNNXBMFYSA-N	CHEBI:65443	AS-186a	ANTIMICROBIAL_UNSPECIFIED	as-186a	74f6cc8362498900f2fe2c13d0b6fdb66dd30976
UOWZUVNAGUAEQC-UHFFFAOYSA-N	CHEBI:40021	tiratricol	ANTIVIRAL	tiratricol	74f6cc8362498900f2fe2c13d0b6fdb66dd30976
UOZODPSAJZTQNH-LSWIJEOBSA-N	CHEBI:7934	paromomycin	ANTIBACTERIAL	paromomycin	74f6cc8362498900f2fe2c13d0b6fdb66dd30976
UPADRKHAIMTUCC-OWALTSPQSA-N	antibioticmech:aro-985189abb0	evernimicin	ANTIBACTERIAL	evernimicin	74f6cc8362498900f2fe2c13d0b6fdb66dd30976
UPPJKCYSMDGLRE-DNBVWFFRSA-N	CHEBI:73078	3''-deamino-3''-hydroxykanamycin C	ANTIMICROBIAL_UNSPECIFIED	3-deamino-3-hydroxykanamycin-c	74f6cc8362498900f2fe2c13d0b6fdb66dd30976
UQFNCSLGZUJVQP-IDWZVPEXSA-N	CHEBI:51033	myxopyronin A	ANTIMICROBIAL_UNSPECIFIED	myxopyronin-a	74f6cc8362498900f2fe2c13d0b6fdb66dd30976
UQJQVUOTMVCFHX-UHFFFAOYSA-L	CHEBI:81934	nabam	ANTIFUNGAL	nabam	74f6cc8362498900f2fe2c13d0b6fdb66dd30976
UQLLWWBDSUHNEB-CZUORRHYSA-N	CHEBI:554446	cephapirin	ANTIBACTERIAL	cephapirin	74f6cc8362498900f2fe2c13d0b6fdb66dd30976
UQRORFVVSGFNRO-UTINFBMNSA-N	CHEBI:50381	miglustat	ANTIVIRAL	miglustat	74f6cc8362498900f2fe2c13d0b6fdb66dd30976
UQVNRKBFAXNOGA-LWTNMJDUSA-N	CHEBI:167317	(E)-tomaymycin	ANTIBACTERIAL	e-tomaymycin	74f6cc8362498900f2fe2c13d0b6fdb66dd30976
UQVNRKBFAXNOGA-OHLDGCSVSA-N	CHEBI:167318	(Z)-tomaymycin	ANTIBACTERIAL	z-tomaymycin	74f6cc8362498900f2fe2c13d0b6fdb66dd30976
UQVNRKBFAXNOGA-SWLSCSKDSA-N	CHEBI:157681	tomaymycin	ANTIBACTERIAL	tomaymycin	74f6cc8362498900f2fe2c13d0b6fdb66dd30976
URAYPUMNDPQOKB-UHFFFAOYSA-N	CHEBI:9661	triacetin	ANTIFUNGAL	triacetin	74f6cc8362498900f2fe2c13d0b6fdb66dd30976
UREZNYTWGJKWBI-UHFFFAOYSA-M	CHEBI:31264	benzethonium chloride	ANTIBACTERIAL	benzethonium-chloride	74f6cc8362498900f2fe2c13d0b6fdb66dd30976
URHWNXDZOULUHC-ULJHMMPZSA-N	CHEBI:85627	picarbutrazox	ANTIFUNGAL	picarbutrazox	74f6cc8362498900f2fe2c13d0b6fdb66dd30976
URJHVPKUWOUENU-UHFFFAOYSA-N	CHEBI:43040	hadacidin	ANTIMICROBIAL_UNSPECIFIED	hadacidin	74f6cc8362498900f2fe2c13d0b6fdb66dd30976
URWAJWIAIPFPJE-VHLNBGGKSA-N	antibioticmech:aro-3b4e0b6d96	5-episisomicin	ANTIBACTERIAL	5-episisomicin	74f6cc8362498900f2fe2c13d0b6fdb66dd30976
URWAJWIAIPFPJE-YFMIWBNJSA-N	CHEBI:9169	sisomycin	ANTIBACTERIAL	sisomycin	74f6cc8362498900f2fe2c13d0b6fdb66dd30976
URXBIEAAUGXNIJ-ITGDQCKOSA-N	CHEBI:133037	yanuthone X2	ANTIFUNGAL	yanuthone-x2	74f6cc8362498900f2fe2c13d0b6fdb66dd30976
URXNJUNXUWLMAY-KZVLYIKRSA-N	CHEBI:65562	callophycoic acid F	ANTIBACTERIAL	callophycoic-acid-f	74f6cc8362498900f2fe2c13d0b6fdb66dd30976
URXNNPCNKVAQRA-XMHGGMMESA-N	CHEBI:83202	pyraoxystrobin	ANTIFUNGAL	pyraoxystrobin	74f6cc8362498900f2fe2c13d0b6fdb66dd30976
USNOUEMKNKRWQT-ORRWAHHJSA-N	CHEBI:140173	malacidin A	ANTIBACTERIAL	malacidin-a	74f6cc8362498900f2fe2c13d0b6fdb66dd30976
USRKFGIXLGKMKU-ABAIWWIYSA-N	CHEBI:81732	benthiavalicarb-isopropyl	ANTIFUNGAL	benthiavalicarb-isopropyl	74f6cc8362498900f2fe2c13d0b6fdb66dd30976
USZYSDMBJDPRIF-SVEJIMAYSA-N	CHEBI:74619	aclacinomycin A	ANTIMICROBIAL_UNSPECIFIED	aclacinomycin-a	74f6cc8362498900f2fe2c13d0b6fdb66dd30976
USZYSDMBJDPRIF-SVEJIMAYSA-N	CHEBI:77980	aclacinomycin A zwitterion	ANTIMICROBIAL_UNSPECIFIED	aclacinomycin-a-zwitterion	74f6cc8362498900f2fe2c13d0b6fdb66dd30976
UTOHZQYBSYOOGC-UHFFFAOYSA-N	CHEBI:83327	fenpyrazamine	ANTIFUNGAL	fenpyrazamine	74f6cc8362498900f2fe2c13d0b6fdb66dd30976
UUKPXXBDUCDZDA-KAFVXXCXSA-N	CHEBI:170009	favipiravir-RTP	ANTIVIRAL	favipiravir-rtp	74f6cc8362498900f2fe2c13d0b6fdb66dd30976
UUQJTIHOVGMQIH-UHFFFAOYSA-N	CHEBI:192702	ladanein	ANTIVIRAL	ladanein	74f6cc8362498900f2fe2c13d0b6fdb66dd30976
UURAUHCOJAIIRQ-QGLSALSOSA-N	CHEBI:44137	tiamulin	ANTIBACTERIAL	tiamulin	74f6cc8362498900f2fe2c13d0b6fdb66dd30976
UUSZLLQJYRSZIS-LXNNNBEUSA-N	CHEBI:90205	plitidepsin	ANTIVIRAL	plitidepsin	74f6cc8362498900f2fe2c13d0b6fdb66dd30976
UUYGJEDLSUBYHW-CHWWFWEZSA-N	CHEBI:66243	TMC-86B	ANTIMICROBIAL_UNSPECIFIED	tmc-86b	74f6cc8362498900f2fe2c13d0b6fdb66dd30976
UVERBUNNCOKGNZ-CQSZACIVSA-N	CHEBI:167176	GRL-0617	ANTIVIRAL	grl-0617	74f6cc8362498900f2fe2c13d0b6fdb66dd30976
UVRIFAYGSSDVER-MBZNIOTRSA-N	CHEBI:66621	neurolenin B	ANTIPROTOZOAL	neurolenin-b	74f6cc8362498900f2fe2c13d0b6fdb66dd30976
UVUPYXTUQSCQRV-PEKXHOPKSA-N	antibioticmech:aro-bf7dc59121	azalomycin F	ANTIBACTERIAL	azalomycin-f	74f6cc8362498900f2fe2c13d0b6fdb66dd30976
UWHUTZOCTZJUKC-JKSUJKDBSA-N	CHEBI:3170	brazilin	ANTIBACTERIAL	brazilin	74f6cc8362498900f2fe2c13d0b6fdb66dd30976
UWKAYLJWKGQEPM-LBPRGKRZSA-N	CHEBI:6469	linalyl acetate	ANTIMICROBIAL_UNSPECIFIED	linalyl-acetate	74f6cc8362498900f2fe2c13d0b6fdb66dd30976
UWOQPCLHJDMFFV-FXSXARLRSA-N	CHEBI:65557	callophycoic acid A	ANTIBACTERIAL	callophycoic-acid-a	74f6cc8362498900f2fe2c13d0b6fdb66dd30976
UWQMKVBQKFHLCE-UHFFFAOYSA-N	CHEBI:81759	diclomezine	ANTIFUNGAL	diclomezine	74f6cc8362498900f2fe2c13d0b6fdb66dd30976
UWVQIROCRJWDKL-UHFFFAOYSA-N	CHEBI:81937	oxadixyl	ANTIFUNGAL	oxadixyl	74f6cc8362498900f2fe2c13d0b6fdb66dd30976
UWYHMGVUTGAWSP-JKIFEVAISA-N	CHEBI:7809	oxacillin	ANTIBACTERIAL	oxacillin	74f6cc8362498900f2fe2c13d0b6fdb66dd30976
UXDFUVFNIAJEGM-UHFFFAOYSA-N	CHEBI:233659	erianin	ANTIBACTERIAL	erianin	74f6cc8362498900f2fe2c13d0b6fdb66dd30976
UXMMIMGEKFYPFK-PDBXOOCHSA-N	CHEBI:65768	(9Z,12Z,15Z)-octadeca-9,12,15-trien-6-ynoic acid	ANTIBACTERIAL	9z-12z-15z-octadeca-9-12-15-trien-6-ynoic-acid	74f6cc8362498900f2fe2c13d0b6fdb66dd30976
UXWOXTQWVMFRSE-SXTNSRNPSA-N	antibioticmech:aro-4a4590abba	griseoviridin	ANTIBACTERIAL	griseoviridin	74f6cc8362498900f2fe2c13d0b6fdb66dd30976
UXZFQZANDVDGMM-UHFFFAOYSA-N	CHEBI:5950	iodoquinol	ANTIBACTERIAL	iodoquinol	74f6cc8362498900f2fe2c13d0b6fdb66dd30976
UYJUZNLFJAWNEZ-UHFFFAOYSA-N	CHEBI:81926	fuberidazole	ANTIFUNGAL	fuberidazole	74f6cc8362498900f2fe2c13d0b6fdb66dd30976
UYQJCPNSAVWAFU-KVXMBEGHSA-N	CHEBI:28460	maltotetraose	ANTIBACTERIAL	maltotetraose	74f6cc8362498900f2fe2c13d0b6fdb66dd30976
UYRHHBXYXSYGHA-UHFFFAOYSA-N	CHEBI:62219	2-heptyl-4-quinolone	ANTIBACTERIAL	2-heptyl-4-quinolone	74f6cc8362498900f2fe2c13d0b6fdb66dd30976
UYRHHBXYXSYGHA-UHFFFAOYSA-N	CHEBI:75306	2-heptyl-4-hydroxyquinoline	ANTIBACTERIAL	2-heptyl-4-hydroxyquinoline	74f6cc8362498900f2fe2c13d0b6fdb66dd30976
UZCGKGPEKUCDTF-UHFFFAOYSA-N	CHEBI:81843	fluazinam	ANTIFUNGAL	fluazinam	74f6cc8362498900f2fe2c13d0b6fdb66dd30976
UZKZXPWGNRCNCM-NDNLJYSTSA-N	CHEBI:65581	caribenol B	ANTIPROTOZOAL	caribenol-b	74f6cc8362498900f2fe2c13d0b6fdb66dd30976
UZNOTFOFROXACM-ICSRJNTNSA-N	CHEBI:66549	lanigerol	ANTIBACTERIAL	lanigerol	74f6cc8362498900f2fe2c13d0b6fdb66dd30976
UZQBOFAUUTZOQE-VSLWXVDYSA-N	CHEBI:29665	pikromycin	ANTIBACTERIAL	pikromycin	74f6cc8362498900f2fe2c13d0b6fdb66dd30976
UZQVYLOFLQICCT-BYPYZUCNSA-N	CHEBI:80751	(S)-goitrin	ANTIVIRAL	s-goitrin	74f6cc8362498900f2fe2c13d0b6fdb66dd30976
UZQVYLOFLQICCT-SCSAIBSYSA-N	CHEBI:183228	(R)-goitrin	ANTIVIRAL	r-goitrin	74f6cc8362498900f2fe2c13d0b6fdb66dd30976
UZUUQCBCWDBYCG-DQRAMIIBSA-N	CHEBI:85416	mitomycin B	ANTIMICROBIAL_UNSPECIFIED	mitomycin-b	74f6cc8362498900f2fe2c13d0b6fdb66dd30976
UZVUYEBJQAEAGM-SHSJKSAASA-N	CHEBI:65512	brartemicin	ANTIMICROBIAL_UNSPECIFIED	brartemicin	74f6cc8362498900f2fe2c13d0b6fdb66dd30976
VAAUVRVFOQPIGI-SPQHTLEESA-N	CHEBI:29007	ceftriaxone	ANTIBACTERIAL	ceftriaxone	74f6cc8362498900f2fe2c13d0b6fdb66dd30976
VABRZWDEEDQLRD-VGGJGGOJSA-N	CHEBI:87401	UK 63052	ANTIMICROBIAL_UNSPECIFIED	uk-63052	74f6cc8362498900f2fe2c13d0b6fdb66dd30976
VACCAVUAMIDAGB-UHFFFAOYSA-N	CHEBI:9331	sulfamethizole	ANTIBACTERIAL	sulfamethizole	74f6cc8362498900f2fe2c13d0b6fdb66dd30976
VAHXVYDDBKCOFD-NGQXCVFISA-N	CHEBI:66237	TMC-1D	ANTIMICROBIAL_UNSPECIFIED	tmc-1d	74f6cc8362498900f2fe2c13d0b6fdb66dd30976
VAOCPAMSLUNLGC-UHFFFAOYSA-N	CHEBI:6909	metronidazole	ANTIBACTERIAL	metronidazole	74f6cc8362498900f2fe2c13d0b6fdb66dd30976
VAPNKLKDKUDFHK-UHFFFAOYSA-H	CHEBI:9364	suramin sodium	ANTIPROTOZOAL	suramin-sodium	74f6cc8362498900f2fe2c13d0b6fdb66dd30976
VAULMUOCCMYLIA-SQBLQFOUSA-N	CHEBI:65913	FR207944	ANTIFUNGAL	fr207944	74f6cc8362498900f2fe2c13d0b6fdb66dd30976
VAVWPUISYXXUCV-UHFFFAOYSA-N	CHEBI:141302	4-(2,4,7-trioxa-bicyclo[4.1.0]heptan-3-yl)phenol	ANTIFUNGAL	4-2-4-7-trioxa-bicyclo-4-1-0-heptan-3-yl-phenol	74f6cc8362498900f2fe2c13d0b6fdb66dd30976
VBPSRGCJSHVRCC-BJLXPSRBSA-N	antibioticmech:aro-7c0cf8c565	formicamycin K	ANTIBACTERIAL	formicamycin-k	74f6cc8362498900f2fe2c13d0b6fdb66dd30976
VCCRNZQBSJXYJD-UHFFFAOYSA-N	CHEBI:5262	galangin	ANTIMICROBIAL_UNSPECIFIED	galangin	74f6cc8362498900f2fe2c13d0b6fdb66dd30976
VCMJCVGFSROFHV-WZGZYPNHSA-N	CHEBI:63718	tenofovir disoproxil fumarate	ANTIVIRAL	tenofovir-disoproxil-fumarate	74f6cc8362498900f2fe2c13d0b6fdb66dd30976
VCRGQEOJJJBBNZ-UHFFFAOYSA-N	CHEBI:65511	blancoxanthone	ANTIVIRAL	blancoxanthone	74f6cc8362498900f2fe2c13d0b6fdb66dd30976
VDGBAYIBHQEDHS-BQASJOSNSA-N	CHEBI:68938	(±)-chartaceone F	ANTIVIRAL	chartaceone-f	74f6cc8362498900f2fe2c13d0b6fdb66dd30976
VDLGAVXLJYLFDH-UHFFFAOYSA-N	CHEBI:81853	fenhexamid	ANTIFUNGAL	fenhexamid	74f6cc8362498900f2fe2c13d0b6fdb66dd30976
VDQQXEISLMTGAB-UHFFFAOYSA-N	CHEBI:53767	chloramine T	BIOCIDE	chloramine-t	74f6cc8362498900f2fe2c13d0b6fdb66dd30976
VDUWPHTZYNWKRN-UHFFFAOYSA-N	CHEBI:3716	cinoxacin	ANTIBACTERIAL	cinoxacin	74f6cc8362498900f2fe2c13d0b6fdb66dd30976
VDVJGIYXDVPQLP-UHFFFAOYSA-N	CHEBI:107644	piperonylic acid	ANTIFUNGAL	piperonylic-acid	74f6cc8362498900f2fe2c13d0b6fdb66dd30976
VDYUYQSSBLFXNW-XHDOVSQSSA-N	antibioticmech:aro-c18438bef6	formicamycin L	ANTIBACTERIAL	formicamycin-l	74f6cc8362498900f2fe2c13d0b6fdb66dd30976
VEGXETMJINRLTH-ALRICIOSSA-N	antibioticmech:aro-6407ce57f1	gentamicin C	ANTIBACTERIAL	gentamicin-c	74f6cc8362498900f2fe2c13d0b6fdb66dd30976
VEGXETMJINRLTH-BOZYPMBZSA-N	CHEBI:27784	gentamycin C1a	ANTIMICROBIAL_UNSPECIFIED	gentamycin-c1a	74f6cc8362498900f2fe2c13d0b6fdb66dd30976
VFAOIGZBHFMFIU-WGJHMWEWSA-N	CHEBI:67611	chaetoviridin B	ANTIFUNGAL	chaetoviridin-b	74f6cc8362498900f2fe2c13d0b6fdb66dd30976
VFCNQNZNPKRXIT-UHFFFAOYSA-N	CHEBI:44107	malachite green cation	ANTIBACTERIAL	malachite-green-cation	74f6cc8362498900f2fe2c13d0b6fdb66dd30976
VFLDPWHFBUODDF-FCXRPNKRSA-N	CHEBI:3962	curcumin	ANTIFUNGAL	curcumin	74f6cc8362498900f2fe2c13d0b6fdb66dd30976
VGEOUKPOQQEQSX-OALZAMAHSA-M	CHEBI:3545	cephapirin sodium	ANTIBACTERIAL	cephapirin-sodium	74f6cc8362498900f2fe2c13d0b6fdb66dd30976
VGODRAUARQJBJM-FCWPOGGHSA-N	CHEBI:66671	1β-hydroxymaprounic acid 3-p-hydroxybenzoate	ANTIVIRAL	1β-hydroxymaprounic-acid-3-p-hydroxybenzoate	74f6cc8362498900f2fe2c13d0b6fdb66dd30976
VGQOVCHZGQWAOI-YQRHFANHSA-N	CHEBI:40699	anthramycin	ANTIBACTERIAL	anthramycin	74f6cc8362498900f2fe2c13d0b6fdb66dd30976
VGYPZLGWVQQOST-JUERRSSISA-N	CHEBI:156148	ascofuranone	ANTIPROTOZOAL	ascofuranone	74f6cc8362498900f2fe2c13d0b6fdb66dd30976
VHFGEBVPHAGQPI-LXKZPTCJSA-N	CHEBI:82699	oritavancin	ANTIBACTERIAL	oritavancin	74f6cc8362498900f2fe2c13d0b6fdb66dd30976
VHKXXVVRRDYCIK-CWCPJSEDSA-N	antibioticmech:aro-43b735a15d	narasin	ANTIBACTERIAL	narasin	74f6cc8362498900f2fe2c13d0b6fdb66dd30976
VHKZGNPOHPFPER-ONNFQVAWSA-N	CHEBI:176500	BAY11-7085	ANTIBACTERIAL	bay11-7085	74f6cc8362498900f2fe2c13d0b6fdb66dd30976
VHNLJRRECIZZPX-UHFFFAOYSA-N	CHEBI:146309	3-methylorsellinic acid	ANTIBACTERIAL	3-methylorsellinic-acid	74f6cc8362498900f2fe2c13d0b6fdb66dd30976
VHPBIOVAVQXSJO-DLGDGFEOSA-N	CHEBI:65868	etnangien	ANTIBACTERIAL	etnangien	74f6cc8362498900f2fe2c13d0b6fdb66dd30976
VHVPQPYKVGDNFY-ZPGVKDDISA-N	CHEBI:6076	itraconazole	ANTIFUNGAL	itraconazole	74f6cc8362498900f2fe2c13d0b6fdb66dd30976
VIUQTXYGNHOJBD-PWSUYJOCSA-N	CHEBI:66035	(1R,4S)-1-hydroperoxy-p-menth-2-en-8-ol acetate	ANTIPROTOZOAL	1r-4s-1-hydroperoxy-p-menth-2-en-8-ol-acetate	74f6cc8362498900f2fe2c13d0b6fdb66dd30976
VJEMOEYSQDKAQF-JDRYWMLESA-N	CHEBI:189704	saikosaponin C	ANTIVIRAL	saikosaponin-c	74f6cc8362498900f2fe2c13d0b6fdb66dd30976
VJNOAOVMGNCSPJ-ZCTPSQTASA-N	CHEBI:66431	schisanlactone A	ANTIVIRAL	schisanlactone-a	74f6cc8362498900f2fe2c13d0b6fdb66dd30976
VJQAFLAZRVKAKM-VZLIPTOUSA-N	CHEBI:6358	lactucin	ANTIPROTOZOAL	lactucin	74f6cc8362498900f2fe2c13d0b6fdb66dd30976
VJQYLJSMBWXGDV-UHFFFAOYSA-N	CHEBI:81825	tiadinil	ANTIFUNGAL	tiadinil	74f6cc8362498900f2fe2c13d0b6fdb66dd30976
VJSCHQMOTSXAKB-CFZDNBDDSA-N	CHEBI:67373	(R)-N-trans-feruloyloctopamine	ANTIMYCOBACTERIAL	r-n-trans-feruloyloctopamine	74f6cc8362498900f2fe2c13d0b6fdb66dd30976
VJYKVCURWJGLPG-IQZGDKDPSA-N	antibioticmech:aro-ea6589413a	omadacycline	ANTIBACTERIAL	omadacycline	74f6cc8362498900f2fe2c13d0b6fdb66dd30976
VJZITPJGSQKZMX-XDPRQOKASA-N	CHEBI:135779	amrubicin	ANTIMICROBIAL_UNSPECIFIED	amrubicin	74f6cc8362498900f2fe2c13d0b6fdb66dd30976
VKGDSUWMXCVJEA-ZODLGNRVSA-N	antibioticmech:aro-828c8da980	heneicomycin	ANTIBACTERIAL	heneicomycin	74f6cc8362498900f2fe2c13d0b6fdb66dd30976
VKKOVWWTIIRQQA-RJCVZUPRSA-N	antibioticmech:aro-026683b3b8	marinomycin D	ANTIBACTERIAL	marinomycin-d	74f6cc8362498900f2fe2c13d0b6fdb66dd30976
VKYKSIONXSXAKP-UHFFFAOYSA-N	CHEBI:6824	hexamethylenetetramine	ANTIBACTERIAL	hexamethylenetetramine	74f6cc8362498900f2fe2c13d0b6fdb66dd30976
VLAXZGHHBIJLAD-UHFFFAOYSA-N	CHEBI:9016	arsphenamine	ANTIBACTERIAL	arsphenamine	74f6cc8362498900f2fe2c13d0b6fdb66dd30976
VLCYCQAOQCDTCN-UHFFFAOYSA-N	CHEBI:41948	eflornithine	ANTIPROTOZOAL	eflornithine	74f6cc8362498900f2fe2c13d0b6fdb66dd30976
VLRYIIPJIVGFIV-QQSFYHFXSA-N	CHEBI:138945	maniladiol	ANTIMYCOBACTERIAL	maniladiol	74f6cc8362498900f2fe2c13d0b6fdb66dd30976
VLSDXINSOMDCBK-UHFFFAOYSA-N	CHEBI:48958	diamide	ANTIMICROBIAL_UNSPECIFIED	diamide	74f6cc8362498900f2fe2c13d0b6fdb66dd30976
VLYWMPOKSSWJAL-UHFFFAOYSA-N	CHEBI:102516	sulfamethoxypyridazine	ANTIMICROBIAL_UNSPECIFIED	sulfamethoxypyridazine	74f6cc8362498900f2fe2c13d0b6fdb66dd30976
VMLNPJDEXLLCQG-DGCAKLBHSA-N	CHEBI:156386	asperlactone	ANTIBACTERIAL	asperlactone	74f6cc8362498900f2fe2c13d0b6fdb66dd30976
VMNULHCTRPXWFJ-UJSVPXBISA-N	CHEBI:83187	enoxastrobin	ANTIFUNGAL	enoxastrobin	74f6cc8362498900f2fe2c13d0b6fdb66dd30976
VMSLCPKYRPDHLN-OAQYLSRUSA-N	CHEBI:5769	humulone	ANTIBACTERIAL	humulone	74f6cc8362498900f2fe2c13d0b6fdb66dd30976
VMSQKUCYEMOKMM-UHFFFAOYSA-N	antibioticmech:aro-94c19a1c3c	celesticetin	ANTIBACTERIAL	celesticetin	74f6cc8362498900f2fe2c13d0b6fdb66dd30976
VMUJCCBLIGGNAX-GTPINHCMSA-N	CHEBI:66241	TMC-52D	ANTIMICROBIAL_UNSPECIFIED	tmc-52d	74f6cc8362498900f2fe2c13d0b6fdb66dd30976
VNFPBHJOKIVQEB-UHFFFAOYSA-N	CHEBI:3764	clotrimazole	ANTIFUNGAL	clotrimazole	74f6cc8362498900f2fe2c13d0b6fdb66dd30976
VNMQLLMDZZVYRC-UHFFFAOYSA-N	CHEBI:141341	5-(undeca-3,5,7-trien-1-yl)furan-2-ol	ANTIFUNGAL	5-undeca-3-5-7-trien-1-yl-furan-2-ol	74f6cc8362498900f2fe2c13d0b6fdb66dd30976
VNONINPVFQTJOC-ZGXDEBHDSA-N	CHEBI:74023	dioscin	ANTIFUNGAL	dioscin	74f6cc8362498900f2fe2c13d0b6fdb66dd30976
VOAZJEPQLGBXGO-SDAWRPRTSA-N	CHEBI:140407	ceftobiprole	ANTIBACTERIAL	ceftobiprole	74f6cc8362498900f2fe2c13d0b6fdb66dd30976
VQCJCCMAGPCDIK-DFBZBFILSA-N	CHEBI:83217	albomycin ε	ANTIBACTERIAL	albomycin-ε	74f6cc8362498900f2fe2c13d0b6fdb66dd30976
VQJQJCKVOGLTOH-UHFFFAOYSA-N	CHEBI:65809	drummondin D	ANTIBACTERIAL	drummondin-d	74f6cc8362498900f2fe2c13d0b6fdb66dd30976
VQMYKNBUURJYAP-HTRCEHHLSA-N	CHEBI:156331	3'-deoxy-3',4'-didehydro-cytidine	ANTIVIRAL	3-deoxy-3-4-didehydro-cytidine	74f6cc8362498900f2fe2c13d0b6fdb66dd30976
VQOMZALHTLFROE-JUDPNWICSA-N	antibioticmech:aro-7086196093	phenelfamycin G	ANTIBACTERIAL	phenelfamycin-g	74f6cc8362498900f2fe2c13d0b6fdb66dd30976
VQOXZBDYSJBXMA-NQTDYLQESA-N	CHEBI:473992	nystatin A1	ANTIFUNGAL	nystatin-a1	74f6cc8362498900f2fe2c13d0b6fdb66dd30976
VQOXZBDYSJBXMA-RKEBNKJGSA-N	antibioticmech:aro-b799d457ed	nystatin	ANTIFUNGAL	nystatin	74f6cc8362498900f2fe2c13d0b6fdb66dd30976
VQQNQKXWJMRPHT-GMLCBOFYSA-N	CHEBI:157683	althiomycin	ANTIBACTERIAL	althiomycin	74f6cc8362498900f2fe2c13d0b6fdb66dd30976
VQQSDVBOXQHCHU-SKPOXZENSA-N	CHEBI:88275	antelmycin	ANTIMICROBIAL_UNSPECIFIED	antelmycin	74f6cc8362498900f2fe2c13d0b6fdb66dd30976
VRDIULHPQTYCLN-UHFFFAOYSA-N	CHEBI:32066	prothionamide	ANTIBACTERIAL	prothionamide	74f6cc8362498900f2fe2c13d0b6fdb66dd30976
VREXHRJVYHCJKY-UHFFFAOYSA-N	antibioticmech:aro-07fd9f4191	pyrrolomycin I	ANTIBACTERIAL	pyrrolomycin-i	74f6cc8362498900f2fe2c13d0b6fdb66dd30976
VRFJINVAZRAFHH-STQMWFEESA-N	CHEBI:65967	glionitrin A	ANTIMICROBIAL_UNSPECIFIED	glionitrin-a	74f6cc8362498900f2fe2c13d0b6fdb66dd30976
VRJYLVZCUCQVBL-CCEZHUSRSA-N	CHEBI:66087	isatinone A	ANTIFUNGAL	isatinone-a	74f6cc8362498900f2fe2c13d0b6fdb66dd30976
VRQVVMDWGGWHTJ-CQSZACIVSA-N	CHEBI:6838	methotrimeprazine	ANTIVIRAL	methotrimeprazine	74f6cc8362498900f2fe2c13d0b6fdb66dd30976
VRTWBAAJJOHBQU-KMWAZVGDSA-N	CHEBI:85089	ledipasvir	ANTIVIRAL	ledipasvir	74f6cc8362498900f2fe2c13d0b6fdb66dd30976
VRWSVIUPXSFVFZ-UHFFFAOYSA-N	CHEBI:171656	3-methylarginine	ANTIBACTERIAL	3-methylarginine	74f6cc8362498900f2fe2c13d0b6fdb66dd30976
VSDDOTKKJQUPSV-MDZDMXLPSA-N	CHEBI:65735	dehydrodiconiferyl dibenzoate	ANTIPROTOZOAL	dehydrodiconiferyl-dibenzoate	74f6cc8362498900f2fe2c13d0b6fdb66dd30976
VSLWNSSUMFSGFF-DKOLRWHASA-N	CHEBI:69019	physalin F	ANTIPROTOZOAL	physalin-f	74f6cc8362498900f2fe2c13d0b6fdb66dd30976
VSMOENVRRABVKN-MRVPVSSYSA-N	CHEBI:46735	(S)-oct-1-en-3-ol	ANTIMICROBIAL_UNSPECIFIED	s-oct-1-en-3-ol	74f6cc8362498900f2fe2c13d0b6fdb66dd30976
VSMOENVRRABVKN-QMMMGPOBSA-N	CHEBI:39932	(R)-oct-1-en-3-ol	ANTIMICROBIAL_UNSPECIFIED	r-oct-1-en-3-ol	74f6cc8362498900f2fe2c13d0b6fdb66dd30976
VSMOENVRRABVKN-UHFFFAOYSA-N	CHEBI:34118	oct-1-en-3-ol	ANTIMICROBIAL_UNSPECIFIED	oct-1-en-3-ol	74f6cc8362498900f2fe2c13d0b6fdb66dd30976
VSQQQLOSPVPRAZ-RRKCRQDMSA-N	CHEBI:75179	trifluridine	ANTIVIRAL	trifluridine	74f6cc8362498900f2fe2c13d0b6fdb66dd30976
VSXRMURGJRAOCU-UHFFFAOYSA-N	CHEBI:145520	Fasnall	ANTIVIRAL	fasnall	74f6cc8362498900f2fe2c13d0b6fdb66dd30976
VSZGPKBBMSAYNT-RRFJBIMHSA-N	CHEBI:7798	oseltamivir	ANTIVIRAL	oseltamivir	74f6cc8362498900f2fe2c13d0b6fdb66dd30976
VTBUZDRQHQPEQY-UHFFFAOYSA-N	CHEBI:141284	3-acetylbenzamide	ANTIFUNGAL	3-acetylbenzamide	74f6cc8362498900f2fe2c13d0b6fdb66dd30976
VTIKDEXOEJDMJP-WYUUTHIRSA-N	CHEBI:2448	actinorhodin	ANTIMICROBIAL_UNSPECIFIED	actinorhodin	74f6cc8362498900f2fe2c13d0b6fdb66dd30976
VTLCNEGVSVJLDN-MLGOLLRUSA-N	CHEBI:131731	cefazedone	ANTIBACTERIAL	cefazedone	74f6cc8362498900f2fe2c13d0b6fdb66dd30976
VTRWMTJQBQJKQH-UHFFFAOYSA-N	CHEBI:81736	pyributicarb	ANTIFUNGAL	pyributicarb	74f6cc8362498900f2fe2c13d0b6fdb66dd30976
VUERQRKTYBIULR-UHFFFAOYSA-N	CHEBI:40926	fosetyl	ANTIFUNGAL	fosetyl	74f6cc8362498900f2fe2c13d0b6fdb66dd30976
VUOPFFVAZTUEGW-FBMDODLCSA-N	CHEBI:85129	ristocetin	ANTIBACTERIAL	ristocetin	74f6cc8362498900f2fe2c13d0b6fdb66dd30976
VVIAOPGTVSECTI-QPNFVAJLSA-N	CHEBI:71987	curamycin A	ANTIMICROBIAL_UNSPECIFIED	curamycin-a	74f6cc8362498900f2fe2c13d0b6fdb66dd30976
VVKZAZVVUAFFGF-UHFFFAOYSA-N	CHEBI:65411	anolignan B	ANTIVIRAL	anolignan-b	74f6cc8362498900f2fe2c13d0b6fdb66dd30976
VVQFDQXQOOFTTF-MMYVAXCBSA-N	CHEBI:141363	isoaigialone B	ANTIFUNGAL	isoaigialone-b	74f6cc8362498900f2fe2c13d0b6fdb66dd30976
VVSFMIXQNYRGMG-BDAFLREQSA-N	CHEBI:234346	ombuoside	ANTIBACTERIAL	ombuoside	74f6cc8362498900f2fe2c13d0b6fdb66dd30976
VVSLYIKSEBPRSN-PELKAZGASA-N	CHEBI:83601	benthiavalicarb	ANTIFUNGAL	benthiavalicarb	74f6cc8362498900f2fe2c13d0b6fdb66dd30976
VVULWSWLJUXPTK-JTQLQIEISA-N	antibioticmech:aro-d02a324bed	pyrrolomycin H	ANTIBACTERIAL	pyrrolomycin-h	74f6cc8362498900f2fe2c13d0b6fdb66dd30976
VVZBFOKBSDGVGZ-UHFFFAOYSA-N	antibioticmech:aro-34500a4f2b	benzalkonium chloride	ANTIBACTERIAL	benzalkonium-chloride	74f6cc8362498900f2fe2c13d0b6fdb66dd30976
VWAMTBXLZPEDQO-UZSBJOJWSA-N	CHEBI:195437	gamithromycin	ANTIBACTERIAL	gamithromycin	74f6cc8362498900f2fe2c13d0b6fdb66dd30976
VWFCHDSQECPREK-LURJTMIESA-N	CHEBI:3696	cidofovir anhydrous	ANTIVIRAL	cidofovir-anhydrous	74f6cc8362498900f2fe2c13d0b6fdb66dd30976
VWOIKFDZQQLJBJ-DTQAZKPQSA-N	CHEBI:135281	neticonazole	ANTIFUNGAL	neticonazole	74f6cc8362498900f2fe2c13d0b6fdb66dd30976
VWVAAKIWHSCMIW-YHKKGOIFSA-N	CHEBI:66137	kalimantacin C	ANTIBACTERIAL	kalimantacin-c	74f6cc8362498900f2fe2c13d0b6fdb66dd30976
VWYGBXGOGQHZHM-JBAXFHHXSA-N	CHEBI:70014	comazaphilone E	ANTIBACTERIAL	comazaphilone-e	74f6cc8362498900f2fe2c13d0b6fdb66dd30976
VXIVSQZSERGHQP-UHFFFAOYSA-N	CHEBI:234507	2-chloroacetamide	ANTIFUNGAL	2-chloroacetamide	74f6cc8362498900f2fe2c13d0b6fdb66dd30976
VXOZCESVZIRHCJ-KGHQQZOUSA-N	CHEBI:65858	ergosterol peroxide	ANTIMYCOBACTERIAL	ergosterol-peroxide	74f6cc8362498900f2fe2c13d0b6fdb66dd30976
VXYZBLXGCYNIHP-MMNSZCNZSA-N	CHEBI:136054	arterolane	ANTIPROTOZOAL	arterolane	74f6cc8362498900f2fe2c13d0b6fdb66dd30976
VYBDPVQMILRSMK-GRXYLYAXSA-N	CHEBI:46414	N-s-butyl-N-[(2R,3S)-3-({[(3aS,5R,6aR)-hexahydro-2H-cyclopenta[b]furan-5-yloxy]carbonyl}amino)-2-hydroxy-4-phenylbutyl]-4-(hydroxymethyl)benzenesulfonamide	ANTIVIRAL	n-s-butyl-n-2r-3s-3-3as-5r-6ar-hexahydro-2h-cyclopenta-b-furan-5-yloxy	74f6cc8362498900f2fe2c13d0b6fdb66dd30976
VYJUHRAQPIBWNV-LBPRGKRZSA-N	CHEBI:2444	actinodaphnine	ANTIBACTERIAL	actinodaphnine	74f6cc8362498900f2fe2c13d0b6fdb66dd30976
VYOXQPQXOVKJIA-NMTBNCKFSA-N	CHEBI:228372	(9ξ,14ξ,25S)-cholestane-3β,4β,6β,7α,8,15α,16β,26-octol	ANTIFUNGAL	9ξ-14ξ-25s-cholestane-3β-4β-6β-7α-8-15α-16β-26-octol	74f6cc8362498900f2fe2c13d0b6fdb66dd30976
VYWWNRMSAPEJLS-MDWYKHENSA-N	CHEBI:32103	rokitamycin	ANTIBACTERIAL	rokitamycin	74f6cc8362498900f2fe2c13d0b6fdb66dd30976
VZCGKKLFRJCTFM-UHFFFAOYSA-N	CHEBI:85179	dasabuvir sodium	ANTIVIRAL	dasabuvir-sodium	74f6cc8362498900f2fe2c13d0b6fdb66dd30976
VZDDQLYACFXSQP-KBQMXOHMSA-N	antibioticmech:aro-59d21b914e	antibiotic A40926	ANTIBACTERIAL	antibiotic-a40926	74f6cc8362498900f2fe2c13d0b6fdb66dd30976
VZJVWSHVAAUDKD-UHFFFAOYSA-N	CHEBI:231501	potassium permanganate	BIOCIDE	potassium-permanganate	74f6cc8362498900f2fe2c13d0b6fdb66dd30976
VZMAYTGBKKDAOI-KNPJAZBNSA-N	CHEBI:70144	robustaside F	ANTIPROTOZOAL	robustaside-f	74f6cc8362498900f2fe2c13d0b6fdb66dd30976
VZTUKBKUWSHDFM-CYBMUJFWSA-N	CHEBI:76	(−)-annonaine	ANTIPROTOZOAL	annonaine	74f6cc8362498900f2fe2c13d0b6fdb66dd30976
VZWSSCQUCMSKLE-MRVPVSSYSA-M	CHEBI:145874	deoxyherqueinone(1−)	ANTIBACTERIAL	deoxyherqueinone-1	74f6cc8362498900f2fe2c13d0b6fdb66dd30976
VZWSSCQUCMSKLE-MRVPVSSYSA-N	CHEBI:145901	deoxyherqueinone	ANTIBACTERIAL	deoxyherqueinone	74f6cc8362498900f2fe2c13d0b6fdb66dd30976
VZZJOONOWFZKHA-PVFJZINBSA-N	CHEBI:65917	FR901469 hydrochloride	ANTIFUNGAL	fr901469-hydrochloride	74f6cc8362498900f2fe2c13d0b6fdb66dd30976
WBHAMVHLRVKJRH-VZAWWNCJSA-N	CHEBI:72479	halistanol sulfonic acid G	ANTIVIRAL	halistanol-sulfonic-acid-g	74f6cc8362498900f2fe2c13d0b6fdb66dd30976
WBICYHCOBLVBMM-UHFFFAOYSA-N	CHEBI:32208	tetracenomycin M	ANTIMICROBIAL_UNSPECIFIED	tetracenomycin-m	74f6cc8362498900f2fe2c13d0b6fdb66dd30976
WBLZUCOIBUDNBV-UHFFFAOYSA-N	CHEBI:16348	3-nitropropanoic acid	ANTIMYCOBACTERIAL	3-nitropropanoic-acid	74f6cc8362498900f2fe2c13d0b6fdb66dd30976
WBPYTXDJUQJLPQ-VMXQISHHSA-N	CHEBI:17658	tylosin	ANTIBACTERIAL	tylosin	74f6cc8362498900f2fe2c13d0b6fdb66dd30976
WBVHJGBFCZGJRZ-CBBWQLFWSA-N	CHEBI:65546	CAF-603	ANTIFUNGAL	caf-603	74f6cc8362498900f2fe2c13d0b6fdb66dd30976
WCNJVJCYRBJSLC-BCJYPDSRSA-N	antibioticmech:aro-c10ed01875	cyclomarin A	ANTIBACTERIAL	cyclomarin-a	74f6cc8362498900f2fe2c13d0b6fdb66dd30976
WCWSTNLSLKSJPK-LKFCYVNXSA-N	CHEBI:172944	cabotegravir	ANTIVIRAL	cabotegravir	74f6cc8362498900f2fe2c13d0b6fdb66dd30976
WDFKMLRRRCGAKS-UHFFFAOYSA-N	CHEBI:59477	chloroxine	ANTIBACTERIAL	chloroxine	74f6cc8362498900f2fe2c13d0b6fdb66dd30976
WDGFFVCWBZVLCE-UHFFFAOYSA-N	CHEBI:8647	purpurogallin	ANTIBACTERIAL	purpurogallin	74f6cc8362498900f2fe2c13d0b6fdb66dd30976
WDKYFUSPNIQGDO-IBCSGKGJSA-N	antibioticmech:aro-7c2372afa7	mutanobactin	ANTIBACTERIAL	mutanobactin	74f6cc8362498900f2fe2c13d0b6fdb66dd30976
WDLWHQDACQUCJR-PBFPGSCMSA-N	CHEBI:3506	cefprozil	ANTIBACTERIAL	cefprozil	74f6cc8362498900f2fe2c13d0b6fdb66dd30976
WDOYVAJHZHVZQI-KNFAUAPHSA-N	CHEBI:66495	YM-47142	ANTIMICROBIAL_UNSPECIFIED	ym-47142	74f6cc8362498900f2fe2c13d0b6fdb66dd30976
WDPVYGCEBGDANZ-CXLBDHTJSA-N	CHEBI:66236	TMC-1C	ANTIMICROBIAL_UNSPECIFIED	tmc-1c	74f6cc8362498900f2fe2c13d0b6fdb66dd30976
WDQNIWFZKXZFAY-UHFFFAOYSA-M	CHEBI:81918	fentin acetate	ANTIFUNGAL	fentin-acetate	74f6cc8362498900f2fe2c13d0b6fdb66dd30976
WDQPAMHFFCXSNU-UHFFFAOYSA-N	CHEBI:3749	clofazimine	ANTIMYCOBACTERIAL	clofazimine	74f6cc8362498900f2fe2c13d0b6fdb66dd30976
WDRFFJWBUDTUCA-UHFFFAOYSA-N	CHEBI:81711	chlorhexidine acetate	ANTIBACTERIAL	chlorhexidine-acetate	74f6cc8362498900f2fe2c13d0b6fdb66dd30976
WDVSHHCDHLJJJR-UHFFFAOYSA-N	CHEBI:8452	3,6-diaminoacridine	ANTIBACTERIAL	3-6-diaminoacridine	74f6cc8362498900f2fe2c13d0b6fdb66dd30976
WDZCUPBHRAEYDL-GZAUEHORSA-N	CHEBI:45304	rifapentine	ANTIMYCOBACTERIAL	rifapentine	74f6cc8362498900f2fe2c13d0b6fdb66dd30976
WECGLUPZRHILCT-GSNKCQISSA-N	CHEBI:75561	1-linoleoyl-sn-glycerol	ANTIVIRAL	1-linoleoyl-sn-glycerol	74f6cc8362498900f2fe2c13d0b6fdb66dd30976
WECGLUPZRHILCT-HZJYTTRNSA-N	CHEBI:75568	1-monolinolein	ANTIVIRAL	1-monolinolein	74f6cc8362498900f2fe2c13d0b6fdb66dd30976
WECGLUPZRHILCT-KKFOGOCZSA-N	CHEBI:75563	3-linoleoyl-sn-glycerol	ANTIVIRAL	3-linoleoyl-sn-glycerol	74f6cc8362498900f2fe2c13d0b6fdb66dd30976
WEPBGSIAWZTEJR-UHFFFAOYSA-N	CHEBI:16860	3',4',5,7-tetrahydroxy-3-methoxyflavone	ANTIMICROBIAL_UNSPECIFIED	3-4-5-7-tetrahydroxy-3-methoxyflavone	74f6cc8362498900f2fe2c13d0b6fdb66dd30976
WEPSNLBXXUYQJF-LQXCWRENSA-N	antibioticmech:aro-d075cb1991	edeine B	ANTIBACTERIAL	edeine-b	74f6cc8362498900f2fe2c13d0b6fdb66dd30976
WEYVVCKOOFYHRW-GOSISDBHSA-N	CHEBI:122	(−)-usnic acid	ANTIFUNGAL	usnic-acid	74f6cc8362498900f2fe2c13d0b6fdb66dd30976
WEYVVCKOOFYHRW-SFHVURJKSA-N	CHEBI:38320	(+)-usnic acid	ANTIFUNGAL	usnic-acid-38320	74f6cc8362498900f2fe2c13d0b6fdb66dd30976
WEYVVCKOOFYHRW-UHFFFAOYSA-N	CHEBI:38319	usnic acid	ANTIFUNGAL	usnic-acid-38319	74f6cc8362498900f2fe2c13d0b6fdb66dd30976
WEZZHODHNYWVJY-UHFFFAOYSA-N	antibioticmech:aro-c8e528eadd	pyrrolomycin C	ANTIBACTERIAL	pyrrolomycin-c	74f6cc8362498900f2fe2c13d0b6fdb66dd30976
WFBHRSAKANVBKH-UHFFFAOYSA-N	CHEBI:43089	N-hydroxyguanidine	ANTIVIRAL	n-hydroxyguanidine	74f6cc8362498900f2fe2c13d0b6fdb66dd30976
WFDXOXNFNRHQEC-GHRIWEEISA-N	CHEBI:40909	azoxystrobin	ANTIFUNGAL	azoxystrobin	74f6cc8362498900f2fe2c13d0b6fdb66dd30976
WFENRQKTALRFAD-UHFFFAOYSA-N	CHEBI:218817	4-[(3,4,5-tribromo-1H-pyrrol-2-yl)methyl]phenol	ANTIBACTERIAL	4-3-4-5-tribromo-1h-pyrrol-2-yl-methyl-phenol	74f6cc8362498900f2fe2c13d0b6fdb66dd30976
WFKPHYKFAOXUTI-UHFFFAOYSA-N	CHEBI:66639	NP-101A	ANTIFUNGAL	np-101a	74f6cc8362498900f2fe2c13d0b6fdb66dd30976
WGOUDWYOCIOVMG-UHFFFAOYSA-N	CHEBI:143030	3-(phenethylamino)-butan-2-one	ANTIBACTERIAL	3-phenethylamino-butan-2-one	74f6cc8362498900f2fe2c13d0b6fdb66dd30976
WGUJDBLMJBJUQU-VKRLOHBMSA-N	CHEBI:77011	5-O-mycaminosyltylonolide	ANTIBACTERIAL	5-o-mycaminosyltylonolide	74f6cc8362498900f2fe2c13d0b6fdb66dd30976
WHBIGIKBNXZKFE-UHFFFAOYSA-N	CHEBI:119573	delavirdine	ANTIVIRAL	delavirdine	74f6cc8362498900f2fe2c13d0b6fdb66dd30976
WHHIPMZEDGBUCC-UHFFFAOYSA-N	CHEBI:81778	probenazole	ANTIFUNGAL	probenazole	74f6cc8362498900f2fe2c13d0b6fdb66dd30976
WHHNOICWPZIYKI-IBTYICNHSA-M	CHEBI:229544	durlobactam sodium	ANTIBACTERIAL	durlobactam-sodium	74f6cc8362498900f2fe2c13d0b6fdb66dd30976
WHMJSNMIIPVCHC-VWLOTQADSA-N	CHEBI:66267	5,7,3'-trihydroxy-4',5'-(2'''',2''''-dimethylpyran)-8,2'-di(3-methyl-2-butenyl)-(2S)-flavanone	ANTIPROTOZOAL	5-7-3-trihydroxy-4-5-2-2-dimethylpyran-8-2-di-3-methyl-2-butenyl-2s-fl	74f6cc8362498900f2fe2c13d0b6fdb66dd30976
WHTVZRBIWZFKQO-AWEZNQCLSA-N	CHEBI:39254	(S)-chloroquine	ANTIPROTOZOAL	s-chloroquine	74f6cc8362498900f2fe2c13d0b6fdb66dd30976
WHTVZRBIWZFKQO-CQSZACIVSA-N	CHEBI:48811	(R)-chloroquine	ANTIPROTOZOAL	r-chloroquine	74f6cc8362498900f2fe2c13d0b6fdb66dd30976
WHTVZRBIWZFKQO-UHFFFAOYSA-N	CHEBI:3638	chloroquine	ANTIPROTOZOAL	chloroquine	74f6cc8362498900f2fe2c13d0b6fdb66dd30976
WIIZWVCIJKGZOK-RKDXNWHRSA-N	CHEBI:17698	chloramphenicol	ANTIBACTERIAL	chloramphenicol	74f6cc8362498900f2fe2c13d0b6fdb66dd30976
WIKWOGJGVQUVBW-UHFFFAOYSA-N	CHEBI:156313	erdasporine A	ANTIBACTERIAL	erdasporine-a	74f6cc8362498900f2fe2c13d0b6fdb66dd30976
WIMWMKZEIBHDTH-UHFFFAOYSA-N	CHEBI:3755	clomipramine hydrochloride	ANTIVIRAL	clomipramine-hydrochloride	74f6cc8362498900f2fe2c13d0b6fdb66dd30976
WITUCWDZFNOOOS-BJLXPSRBSA-N	antibioticmech:aro-19df9f1f8a	formicamycin H	ANTIBACTERIAL	formicamycin-h	74f6cc8362498900f2fe2c13d0b6fdb66dd30976
WJAMFZVSJYMDDT-UHFFFAOYSA-N	CHEBI:76002	N-[5-(1-naphthylmethyl)-1,3-thiazol-2-yl]cyclohexanecarboxamide	ANTIFUNGAL	n-5-1-naphthylmethyl-1-3-thiazol-2-yl-cyclohexanecarboxamide	74f6cc8362498900f2fe2c13d0b6fdb66dd30976
WJCNZQLZVWNLKY-UHFFFAOYSA-N	CHEBI:45979	thiabendazole	ANTIFUNGAL	thiabendazole	74f6cc8362498900f2fe2c13d0b6fdb66dd30976
WJDAODOGPRMXNX-ZFNRTSIQSA-N	CHEBI:66223	thiomarinol D	ANTIBACTERIAL	thiomarinol-d	74f6cc8362498900f2fe2c13d0b6fdb66dd30976
WJNFBIVCQMPPJC-FQYDJHLKSA-M	CHEBI:172961	bictegravir sodium	ANTIVIRAL	bictegravir-sodium	74f6cc8362498900f2fe2c13d0b6fdb66dd30976
WJUFSDZVCOTFON-UHFFFAOYSA-N	CHEBI:17098	veratraldehyde	ANTIFUNGAL	veratraldehyde	74f6cc8362498900f2fe2c13d0b6fdb66dd30976
WJXAHFZIHLTPFR-JLRJEBFFSA-N	CHEBI:140116	ceftiolene	ANTIBACTERIAL	ceftiolene	74f6cc8362498900f2fe2c13d0b6fdb66dd30976
WKCOWVOAMWLTDQ-UHFFFAOYSA-N	CHEBI:68859	arugosin B	ANTIBACTERIAL	arugosin-b	74f6cc8362498900f2fe2c13d0b6fdb66dd30976
WKEDVNSFRWHDNR-UHFFFAOYSA-N	CHEBI:239133	salicylanilide	ANTIFUNGAL	salicylanilide	74f6cc8362498900f2fe2c13d0b6fdb66dd30976
WKEODUMIDZIAED-JTQLQIEISA-N	antibioticmech:aro-bb69bd597e	pyrrolomycin G	ANTIBACTERIAL	pyrrolomycin-g	74f6cc8362498900f2fe2c13d0b6fdb66dd30976
WKNFBFHAYANQHF-QNSRRSNQSA-N	antibioticmech:aro-7abbaadfab	balhimycin	ANTIBACTERIAL	balhimycin	74f6cc8362498900f2fe2c13d0b6fdb66dd30976
WKOUXLOBNJWENY-UHFFFAOYSA-N	CHEBI:66255	topopyrone D	ANTIVIRAL	topopyrone-d	74f6cc8362498900f2fe2c13d0b6fdb66dd30976
WKPWGQKGSOKKOO-RSFHAFMBSA-N	CHEBI:6701	maytansine	ANTIMICROBIAL_UNSPECIFIED	maytansine	74f6cc8362498900f2fe2c13d0b6fdb66dd30976
WKSAUQYGYAYLPV-UHFFFAOYSA-N	CHEBI:8673	pyrimethamine	ANTIPROTOZOAL	pyrimethamine	74f6cc8362498900f2fe2c13d0b6fdb66dd30976
WLHQSAYHIOPMMJ-UOQFGJKXSA-N	CHEBI:77845	7-aminocholesterol	ANTIBACTERIAL	7-aminocholesterol	74f6cc8362498900f2fe2c13d0b6fdb66dd30976
WLOHNSSYAXHWNR-DWIOZXRMSA-N	CHEBI:474014	dirithromycin	ANTIBACTERIAL	dirithromycin	74f6cc8362498900f2fe2c13d0b6fdb66dd30976
WLOSKKPZIOUGFB-UHFFFAOYSA-N	CHEBI:152054	nataloe-emodin	ANTIBACTERIAL	nataloe-emodin	74f6cc8362498900f2fe2c13d0b6fdb66dd30976
WLPCAERCXQSYLQ-UHFFFAOYSA-N	CHEBI:83657	isotianil	ANTIFUNGAL	isotianil	74f6cc8362498900f2fe2c13d0b6fdb66dd30976
WLRJWQXWJBEULT-GAZAAFLYSA-N	CHEBI:65752	6β,16β-diacetoxy-25-hydroxy-3,7-dioxy-29-nordammara-1,17(20)-dien-21-oic acid	ANTIBACTERIAL	6β-16β-diacetoxy-25-hydroxy-3-7-dioxy-29-nordammara-1-17-20-dien-21-oi	74f6cc8362498900f2fe2c13d0b6fdb66dd30976
WLWIMKWZMGJRBS-UHFFFAOYSA-N	CHEBI:8413	primin	ANTIMICROBIAL_UNSPECIFIED	primin	74f6cc8362498900f2fe2c13d0b6fdb66dd30976
WMAKHNPKGVNAJY-DDURVGIBSA-N	antibioticmech:aro-43392693fd	edeine F	ANTIBACTERIAL	edeine-f	74f6cc8362498900f2fe2c13d0b6fdb66dd30976
WMKZDPFZIZQROT-UHFFFAOYSA-N	CHEBI:83065	isofetamid	ANTIFUNGAL	isofetamid	74f6cc8362498900f2fe2c13d0b6fdb66dd30976
WMOJBLDBGQOTOS-UHFFFAOYSA-N	CHEBI:141334	palmariol B	ANTIFUNGAL	palmariol-b	74f6cc8362498900f2fe2c13d0b6fdb66dd30976
WNLDPFSWPBREOU-SURQFZOFSA-N	CHEBI:65877	Eunicea sesquiterpenoid 7	ANTIPROTOZOAL	eunicea-sesquiterpenoid-7	74f6cc8362498900f2fe2c13d0b6fdb66dd30976
WNZWXVOIYRJRSM-UHFFFAOYSA-N	CHEBI:141337	botrallin	ANTIFUNGAL	botrallin	74f6cc8362498900f2fe2c13d0b6fdb66dd30976
WOAILDKFDXKSIY-OMKDVXPQSA-N	CHEBI:66338	UCS1025 A	ANTIBACTERIAL	ucs1025-a	74f6cc8362498900f2fe2c13d0b6fdb66dd30976
WODBGULXKVZGQF-QCPBNORNSA-N	CHEBI:65854	epigallocatechin-(4β→8,2β→O-7)-epicatechin	ANTIVIRAL	epigallocatechin-4β8-2βo-7-epicatechin	74f6cc8362498900f2fe2c13d0b6fdb66dd30976
WOGYXYDORXIAGE-ZDUSSCGKSA-N	CHEBI:67371	(2S)-2'-hydroxydemethoxymatteucinol	ANTIMYCOBACTERIAL	2s-2-hydroxydemethoxymatteucinol	74f6cc8362498900f2fe2c13d0b6fdb66dd30976
WOLHOYHSEKDWQH-UHFFFAOYSA-N	CHEBI:2619	amantadine hydrochloride	ANTIVIRAL	amantadine-hydrochloride	74f6cc8362498900f2fe2c13d0b6fdb66dd30976
WOMKDMUZNBFXKG-XAWKZAOJSA-N	CHEBI:68792	asperentin	ANTIFUNGAL	asperentin	74f6cc8362498900f2fe2c13d0b6fdb66dd30976
WOQIDNWTQOYDLF-CGAIIQECSA-N	CHEBI:177533	itarnafloxin	ANTIPROTOZOAL	itarnafloxin	74f6cc8362498900f2fe2c13d0b6fdb66dd30976
WOSNCVAPUOFXEH-UHFFFAOYSA-N	CHEBI:81794	thifluzamide	ANTIFUNGAL	thifluzamide	74f6cc8362498900f2fe2c13d0b6fdb66dd30976
WOUDXEYYJPOSNE-VKZDFBPFSA-N	CHEBI:60584	bicozamycin	ANTIBACTERIAL	bicozamycin	74f6cc8362498900f2fe2c13d0b6fdb66dd30976
WOZSCQDILHKSGG-UHFFFAOYSA-N	CHEBI:31175	adefovir pivoxil	ANTIVIRAL	adefovir-pivoxil	74f6cc8362498900f2fe2c13d0b6fdb66dd30976
WPALTCMYPARVNV-UHFFFAOYSA-N	CHEBI:38628	tolfenpyrad	ANTIFUNGAL	tolfenpyrad	74f6cc8362498900f2fe2c13d0b6fdb66dd30976
WPICPWIIIBCXCV-NJGWPHBESA-N	CHEBI:8349	pradimicin A	ANTIFUNGAL	pradimicin-a	74f6cc8362498900f2fe2c13d0b6fdb66dd30976
WPVFJKSGQUFQAP-GKAPJAKFSA-N	CHEBI:63635	valganciclovir	ANTIVIRAL	valganciclovir	74f6cc8362498900f2fe2c13d0b6fdb66dd30976
WPYMKLBDIGXBTP-UHFFFAOYSA-N	CHEBI:30746	benzoic acid	BIOCIDE	benzoic-acid	74f6cc8362498900f2fe2c13d0b6fdb66dd30976
WQCJOKYOIJVEFN-ZDUSSCGKSA-N	CHEBI:16786	vestitone	ANTIBACTERIAL	vestitone	74f6cc8362498900f2fe2c13d0b6fdb66dd30976
WQLVFSAGQJTQCK-VKROHFNGSA-N	CHEBI:4629	diosgenin	ANTIVIRAL	diosgenin	74f6cc8362498900f2fe2c13d0b6fdb66dd30976
WQVJHHACXVLGBL-GOVYWFKWSA-N	CHEBI:8309	polymyxin B1	ANTIBACTERIAL	polymyxin-b1	74f6cc8362498900f2fe2c13d0b6fdb66dd30976
WRBGCYVAJRRQKP-STDAJNJZSA-N	CHEBI:5371	glaucarubinone	ANTIPROTOZOAL	glaucarubinone	74f6cc8362498900f2fe2c13d0b6fdb66dd30976
WREGKURFCTUGRC-POYBYMJQSA-N	CHEBI:10101	zalcitabine	ANTIVIRAL	zalcitabine	74f6cc8362498900f2fe2c13d0b6fdb66dd30976
WRLHYRADHSNDLJ-NKSNWBLISA-N	CHEBI:65765	dicerandrol B	ANTIMICROBIAL_UNSPECIFIED	dicerandrol-b	74f6cc8362498900f2fe2c13d0b6fdb66dd30976
WRPIRSINYZBGPK-UHFFFAOYSA-N	CHEBI:82040	quinoxyfen	ANTIFUNGAL	quinoxyfen	74f6cc8362498900f2fe2c13d0b6fdb66dd30976
WRYLYDPHFGVWKC-UHFFFAOYSA-N	CHEBI:78884	4-terpineol	ANTIBACTERIAL	4-terpineol	74f6cc8362498900f2fe2c13d0b6fdb66dd30976
WSFQKSIBZODGPB-RWWNVWANSA-N	CHEBI:85332	dapdiamide B	ANTIMICROBIAL_UNSPECIFIED	dapdiamide-b	74f6cc8362498900f2fe2c13d0b6fdb66dd30976
WSFSSNUMVMOOMR-UHFFFAOYSA-N	CHEBI:16842	formaldehyde	BIOCIDE	formaldehyde	74f6cc8362498900f2fe2c13d0b6fdb66dd30976
WSHJJCPTKWSMRR-RXMQYKEDSA-N	CHEBI:35991	penam	ANTIMICROBIAL_UNSPECIFIED	penam	74f6cc8362498900f2fe2c13d0b6fdb66dd30976
WSOSYBUSMXEYDO-UHFFFAOYSA-N	CHEBI:87175	propamidine isethionate	ANTIMICROBIAL_UNSPECIFIED	propamidine-isethionate	74f6cc8362498900f2fe2c13d0b6fdb66dd30976
WSUGGLXIPUHOSG-QOMLVTEJSA-N	CHEBI:75276	ikarugamycin	ANTIPROTOZOAL	ikarugamycin	74f6cc8362498900f2fe2c13d0b6fdb66dd30976
WSUNNCJENRRPLS-DQVMPRLHSA-N	CHEBI:65989	gutolactone	ANTIPROTOZOAL	gutolactone	74f6cc8362498900f2fe2c13d0b6fdb66dd30976
WSWJIZXMAUYHOE-UHFFFAOYSA-N	CHEBI:135420	tetroxoprim	ANTIBACTERIAL	tetroxoprim	74f6cc8362498900f2fe2c13d0b6fdb66dd30976
WTFXJFJYEJZMFO-UHFFFAOYSA-N	CHEBI:87462	propamidine	ANTIMICROBIAL_UNSPECIFIED	propamidine	74f6cc8362498900f2fe2c13d0b6fdb66dd30976
WTHRRGMBUAHGNI-MJWHERSYSA-N	CHEBI:8732	quinupristin	ANTIBACTERIAL	quinupristin	74f6cc8362498900f2fe2c13d0b6fdb66dd30976
WTIJXIZOODAMJT-DHFGXMAYSA-N	CHEBI:3907	coumermycin A1	ANTIBACTERIAL	coumermycin-a1	74f6cc8362498900f2fe2c13d0b6fdb66dd30976
WTWHYHPOGZUENL-KZKGWZQBSA-N	CHEBI:39148	trichostatin B	ANTIMICROBIAL_UNSPECIFIED	trichostatin-b	74f6cc8362498900f2fe2c13d0b6fdb66dd30976
WUBBRNOQWQTFEX-UHFFFAOYSA-N	CHEBI:27565	4-aminosalicylic acid	ANTIMYCOBACTERIAL	4-aminosalicylic-acid	74f6cc8362498900f2fe2c13d0b6fdb66dd30976
WUJTXMVGXDQPNN-OTQKCRDJSA-N	CHEBI:60828	streptothricin D	ANTIMICROBIAL_UNSPECIFIED	streptothricin-d	74f6cc8362498900f2fe2c13d0b6fdb66dd30976
WURGXGVFSMYFCG-UHFFFAOYSA-N	CHEBI:74875	dichlofluanid	ANTIFUNGAL	dichlofluanid	74f6cc8362498900f2fe2c13d0b6fdb66dd30976
WUWFMDMBOJLQIV-JTQLQIEISA-N	CHEBI:77582	(S)-tosufloxacin	ANTIMICROBIAL_UNSPECIFIED	s-tosufloxacin	74f6cc8362498900f2fe2c13d0b6fdb66dd30976
WUWFMDMBOJLQIV-SNVBAGLBSA-N	CHEBI:77584	(R)-tosufloxacin	ANTIMICROBIAL_UNSPECIFIED	r-tosufloxacin	74f6cc8362498900f2fe2c13d0b6fdb66dd30976
WUWFMDMBOJLQIV-UHFFFAOYSA-N	CHEBI:77581	7-(3-aminopyrrolidin-1-yl)-1-(2,4-difluorophenyl)-6-fluoro-4-oxo-1,4-dihydro-1,8-naphthyridine-3-carboxylic acid	ANTIBACTERIAL	7-3-aminopyrrolidin-1-yl-1-2-4-difluorophenyl-6-fluoro-4-oxo-1-4-dihyd	74f6cc8362498900f2fe2c13d0b6fdb66dd30976
WVEJIBNZNZLFEF-SFDCQRBFSA-N	CHEBI:66472	10α-hydroperoxy-guaia-1,11-diene	ANTIPROTOZOAL	10α-hydroperoxy-guaia-1-11-diene	74f6cc8362498900f2fe2c13d0b6fdb66dd30976
WVIUOSJLUCTGFK-JUJPXXQGSA-N	antibioticmech:aro-8218cfc5a1	pactamycin	ANTIBACTERIAL	pactamycin	74f6cc8362498900f2fe2c13d0b6fdb66dd30976
WVMKFROBDLCDEJ-LINZXDLISA-N	antibioticmech:curator-452d38df8e	Corramycin	ANTIBACTERIAL	corramycin	74f6cc8362498900f2fe2c13d0b6fdb66dd30976
WVNOAGNOIPTWPT-NDUABGMUSA-N	CHEBI:7826	oxiconazole nitrate	ANTIFUNGAL	oxiconazole-nitrate	74f6cc8362498900f2fe2c13d0b6fdb66dd30976
WVPSKSLAZQPAKQ-CDMJZVDBSA-N	CHEBI:9763	trovafloxacin	ANTIBACTERIAL	trovafloxacin	74f6cc8362498900f2fe2c13d0b6fdb66dd30976
WVTZEWYTKKLYOF-RFTFDKKMSA-N	CHEBI:67933	petiolaroside decaacetate	ANTIPROTOZOAL	petiolaroside-decaacetate	74f6cc8362498900f2fe2c13d0b6fdb66dd30976
WVUDHRISQRHHPW-NHJHCJIZSA-N	CHEBI:86409	fortimicin KK1	ANTIMICROBIAL_UNSPECIFIED	fortimicin-kk1	74f6cc8362498900f2fe2c13d0b6fdb66dd30976
WVYIZGMCLSGZGG-FLIBITNWSA-N	CHEBI:192538	(12Z)-10-hydroxyoctadec-12-enoic acid	ANTIFUNGAL	12z-10-hydroxyoctadec-12-enoic-acid	74f6cc8362498900f2fe2c13d0b6fdb66dd30976
WWDHGOLBPBWCNJ-GXXSWWTOSA-N	CHEBI:77940	alborixin	ANTIMICROBIAL_UNSPECIFIED	alborixin	74f6cc8362498900f2fe2c13d0b6fdb66dd30976
WWEDNBWYGGJQOV-RIWLGXEFSA-N	CHEBI:77918	mutalomycin	ANTIMICROBIAL_UNSPECIFIED	mutalomycin	74f6cc8362498900f2fe2c13d0b6fdb66dd30976
WWJFFVUVFNBJTN-VHDFTHOZSA-N	CHEBI:623918	nikkomycin Z	ANTIFUNGAL	nikkomycin-z	74f6cc8362498900f2fe2c13d0b6fdb66dd30976
WWMHSLBXALTJEY-YTASFOGUSA-N	CHEBI:67473	lamesticumin A	ANTIBACTERIAL	lamesticumin-a	74f6cc8362498900f2fe2c13d0b6fdb66dd30976
WWSNTLOVYSRDEL-DZSDEGEFSA-N	CHEBI:34652	compactin diol lactone	ANTIMICROBIAL_UNSPECIFIED	compactin-diol-lactone	74f6cc8362498900f2fe2c13d0b6fdb66dd30976
WWTZMJRKACJQRR-UHFFFAOYSA-N	CHEBI:65811	drummondin F	ANTIBACTERIAL	drummondin-f	74f6cc8362498900f2fe2c13d0b6fdb66dd30976
WWZKQHOCKIZLMA-UHFFFAOYSA-N	CHEBI:28837	octanoic acid	ANTIBACTERIAL	octanoic-acid	74f6cc8362498900f2fe2c13d0b6fdb66dd30976
WXBCVQJUZIAXDB-UHFFFAOYSA-N	CHEBI:195170	uranidine	ANTIVIRAL	uranidine	74f6cc8362498900f2fe2c13d0b6fdb66dd30976
WXEVCWAPVMCHML-UHFFFAOYSA-N	CHEBI:67359	pisonin B	ANTIMYCOBACTERIAL	pisonin-b	74f6cc8362498900f2fe2c13d0b6fdb66dd30976
WXMKPNITSTVMEF-UHFFFAOYSA-M	CHEBI:113455	sodium benzoate	BIOCIDE	sodium-benzoate	74f6cc8362498900f2fe2c13d0b6fdb66dd30976
WXUZAHCNPWONDH-DYTRJAOYSA-N	CHEBI:83218	dimoxystrobin	ANTIFUNGAL	dimoxystrobin	74f6cc8362498900f2fe2c13d0b6fdb66dd30976
WXZFCGRYVWYYTG-UHFFFAOYSA-N	CHEBI:133824	GNF6702	ANTIPROTOZOAL	gnf6702	74f6cc8362498900f2fe2c13d0b6fdb66dd30976
WYAIRDUHOFECHX-UHFFFAOYSA-N	antibioticmech:aro-98a9bd6ff9	fasamycin G	ANTIBACTERIAL	fasamycin-g	74f6cc8362498900f2fe2c13d0b6fdb66dd30976
WYEMLYFITZORAB-UHFFFAOYSA-N	CHEBI:81822	boscalid	ANTIFUNGAL	boscalid	74f6cc8362498900f2fe2c13d0b6fdb66dd30976
WYUSVOMTXWRGEK-HBWVYFAYSA-N	CHEBI:3504	cefpodoxime	ANTIBACTERIAL	cefpodoxime	74f6cc8362498900f2fe2c13d0b6fdb66dd30976
WYVVKGNFXHOCQV-UHFFFAOYSA-N	CHEBI:83279	3-iodoprop-2-yn-1-yl butylcarbamate	ANTIFUNGAL	3-iodoprop-2-yn-1-yl-butylcarbamate	74f6cc8362498900f2fe2c13d0b6fdb66dd30976
WYWHKKSPHMUBEB-UHFFFAOYSA-N	CHEBI:9555	tioguanine	ANTIVIRAL	tioguanine	74f6cc8362498900f2fe2c13d0b6fdb66dd30976
WYWWBYFHNAICRK-OYJWPUFYSA-N	CHEBI:52550	theopalauamide	ANTIFUNGAL	theopalauamide	74f6cc8362498900f2fe2c13d0b6fdb66dd30976
WYZWZEOGROVVHK-GTMNPGAYSA-N	CHEBI:556075	radicicol	ANTIFUNGAL	radicicol	74f6cc8362498900f2fe2c13d0b6fdb66dd30976
WZDRWYJKESFZMB-FQSMHNGLSA-N	CHEBI:28185	kanamycin C	ANTIMICROBIAL_UNSPECIFIED	kanamycin-c	74f6cc8362498900f2fe2c13d0b6fdb66dd30976
WZGMBJKFYVONHF-LJQXCJTBSA-N	CHEBI:65466	batzelladine A	ANTIVIRAL	batzelladine-a	74f6cc8362498900f2fe2c13d0b6fdb66dd30976
WZLRYLCDDODFHL-WSNMVEPOSA-I	CHEBI:59664	colistin B sodium methanesulfonate	ANTIBACTERIAL	colistin-b-sodium-methanesulfonate	74f6cc8362498900f2fe2c13d0b6fdb66dd30976
WZOZEZRFJCJXNZ-ZBFHGGJFSA-N	CHEBI:209807	cefoxitin	ANTIBACTERIAL	cefoxitin	74f6cc8362498900f2fe2c13d0b6fdb66dd30976
WZPBZJONDBGPKJ-VEHQQRBSSA-N	CHEBI:161680	aztreonam	ANTIBACTERIAL	aztreonam	74f6cc8362498900f2fe2c13d0b6fdb66dd30976
WZZLDXDUQPOXNW-UHFFFAOYSA-N	CHEBI:82033	propamocarb	ANTIFUNGAL	propamocarb	74f6cc8362498900f2fe2c13d0b6fdb66dd30976
XAANSONIBUCODQ-UHFFFAOYSA-N	CHEBI:66679	(−)-marinopyrrole B	ANTIBACTERIAL	marinopyrrole-b	74f6cc8362498900f2fe2c13d0b6fdb66dd30976
XAFNQFHOQPRGAK-KTVOANSYSA-N	CHEBI:64255	tunicamycin B3	ANTIMICROBIAL_UNSPECIFIED	tunicamycin-b3	74f6cc8362498900f2fe2c13d0b6fdb66dd30976
XAKKNLNAJBNLPC-MAYKBZFQSA-N	CHEBI:3488	cefluprenam	ANTIMICROBIAL_UNSPECIFIED	cefluprenam	74f6cc8362498900f2fe2c13d0b6fdb66dd30976
XAMIMZAWZUSOPA-JIGXQNLBSA-N	CHEBI:31057	13-deoxydaunorubicin	ANTIMICROBIAL_UNSPECIFIED	13-deoxydaunorubicin	74f6cc8362498900f2fe2c13d0b6fdb66dd30976
XAPNKXIRQFHCHN-QGOAFFKASA-N	CHEBI:131914	violacein	ANTIBACTERIAL	violacein	74f6cc8362498900f2fe2c13d0b6fdb66dd30976
XAPXKNWMZURWMY-VQEGESQYSA-N	CHEBI:138243	rubesanolide D	ANTIBACTERIAL	rubesanolide-d	74f6cc8362498900f2fe2c13d0b6fdb66dd30976
XASIMHXSUQUHLV-UHFFFAOYSA-N	CHEBI:135632	camostat	ANTIVIRAL	camostat	74f6cc8362498900f2fe2c13d0b6fdb66dd30976
XATZHCXBMKRRDO-REHNUXHNSA-N	CHEBI:75262	pipacycline	ANTIMICROBIAL_UNSPECIFIED	pipacycline	74f6cc8362498900f2fe2c13d0b6fdb66dd30976
XBDQKXXYIPTUBI-UHFFFAOYSA-N	CHEBI:30768	propionic acid	ANTIFUNGAL	propionic-acid	74f6cc8362498900f2fe2c13d0b6fdb66dd30976
XBFFTJHNDMUQCQ-IVQVPZFMSA-N	antibioticmech:aro-6feb53f4d2	cervimycin N	ANTIBACTERIAL	cervimycin-n	74f6cc8362498900f2fe2c13d0b6fdb66dd30976
XBHBWNFJWIASRO-UHFFFAOYSA-N	antibioticmech:aro-26cedd2720	sarafloxacin	ANTIBACTERIAL	sarafloxacin	74f6cc8362498900f2fe2c13d0b6fdb66dd30976
XBJBPGROQZJDOJ-UHFFFAOYSA-N	CHEBI:31810	fleroxacin	ANTIBACTERIAL	fleroxacin	74f6cc8362498900f2fe2c13d0b6fdb66dd30976
XBPZXDSZHPDXQU-UHFFFAOYSA-N	CHEBI:131715	rosoxacin	ANTIBACTERIAL	rosoxacin	74f6cc8362498900f2fe2c13d0b6fdb66dd30976
XBSPNOJIQRUQDQ-OXEUSEQRSA-N	CHEBI:65905	(1S,3S,4R,7S,8S,11S,12S,13S,15R,20R)-7-formamido-20-isocyanoisocycloamphilectane	ANTIPROTOZOAL	1s-3s-4r-7s-8s-11s-12s-13s-15r-20r-7-formamido-20-isocyanoisocycloamph	74f6cc8362498900f2fe2c13d0b6fdb66dd30976
XCEPHNBEHQJSSB-LGJGITPNSA-N	CHEBI:64272	tunicamycin D2	ANTIMICROBIAL_UNSPECIFIED	tunicamycin-d2	74f6cc8362498900f2fe2c13d0b6fdb66dd30976
XCLJRCAJSCMIND-JCTYMORFSA-N	CHEBI:73708	(9S)-erythromycyclamine	ANTIMICROBIAL_UNSPECIFIED	9s-erythromycyclamine	74f6cc8362498900f2fe2c13d0b6fdb66dd30976
XCUAIINAJCDIPM-XVFCMESISA-N	CHEBI:180654	N4-hydroxycytidine	ANTIVIRAL	n4-hydroxycytidine	74f6cc8362498900f2fe2c13d0b6fdb66dd30976
XCVGQMUMMDXKCY-WZJLIZBTSA-N	CHEBI:42082	(4R,5S,6S,7R)-4,7-dibenzyl-5,6-dihydroxy-1,3-bis[4-(hydroxymethyl)benzyl]-1,3-diazepan-2-one	ANTIVIRAL	4r-5s-6s-7r-4-7-dibenzyl-5-6-dihydroxy-1-3-bis-4-hydroxymethyl-benzyl-	74f6cc8362498900f2fe2c13d0b6fdb66dd30976
XCZVWWKOXCRUSR-WKCHOFOOSA-N	CHEBI:77921	21-deoxyconcanamycin A	ANTIMICROBIAL_UNSPECIFIED	21-deoxyconcanamycin-a	74f6cc8362498900f2fe2c13d0b6fdb66dd30976
XDAOLTSRNUSPPH-XMMPIXPASA-N	CHEBI:134742	delamanid	ANTIBACTERIAL	delamanid	74f6cc8362498900f2fe2c13d0b6fdb66dd30976
XDDAORKBJWWYJS-UHFFFAOYSA-N	CHEBI:27744	glyphosate	ANTIFUNGAL	glyphosate	74f6cc8362498900f2fe2c13d0b6fdb66dd30976
XDEYHXABZOKKDZ-YFKLLHAASA-N	antibioticmech:aro-36b1a29715	pseudouridimycin	ANTIBACTERIAL	pseudouridimycin	74f6cc8362498900f2fe2c13d0b6fdb66dd30976
XDHNQDDQEHDUTM-JQWOJBOSSA-N	CHEBI:22689	bafilomycin A1	ANTIFUNGAL	bafilomycin-a1	74f6cc8362498900f2fe2c13d0b6fdb66dd30976
XDJYMJULXQKGMM-RVYUQJQSSA-N	CHEBI:59064	colistin A	ANTIBACTERIAL	colistin-a	74f6cc8362498900f2fe2c13d0b6fdb66dd30976
XDRYMKDFEDOLFX-UHFFFAOYSA-N	CHEBI:45081	pentamidine	ANTIFUNGAL	pentamidine	74f6cc8362498900f2fe2c13d0b6fdb66dd30976
XDXDZDZNSLXDNA-TZNDIEGXSA-N	CHEBI:42068	idarubicin	ANTIMICROBIAL_UNSPECIFIED	idarubicin	74f6cc8362498900f2fe2c13d0b6fdb66dd30976
XDZKBRJLTGRPSS-BGZQYGJUSA-N	CHEBI:63214	cefodizime	ANTIBACTERIAL	cefodizime	74f6cc8362498900f2fe2c13d0b6fdb66dd30976
XEEQGYMUWCZPDN-DOMZBBRYSA-N	CHEBI:63687	(−)-(11S,2'R)-erythro-mefloquine	ANTIPROTOZOAL	11s-2-r-erythro-mefloquine	74f6cc8362498900f2fe2c13d0b6fdb66dd30976
XEEQGYMUWCZPDN-SWLSCSKDSA-N	CHEBI:63684	(+)-(11R,2'S)-erythro-mefloquine	ANTIPROTOZOAL	11r-2-s-erythro-mefloquine	74f6cc8362498900f2fe2c13d0b6fdb66dd30976
XEFQLINVKFYRCS-UHFFFAOYSA-N	CHEBI:164200	triclosan	ANTIBACTERIAL	triclosan	74f6cc8362498900f2fe2c13d0b6fdb66dd30976
XEQLFNPSYWZPOW-HBYCGHPUSA-N	CHEBI:65110	butirosin B	ANTIMICROBIAL_UNSPECIFIED	butirosin-b	74f6cc8362498900f2fe2c13d0b6fdb66dd30976
XEQLFNPSYWZPOW-NUOYRARPSA-N	antibioticmech:aro-63094b52cf	butirosin	ANTIBACTERIAL	butirosin	74f6cc8362498900f2fe2c13d0b6fdb66dd30976
XEQLFNPSYWZPOW-SVRMBHBBSA-N	CHEBI:65112	butirosin A	ANTIMICROBIAL_UNSPECIFIED	butirosin-a	74f6cc8362498900f2fe2c13d0b6fdb66dd30976
XERJKGMBORTKEO-UHFFFAOYSA-N	CHEBI:81788	cymoxanil	ANTIFUNGAL	cymoxanil	74f6cc8362498900f2fe2c13d0b6fdb66dd30976
XESARGFCSKSFID-FLLFQEBCSA-N	CHEBI:90284	pirazofurin	ANTIMICROBIAL_UNSPECIFIED	pirazofurin	74f6cc8362498900f2fe2c13d0b6fdb66dd30976
XFALPSLJIHVRKE-GFCCVEGCSA-N	CHEBI:82717	tedizolid	ANTIBACTERIAL	tedizolid	74f6cc8362498900f2fe2c13d0b6fdb66dd30976
XFFQTURHMBFHKK-UHFFFAOYSA-M	CHEBI:66548	lamellarin α 20-sulfate	ANTIVIRAL	lamellarin-α-20-sulfate	74f6cc8362498900f2fe2c13d0b6fdb66dd30976
XFFQVRFGLSBFON-DEFKTLOSSA-N	CHEBI:133224	kaempferol 3,7-di-O-β-D-glucoside	ANTIPROTOZOAL	kaempferol-3-7-di-o-β-d-glucoside	74f6cc8362498900f2fe2c13d0b6fdb66dd30976
XFOUAXMJRHNTOP-PFQXTLEHSA-N	CHEBI:72687	bacilysin	ANTIMICROBIAL_UNSPECIFIED	bacilysin	74f6cc8362498900f2fe2c13d0b6fdb66dd30976
XFQJOLWXLJXJSV-VUAGTGNDSA-N	CHEBI:66553	lactonamycin	ANTIBACTERIAL	lactonamycin	74f6cc8362498900f2fe2c13d0b6fdb66dd30976
XFRCVLKGZMPUFQ-SUIMNPQMSA-N	CHEBI:72666	(+)-phytocassane B	ANTIFUNGAL	phytocassane-b	74f6cc8362498900f2fe2c13d0b6fdb66dd30976
XFSOIGVOVJTBKR-ISCMDCNBSA-N	CHEBI:65748	desacetylpyramidaglain D	ANTIMYCOBACTERIAL	desacetylpyramidaglain-d	74f6cc8362498900f2fe2c13d0b6fdb66dd30976
XFZDFYYRUDDKBS-HZPDHXFCSA-N	CHEBI:66698	(3R,4R)-(−)-6-methoxy-1-oxo-3-n-pentyl-3,4-dihydro-1H-isochromen-4-yl-acetate	ANTIFUNGAL	3r-4r-6-methoxy-1-oxo-3-n-pentyl-3-4-dihydro-1h-isochromen-4-yl-acetat	74f6cc8362498900f2fe2c13d0b6fdb66dd30976
XGECDDPXIKFBTE-AUFVQPSPSA-N	CHEBI:77735	ossamycin	ANTIMICROBIAL_UNSPECIFIED	ossamycin	74f6cc8362498900f2fe2c13d0b6fdb66dd30976
XGECDDPXIKFBTE-WXJXXXITSA-N	CHEBI:66630	NK154183B	ANTIFUNGAL	nk154183b	74f6cc8362498900f2fe2c13d0b6fdb66dd30976
XGQJZNCFDLXSIJ-UHFFFAOYSA-N	CHEBI:17302	pentadecanal	ANTIMICROBIAL_UNSPECIFIED	pentadecanal	74f6cc8362498900f2fe2c13d0b6fdb66dd30976
XGVJWXAYKUHDOO-DANNLKNASA-N	CHEBI:6601	lycorine	ANTIPROTOZOAL	lycorine	74f6cc8362498900f2fe2c13d0b6fdb66dd30976
XHEFDIBZLJXQHF-UHFFFAOYSA-N	antibioticmech:curator-68713b9d28	Fisetin	ANTIBACTERIAL	fisetin	74f6cc8362498900f2fe2c13d0b6fdb66dd30976
XHYJPORPMFTSBP-YGRLFVJLSA-N	CHEBI:80955	eudistomin C	ANTIVIRAL	eudistomin-c	74f6cc8362498900f2fe2c13d0b6fdb66dd30976
XIEGSJAEZIGKSA-LUNMCBQDSA-N	CHEBI:77570	tropisetron hydrochloride	ANTIPROTOZOAL	tropisetron-hydrochloride	74f6cc8362498900f2fe2c13d0b6fdb66dd30976
XIRGHRXBGGPPKY-FCNCREMHSA-N	CHEBI:85646	avilamycin A	ANTIMICROBIAL_UNSPECIFIED	avilamycin-a	74f6cc8362498900f2fe2c13d0b6fdb66dd30976
XIRGHRXBGGPPKY-OTPQUNEMSA-N	antibioticmech:aro-e3f7a82f17	avilamycin	ANTIBACTERIAL	avilamycin	74f6cc8362498900f2fe2c13d0b6fdb66dd30976
XIUMMQJDWWYGHD-UHFFFAOYSA-N	CHEBI:66212	5,7,3',4'-tetrahydroxy-2'-(3,3-dimethylallyl)isoflavone	ANTIPROTOZOAL	5-7-3-4-tetrahydroxy-2-3-3-dimethylallyl-isoflavone	74f6cc8362498900f2fe2c13d0b6fdb66dd30976
XIURVHNZVLADCM-IUODEOHRSA-N	CHEBI:124991	cefalotin	ANTIBACTERIAL	cefalotin	74f6cc8362498900f2fe2c13d0b6fdb66dd30976
XJEKUKWZYMNSDW-XTXPVBGVSA-N	CHEBI:65736	1,2-dehydrogeissoschizoline	ANTIPROTOZOAL	1-2-dehydrogeissoschizoline	74f6cc8362498900f2fe2c13d0b6fdb66dd30976
XJHDMGJURBVLLE-BOCCBSBMSA-N	CHEBI:16363	α-santonin	ANTIFUNGAL	α-santonin	74f6cc8362498900f2fe2c13d0b6fdb66dd30976
XJHXLMVKYIVZTE-LOALFDMRSA-N	CHEBI:29556	chloroeremomycin	ANTIBACTERIAL	chloroeremomycin	74f6cc8362498900f2fe2c13d0b6fdb66dd30976
XJNAQZHMIAKQOK-UHFFFAOYSA-N	CHEBI:145998	N-(2-aminoethyl)-1-aziridine-ethanamine	ANTIVIRAL	n-2-aminoethyl-1-aziridine-ethanamine	74f6cc8362498900f2fe2c13d0b6fdb66dd30976
XJSFLOJWULLJQS-NGVXBBESSA-N	CHEBI:31739	josamycin	ANTIBACTERIAL	josamycin	74f6cc8362498900f2fe2c13d0b6fdb66dd30976
XKDGQMPLQPRTCS-HHPVDLARSA-N	CHEBI:65437	arisugacin C	ANTIMICROBIAL_UNSPECIFIED	arisugacin-c	74f6cc8362498900f2fe2c13d0b6fdb66dd30976
XKHXPTSUVPZYDW-UHFFFAOYSA-N	antibioticmech:curator-9e16033cea	CDK9-IN-2	ANTIBACTERIAL	cdk9-in-2	74f6cc8362498900f2fe2c13d0b6fdb66dd30976
XKLCDAACRKRTLY-UHFFFAOYSA-N	CHEBI:66373	2-(methyldithio)pyridine-N-oxide	ANTIBACTERIAL	2-methyldithio-pyridine-n-oxide	74f6cc8362498900f2fe2c13d0b6fdb66dd30976
XKPCUXOZLGRCDH-BJLXPSRBSA-N	antibioticmech:aro-940323dd61	formicamycin G	ANTIBACTERIAL	formicamycin-g	74f6cc8362498900f2fe2c13d0b6fdb66dd30976
XKSZJTQIZHUMGA-HPZFVNCBSA-N	CHEBI:72630	papulacandin D	ANTIFUNGAL	papulacandin-d	74f6cc8362498900f2fe2c13d0b6fdb66dd30976
XKTFQMCPGMTBMD-FYHMSGCOSA-N	CHEBI:25461	myxothiazole	ANTIFUNGAL	myxothiazole	74f6cc8362498900f2fe2c13d0b6fdb66dd30976
XLXKPBAXLAAHEN-WNMWLNICSA-N	CHEBI:171673	dutomycin	ANTIMICROBIAL_UNSPECIFIED	dutomycin	74f6cc8362498900f2fe2c13d0b6fdb66dd30976
XMAYWYJOQHXEEK-OZXSUGGESA-N	antibioticmech:aro-4655b07df9	ketoconazole	ANTIFUNGAL	ketoconazole	74f6cc8362498900f2fe2c13d0b6fdb66dd30976
XMIIGOLPHOKFCH-UHFFFAOYSA-N	CHEBI:28631	3-phenylpropionic acid	ANTIFUNGAL	3-phenylpropionic-acid	74f6cc8362498900f2fe2c13d0b6fdb66dd30976
XMLLJGHZPHTUKK-GAMIEDRGSA-N	CHEBI:229720	solasodine 3-β-D-glucoside	ANTIFUNGAL	solasodine-3-β-d-glucoside	74f6cc8362498900f2fe2c13d0b6fdb66dd30976
XMQVYNAURODYCQ-SLFBBCNNSA-N	CHEBI:51691	apalcillin	ANTIMICROBIAL_UNSPECIFIED	apalcillin	74f6cc8362498900f2fe2c13d0b6fdb66dd30976
XMVJITFPVVRMHC-UHFFFAOYSA-N	CHEBI:35817	roxarsone	ANTIBACTERIAL	roxarsone	74f6cc8362498900f2fe2c13d0b6fdb66dd30976
XNBFNPXGEIQVBJ-HUBRGWSESA-N	CHEBI:83155	adenosine 5'-hexadecylphosphate	ANTIFUNGAL	adenosine-5-hexadecylphosphate	74f6cc8362498900f2fe2c13d0b6fdb66dd30976
XNBIEFNBLNDRGW-UHFFFAOYSA-N	antibioticmech:aro-1d2367825f	klebsidin	ANTIBACTERIAL	klebsidin	74f6cc8362498900f2fe2c13d0b6fdb66dd30976
XNFBOJFRJTXMJL-OZXCYFAESA-N	CHEBI:65651	colossolactone VIII	ANTIVIRAL	colossolactone-viii	74f6cc8362498900f2fe2c13d0b6fdb66dd30976
XNIDEUYQVRRKJJ-FZPNTLRJSA-N	CHEBI:67927	astragalin heptaacetate	ANTIPROTOZOAL	astragalin-heptaacetate	74f6cc8362498900f2fe2c13d0b6fdb66dd30976
XNKLLVCARDGLGL-JGVFFNPUSA-N	CHEBI:63581	stavudine	ANTIVIRAL	stavudine	74f6cc8362498900f2fe2c13d0b6fdb66dd30976
XNQAJERZSLDENY-UHFFFAOYSA-N	CHEBI:66461	semicochliodinol A	ANTIVIRAL	semicochliodinol-a	74f6cc8362498900f2fe2c13d0b6fdb66dd30976
XNUMKBHURGKYTO-JWSDNSILSA-N	CHEBI:180645	2CN113	ANTIVIRAL	2cn113	74f6cc8362498900f2fe2c13d0b6fdb66dd30976
XNXBBAVPDDPLJE-IUFVKNBISA-N	CHEBI:66801	oblonganoside A	ANTIVIRAL	oblonganoside-a	74f6cc8362498900f2fe2c13d0b6fdb66dd30976
XNYZHCFCZNMTFY-UHFFFAOYSA-N	CHEBI:81724	diminazene	ANTIPROTOZOAL	diminazene	74f6cc8362498900f2fe2c13d0b6fdb66dd30976
XNYZHCFCZNMTFY-UHFFFAOYSA-P	CHEBI:82614	diminazene(2+)	ANTIPROTOZOAL	diminazene-2	74f6cc8362498900f2fe2c13d0b6fdb66dd30976
XOEUHCONYHZURQ-HNUBZJOYSA-N	CHEBI:131719	flurithromycin	ANTIBACTERIAL	flurithromycin	74f6cc8362498900f2fe2c13d0b6fdb66dd30976
XOKJUSAYZUAMGJ-WOUKDFQISA-N	CHEBI:134606	toyocamycin	ANTIFUNGAL	toyocamycin	74f6cc8362498900f2fe2c13d0b6fdb66dd30976
XOMNYGJNLZNDOL-UHFFFAOYSA-N	CHEBI:65864	erylatissin B	ANTIMICROBIAL_UNSPECIFIED	erylatissin-b	74f6cc8362498900f2fe2c13d0b6fdb66dd30976
XOXHILFPRYWFOD-UHFFFAOYSA-N	CHEBI:59057	sulfachloropyridazine	ANTIBACTERIAL	sulfachloropyridazine	74f6cc8362498900f2fe2c13d0b6fdb66dd30976
XPEVLOSUULAUFH-AHHVVZNJSA-N	CHEBI:66672	2α-hydroxymaprounic acid 2,3-bis-p-hydroxybenzoate	ANTIVIRAL	2α-hydroxymaprounic-acid-2-3-bis-p-hydroxybenzoate	74f6cc8362498900f2fe2c13d0b6fdb66dd30976
XPGFAFLAVZYSFJ-AJNNAGPSSA-N	CHEBI:69221	fatsicarpain F	ANTIBACTERIAL	fatsicarpain-f	74f6cc8362498900f2fe2c13d0b6fdb66dd30976
XPOQHMRABVBWPR-ZDUSSCGKSA-N	CHEBI:119486	efavirenz	ANTIVIRAL	efavirenz	74f6cc8362498900f2fe2c13d0b6fdb66dd30976
XPRZAEWSYWTDSQ-UHFFFAOYSA-N	CHEBI:91021	S-propyl propanethiosulfinate	ANTIBACTERIAL	s-propyl-propanethiosulfinate	74f6cc8362498900f2fe2c13d0b6fdb66dd30976
XPZQBSCTDLGDBP-UHFFFAOYSA-N	CHEBI:15712	2,3-dihydrobiochanin A	ANTIFUNGAL	2-3-dihydrobiochanin-a	74f6cc8362498900f2fe2c13d0b6fdb66dd30976
XQATUTRQDIODTL-UGFHNGPFSA-N	CHEBI:66556	debromolaurinterol	ANTIMICROBIAL_UNSPECIFIED	debromolaurinterol	74f6cc8362498900f2fe2c13d0b6fdb66dd30976
XQFRJNBWHJMXHO-RRKCRQDMSA-N	CHEBI:147675	5-iodo-2'-deoxyuridine	ANTIVIRAL	5-iodo-2-deoxyuridine	74f6cc8362498900f2fe2c13d0b6fdb66dd30976
XQJJKTZLLUVWBB-RTPDCJFMSA-N	antibioticmech:aro-b8680d8080	tartrolon A	ANTIBACTERIAL	tartrolon-a	74f6cc8362498900f2fe2c13d0b6fdb66dd30976
XQLJWQWRTLHKGO-UHFFFAOYSA-N	CHEBI:65943	7-O-galloyltricetiflavan	ANTIVIRAL	7-o-galloyltricetiflavan	74f6cc8362498900f2fe2c13d0b6fdb66dd30976
XQMOGUIQWMFPBF-UHFFFAOYSA-N	CHEBI:66253	topopyrone B	ANTIVIRAL	topopyrone-b	74f6cc8362498900f2fe2c13d0b6fdb66dd30976
XQSOLGAZPINGFW-RTWAWAEBSA-N	antibioticmech:aro-e9b96b6d23	dragmacidin A	ANTIBACTERIAL	dragmacidin-a	74f6cc8362498900f2fe2c13d0b6fdb66dd30976
XQSPYNMVSIKCOC-NTSWFWBYSA-N	CHEBI:31536	emtricitabine	ANTIVIRAL	emtricitabine	74f6cc8362498900f2fe2c13d0b6fdb66dd30976
XQTLDIFVVHJORV-UHFFFAOYSA-N	CHEBI:82044	tecnazene	ANTIFUNGAL	tecnazene	74f6cc8362498900f2fe2c13d0b6fdb66dd30976
XQTWDDCIUJNLTR-CVHRZJFOSA-N	CHEBI:60648	doxycycline monohydrate	ANTIBACTERIAL	doxycycline-monohydrate	74f6cc8362498900f2fe2c13d0b6fdb66dd30976
XQZUWQQUDZZOHA-ZULIPRJHSA-N	CHEBI:66459	3,4-secoisopimara-4(18),7,15-triene-3-oic acid	ANTIBACTERIAL	3-4-secoisopimara-4-18-7-15-triene-3-oic-acid	74f6cc8362498900f2fe2c13d0b6fdb66dd30976
XRECTZIEBJDKEO-UHFFFAOYSA-N	CHEBI:5100	flucytosine	ANTIFUNGAL	flucytosine	74f6cc8362498900f2fe2c13d0b6fdb66dd30976
XREUEWVEMYWFFA-CSKJXFQVSA-N	CHEBI:31359	carminomycin	ANTIMICROBIAL_UNSPECIFIED	carminomycin	74f6cc8362498900f2fe2c13d0b6fdb66dd30976
XRJLAOUDSILTFT-UHFFFAOYSA-N	CHEBI:45141	pyroquilon	ANTIFUNGAL	pyroquilon	74f6cc8362498900f2fe2c13d0b6fdb66dd30976
XRQDFNLINLXZLB-CKIKVBCHSA-N	CHEBI:85202	peramivir	ANTIVIRAL	peramivir	74f6cc8362498900f2fe2c13d0b6fdb66dd30976
XRWVZSPWRNDJNS-UHFFFAOYSA-N	CHEBI:65897	flavaspidic acid AB	ANTIBACTERIAL	flavaspidic-acid-ab	74f6cc8362498900f2fe2c13d0b6fdb66dd30976
XRYVAQQLDYTHCL-CMJOXMDJSA-N	CHEBI:50209	sophoraflavanone G	ANTIPROTOZOAL	sophoraflavanone-g	74f6cc8362498900f2fe2c13d0b6fdb66dd30976
XSCGXQMFQXDFCW-UHFFFAOYSA-N	CHEBI:9711	triflupromazine	ANTIVIRAL	triflupromazine	74f6cc8362498900f2fe2c13d0b6fdb66dd30976
XSESHFKIXVTLOJ-CIUDSAMLSA-N	CHEBI:172375	pantocin A	ANTIBACTERIAL	pantocin-a	74f6cc8362498900f2fe2c13d0b6fdb66dd30976
XSEUMFJMFFMCIU-UHFFFAOYSA-N	CHEBI:3209	buformin	ANTIVIRAL	buformin	74f6cc8362498900f2fe2c13d0b6fdb66dd30976
XSIFPSYPOVKYCO-UHFFFAOYSA-N	CHEBI:156070	butyl benzoate	BIOCIDE	butyl-benzoate	74f6cc8362498900f2fe2c13d0b6fdb66dd30976
XSPUSVIQHBDITA-RKYNPMAHSA-N	CHEBI:135776	cefteram	ANTIBACTERIAL	cefteram	74f6cc8362498900f2fe2c13d0b6fdb66dd30976
XSSYCIGJYCVRRK-RQJHMYQMSA-N	CHEBI:421843	(−)-carbovir	ANTIVIRAL	carbovir	74f6cc8362498900f2fe2c13d0b6fdb66dd30976
XTDZGXBTXBEZDN-UHFFFAOYSA-N	antibioticmech:aro-5fd4e54f15	isopyrazam	ANTIFUNGAL	isopyrazam	74f6cc8362498900f2fe2c13d0b6fdb66dd30976
XTQWRNIJLVUYJY-ZFMPSFEPSA-N	CHEBI:65570	caminoside A	ANTIBACTERIAL	caminoside-a	74f6cc8362498900f2fe2c13d0b6fdb66dd30976
XTUQWMCQNLFDOX-UHFFFAOYSA-N	antibioticmech:aro-48bb80f5a5	dragmacidin D	ANTIBACTERIAL	dragmacidin-d	74f6cc8362498900f2fe2c13d0b6fdb66dd30976
XUBJLJZOSKJNMY-UHFFFAOYSA-N	CHEBI:65964	gilvusmycin	ANTIMICROBIAL_UNSPECIFIED	gilvusmycin	74f6cc8362498900f2fe2c13d0b6fdb66dd30976
XUBOMFCQGDBHNK-JTQLQIEISA-N	CHEBI:53562	(S)-gatifloxacin	ANTIMICROBIAL_UNSPECIFIED	s-gatifloxacin	74f6cc8362498900f2fe2c13d0b6fdb66dd30976
XUBOMFCQGDBHNK-SNVBAGLBSA-N	CHEBI:53560	(R)-gatifloxacin	ANTIMICROBIAL_UNSPECIFIED	r-gatifloxacin	74f6cc8362498900f2fe2c13d0b6fdb66dd30976
XUBOMFCQGDBHNK-UHFFFAOYSA-N	CHEBI:5280	gatifloxacin	ANTIBACTERIAL	gatifloxacin	74f6cc8362498900f2fe2c13d0b6fdb66dd30976
XUFIWSHGXVLULG-JYDJLPLMSA-N	CHEBI:28292	gentamycin C2	ANTIMICROBIAL_UNSPECIFIED	gentamycin-c2	74f6cc8362498900f2fe2c13d0b6fdb66dd30976
XUFSGVREMRKLBR-UHFFFAOYSA-N	CHEBI:66823	ophioglonin	ANTIVIRAL	ophioglonin	74f6cc8362498900f2fe2c13d0b6fdb66dd30976
XUHLIQGRKRUKPH-DYEAUMGKSA-N	CHEBI:132987	alliin zwitterion	ANTIMICROBIAL_UNSPECIFIED	alliin-zwitterion	74f6cc8362498900f2fe2c13d0b6fdb66dd30976
XUHLIQGRKRUKPH-DYEAUMGKSA-N	CHEBI:2596	alliin	ANTIMICROBIAL_UNSPECIFIED	alliin	74f6cc8362498900f2fe2c13d0b6fdb66dd30976
XUMJIMYIZJLITA-TZVJEUQOSA-N	CHEBI:72477	halistanol sulfonic acid F	ANTIVIRAL	halistanol-sulfonic-acid-f	74f6cc8362498900f2fe2c13d0b6fdb66dd30976
XUQQRGKFXLAPNV-UHFFFAOYSA-N	CHEBI:141152	metyltetraprole	ANTIFUNGAL	metyltetraprole	74f6cc8362498900f2fe2c13d0b6fdb66dd30976
XUSXOPRDIDWMFO-CTMSJIKGSA-N	antibioticmech:aro-e52262d6b8	verdamicin	ANTIBACTERIAL	verdamicin	74f6cc8362498900f2fe2c13d0b6fdb66dd30976
XUYJLQHKOGNDPB-UHFFFAOYSA-N	CHEBI:15732	phosphonoacetic acid	ANTIVIRAL	phosphonoacetic-acid	74f6cc8362498900f2fe2c13d0b6fdb66dd30976
XUZMWHLSFXCVMG-UHFFFAOYSA-N	CHEBI:95341	baricitinib	ANTIVIRAL	baricitinib	74f6cc8362498900f2fe2c13d0b6fdb66dd30976
XVBIZWCWDZDOMC-DTNXCNQSSA-N	CHEBI:219375	reedsmycin C	ANTIFUNGAL	reedsmycin-c	74f6cc8362498900f2fe2c13d0b6fdb66dd30976
XVBIZWCWDZDOMC-KHGBDAPZSA-N	CHEBI:219380	reedsmycin D	ANTIFUNGAL	reedsmycin-d	74f6cc8362498900f2fe2c13d0b6fdb66dd30976
XVBIZWCWDZDOMC-UEPNLKFNSA-N	CHEBI:219367	reedsmycin B	ANTIFUNGAL	reedsmycin-b	74f6cc8362498900f2fe2c13d0b6fdb66dd30976
XVBIZWCWDZDOMC-VNYSJGGHSA-N	CHEBI:219363	reedsmycin A	ANTIFUNGAL	reedsmycin-a	74f6cc8362498900f2fe2c13d0b6fdb66dd30976
XVBIZWCWDZDOMC-ZIDJWUOVSA-N	CHEBI:219386	reedsmycin E	ANTIFUNGAL	reedsmycin-e	74f6cc8362498900f2fe2c13d0b6fdb66dd30976
XVEOIKIXOSKAFL-BJASISCMSA-N	CHEBI:72664	(+)-phytocassane A	ANTIFUNGAL	phytocassane-a	74f6cc8362498900f2fe2c13d0b6fdb66dd30976
XVMLDDFWHNGJME-UHFFFAOYSA-N	CHEBI:65470	bauhinoxepin F	ANTIMYCOBACTERIAL	bauhinoxepin-f	74f6cc8362498900f2fe2c13d0b6fdb66dd30976
XVULBTBTFGYVRC-HHUCQEJWSA-N	CHEBI:9053	sclareol	ANTIFUNGAL	sclareol	74f6cc8362498900f2fe2c13d0b6fdb66dd30976
XWCFYHBHOFBVIV-JWKOBGCHSA-N	CHEBI:18065	deacetylcephalosporin C	ANTIMICROBIAL_UNSPECIFIED	deacetylcephalosporin-c	74f6cc8362498900f2fe2c13d0b6fdb66dd30976
XWEFVEFGSLLUFG-LKAUHASFSA-N	CHEBI:67873	pedunculosumoside A	ANTIVIRAL	pedunculosumoside-a	74f6cc8362498900f2fe2c13d0b6fdb66dd30976
XWFNYKWKDWAAMZ-OWYCYUENSA-N	CHEBI:65648	cochinchinone C	ANTIPROTOZOAL	cochinchinone-c	74f6cc8362498900f2fe2c13d0b6fdb66dd30976
XWHLKURAEUPHAB-UHFFFAOYSA-N	CHEBI:133757	fonsecinone C	ANTIBACTERIAL	fonsecinone-c	74f6cc8362498900f2fe2c13d0b6fdb66dd30976
XWKHPPWOUIGVPT-SLZMIMFISA-N	CHEBI:66406	motualevic acid F	ANTIBACTERIAL	motualevic-acid-f	74f6cc8362498900f2fe2c13d0b6fdb66dd30976
XWNMORIHKRROGW-UHFFFAOYSA-N	CHEBI:131785	Ro 5-3335	ANTIVIRAL	ro-5-3335	74f6cc8362498900f2fe2c13d0b6fdb66dd30976
XWOHZIIPBYAMJX-KHBMLBSESA-N	CHEBI:195298	loganetin	ANTIBACTERIAL	loganetin	74f6cc8362498900f2fe2c13d0b6fdb66dd30976
XWPZUHJBOLQNMN-UHFFFAOYSA-N	CHEBI:81773	metconazole	ANTIFUNGAL	metconazole	74f6cc8362498900f2fe2c13d0b6fdb66dd30976
XXCKFFAFJMNLBC-YSLWDUGSSA-N	CHEBI:29076	3''-adenylylstreptomycin	ANTIMICROBIAL_UNSPECIFIED	3-adenylylstreptomycin	74f6cc8362498900f2fe2c13d0b6fdb66dd30976
XXHMZNPASHQZPM-UHFFFAOYSA-N	CHEBI:66638	nothramicin	ANTIMYCOBACTERIAL	nothramicin	74f6cc8362498900f2fe2c13d0b6fdb66dd30976
XXIKKMLIDXLAIK-RFKFVWFBSA-N	CHEBI:76293	azadirone	ANTIPROTOZOAL	azadirone	74f6cc8362498900f2fe2c13d0b6fdb66dd30976
XXLZPUYGHQWHRN-RPBOFIJWSA-N	CHEBI:149634	dehydroemetine	ANTIPROTOZOAL	dehydroemetine	74f6cc8362498900f2fe2c13d0b6fdb66dd30976
XXPDBLUZJRXNNZ-UHFFFAOYSA-N	CHEBI:8462	promethazine hydrochloride	ANTIVIRAL	promethazine-hydrochloride	74f6cc8362498900f2fe2c13d0b6fdb66dd30976
XXROGKLTLUQVRX-UHFFFAOYSA-N	CHEBI:16605	allyl alcohol	ANTIBACTERIAL	allyl-alcohol	74f6cc8362498900f2fe2c13d0b6fdb66dd30976
XXSMGPRMXLTPCZ-UHFFFAOYSA-N	CHEBI:5801	hydroxychloroquine	ANTIPROTOZOAL	hydroxychloroquine	74f6cc8362498900f2fe2c13d0b6fdb66dd30976
XXUXXCZCUGIGPP-UHFFFAOYSA-N	CHEBI:172596	nifursol	ANTIMICROBIAL_UNSPECIFIED	nifursol	74f6cc8362498900f2fe2c13d0b6fdb66dd30976
XYIBRDXRRQCHLP-UHFFFAOYSA-N	CHEBI:4893	ethyl acetoacetate	ANTIBACTERIAL	ethyl-acetoacetate	74f6cc8362498900f2fe2c13d0b6fdb66dd30976
XYJOGTQLTFNMQG-KJHBSLKPSA-N	CHEBI:31753	leucomycin V	ANTIMICROBIAL_UNSPECIFIED	leucomycin-v	74f6cc8362498900f2fe2c13d0b6fdb66dd30976
XZKWIPVTHGWDCF-KUZYQSSXSA-N	CHEBI:59649	amorolfine hydrochloride	ANTIFUNGAL	amorolfine-hydrochloride	74f6cc8362498900f2fe2c13d0b6fdb66dd30976
XZMCIUKVFDRUPM-UHFFFAOYSA-N	CHEBI:233600	quinaminoprole	ANTIFUNGAL	quinaminoprole	74f6cc8362498900f2fe2c13d0b6fdb66dd30976
XZNUGFQTQHRASN-XQENGBIVSA-N	CHEBI:2790	apramycin	ANTIBACTERIAL	apramycin	74f6cc8362498900f2fe2c13d0b6fdb66dd30976
YABJJWZLRMPFSI-UHFFFAOYSA-N	CHEBI:91451	CHIR-265	ANTIVIRAL	chir-265	74f6cc8362498900f2fe2c13d0b6fdb66dd30976
YACHGFWEQXFSBS-XYERBDPFSA-N	CHEBI:52646	leptomycin B	ANTIFUNGAL	leptomycin-b	74f6cc8362498900f2fe2c13d0b6fdb66dd30976
YBHILYKTIRIUTE-UHFFFAOYSA-N	CHEBI:16118	berberine	ANTIFUNGAL	berberine	74f6cc8362498900f2fe2c13d0b6fdb66dd30976
YBVNFKZSMZGRAD-UHFFFAOYSA-N	CHEBI:7977	pentamidine isethionate	ANTIPROTOZOAL	pentamidine-isethionate	74f6cc8362498900f2fe2c13d0b6fdb66dd30976
YCWQAMGASJSUIP-YFKPBYRVSA-N	CHEBI:138889	6-diazo-5-oxo-L-norleucine	ANTIBACTERIAL	6-diazo-5-oxo-l-norleucine	74f6cc8362498900f2fe2c13d0b6fdb66dd30976
YCWSUKQGVSGXJO-NTUHNPAUSA-N	CHEBI:135136	nifuroxazide	ANTIBACTERIAL	nifuroxazide	74f6cc8362498900f2fe2c13d0b6fdb66dd30976
YDOSHXAMLRSCKS-IPANDGBHSA-N	CHEBI:171660	inuloxin A	ANTIFUNGAL	inuloxin-a	74f6cc8362498900f2fe2c13d0b6fdb66dd30976
YECWTLGLNDDPGE-PIFXLSLCSA-N	CHEBI:39147	trichostatin C	ANTIMICROBIAL_UNSPECIFIED	trichostatin-c	74f6cc8362498900f2fe2c13d0b6fdb66dd30976
YECWTLGLNDDPGE-YPBJGXFISA-N	CHEBI:39160	trichostatin D	ANTIMICROBIAL_UNSPECIFIED	trichostatin-d	74f6cc8362498900f2fe2c13d0b6fdb66dd30976
YEIXSARWQBTGKU-IQEICKHKSA-N	CHEBI:66158	salzmannianoside B	ANTIFUNGAL	salzmannianoside-b	74f6cc8362498900f2fe2c13d0b6fdb66dd30976
YEJGPFZQLRMXOI-PKEIRNPWSA-N	CHEBI:81799	diclocymet	ANTIFUNGAL	diclocymet	74f6cc8362498900f2fe2c13d0b6fdb66dd30976
YEVSOYBNHBOQJZ-GCTRCSCRSA-N	CHEBI:134347	glandicoline B	ANTIBACTERIAL	glandicoline-b	74f6cc8362498900f2fe2c13d0b6fdb66dd30976
YFAGHNZHGGCZAX-JKIFEVAISA-N	CHEBI:4511	dicloxacillin	ANTIBACTERIAL	dicloxacillin	74f6cc8362498900f2fe2c13d0b6fdb66dd30976
YFCZLXRIKFCQFU-BUHFOSPRSA-N	CHEBI:66230	tianshic acid	ANTIFUNGAL	tianshic-acid	74f6cc8362498900f2fe2c13d0b6fdb66dd30976
YFNCATAIYKQPOO-UHFFFAOYSA-N	CHEBI:82060	thiophanate	ANTIFUNGAL	thiophanate	74f6cc8362498900f2fe2c13d0b6fdb66dd30976
YFZBONHCMBXFDD-JVRYRRRMSA-N	CHEBI:201384	sartorypyrone D	ANTIBACTERIAL	sartorypyrone-d	74f6cc8362498900f2fe2c13d0b6fdb66dd30976
YGBFLZPYDUKSPT-MRVPVSSYSA-N	CHEBI:23064	cephalosporanic acid	ANTIMICROBIAL_UNSPECIFIED	cephalosporanic-acid	74f6cc8362498900f2fe2c13d0b6fdb66dd30976
YGLNWHGPOZHVMV-BHZFYAMWSA-N	CHEBI:65108	γ-L-glutamylbutirosin B	ANTIMICROBIAL_UNSPECIFIED	γ-l-glutamylbutirosin-b	74f6cc8362498900f2fe2c13d0b6fdb66dd30976
YGSDEFSMJLZEOE-UHFFFAOYSA-N	CHEBI:16914	salicylic acid	ANTIFUNGAL	salicylic-acid	74f6cc8362498900f2fe2c13d0b6fdb66dd30976
YGXCETJZBDTKRY-DZCVGBHJSA-N	CHEBI:8417	pristinamycin IA	ANTIBACTERIAL	pristinamycin-ia	74f6cc8362498900f2fe2c13d0b6fdb66dd30976
YGXCETJZBDTKRY-FULBRLTBSA-N	antibioticmech:aro-f4906250fc	ostreogrycin B3	ANTIBACTERIAL	ostreogrycin-b3	74f6cc8362498900f2fe2c13d0b6fdb66dd30976
YHGQVXFIJGWOFP-UHFFFAOYSA-N	CHEBI:144088	bromotopsentin	ANTIVIRAL	bromotopsentin	74f6cc8362498900f2fe2c13d0b6fdb66dd30976
YHHSPPDBQDMAPZ-XPWFQUROSA-N	CHEBI:140314	5'-triphosphoadenylyl-(2'→5')-adenosine	ANTIVIRAL	5-triphosphoadenylyl-2-5-adenosine	74f6cc8362498900f2fe2c13d0b6fdb66dd30976
YHIHFKAEJAVELI-UHFFFAOYSA-N	CHEBI:74723	3,6-diaminoacridine dihydrochloride	ANTIBACTERIAL	3-6-diaminoacridine-dihydrochloride	74f6cc8362498900f2fe2c13d0b6fdb66dd30976
YHNNUDUEGSHVGJ-UHFFFAOYSA-N	CHEBI:140779	1,3,6,8-tetraazatricyclo[4,4,1,13,8]dodecane	BIOCIDE	1-3-6-8-tetraazatricyclo-4-4-1-13-8-dodecane	74f6cc8362498900f2fe2c13d0b6fdb66dd30976
YHSKJPXGXIYLHB-OTNPUQRPSA-N	CHEBI:61739	aureobasidin A	ANTIMICROBIAL_UNSPECIFIED	aureobasidin-a	74f6cc8362498900f2fe2c13d0b6fdb66dd30976
YIBOMRUWOWDFLG-ONEGZZNKSA-N	CHEBI:68606	rilpivirine	ANTIVIRAL	rilpivirine	74f6cc8362498900f2fe2c13d0b6fdb66dd30976
YIJXUKFDZCRZIC-MYOGCEHNSA-N	CHEBI:77908	GM 193663	ANTIFUNGAL	gm-193663	74f6cc8362498900f2fe2c13d0b6fdb66dd30976
YIKWKLYQRFRGPM-UHFFFAOYSA-N	CHEBI:74889	1-dodecylguanidine acetate	ANTIBACTERIAL	1-dodecylguanidine-acetate	74f6cc8362498900f2fe2c13d0b6fdb66dd30976
YIMPDIICGCPBOQ-BDZANIHZSA-N	CHEBI:65650	colossolactone VII	ANTIVIRAL	colossolactone-vii	74f6cc8362498900f2fe2c13d0b6fdb66dd30976
YIMYDHUFVYSTEY-WUWQZELJSA-N	CHEBI:66233	TMC-135B	ANTIMICROBIAL_UNSPECIFIED	tmc-135b	74f6cc8362498900f2fe2c13d0b6fdb66dd30976
YIQKVCDNUFDAHB-HKKVUVRFSA-N	CHEBI:65856	5α-epoxyalantolactone	ANTIMYCOBACTERIAL	5α-epoxyalantolactone	74f6cc8362498900f2fe2c13d0b6fdb66dd30976
YIQPUIGJQJDJOS-UHFFFAOYSA-N	CHEBI:125354	plerixafor	ANTIVIRAL	plerixafor	74f6cc8362498900f2fe2c13d0b6fdb66dd30976
YJEJKUQEXFSVCJ-WRFMNRASSA-N	CHEBI:65484	bevirimat	ANTIVIRAL	bevirimat	74f6cc8362498900f2fe2c13d0b6fdb66dd30976
YJIHLYMLQOIPEU-UHFFFAOYSA-N	CHEBI:66409	multiorthoquinone	ANTIMYCOBACTERIAL	multiorthoquinone	74f6cc8362498900f2fe2c13d0b6fdb66dd30976
YJKQLKAAMAXUDU-LRBOKHHASA-N	CHEBI:65593	caseargrewiin B	ANTIMYCOBACTERIAL	caseargrewiin-b	74f6cc8362498900f2fe2c13d0b6fdb66dd30976
YJQCOFNZVFGCAF-ACCUITESSA-N	antibioticmech:aro-be005cca98	tunicamycin	ANTIBACTERIAL	tunicamycin	74f6cc8362498900f2fe2c13d0b6fdb66dd30976
YJQCOFNZVFGCAF-LLXUUZRASA-N	CHEBI:64245	tunicamycin A1	ANTIMICROBIAL_UNSPECIFIED	tunicamycin-a1	74f6cc8362498900f2fe2c13d0b6fdb66dd30976
YJQPYGGHQPGBLI-KGSXXDOSSA-N	CHEBI:28368	novobiocin	ANTIBACTERIAL	novobiocin	74f6cc8362498900f2fe2c13d0b6fdb66dd30976
YJXDGWUNRYLINJ-BHAPSIHVSA-N	CHEBI:65954	gedunin	ANTIPROTOZOAL	gedunin	74f6cc8362498900f2fe2c13d0b6fdb66dd30976
YKJYKKNCCRKFSL-RDBSUJKOSA-N	CHEBI:338412	(−)-anisomycin	ANTIVIRAL	anisomycin	74f6cc8362498900f2fe2c13d0b6fdb66dd30976
YKLXDAWPGVZXKC-NMNDIUEASA-N	CHEBI:65728	decatromicin A	ANTIBACTERIAL	decatromicin-a	74f6cc8362498900f2fe2c13d0b6fdb66dd30976
YKMONJZIUAOVEM-WDSKDSINSA-N	CHEBI:46764	1β-methylcarbapenem	ANTIBACTERIAL	1β-methylcarbapenem	74f6cc8362498900f2fe2c13d0b6fdb66dd30976
YKRQBWKLHCEKQH-UHFFFAOYSA-N	antibioticmech:aro-2c567f176b	phenamacril	ANTIFUNGAL	phenamacril	74f6cc8362498900f2fe2c13d0b6fdb66dd30976
YKUCHDXIBAQWSF-UHFFFAOYSA-N	CHEBI:165218	methyl 3-hydroxybenzoate	ANTIBACTERIAL	methyl-3-hydroxybenzoate	74f6cc8362498900f2fe2c13d0b6fdb66dd30976
YLMAHDNUQAMNNX-UHFFFAOYSA-N	CHEBI:31690	imatinib methanesulfonate	ANTIVIRAL	imatinib-methanesulfonate	74f6cc8362498900f2fe2c13d0b6fdb66dd30976
YLTPWCZXKJSORQ-GYCJOSAFSA-N	CHEBI:66559	leachianone A	ANTIPROTOZOAL	leachianone-a	74f6cc8362498900f2fe2c13d0b6fdb66dd30976
YLWQKYSDNGHLAO-PWRINDRCSA-N	CHEBI:65529	bruceolide	ANTIPROTOZOAL	bruceolide	74f6cc8362498900f2fe2c13d0b6fdb66dd30976
YMARZQAQMVYCKC-OEMFJLHTSA-N	CHEBI:40050	amprenavir	ANTIVIRAL	amprenavir	74f6cc8362498900f2fe2c13d0b6fdb66dd30976
YMDCFNDLUOCAGK-WTKRVALCSA-N	CHEBI:65933	furanocandin	ANTIFUNGAL	furanocandin	74f6cc8362498900f2fe2c13d0b6fdb66dd30976
YMDXZJFXQJVXBF-STHAYSLISA-M	CHEBI:62247	(1R,2S)-epoxypropylphosphonate(1−)	ANTIMICROBIAL_UNSPECIFIED	1r-2s-epoxypropylphosphonate-1	74f6cc8362498900f2fe2c13d0b6fdb66dd30976
YMDXZJFXQJVXBF-STHAYSLISA-N	CHEBI:28915	fosfomycin	ANTIBACTERIAL	fosfomycin	74f6cc8362498900f2fe2c13d0b6fdb66dd30976
YMMHDITUHQNNKU-DKTKHUEWSA-N	CHEBI:66216	tetrahydroxysqualene	ANTIMYCOBACTERIAL	tetrahydroxysqualene	74f6cc8362498900f2fe2c13d0b6fdb66dd30976
YMPFBLQGUNEWQH-FLZIPAQVSA-K	CHEBI:65996	halistanol sulfate F	ANTIVIRAL	halistanol-sulfate-f	74f6cc8362498900f2fe2c13d0b6fdb66dd30976
YNCMLFHHXWETLD-UHFFFAOYSA-N	CHEBI:8653	pyocyanine	ANTIBACTERIAL	pyocyanine	74f6cc8362498900f2fe2c13d0b6fdb66dd30976
YNCRAYSPLQSJIP-JHNPATRKSA-N	CHEBI:82809	agrocin 84	ANTIMICROBIAL_UNSPECIFIED	agrocin-84	74f6cc8362498900f2fe2c13d0b6fdb66dd30976
YNVJOQCPHWKWSO-ZBVBGGFBSA-N	CHEBI:76173	pallidol	ANTIFUNGAL	pallidol	74f6cc8362498900f2fe2c13d0b6fdb66dd30976
YNWVFADWVLCOPU-MAUPQMMJSA-N	CHEBI:81785	uniconazole P	ANTIFUNGAL	uniconazole-p	74f6cc8362498900f2fe2c13d0b6fdb66dd30976
YOKBTBNVNCFOBF-QWHCGFSZSA-N	CHEBI:65465	bassiatin	ANTIMICROBIAL_UNSPECIFIED	bassiatin	74f6cc8362498900f2fe2c13d0b6fdb66dd30976
YOOVTUPUBVHMPG-LODYRLCVSA-N	CHEBI:16213	coformycin	ANTIMICROBIAL_UNSPECIFIED	coformycin	74f6cc8362498900f2fe2c13d0b6fdb66dd30976
YOWBCRNBOMRTPW-NPIRVHPYSA-N	CHEBI:65364	15-acetoxyorbiculin G	ANTIMYCOBACTERIAL	15-acetoxyorbiculin-g	74f6cc8362498900f2fe2c13d0b6fdb66dd30976
YPBATNHYBCGSSN-VWPFQQQWSA-N	CHEBI:6919	mezlocillin	ANTIBACTERIAL	mezlocillin	74f6cc8362498900f2fe2c13d0b6fdb66dd30976
YPHMISFOHDHNIV-FSZOTQKASA-N	CHEBI:27641	cycloheximide	ANTIFUNGAL	cycloheximide	74f6cc8362498900f2fe2c13d0b6fdb66dd30976
YPKFJNUZFFXJND-XFKCSEFZSA-N	antibioticmech:aro-e523675af2	corbomycin	ANTIBACTERIAL	corbomycin	74f6cc8362498900f2fe2c13d0b6fdb66dd30976
YPPFEJHOHNPKLT-PBSUHMDJSA-N	CHEBI:73686	nebramycin 5'	ANTIMICROBIAL_UNSPECIFIED	nebramycin-5	74f6cc8362498900f2fe2c13d0b6fdb66dd30976
YQDGWZZYGYKDLR-UZVLBLASSA-K	CHEBI:28148	sodium stibogluconate	ANTIPROTOZOAL	sodium-stibogluconate	74f6cc8362498900f2fe2c13d0b6fdb66dd30976
YQESGDRIAQDEQE-ONNBHGNJSA-N	CHEBI:72668	(+)-phytocassane C	ANTIFUNGAL	phytocassane-c	74f6cc8362498900f2fe2c13d0b6fdb66dd30976
YQNQNVDNTFHQSW-UHFFFAOYSA-N	antibioticmech:aro-f198f10971	nitazoxanide	ANTIBACTERIAL	nitazoxanide	74f6cc8362498900f2fe2c13d0b6fdb66dd30976
YQSUNUWAYVGFKR-DIMVSIEISA-N	antibioticmech:aro-5c527c4696	cervimycin D	ANTIBACTERIAL	cervimycin-d	74f6cc8362498900f2fe2c13d0b6fdb66dd30976
YQYJSBFKSSDGFO-IIHALWDASA-N	CHEBI:69414	hygromycin A	ANTIBACTERIAL	hygromycin-a	74f6cc8362498900f2fe2c13d0b6fdb66dd30976
YQYKMOMCJFNBBQ-MJSFJGRCSA-N	CHEBI:65895	fattiviracin A1	ANTIVIRAL	fattiviracin-a1	74f6cc8362498900f2fe2c13d0b6fdb66dd30976
YRHHFFMCCMEVTR-GBXJYZSASA-N	CHEBI:66186	talosin A	ANTIFUNGAL	talosin-a	74f6cc8362498900f2fe2c13d0b6fdb66dd30976
YRRBXJLFCBCKNW-UHFFFAOYSA-N	CHEBI:82084	prothiocarb	ANTIFUNGAL	prothiocarb	74f6cc8362498900f2fe2c13d0b6fdb66dd30976
YRYJSDPQWKIQRL-UHFFFAOYSA-N	CHEBI:72481	6-bromoharmine	ANTIVIRAL	6-bromoharmine	74f6cc8362498900f2fe2c13d0b6fdb66dd30976
YSEQPMYIGMORKQ-DIEKJCKJSA-N	CHEBI:141329	botryosphaerin H	ANTIFUNGAL	botryosphaerin-h	74f6cc8362498900f2fe2c13d0b6fdb66dd30976
YTCIYOXHHQLDEI-SNVBAGLBSA-N	CHEBI:166908	inpyrfluxam	ANTIFUNGAL	inpyrfluxam	74f6cc8362498900f2fe2c13d0b6fdb66dd30976
YTOPFCCWCSOHFV-UHFFFAOYSA-N	CHEBI:83365	2,6-dimethyl-4-tridecylmorpholine	ANTIFUNGAL	2-6-dimethyl-4-tridecylmorpholine	74f6cc8362498900f2fe2c13d0b6fdb66dd30976
YULUCECVQOCQFQ-UHFFFAOYSA-N	CHEBI:131196	OSU-03012	ANTIFUNGAL	osu-03012	74f6cc8362498900f2fe2c13d0b6fdb66dd30976
YUSJPHSHLVVZRA-DYQSUWPFSA-N	CHEBI:66765	pleosporone	ANTIBACTERIAL	pleosporone	74f6cc8362498900f2fe2c13d0b6fdb66dd30976
YUSWMAULDXZHPY-UHFFFAOYSA-N	CHEBI:2631	amentoflavone	ANTIVIRAL	amentoflavone	74f6cc8362498900f2fe2c13d0b6fdb66dd30976
YUULFXAQUWEYNP-GXAWFILRSA-N	CHEBI:9518	theasinensin A	ANTIVIRAL	theasinensin-a	74f6cc8362498900f2fe2c13d0b6fdb66dd30976
YVCGKKHYXVEPMA-MMYVAXCBSA-N	CHEBI:141361	aigialone	ANTIFUNGAL	aigialone	74f6cc8362498900f2fe2c13d0b6fdb66dd30976
YVNAYSHNIILOJS-UHFFFAOYSA-N	CHEBI:50652	amodiaquine hydrochloride	ANTIVIRAL	amodiaquine-hydrochloride	74f6cc8362498900f2fe2c13d0b6fdb66dd30976
YVQFFNCNPFQQKW-UHFFFAOYSA-N	CHEBI:167043	ochrindole A	ANTIBACTERIAL	ochrindole-a	74f6cc8362498900f2fe2c13d0b6fdb66dd30976
YVQVOQKFMFRVGR-UHFFFAOYSA-N	CHEBI:74803	furaltadone	ANTIBACTERIAL	furaltadone	74f6cc8362498900f2fe2c13d0b6fdb66dd30976
YVSUCPNWDPTGKM-JGRMJRGVSA-N	CHEBI:73128	horminone	ANTIBACTERIAL	horminone	74f6cc8362498900f2fe2c13d0b6fdb66dd30976
YWKJNRNSJKEFMK-PQFQYKRASA-N	antibioticmech:aro-ac9a833c42	cefquinome	ANTIBACTERIAL	cefquinome	74f6cc8362498900f2fe2c13d0b6fdb66dd30976
YXBSCYMMPXQFDS-LBIZDXDESA-N	CHEBI:31058	(13R)-13-dihydrocarminomycin	ANTIMICROBIAL_UNSPECIFIED	13r-13-dihydrocarminomycin	74f6cc8362498900f2fe2c13d0b6fdb66dd30976
YXEPHAVILJDRHK-VIFPVBQESA-N	CHEBI:65517	brasiliquinone B	ANTIBACTERIAL	brasiliquinone-b	74f6cc8362498900f2fe2c13d0b6fdb66dd30976
YXHLJMWYDTXDHS-IRFLANFNSA-N	CHEBI:52304	7-aminoactinomycin D	ANTIMICROBIAL_UNSPECIFIED	7-aminoactinomycin-d	74f6cc8362498900f2fe2c13d0b6fdb66dd30976
YXKMMRDKEKCERS-UHFFFAOYSA-N	CHEBI:81841	cyazofamid	ANTIFUNGAL	cyazofamid	74f6cc8362498900f2fe2c13d0b6fdb66dd30976
YXOLAZRVSSWPPT-UHFFFAOYSA-N	CHEBI:75092	morin	ANTIBACTERIAL	morin	74f6cc8362498900f2fe2c13d0b6fdb66dd30976
YXPVEXCTPGULBZ-WQYNNSOESA-N	CHEBI:59902	entecavir hydrate	ANTIVIRAL	entecavir-hydrate	74f6cc8362498900f2fe2c13d0b6fdb66dd30976
YXQYFVURWVZIMD-CZMJNFCQSA-N	CHEBI:66403	moromycin A	ANTIMICROBIAL_UNSPECIFIED	moromycin-a	74f6cc8362498900f2fe2c13d0b6fdb66dd30976
YYLAZAXBHRXJFC-UHFFFAOYSA-N	antibioticmech:aro-365d0d8bfd	fasamycin K	ANTIBACTERIAL	fasamycin-k	74f6cc8362498900f2fe2c13d0b6fdb66dd30976
YZBQHRLRFGPBSL-RXMQYKEDSA-N	CHEBI:46765	carbapenem	ANTIBACTERIAL	carbapenem	74f6cc8362498900f2fe2c13d0b6fdb66dd30976
YZEUHQHUFTYLPH-UHFFFAOYSA-N	CHEBI:67135	2-nitroimidazole	ANTIMYCOBACTERIAL	2-nitroimidazole	74f6cc8362498900f2fe2c13d0b6fdb66dd30976
YZIYKJHYYHPJIB-UUPCJSQJSA-N	CHEBI:28312	chlorhexidine gluconate	ANTIBACTERIAL	chlorhexidine-gluconate	74f6cc8362498900f2fe2c13d0b6fdb66dd30976
YZMCKZRAOLZXAZ-UHFFFAOYSA-N	CHEBI:32166	sulfisomidine	ANTIMICROBIAL_UNSPECIFIED	sulfisomidine	74f6cc8362498900f2fe2c13d0b6fdb66dd30976
ZACXIZMUUXGJHL-QTBZMJKBSA-N	CHEBI:66629	NK154183A	ANTIFUNGAL	nk154183a	74f6cc8362498900f2fe2c13d0b6fdb66dd30976
ZAIPMKNFIOOWCQ-UEKVPHQBSA-N	CHEBI:3534	cephalexin	ANTIBACTERIAL	cephalexin	74f6cc8362498900f2fe2c13d0b6fdb66dd30976
ZAIQNYMNZNXUAF-FOWTUZBSSA-N	CHEBI:65958	3-geranyl-2,4,6-trihydroxybenzophenone	ANTIPROTOZOAL	3-geranyl-2-4-6-trihydroxybenzophenone	74f6cc8362498900f2fe2c13d0b6fdb66dd30976
ZALAFWZWSLVCID-VXUQJGMHSA-N	CHEBI:48200	griseusin B	ANTIMICROBIAL_UNSPECIFIED	griseusin-b	74f6cc8362498900f2fe2c13d0b6fdb66dd30976
ZBGPYVZLYBDXKO-HILBYHGXSA-N	CHEBI:7528	netilmycin	ANTIBACTERIAL	netilmycin	74f6cc8362498900f2fe2c13d0b6fdb66dd30976
ZBHOHJWLOOFLMW-LTGWCKQJSA-N	CHEBI:150866	GS-441524 monophosphate	ANTIVIRAL	gs-441524-monophosphate	74f6cc8362498900f2fe2c13d0b6fdb66dd30976
ZBNZXTGUTAYRHI-UHFFFAOYSA-N	CHEBI:49375	dasatinib (anhydrous)	ANTIVIRAL	dasatinib-anhydrous	74f6cc8362498900f2fe2c13d0b6fdb66dd30976
ZCCUWMICIWSJIX-NQJJCJBVSA-N	CHEBI:70718	ceftaroline fosamil	ANTIBACTERIAL	ceftaroline-fosamil	74f6cc8362498900f2fe2c13d0b6fdb66dd30976
ZCGNOVWYSGBHAU-UHFFFAOYSA-N	CHEBI:134722	favipiravir	ANTIVIRAL	favipiravir	74f6cc8362498900f2fe2c13d0b6fdb66dd30976
ZCJHPTKRISJQTN-JGVFFNPUSA-N	CHEBI:48202	nanaomycin A	ANTIMICROBIAL_UNSPECIFIED	nanaomycin-a	74f6cc8362498900f2fe2c13d0b6fdb66dd30976
ZCTXEAQXZGPWFG-UHFFFAOYSA-N	CHEBI:51805	imidurea	ANTIMICROBIAL_UNSPECIFIED	imidurea	74f6cc8362498900f2fe2c13d0b6fdb66dd30976
ZCZCOXLLICTZAH-UHFFFAOYSA-N	CHEBI:133907	hypothiocyanous acid	ANTIBACTERIAL	hypothiocyanous-acid	74f6cc8362498900f2fe2c13d0b6fdb66dd30976
ZDBJNNBVIRSCJN-LFVFYYESSA-N	CHEBI:65532	3,15-di-O-acetylbruceolide	ANTIPROTOZOAL	3-15-di-o-acetylbruceolide	74f6cc8362498900f2fe2c13d0b6fdb66dd30976
ZDDYYKRGKUKSLN-TWBNDLJKSA-N	CHEBI:17751	dihydrostreptomycin 3'α,6-bisphosphate	ANTIMICROBIAL_UNSPECIFIED	dihydrostreptomycin-3-α-6-bisphosphate	74f6cc8362498900f2fe2c13d0b6fdb66dd30976
ZDFOBOYQVYMVCW-IRUSZSJRSA-N	CHEBI:79034	monacolin J	ANTIMICROBIAL_UNSPECIFIED	monacolin-j	74f6cc8362498900f2fe2c13d0b6fdb66dd30976
ZDGISMQFYIDRSP-KZGGGLRYSA-N	CHEBI:67875	pedunculosumoside C	ANTIVIRAL	pedunculosumoside-c	74f6cc8362498900f2fe2c13d0b6fdb66dd30976
ZDIQYKMDNQULMX-PJUQCDRASA-N	CHEBI:83924	strobilurin B	ANTIFUNGAL	strobilurin-b	74f6cc8362498900f2fe2c13d0b6fdb66dd30976
ZDKZHVNKFOXMND-NBEYISGCSA-N	CHEBI:7518	cis-trans-nepetalactone	ANTIBACTERIAL	cis-trans-nepetalactone	74f6cc8362498900f2fe2c13d0b6fdb66dd30976
ZDKZHVNKFOXMND-ZQARSLAVSA-N	CHEBI:7519	trans-cis-nepetalactone	ANTIBACTERIAL	trans-cis-nepetalactone	74f6cc8362498900f2fe2c13d0b6fdb66dd30976
ZDPHROOEEOARMN-UHFFFAOYSA-N	CHEBI:32368	undecanoic acid	ANTIFUNGAL	undecanoic-acid	74f6cc8362498900f2fe2c13d0b6fdb66dd30976
ZDQSOHOQTUFQEM-NURRSENYSA-N	CHEBI:29582	ascomycin	ANTIFUNGAL	ascomycin	74f6cc8362498900f2fe2c13d0b6fdb66dd30976
ZDZOTLJHXYCWBA-VCVYQWHSSA-N	CHEBI:4672	docetaxel anhydrous	ANTIPROTOZOAL	docetaxel-anhydrous	74f6cc8362498900f2fe2c13d0b6fdb66dd30976
ZEKZLJVOYLTDKK-UHFFFAOYSA-N	CHEBI:116278	lomefloxacin	ANTIMYCOBACTERIAL	lomefloxacin	74f6cc8362498900f2fe2c13d0b6fdb66dd30976
ZEMIJUDPLILVNQ-ZXFNITATSA-N	CHEBI:8255	pivampicillin	ANTIBACTERIAL	pivampicillin	74f6cc8362498900f2fe2c13d0b6fdb66dd30976
ZERGYHMBBZCBJM-IHRRRGAJSA-N	CHEBI:65599	cathestatin A	ANTIMICROBIAL_UNSPECIFIED	cathestatin-a	74f6cc8362498900f2fe2c13d0b6fdb66dd30976
ZERVJPYNQLONEK-UHFFFAOYSA-N	CHEBI:3363	canthin-6-one	ANTIMYCOBACTERIAL	canthin-6-one	74f6cc8362498900f2fe2c13d0b6fdb66dd30976
ZEUIHPOXFICJIT-ZVWRMSPBSA-N	CHEBI:90924	aurachin A	ANTIBACTERIAL	aurachin-a	74f6cc8362498900f2fe2c13d0b6fdb66dd30976
ZEXXEODAXHSRDJ-FQEVSTJZSA-N	CHEBI:145869	(S)-fluoxapiprolin	ANTIFUNGAL	s-fluoxapiprolin	74f6cc8362498900f2fe2c13d0b6fdb66dd30976
ZEXXEODAXHSRDJ-HXUWFJFHSA-N	CHEBI:145868	(R)-fluoxapiprolin	ANTIFUNGAL	r-fluoxapiprolin	74f6cc8362498900f2fe2c13d0b6fdb66dd30976
ZFIOCUITTUUVPV-MEDUHNTESA-N	antibioticmech:aro-65024a8863	lascufloxacin	ANTIBACTERIAL	lascufloxacin	74f6cc8362498900f2fe2c13d0b6fdb66dd30976
ZFSXZJXLKAJIGS-UHFFFAOYSA-N	CHEBI:135477	halocarban	ANTIBACTERIAL	halocarban	74f6cc8362498900f2fe2c13d0b6fdb66dd30976
ZFUGTFLRENMBAG-HYTWXIRXSA-N	CHEBI:65655	complestatin A	ANTIVIRAL	complestatin-a	74f6cc8362498900f2fe2c13d0b6fdb66dd30976
ZFUZIYGRFSXEIQ-UWJYYQICSA-N	CHEBI:66165	sandwicensin	ANTIVIRAL	sandwicensin	74f6cc8362498900f2fe2c13d0b6fdb66dd30976
ZFVMECVBUGMWIX-UHFFFAOYSA-N	CHEBI:230532	SMIP004	ANTIVIRAL	smip004	74f6cc8362498900f2fe2c13d0b6fdb66dd30976
ZGBMSNKHUHZKEP-UHFFFAOYSA-N	CHEBI:145111	isopatulin	ANTIBACTERIAL	isopatulin	74f6cc8362498900f2fe2c13d0b6fdb66dd30976
ZGBPQHPXBVYXCV-IJZJBVBSSA-N	CHEBI:66620	neurolenin A	ANTIPROTOZOAL	neurolenin-a	74f6cc8362498900f2fe2c13d0b6fdb66dd30976
ZGMSHKBULLTJHQ-UHBFJLORSA-N	CHEBI:66766	PM-94128	ANTIMICROBIAL_UNSPECIFIED	pm-94128	74f6cc8362498900f2fe2c13d0b6fdb66dd30976
ZGPGTQGECMDFNI-OJEITCFUSA-N	CHEBI:65605	celasdin B	ANTIVIRAL	celasdin-b	74f6cc8362498900f2fe2c13d0b6fdb66dd30976
ZHKSTKOYQKNDSJ-UHFFFAOYSA-O	CHEBI:45395	pyrithiamine pyrophosphate	ANTIMICROBIAL_UNSPECIFIED	pyrithiamine-pyrophosphate	74f6cc8362498900f2fe2c13d0b6fdb66dd30976
ZHPWRQIPPNZNML-NTISSMGPSA-N	CHEBI:59290	(S)-butoconazole nitrate	ANTIFUNGAL	s-butoconazole-nitrate	74f6cc8362498900f2fe2c13d0b6fdb66dd30976
ZHPWRQIPPNZNML-PKLMIRHRSA-N	CHEBI:59289	(R)-butoconazole nitrate	ANTIFUNGAL	r-butoconazole-nitrate	74f6cc8362498900f2fe2c13d0b6fdb66dd30976
ZHPWRQIPPNZNML-UHFFFAOYSA-N	CHEBI:3241	butoconazole nitrate	ANTIFUNGAL	butoconazole-nitrate	74f6cc8362498900f2fe2c13d0b6fdb66dd30976
ZHYZQXUYZJNEHD-VQHVLOKHSA-N	CHEBI:67264	geranic acid	ANTIFUNGAL	geranic-acid	74f6cc8362498900f2fe2c13d0b6fdb66dd30976
ZIAXNZCTODBCKW-BOYGTWLISA-N	CHEBI:40322	TMC-95A	ANTIMICROBIAL_UNSPECIFIED	tmc-95a	74f6cc8362498900f2fe2c13d0b6fdb66dd30976
ZIAXNZCTODBCKW-NKGUOCGVSA-N	CHEBI:66246	TMC-95B	ANTIMICROBIAL_UNSPECIFIED	tmc-95b	74f6cc8362498900f2fe2c13d0b6fdb66dd30976
ZIAXNZCTODBCKW-QDRDEZGCSA-N	CHEBI:66247	TMC-95C	ANTIMICROBIAL_UNSPECIFIED	tmc-95c	74f6cc8362498900f2fe2c13d0b6fdb66dd30976
ZIAXNZCTODBCKW-WYRJOJSMSA-N	CHEBI:66248	TMC-95D	ANTIMICROBIAL_UNSPECIFIED	tmc-95d	74f6cc8362498900f2fe2c13d0b6fdb66dd30976
ZINFAXPQMLDEEJ-GFVOIPPFSA-N	CHEBI:3496	cefoselis	ANTIMICROBIAL_UNSPECIFIED	cefoselis	74f6cc8362498900f2fe2c13d0b6fdb66dd30976
ZIOBWQJYKHDNKP-UHFFFAOYSA-N	antibioticmech:aro-dfad12d850	pyrrolomycin B	ANTIBACTERIAL	pyrrolomycin-b	74f6cc8362498900f2fe2c13d0b6fdb66dd30976
ZITKDVFRMRXIJQ-UHFFFAOYSA-N	CHEBI:228133	1,2-dodecanediol	ANTIBACTERIAL	1-2-dodecanediol	74f6cc8362498900f2fe2c13d0b6fdb66dd30976
ZJAOAACCNHFJAH-UHFFFAOYSA-N	CHEBI:127780	phosphonoformic acid	ANTIVIRAL	phosphonoformic-acid	74f6cc8362498900f2fe2c13d0b6fdb66dd30976
ZJGQFXVQDVCVOK-QFKLAVHZSA-N	antibioticmech:aro-c73757ed91	cefovecin	ANTIBACTERIAL	cefovecin	74f6cc8362498900f2fe2c13d0b6fdb66dd30976
ZJMVJDFTNPZVMB-QOCMWZQCSA-N	CHEBI:17695	casbene	ANTIFUNGAL	casbene	74f6cc8362498900f2fe2c13d0b6fdb66dd30976
ZJVUMAFASBFUBG-OGJBWQGYSA-N	CHEBI:233620	α-punicalagin	ANTIBACTERIAL	α-punicalagin	74f6cc8362498900f2fe2c13d0b6fdb66dd30976
ZJVUMAFASBFUBG-RILGRMFESA-N	CHEBI:233621	β-punicalagin	ANTIBACTERIAL	β-punicalagin	74f6cc8362498900f2fe2c13d0b6fdb66dd30976
ZJVUMAFASBFUBG-UYMKNUMKSA-N	CHEBI:167695	punicalagin	ANTIBACTERIAL	punicalagin	74f6cc8362498900f2fe2c13d0b6fdb66dd30976
ZKALIGRYJXFMNS-XBDDSDALSA-N	antibioticmech:aro-eb42322815	defensin	ANTIBACTERIAL	defensin	74f6cc8362498900f2fe2c13d0b6fdb66dd30976
ZKSJYLLIQBNONM-MYQHGJAJSA-N	CHEBI:65775	2α-acetoxy-1α-hydroxy-6β,9β,15-tribenzoyloxy-β-dihydroagarofuran	ANTIMYCOBACTERIAL	2α-acetoxy-1α-hydroxy-6β-9β-15-tribenzoyloxy-β-dihydroagarofuran	74f6cc8362498900f2fe2c13d0b6fdb66dd30976
ZKUKMWMSYCIYRD-ZXFNITATSA-N	CHEBI:135748	lenampicillin	ANTIMICROBIAL_UNSPECIFIED	lenampicillin	74f6cc8362498900f2fe2c13d0b6fdb66dd30976
ZKZKCEAHVFVZDJ-MTUMARHDSA-N	CHEBI:315019	cilofungin	ANTIFUNGAL	cilofungin	74f6cc8362498900f2fe2c13d0b6fdb66dd30976
ZKZMJOFIHHZSRW-UHFFFAOYSA-K	CHEBI:84033	fosetyl-Al	ANTIFUNGAL	fosetyl-al	74f6cc8362498900f2fe2c13d0b6fdb66dd30976
ZLFKJSKABHQLAQ-UHFFFAOYSA-N	CHEBI:66577	lindechunine A	ANTIVIRAL	lindechunine-a	74f6cc8362498900f2fe2c13d0b6fdb66dd30976
ZLHZLMOSPGACSZ-NSHDSACASA-N	antibioticmech:aro-b4f5ca6a06	pretomanid	ANTIBACTERIAL	pretomanid	74f6cc8362498900f2fe2c13d0b6fdb66dd30976
ZLIBICFPKPWGIZ-UHFFFAOYSA-N	CHEBI:8674	pyrimethanil	ANTIFUNGAL	pyrimethanil	74f6cc8362498900f2fe2c13d0b6fdb66dd30976
ZLIHRGDEFDFVOK-ZRDIBKRKSA-N	CHEBI:66405	motualevic acid A	ANTIBACTERIAL	motualevic-acid-a	74f6cc8362498900f2fe2c13d0b6fdb66dd30976
ZLLAXLPOOMLVRF-UHFFFAOYSA-N	CHEBI:121196	reumycin	ANTIMICROBIAL_UNSPECIFIED	reumycin	74f6cc8362498900f2fe2c13d0b6fdb66dd30976
ZLSDLEGKMGQSFU-BFIHGEENSA-N	CHEBI:67480	lansic acid 3-ethyl ester	ANTIBACTERIAL	lansic-acid-3-ethyl-ester	74f6cc8362498900f2fe2c13d0b6fdb66dd30976
ZLVSPMRFRHMMOY-WWCCMVHESA-N	CHEBI:72295	bedaquiline fumarate	ANTIMYCOBACTERIAL	bedaquiline-fumarate	74f6cc8362498900f2fe2c13d0b6fdb66dd30976
ZMJXZBDITYZMTK-UHFFFAOYSA-N	CHEBI:66302	pyranojacareubin	ANTIVIRAL	pyranojacareubin	74f6cc8362498900f2fe2c13d0b6fdb66dd30976
ZMKQRHHJEZOFLT-KFYXPMKRSA-N	CHEBI:69216	fatsicarpain A	ANTIBACTERIAL	fatsicarpain-a	74f6cc8362498900f2fe2c13d0b6fdb66dd30976
ZMMJGEGLRURXTF-UHFFFAOYSA-N	CHEBI:4883	ethidium bromide	ANTIPROTOZOAL	ethidium-bromide	74f6cc8362498900f2fe2c13d0b6fdb66dd30976
ZMSKUQUFEKLXGK-UHFFFAOYSA-N	CHEBI:66408	12-demethylmulticaulin	ANTIMYCOBACTERIAL	12-demethylmulticaulin	74f6cc8362498900f2fe2c13d0b6fdb66dd30976
ZMYFCFLJBGAQRS-IAGOWNOFSA-N	antibioticmech:aro-e63825b7e1	epoxiconazole	ANTIFUNGAL	epoxiconazole	74f6cc8362498900f2fe2c13d0b6fdb66dd30976
ZNBRXLSWXJKKLJ-LBPRGKRZSA-N	antibioticmech:aro-67d13cef91	TBI-223	ANTIBACTERIAL	tbi-223	74f6cc8362498900f2fe2c13d0b6fdb66dd30976
ZNPOCLHDJCAZAH-UHFFFAOYSA-N	antibioticmech:aro-f75c158ac2	zabofloxacin	ANTIBACTERIAL	zabofloxacin	74f6cc8362498900f2fe2c13d0b6fdb66dd30976
ZNRGQMMCGHDTEI-ITGUQSILSA-N	CHEBI:32269	tropisetron	ANTIPROTOZOAL	tropisetron	74f6cc8362498900f2fe2c13d0b6fdb66dd30976
ZOCXUHJGZXXIGQ-NPXWYGMKSA-N	CHEBI:64256	tunicamycin C1	ANTIMICROBIAL_UNSPECIFIED	tunicamycin-c1	74f6cc8362498900f2fe2c13d0b6fdb66dd30976
ZOITXTLCKPXXHV-UHFFFAOYSA-N	CHEBI:141354	5-hydroxy-8-methoxy-4-phenylisoquinolin-1(2H)-one	ANTIFUNGAL	5-hydroxy-8-methoxy-4-phenylisoquinolin-1-2h-one	74f6cc8362498900f2fe2c13d0b6fdb66dd30976
ZOJBYZNEUISWFT-UHFFFAOYSA-N	CHEBI:73224	allyl isothiocyanate	ANTIMICROBIAL_UNSPECIFIED	allyl-isothiocyanate	74f6cc8362498900f2fe2c13d0b6fdb66dd30976
ZOQMSOSJEWBMHP-UHFFFAOYSA-N	CHEBI:3096	bikaverin	ANTIBACTERIAL	bikaverin	74f6cc8362498900f2fe2c13d0b6fdb66dd30976
ZOTBXTZVPHCKPN-HTXNQAPBSA-N	CHEBI:2962	kresoxim-methyl	ANTIFUNGAL	kresoxim-methyl	74f6cc8362498900f2fe2c13d0b6fdb66dd30976
ZPCCSZFPOXBNDL-RSMXASMKSA-N	CHEBI:31168	spiramycin II	ANTIBACTERIAL	spiramycin-ii	74f6cc8362498900f2fe2c13d0b6fdb66dd30976
ZPEFXARQZVAHGO-DCSYEGIMSA-N	CHEBI:75319	3,3'-neotrehalosadiamine	ANTIMICROBIAL_UNSPECIFIED	3-3-neotrehalosadiamine	74f6cc8362498900f2fe2c13d0b6fdb66dd30976
ZPEIMTDSQAKGNT-UHFFFAOYSA-N	CHEBI:3647	chlorpromazine	ANTIVIRAL	chlorpromazine	74f6cc8362498900f2fe2c13d0b6fdb66dd30976
ZPTSRWNMMWXEHX-KCQAQPDRSA-N	CHEBI:155904	(+)-albicanol	ANTIFUNGAL	albicanol	74f6cc8362498900f2fe2c13d0b6fdb66dd30976
ZQDJSWUEGOYDGT-LMOVPXPDSA-N	CHEBI:59305	(S)-bromazine hydrochloride	ANTIMICROBIAL_UNSPECIFIED	s-bromazine-hydrochloride	74f6cc8362498900f2fe2c13d0b6fdb66dd30976
ZQDJSWUEGOYDGT-UHFFFAOYSA-N	CHEBI:59178	bromazine hydrochloride	ANTIMICROBIAL_UNSPECIFIED	bromazine-hydrochloride	74f6cc8362498900f2fe2c13d0b6fdb66dd30976
ZQDJSWUEGOYDGT-UNTBIKODSA-N	CHEBI:59304	(R)-bromazine hydrochloride	ANTIMICROBIAL_UNSPECIFIED	r-bromazine-hydrochloride	74f6cc8362498900f2fe2c13d0b6fdb66dd30976
ZQDWXGKKHFNSQK-UHFFFAOYSA-N	CHEBI:5818	hydroxyzine	ANTIVIRAL	hydroxyzine	74f6cc8362498900f2fe2c13d0b6fdb66dd30976
ZQEIXNIJLIKNTD-GFCCVEGCSA-N	CHEBI:60607	metalaxyl-M	ANTIFUNGAL	metalaxyl-m	74f6cc8362498900f2fe2c13d0b6fdb66dd30976
ZQPPMHVWECSIRJ-KTKRTIGZSA-N	CHEBI:16196	oleic acid	ANTIBACTERIAL	oleic-acid	74f6cc8362498900f2fe2c13d0b6fdb66dd30976
ZQQALMSFFARWPK-GLHLDKNHSA-L	CHEBI:34617	cefotetan disodium	ANTIBACTERIAL	cefotetan-disodium	74f6cc8362498900f2fe2c13d0b6fdb66dd30976
ZQSUAGVTKAZDJV-CHWSQXEVSA-N	CHEBI:31503	dioncopeltine A	ANTIPROTOZOAL	dioncopeltine-a	74f6cc8362498900f2fe2c13d0b6fdb66dd30976
ZQVJBRJGDVZANE-MTGUCJNSSA-N	CHEBI:77762	syringomycin E	ANTIFUNGAL	syringomycin-e	74f6cc8362498900f2fe2c13d0b6fdb66dd30976
ZRCVYEYHRGVLOC-HYARGMPZSA-N	CHEBI:101853	gemifloxacin	ANTIBACTERIAL	gemifloxacin	74f6cc8362498900f2fe2c13d0b6fdb66dd30976
ZRJBXPCQRSLIKK-BDPAYSQHSA-N	CHEBI:71508	fluvirucin A1	ANTIVIRAL	fluvirucin-a1	74f6cc8362498900f2fe2c13d0b6fdb66dd30976
ZRPZPNYZFSJUPA-UHFFFAOYSA-N	CHEBI:193597	ARS-1620	ANTIVIRAL	ars-1620	74f6cc8362498900f2fe2c13d0b6fdb66dd30976
ZRWPUFFVAOMMNM-UHFFFAOYSA-N	CHEBI:74926	patulin	ANTIMICROBIAL_UNSPECIFIED	patulin	74f6cc8362498900f2fe2c13d0b6fdb66dd30976
ZRZNJUXESFHSIO-ZXVYJXQESA-N	CHEBI:8269	pleuromutilin	ANTIBACTERIAL	pleuromutilin	74f6cc8362498900f2fe2c13d0b6fdb66dd30976
ZSIAUFGUXNUGDI-UHFFFAOYSA-N	CHEBI:87393	hexan-1-ol	ANTIBACTERIAL	hexan-1-ol	74f6cc8362498900f2fe2c13d0b6fdb66dd30976
ZSJLQEPLLKMAKR-GKHCUFPYSA-N	CHEBI:9288	streptozocin	ANTIMICROBIAL_UNSPECIFIED	streptozocin	74f6cc8362498900f2fe2c13d0b6fdb66dd30976
ZSKVGTPCRGIANV-ZXFLCMHBSA-N	CHEBI:471744	imipenem	ANTIBACTERIAL	imipenem	74f6cc8362498900f2fe2c13d0b6fdb66dd30976
ZSWMIFNWDQEXDT-ZESJGQACSA-N	antibioticmech:aro-88c211f0f6	zoliflodacin	ANTIBACTERIAL	zoliflodacin	74f6cc8362498900f2fe2c13d0b6fdb66dd30976
ZTBAPEIDNUHRNC-UHFFFAOYSA-N	CHEBI:4316	danielone	ANTIFUNGAL	danielone	74f6cc8362498900f2fe2c13d0b6fdb66dd30976
ZTHNVHJIFDQKKE-UHFFFAOYSA-N	CHEBI:66002	N-butylharmine	ANTIVIRAL	n-butylharmine	74f6cc8362498900f2fe2c13d0b6fdb66dd30976
ZTNBSFMIFOLVCM-MCTVSQGJSA-N	CHEBI:228289	pachyaximine A	ANTIBACTERIAL	pachyaximine-a	74f6cc8362498900f2fe2c13d0b6fdb66dd30976
ZTQRMGDLUGQTTF-MNPOOLNOSA-L	CHEBI:231728	stibavirin	ANTIVIRAL	stibavirin	74f6cc8362498900f2fe2c13d0b6fdb66dd30976
ZUAAVNLKGAEZDG-UHFFFAOYSA-N	CHEBI:141398	ethyl 2-hydroxy-5-methylpyrazolo[1,5-a]pyrimidine-6-carboxylate	ANTIFUNGAL	ethyl-2-hydroxy-5-methylpyrazolo-1-5-a-pyrimidine-6-carboxylate	74f6cc8362498900f2fe2c13d0b6fdb66dd30976
ZUCSTWKVHHAHLA-REFGNXHDSA-N	antibioticmech:aro-7a113ada2c	dragmacidin E	ANTIBACTERIAL	dragmacidin-e	74f6cc8362498900f2fe2c13d0b6fdb66dd30976
ZUEKQPJBVORAFH-UHFFFAOYSA-N	CHEBI:65612	chaetoxanthone B	ANTIPROTOZOAL	chaetoxanthone-b	74f6cc8362498900f2fe2c13d0b6fdb66dd30976
ZUOUZKKEUPVFJK-UHFFFAOYSA-N	CHEBI:17097	biphenyl	ANTIFUNGAL	biphenyl	74f6cc8362498900f2fe2c13d0b6fdb66dd30976
ZVGNESXIJDCBKN-KFGPIHIUSA-N	CHEBI:68590	fidaxomicin	ANTIBACTERIAL	fidaxomicin	74f6cc8362498900f2fe2c13d0b6fdb66dd30976
ZVMALUVLYJRPEZ-UHFFFAOYSA-N	CHEBI:66709	methyl 3,4-dihydroxy-5-(3'-methyl-2'-butenyl)benzoate	ANTIPROTOZOAL	methyl-3-4-dihydroxy-5-3-methyl-2-butenyl-benzoate	74f6cc8362498900f2fe2c13d0b6fdb66dd30976
ZVOLCUVKHLEPEV-UHFFFAOYSA-N	CHEBI:8695	quercetagetin	ANTIVIRAL	quercetagetin	74f6cc8362498900f2fe2c13d0b6fdb66dd30976
ZVOYWSKEBVVLGW-ZDCRTTOTSA-N	CHEBI:77752	LTX-109	ANTIMICROBIAL_UNSPECIFIED	ltx-109	74f6cc8362498900f2fe2c13d0b6fdb66dd30976
ZVSKJEHFCITPQT-XCEJTAPFSA-N	CHEBI:68070	chrysogeside B	ANTIMICROBIAL_UNSPECIFIED	chrysogeside-b	74f6cc8362498900f2fe2c13d0b6fdb66dd30976
ZVWXZFYWLABNOW-UYSOGGTPSA-N	CHEBI:156193	serratol	ANTIPROTOZOAL	serratol	74f6cc8362498900f2fe2c13d0b6fdb66dd30976
ZWCXYZRRTRDGQE-LUPIJMBPSA-N	antibioticmech:aro-d384fdc29d	gramicidin A	ANTIBACTERIAL	gramicidin-a	74f6cc8362498900f2fe2c13d0b6fdb66dd30976
ZWCXYZRRTRDGQE-SORVKSEFSA-N	antibioticmech:aro-1204fa50d9	gramicidin	ANTIBACTERIAL	gramicidin	74f6cc8362498900f2fe2c13d0b6fdb66dd30976
ZWJNEYVWPYIKMB-UHFFFAOYSA-N	CHEBI:142825	methfuroxam	ANTIFUNGAL	methfuroxam	74f6cc8362498900f2fe2c13d0b6fdb66dd30976
ZWRUINPWMLAQRD-UHFFFAOYSA-N	CHEBI:35986	nonan-1-ol	ANTIFUNGAL	nonan-1-ol	74f6cc8362498900f2fe2c13d0b6fdb66dd30976
ZWXCBGUTACBDRV-BAGIKNQXSA-N	CHEBI:66249	tolybyssidin A	ANTIFUNGAL	tolybyssidin-a	74f6cc8362498900f2fe2c13d0b6fdb66dd30976
ZXENWDWQTWYUGY-UUZWCOCASA-N	CHEBI:66153	salaspermic acid	ANTIVIRAL	salaspermic-acid	74f6cc8362498900f2fe2c13d0b6fdb66dd30976
ZXJXZNDDNMQXFV-UHFFFAOYSA-M	CHEBI:41688	crystal violet	ANTIBACTERIAL	crystal-violet	74f6cc8362498900f2fe2c13d0b6fdb66dd30976
ZXNAQFZBWUNWJM-HRXMHBOMSA-M	CHEBI:60070	ertapenem sodium	ANTIBACTERIAL	ertapenem-sodium	74f6cc8362498900f2fe2c13d0b6fdb66dd30976
ZXPWAGZHBVVLJM-PPLXTMPISA-N	CHEBI:65658	cordyheptapeptide A	ANTIPROTOZOAL	cordyheptapeptide-a	74f6cc8362498900f2fe2c13d0b6fdb66dd30976
ZXVONLUNISGICL-UHFFFAOYSA-N	CHEBI:39349	4,6-dinitro-o-cresol	ANTIFUNGAL	4-6-dinitro-o-cresol	74f6cc8362498900f2fe2c13d0b6fdb66dd30976
ZYVSOIYQKUDENJ-WKSBCEQHSA-N	CHEBI:34638	chromomycin A3	ANTIMICROBIAL_UNSPECIFIED	chromomycin-a3	74f6cc8362498900f2fe2c13d0b6fdb66dd30976
ZZBSPTCNZDTZBR-QGXZNONUSA-N	CHEBI:65906	formobactin	ANTIMICROBIAL_UNSPECIFIED	formobactin	74f6cc8362498900f2fe2c13d0b6fdb66dd30976
ZZEWMYILWXCRHZ-UHFFFAOYSA-N	CHEBI:166657	3-phenylbutyric acid	ANTIBACTERIAL	3-phenylbutyric-acid	74f6cc8362498900f2fe2c13d0b6fdb66dd30976
ZZIKIHCNFWXKDY-GNTQXERDSA-N	CHEBI:582124	myriocin	ANTIFUNGAL	myriocin	74f6cc8362498900f2fe2c13d0b6fdb66dd30976
ZZORFUFYDOWNEF-UHFFFAOYSA-N	CHEBI:32161	sulfadimethoxine	ANTIMICROBIAL_UNSPECIFIED	sulfadimethoxine	74f6cc8362498900f2fe2c13d0b6fdb66dd30976
ZZPKZRHERLGEKA-UHFFFAOYSA-N	CHEBI:29672	resorcinol monoacetate	ANTIBACTERIAL	resorcinol-monoacetate	74f6cc8362498900f2fe2c13d0b6fdb66dd30976
ZZTXYUVDEDOUDW-XYNNUCQCSA-N	CHEBI:65817	dysoxyhainanin A	ANTIBACTERIAL	dysoxyhainanin-a	74f6cc8362498900f2fe2c13d0b6fdb66dd30976
