standard_inchi_key	smiles	pathway_results	superclass_results	class_results	is_glycoside	model_version
AABWXKZJSNWRSH-URPQZBFOSA-N	CC[C@H]1CC/C(=C\2/C(=O)[C@H](OC2=O)C)/O1	Polyketides	Cyclic polyketides	Phthalide derivatives	false	npclassifier.gnps2.org@2026-09-07
AABZZWPMCAZHFC-UHFFFAOYSA-N	CC1CC(O)N2C1C1=NC(=CS1)C1=NC(=CS1)C1=NC(=CC=C1C1=NC(=C(C)O1)C(=O)NC(CC(N)=O)C1=NC(=CS1)C(=O)NC(CC1=CC=CC=C1)C1=NC(CS1)C(=O)NC(CC1=CC=C(O)C=C1)C2=O)C1=NC(=CS1)C(=O)NC(=C)C(=O)NC(=C)C(O)=O	Amino acids and Peptides	Oligopeptides	RiPPs-Thiopeptides	false	npclassifier.gnps2.org@2026-09-07
AAGAYZNADYXWIQ-ATACATFBSA-N	CCCC[C@H]1CCCC[C@@H](CC2=CC(=C([C@H](CCCC[C@@H](CC3=CC(=C1C(=C3)O)O)C)CCCC)C(=C2)O)O)C	Polyketides	Alkylresorcinols	Dialkylresorcinols	false	npclassifier.gnps2.org@2026-09-07
AAGRATDORNCNQD-SDLACMQYSA-N	CC[C@H](C)CCCCC(=O)N[C@@H](CCN)C(=O)N[C@@H]([C@@H](C)O)C(=O)N[C@H](CO)C(=O)N[C@H]1CCNC(=O)[C@H](CC(C)C)NC(=O)[C@H](CCN)NC(=O)[C@H](CCN)NC(=O)[C@@H](NC(=O)[C@@H](CC(C)C)NC(=O)[C@H](CCN)NC1=O)[C@@H](C)CC	Amino acids and Peptides	Oligopeptides	Cyclic peptides|Lipopeptides	false	npclassifier.gnps2.org@2026-09-07
AASPEXAITKEFPE-SEMUBUJISA-N	C[C@@H]1C[C@@H](C2=C(C1)C=CC3=C2C(=O)C4=C(C(=CC(=C4C3=O)OC)CC5=CC(=C6C(=C5O)C(=O)C7=C(C6=O)C=CC8=C7[C@H](C[C@H](C8)C)O)OC)O)O	Polyketides	Polycyclic aromatic polyketides	Angucyclines	false	npclassifier.gnps2.org@2026-09-07
AAUIGWGEXJDWSV-BJGZLQLRSA-N	CC1=CC(=O)[C@@]2(O)C3=CC=CC4=C3[C@H]3[C@@H]1[C@@H]2CN3C1=C2C4=C3C=C[C@@H](O)[C@H](O)C3=C3SC(=O)C(=C32)C=C1				false	npclassifier.gnps2.org@2026-09-07
ABGXHXAPJINIRD-DUFVVOHASA-N	C(CCCCCCCCCCCC)C(=O)N[C@H](CC(=O)N)C(N[C@H](CCC(CC(=O)N[C@]1(CC1)C(=O)CC(=O)NCC(=O)c1csc(C2C3(O)c4csc(CNC(=O)CC(=O)[C@]5(CC5)NC(=O)CC(CC[C@H](C)NC(=O)[C@@H](CC(=O)N)NC(=O)CCCCCCCCCCCCC)(O3)N=2)n4)n1)=O)C)=O	Amino acids and Peptides	Oligopeptides	Cyclic peptides|Lipopeptides	false	npclassifier.gnps2.org@2026-09-07
ABHHIGWFFMCQOC-UHFFFAOYSA-N	C1CCNC(=O)CCC(=O)NCCCCCN(C(=O)CCC(=O)NCCCCCN(C(=O)CCC(=O)NCC1)O)O	Amino acids and Peptides	Oligopeptides	Cyclic peptides	false	npclassifier.gnps2.org@2026-09-07
ABLACSIRCKEUOB-UHFFFAOYSA-N	CC1=CC(=C2C3=C4C(=CC(=C13)O)C(C(=O)C5=C(C=C(C(=C45)C2=O)O)O)(C)C)O	Polyketides	Polycyclic aromatic polyketides	Angucyclines	false	npclassifier.gnps2.org@2026-09-07
ABLCZPDNHVQCBP-VPWXQRGCSA-N	CC(=CCC1=CC2=C(C=C1)C(=CN2)C(=O)O[C@H]3[C@@H]([C@H](C=C(O3)C(=O)O)O)O)C				true	npclassifier.gnps2.org@2026-09-07
ABRCNJSDUYUPRX-YXTQZPCGSA-N	[H]C([H])CCC[C@H]1CCCC[C@H](C)[C@@H](O)C2=CC(O)=C([C@@H](CCCC([H])Br)CCCC[C@H](C)[C@@H](OC(N)=O)C3=CC(O)=C1C(O)=C3)C(O)=C2	Polyketides	Alkylresorcinols	Dialkylresorcinols	false	npclassifier.gnps2.org@2026-09-07
ABYMZHOAONVEQS-VROXFSQNSA-N	C/C=C\1/C(=O)N2CCCCC2C(=O)NC(C(=O)N(C(C(=O)OCC(C(=O)NC(C(=O)NC(C(=O)N3C(CC3C4=NC(CS4)C(=O)N1)C)CC(C)C)C)O)C(C)C)C)C(C)O	Amino acids and Peptides|Polyketides	Oligopeptides	Cyclic peptides|Depsipeptides	false	npclassifier.gnps2.org@2026-09-07
ABZGUBNFEGMGPE-MQNVTSSDSA-N	O=C(N1)C=CN([C@H]2[C@H](O)[C@H](O)[C@@H]([C@H](NC([C@@H](N)[C@H](O)[C@@H](O)COC(N)=O)=O)C(N([C@@H]/3C(O)=O)CC3=C/C)=O)O2)C1=O	Carbohydrates	Nucleosides	Pyrimidine nucleos(t)ides	false	npclassifier.gnps2.org@2026-09-07
ABZLAAWMNHBHEK-GCYRPIBMSA-N	CCCCCC1=NN(C(=O)CCOC(=O)[C@H](C)OC(=O)C/C=C/CCCCCCCCCl)O[C@H](CCCCC)C1				false	npclassifier.gnps2.org@2026-09-07
ACIYRAKJOKBQMD-RSLBSXAUSA-N	OC1=C(C2=O)C(NC1CCCNC(/C=C/C=C/[C@]([C@@]3([H])/C=C/2)([C@@]4([H])[C@@]([C@]5([H])[C@@]4([H])C[C@H](CC)[C@@H]5C)([H])C=C3)[H])=O)=O	Amino acids and Peptides|Polyketides	Macrolides	Macrocyclic tetramic acids	false	npclassifier.gnps2.org@2026-09-07
ACNHBCIZLNNLRS-UBGQALKQSA-N	CC(C)(O)[C@H]1O[C@H]2CC[C@@]3(C)[C@@](O)(CC[C@H]4CC5=C([NH]C6=CC=CC=C56)[C@@]43C)C2=CC1=O	Alkaloids|Terpenoids	Tryptophan alkaloids	Indole-Diterpenoid alkaloids (Penitrems)	false	npclassifier.gnps2.org@2026-09-07
ACSDUXDWMODDMW-QWICZQNUSA-N	C=C(NC(=O)C(=C)NC(=O)C1=CC=C(C2=NC(C(=O)N[C@H](C(N)=O)[C@@H](C)O)=CS2)C(C2=COC(C(=C)NC(=O)C(=C)NC(=O)C3=C(C)OC(C(=C)NC(=O)[C@@H](NC(=O)C(=C)NC(=O)C4=C(C)OC(C(=O)CC)=N4)C(C)(C)O)=N3)=N2)=N1)C(N)=O	Alkaloids	Peptide alkaloids	Simple amide alkaloids	false	npclassifier.gnps2.org@2026-09-07
ACTOXUHEUCPTEW-JMRHEKERSA-N	C[C@@H]1C/C=C/C=C/[C@@H]([C@@H](C[C@@H]([C@@H]([C@H]([C@@H](CC(=O)O1)O)OC)OC2C(C(C(C(O2)C)OC3CC(C(C(O3)C)O)(C)O)N(C)C)O)CC=O)C)OC4CCC(C(O4)C)N(C)C	Polyketides	Macrolides	Erythromycins|Tylosins	true	npclassifier.gnps2.org@2026-09-07
ADBVWUJBUGOHJH-UHFFFAOYSA-N	COC(=O)C1=C(C(=CN1)C1=CNC2=C1C=C(Cl)C=C2)C1=CNC2=C1C=C(Cl)C=C2	Alkaloids	Proline alkaloids|Tryptophan alkaloids	Pyrrole alkaloids|Simple indole alkaloids	false	npclassifier.gnps2.org@2026-09-07
ADNHOQYEDVQAGD-XYFJCUIBSA-N	[H][C@](C)(CC)[C@]([H])(NC(=O)[C@H]1CCCCN1C)C(=O)N(COC(C)=O)[C@H](C[C@@H](OC(C)=O)C1=NC(=CS1)C(=O)N[C@H](C[C@H](C)C(O)=O)CC1=CC=C(O)C=C1)C(C)C	Amino acids and Peptides	Oligopeptides	Linear peptides	false	npclassifier.gnps2.org@2026-09-07
ADOBXTDBFNCOBN-UHFFFAOYSA-N	CCCCCCCCCCCCCCCC=C	Fatty acids	Fatty acyls	Hydrocarbons	false	npclassifier.gnps2.org@2026-09-07
ADPQVXWEVQETCB-UHFFFAOYSA-N	[C]=NC1C2c3c([nH]c4ccccc34)C(C)(C)C2CC(Cl)C1(C)C=C	Alkaloids	Tryptophan alkaloids	Hapalindole alkaloids	false	npclassifier.gnps2.org@2026-09-07
ADTVCAUSELVFML-UHFFFAOYSA-N	CCCCCCCC1=C2C(=CC(=C1C(=O)O)O)OC(=O)C3=C(O2)C=C(C=C3C)OC	Polyketides	Aromatic polyketides	Depsidones	false	npclassifier.gnps2.org@2026-09-07
AECZOENDDUTONS-PWSPGYJUSA-N	CC1C/C=C/C2C(C(=C)C(C3C2(C(/C=C/C(C1)(C)O)OC(=O)C)C(=O)NC3CC4=CC=C(C=C4)OC)C)O	Alkaloids	Pseudoalkaloids	Cytochalasan alkaloids	false	npclassifier.gnps2.org@2026-09-07
AEIFATUAVHHRBC-GYPCSUJESA-N	C[C@@H]1[C@H]([C@@H](C[C@@H](O1)O[C@@H]2[C@H](OC3(C[C@H]2O)O[C@@H]4[C@H](O[C@H](C[C@]4(O3)C)O[C@@H]5[C@H]([C@@H](O[C@@H]([C@@H]5OC)C)O[C@@H]6[C@H](O[C@H]([C@H]([C@H]6O)OC)O[C@H]7[C@@H]([C@H]8[C@H](CO7)O[C@@]9(O8)[C@H]1[C@H]([C@@]([C@H](O9)C)(C(C)O)O)OCO1)OC(=O)C(C)C)COC)O)C)C)O)OC(=O)C1=C(C(=C(C(=C1OC)Cl)O)Cl)C	Carbohydrates	Saccharides	Orthosomycins	true	npclassifier.gnps2.org@2026-09-07
AEMANCFFPKYKRB-UHFFFAOYSA-N	CC(CC(NC(CN)=O)C(NC(P(O)(OC)=O)=C)=O)C	Amino acids and Peptides	Small peptides	Tripeptides	false	npclassifier.gnps2.org@2026-09-07
AENZSPQGLJVLND-VWYCJHECSA-N	CCCCCC[C@@H]1[C@H]2[C@H](C(=C)C(=O)O2)C(=O)O1	Polyketides			false	npclassifier.gnps2.org@2026-09-07
AETFMNMHSCDWEO-UHFFFAOYSA-N	COC1=C(O)C=C2C(=O)C3=C(O)C4=C(CCC5=C4C(O)=C4C(=O)NC(C)=CC4=C5)C(O)=C3OC2=C1	Polyketides	Polycyclic aromatic polyketides	Ericamycins	false	npclassifier.gnps2.org@2026-09-07
AFAZQKILLUAQTN-MLBASFLNSA-N	C[C@H]([C@H](NC1=S)C2=NC([C@@H](N3)[C@](C4=NC(C(N[C@@](C(N/C(C5=N[C@@H](C(N[C@](C(C)(O)[C@@H](C)O)([H])C6=NC1=CS6)=O)CS5)=C\C)=O)([H])[C@@H](C)O)=O)=CS4)(NC([C@H](C)NC(C(NC([C@H](C)NC([C@H]([C@@H](CC)C)N[C@@H]7C=CC8=C(N=C9C=C8[C@@H](O)C)[C@H]7O)=O)=O)=C)=O)=O)CC[C@@H]3C%10=NC(C(NC(C(NC(C(N)=O)=C)=O)=C)=O)=CS%10)=CS2)OC9=O	Amino acids and Peptides	Oligopeptides	RiPPs-Thiopeptides	false	npclassifier.gnps2.org@2026-09-07
AFBSGQPOTIOCSW-UHFFFAOYSA-N	CCCCCCCCCC(O)CC(=O)NC1COC(=O)C(COC(=O)C(COC(=O)C(COC1=O)NC(=O)C1=CC=CC(O)=C1O)NC(=O)C1=CC=CC(O)=C1O)NC(=O)C1=CC=CC(O)=C1O	Polyketides			false	npclassifier.gnps2.org@2026-09-07
AFMLAWKHRYYCHM-WFLPEEADSA-N	[H][C@@]1(O[C@@]2(C[C@@H](OC)[C@@H](C)[C@]([H])(O2)[C@H](C)[C@@H](O)[C@@H](C)C\C(C)=C\C)[C@H](O)C[C@@H]1C)[C@@H](C)[C@@H](O)[C@@H](C)\C=C/C=C/C=C\C=C\C=C/[C@H](CC(O)=O)OC	Polyketides	Linear polyketides	Open-chain polyketides	false	npclassifier.gnps2.org@2026-09-07
AFMYMMXSQGUCBK-AKMKHHNQSA-N	COC1=C([C@H](C)[C@@]23O[C@@]22[C@@H]1C#C\C=C/C#C[C@@H]3NC1=C2C=C(O)C2=C1C(=O)C1=C(C(O)=CC=C1O)C2=O)C(O)=O	Polyketides	Macrolides|Polycyclic aromatic polyketides	Anthraquinones and anthrones|Enediynes	false	npclassifier.gnps2.org@2026-09-07
AFOLBAYDTRBYBA-MAUDZENVSA-N	CCCCCCCCCCCC(O)CC(=O)N[C@@H](CC(C)C)C(=O)N[C@H](CCC(O)=O)C(=O)N[C@@H]1[C@@H](C)OC(=O)[C@@H](NC(=O)[C@@H](CO)NC(=O)[C@H](CC(C)C)NC(=O)[C@H](CC(C)C)NC(=O)[C@@H](CO)NC(=O)[C@H](CC(C)C)NC(=O)[C@H](NC1=O)C(C)CC)C(C)C	Amino acids and Peptides|Polyketides	Oligopeptides	Cyclic peptides|Depsipeptides|Lipopeptides	false	npclassifier.gnps2.org@2026-09-07
AFSTYHWLXPLSTJ-UHFFFAOYSA-N	CN1C(=O)C2(C3=C(C4=C(C2(C1=O)OC)C5=C(N4)C=C(C=C5)Cl)NC6=C3C=CC(=C6)Cl)O	Alkaloids	Tryptophan alkaloids	Carboline alkaloids	false	npclassifier.gnps2.org@2026-09-07
AFUMTTRIOUSWKA-QCXAANFUSA-N	CC(/C=C/C(C/C=C(C)/CC[C@](CC(O)=O)(SSC)CC1=O)=C)=C/C2=CSC(C3(CC3)N1)=N2	Amino acids and Peptides			false	npclassifier.gnps2.org@2026-09-07
AFWTZXXDGQBIKW-DZESRJJCSA-N	[H][C@@]1(CCC(O)=O)NC(=O)CC(CCCCCCCCCCC)OC(=O)[C@]([H])(CC(C)C)NC(=O)[C@@]([H])(CC(C)C)NC(=O)[C@]([H])(CC(O)=O)NC(=O)[C@@]([H])(NC(=O)[C@@]([H])(CC(C)C)NC(=O)[C@]([H])(CC(C)C)NC1=O)C(C)C	Amino acids and Peptides|Polyketides	Oligopeptides	Cyclic peptides|Depsipeptides|Lipopeptides	false	npclassifier.gnps2.org@2026-09-07
AGEJUJRSMSUTBD-PSLFQBRSSA-N	C[C@H]([C@H](NC1=S)C2=NC([C@](N3)([H])[C@](C4=NC(C(N[C@@](C(N/C(C5=N[C@](C(N[C@](C(C)(O)[C@@H](C)O)([H])C6=NC1=CS6)=O)([H])CS5)=C\C)=O)([H])[C@@H](C)O)=O)=CS4)(NC(C(NC(C(NC(C(NC([C@@](C)([H])N[C@@H]7C=CC8=C(N=C9C=C8[C@@H](O)C)[C@H]7O)=O)=C)=O)=C)=O)=C)=O)CCC3C%10=NC(C(NC(C(NC(C(O)=O)=C)=O)=C)=O)=CS%10)=CS2)OC9=O	Amino acids and Peptides	Oligopeptides	RiPPs-Thiopeptides	false	npclassifier.gnps2.org@2026-09-07
AGGZTILVIJJOCM-XSXNFHDJSA-N	CO[C@@H]1[C@H](O)[C@@H](C)O[C@@H](OCC2C3OC3CCC(=O)C(C)CC(C)C(O[C@@H]3O[C@H](C)C[C@](O)([C@H](C)O)[C@H]3O)C(C)\C=C\C(=O)OC2C)[C@@H]1OC	Polyketides	Macrolides	Tylosins	true	npclassifier.gnps2.org@2026-09-07
AGJUUQSLGVCRQA-PJEYIJQRSA-N	CCCCC[C@H](C1[C@H](C[C@H](C[C@H](C[C@H](C[C@H](CC(C(C(/C(=C/C=C/C=C/C=C/C=C/[C@H](C(OC1=O)C)O)/C)O)O)O)O)O)O)O)O)O	Polyketides	Macrolides	Polyene macrolides	false	npclassifier.gnps2.org@2026-09-07
AGJUUQSLGVCRQA-SWOUQTJZSA-N	CCCCC[C@H]([C@@H]1[C@H](C[C@H](C[C@H](C[C@H](C[C@H](C[C@H]([C@H]([C@@H](/C(=C/C=C/C=C/C=C/C=C/[C@@H]([C@H](OC1=O)C)O)/C)O)O)O)O)O)O)O)O)O	Polyketides	Macrolides	Polyene macrolides	false	npclassifier.gnps2.org@2026-09-07
AGKSYPMAQRUJJY-RNLVMQRLSA-N	C[C@@H]1C/C=C/CC/C=C/C(=O)CC2=C(C(=O)O1)C(O)=CC(O)=C2	Polyketides	Macrolides	Zearalenones	false	npclassifier.gnps2.org@2026-09-07
AHDUXXXZGSWYHF-IXGGKXOYSA-N	CO[C@@H]([C@@H]1NC(=O)[C@H](C)NC(=O)[C@H](C[C@@H](C)CO)NC(=O)[C@@H](NC(=O)[C@@H](NC(=O)[C@H](CC(C)C)N(C)C(=O)[C@@H](NC1=O)C(C)C)[C@H](C)C=C(C)C)[C@H](O)C1=CN(C2=C1C=CC=C2)C(C)(C)C=C)C1=CC=CC=C1	Amino acids and Peptides	Oligopeptides	Cyclic peptides	false	npclassifier.gnps2.org@2026-09-07
AHGAWEHPVFEMKO-HYDGNGQDSA-N	O=C(C1=CC=CC(O)=C1O2)C3=C2C(C)=C(CCC4=C5C(O)=C6C(C[C@@](C)(OC[C@]7([H])C(O)=O)N7C6=O)=C4)C5=C3O	Polyketides	Polycyclic aromatic polyketides	Ericamycins	false	npclassifier.gnps2.org@2026-09-07
AHMZTHYNOXWCBS-PCUVAHMGSA-N	CC[C@H](C)[C@@H](C(=O)N[C@@H](C)C(=O)N[C@@H]1CSC[C@@H](NC(=O)[C@@H](NC(=O)[C@@H](NC(=O)[C@@H](NC1=O)CCCCN)CC2=CC=CC=C2)CC(C)C)C(=O)N[C@@H]3[C@@H](SC[C@@H](NC(=O)CNC(=O)[C@@H]4CCCN4C3=O)C(=O)N[C@@H](C)C(=O)N[C@@H](CCCCN)C(=O)N/C(=C/C)/C(=O)NCC(=O)N[C@@H]5CSC[C@@H]6C(=O)N/C=C/SC[C@H](C(=O)N[C@H](C(=O)N6)CC7=CC=C(C=C7)O)NC(=O)[C@@H](NC(=O)[C@@H](NC5=O)CC8=CC=CC=C8)CC(=O)N)C)N	Amino acids and Peptides	Oligopeptides	RiPPs-Lanthipeptides	false	npclassifier.gnps2.org@2026-09-07
AHOGYJASUMLRRS-CHUGLVPMSA-N	C/C=C/C=C1C=C[C@]2([H])NCCC[C@@]2\1O	Alkaloids	Lysine alkaloids	Piperidine alkaloids	false	npclassifier.gnps2.org@2026-09-07
AHOIPAFUOXGGQB-UHFFFAOYSA-N	CCCC(CC1CCC(O1)C(C)C1OC(=O)C(C)C2CCC(CC(CCC)OC(=O)C(C)C3CCC(O3)C1C)O2)N(C)C	Polyketides	Polyethers	Macrotetrolides	false	npclassifier.gnps2.org@2026-09-07
AIECUUXSLHXKBY-UFUPEUMYSA-N	C/C=C/C(=O)NC1=CC=C2[C@H](O)CN2C(=O)O1	Alkaloids			false	npclassifier.gnps2.org@2026-09-07
AINNQKIVZOTQBB-KGLIPLIRSA-N	OC1=C(O)C(=CC=C1)C(=O)N[C@H]1[C@@H](CC2=CC=C(C=C2)N(=O)=O)OC1=O	Amino acids and Peptides			false	npclassifier.gnps2.org@2026-09-07
AIRSSZAIEIYYPQ-QBIWCITBSA-N	C=C1NC(=O)[C@H](N(C)C)CSC[C@H](C(=O)N[C@@H](CC)C(=O)N[C@H](C(=O)N[C@H](CC2=CC=C(O[C@H]3O[C@@H](C)[C@H](O)[C@@H](O[C@H]4O[C@@H](C)[C@@H](O)[C@H](O)[C@@H]4O)[C@H]3O)C=C2)C(=O)N[C@H](C)C(=O)N[C@@H](C)C(=O)N[C@H](C(=O)N[C@@H](C)C(=O)N[C@H](C)C(=O)CN[C@H](C)C(=O)N[C@H](C(=O)N[C@H](C)C(=O)N[C@@H](C)C(=O)N[C@H]2C(=O)N[C@H](C)C(=O)N[C@H](CO)C(=O)N[C@@H](CC3=CNC4=CC=CC=C34)C(=O)NCC(=O)N/C=C/S[C@H]2C)[C@H](C)CC)C(C)C)[C@@H](C)CC)NC(=O)C2CCCN2C(=O)[C@@H](C)NC1=O	Amino acids and Peptides|Polyketides	Oligopeptides	Cyclic peptides|Depsipeptides	true	npclassifier.gnps2.org@2026-09-07
AJFZCVFYMNSDFP-UHFFFAOYSA-N	CCC(C)C1C(=O)NCC(=O)NC(C(=O)NC2CSSCC(NC(=O)C(NC(=O)C(NC(=O)C(NC(=O)C(NC(=O)CNC(=O)C3CSSCC(C(=O)NC(C(=O)NCC(=O)N1)CC(C)C)NC(=O)CC(C(=O)NC(C(=O)NC(C(=O)NCC(=O)N3)C)CC4=CC=CC=C4)NC(=O)C(NC2=O)CC(=O)N)CC5=CC=C(C=C5)O)C)C(C)C)C(C)C)C(=O)NC(CC6=CC=CC=C6)C(=O)NC(CC7=CNC8=CC=CC=C87)C(=O)O)CO	Amino acids and Peptides	Oligopeptides	Cyclic peptides	false	npclassifier.gnps2.org@2026-09-07
AJKLOOXVDIANRY-GRPMBEMWSA-N	CN1[C@@H]2NC3=CC=CC=C3[C@]34CCN([C@H]3N3CC[C@@]24C2=C1C=CC=C2[C@@H]3C=C(C)C)C(C)=O	Alkaloids	Tryptophan alkaloids	Aspidosperma type	false	npclassifier.gnps2.org@2026-09-07
AJWGGFMULPXHBT-XUXDUDAXSA-N	C/C1=C\C[C@@H](O)[C@H](C)C(=O)/C(CC(C)C)=C/[C@@H]2C=C[C@@H]3CC(=O)N[C@]34C(=O)C3=C(O)C(C)=C(O)C(=C3C(=O)[C@H]24)C1=O	Polyketides	Macrolides	Ansa macrolides	false	npclassifier.gnps2.org@2026-09-07
AJYOESHEOGGMBE-UHFFFAOYSA-N	O=C1OC(=CC(O)=C1CCCCCCCCCC)CC(C)C	Polyketides	Cyclic polyketides	2-pyrone derivatives	false	npclassifier.gnps2.org@2026-09-07
AJZNARCWDDMOPL-WMZOPIPTSA-N	C1C[C@H]2[C@@H](NC3=C(C=CC=C3O)C(=O)N2C1)C4=CNC5=CC=CC=C54	Alkaloids	Anthranilic acid alkaloids	Benzodiazepine alkaloids	false	npclassifier.gnps2.org@2026-09-07
AKETULXCBSMUTF-MYXRQXSUSA-O	CCC(C)[C@H](NC(=S)[C@H](C)NC(=O)[C@H](C)NC(=S)[C@H](CCSC)NC(=S)[C@@H](NC(=O)C(C)=O)C(C)C)C(=S)N[C@@H](C)C(=O)N[C@@H]1C(=O)N[C@@H](C(C)C)C(=O)N[C@@H](C)C(=O)N[C@@H](CC2=CC=C(OC)C=C2)C(=O)N[C@@H](C(O)C2=C[N+](C)=CN2C)C(=O)NC=CS[C@@H]1C	Amino acids and Peptides	Oligopeptides	Cyclic peptides	false	npclassifier.gnps2.org@2026-09-07
AKFVOKPQHFBYCA-UHFFFAOYSA-N	CC=C1C2=NC(CS2)C(=O)NC(C3=NC(=CS3)C(=O)NC4C(OC(=O)C5=NC6=C(C=CC(C6O)NC(C(=O)NC(=C)C(=O)NC(=C)C(=O)NC(C(=O)NC7(CCC(=NC7C8=CSC4=N8)C9=NC(=CS9)C(=O)NC(=C)C(=O)NC(=C)C(=O)N)C2=NC(=CS2)C(=O)NC(C(=O)N1)C(C)O)C)C(C)C)C(=C5)C(C)O)C)C(C)(C(C)O)O	Amino acids and Peptides	Oligopeptides	RiPPs-Thiopeptides	false	npclassifier.gnps2.org@2026-09-07
AKKGAIKLKJWDBP-WECLKIJSSA-N	C[C@H]1C(=O)N2[C@H](C[C@@H](CN2)Cl)C(=O)N3[C@@H](CCCN3)C(=O)N[C@@](C(=O)OCC(=O)N4[C@@H]([C@@H]([C@@H](C=N4)O)O)C(=O)N1)(C)CO	Amino acids and Peptides|Polyketides	Oligopeptides	Cyclic peptides|Depsipeptides	false	npclassifier.gnps2.org@2026-09-07
AKMROGKTWQCRGK-CQBRWIBHSA-N	CCC1C[C@H]2C[C@@H]3[C@H](C(=O)C[C@@H]4/C=C/C(O)=C5C(=O)N[C@H](C5=O)[C@@H](O)CCNC(=O)/C=C\C[C@H]43)[C@@]2(O)[C@@H]1C	Amino acids and Peptides|Polyketides	Macrolides	Macrocyclic tetramic acids	false	npclassifier.gnps2.org@2026-09-07
AKNNEGZIBPJZJG-MSOLQXFVSA-N	CN1CCC2=CC3=C(C(=C2[C@@H]1[C@@H]4C5=C(C(=C(C=C5)OC)OC)C(=O)O4)OC)OCO3	Alkaloids	Tyrosine alkaloids	Isoquinoline alkaloids|Tetrahydroisoquinoline alkaloids	false	npclassifier.gnps2.org@2026-09-07
AKRWVQHAEBBOTI-WZONZLPQSA-N	CC(C)[C@@H]1[C@H]2CCCCCCCCC3=NC(=C2C4=C(C=C(O4)C5=C(C=CN5)Cl)OC)C1=C3	Alkaloids	Proline alkaloids	Prodigiosins	false	npclassifier.gnps2.org@2026-09-07
AKXGRVOOWGJLFD-UHFFFAOYSA-N	OC1=C2C(C(C3C(C)(CC/C=C(C)/C)O4)(C/C(C3)=C(C)/C)C4=C([H])C2=O)=CC(O)=C1	Terpenoids	Meroterpenoids	Miscellaneous meroterpenoids	false	npclassifier.gnps2.org@2026-09-07
AKYUFOZFLOQQQL-ATABALJVSA-N	CN(CC(N[C@@H]([C@@H](C(N)=O)O)C(OC([C@H](C)CCCCCCCCCCCCC(C)C)[C@H](C)C(N1)=O)=O)=O)C(/C=C/C1=C)=O	Amino acids and Peptides|Polyketides	Oligopeptides	Cyclic peptides|Depsipeptides|Lipopeptides	false	npclassifier.gnps2.org@2026-09-07
AKYUFOZFLOQQQL-VXPUYCOJSA-N	CC(C)CCCCCCCCCCCCC(C)C1OC(=O)C(NC(=O)CN(C)C(=O)\C=C/C(=C)NC(=O)C1C)C(O)C(N)=O	Amino acids and Peptides|Polyketides	Oligopeptides	Cyclic peptides|Depsipeptides|Lipopeptides	false	npclassifier.gnps2.org@2026-09-07
ALDIVIWLBSDGGN-ONEGZZNKSA-N	C\1=C(C(=O)NC(=O)/C1=C/2\C=C(C(=O)NC2=O)N)N	Alkaloids	Ornithine alkaloids		false	npclassifier.gnps2.org@2026-09-07
ALYLZDHKQZUVDF-GWNVROLUSA-N	CCC\C=C\CC1C\C=C\C=C(/C)\C=C\C=C/C(O)C(O)\C=C(/C)\C=C\C=C\C(=O)N1	Amino acids and Peptides|Polyketides	Macrolides	Macrolide lactams	false	npclassifier.gnps2.org@2026-09-07
AMASLVSVWKIJNI-NNPSNHGLSA-N	NCCCCNC(=O)[C@H](CCCN(O)C=O)NC(=O)[C@H](CO)NC(=O)[C@H](NC(=O)[C@H](CCCN=O)NC=O)[C@@H](O)C(O)=O				false	npclassifier.gnps2.org@2026-09-07
AMCJPHJAMUEWRC-UHFFFAOYSA-N	C#CC#CC#CC#CC=CCCCCCCCC(=O)O	Fatty acids	Fatty Acids and Conjugates	Unsaturated fatty acids	false	npclassifier.gnps2.org@2026-09-07
AMKYESDOVDKZKV-UHFFFAOYSA-N	CC1=CC(=CC(=C1C(=O)O)O)O	Shikimates and Phenylpropanoids	Phenolic acids (C6-C1)	Simple phenolic acids	false	npclassifier.gnps2.org@2026-09-07
AMLVEWQRORIQBK-DSCOCKGISA-N	CC(C)\C=C\C=C\C=C\C(\O)=C\C(=O)C(Cl)(Cl)Cl	Fatty acids	Fatty acyls		false	npclassifier.gnps2.org@2026-09-07
AMNAZJFEONUVTD-UHFFFAOYSA-N	CNCC(=O)NC(CO)C(=O)NC1C(C(C(OC1C(=O)N)N2C=CC(=NC2=O)N)O)O	Carbohydrates	Nucleosides	Pyrimidine nucleos(t)ides	false	npclassifier.gnps2.org@2026-09-07
AMUCLYNBUQYTIJ-TUQCQTJRSA-N	CCCCC[C@@H]1CC(=O)N[C@@H]([C@H](C)CC)C(=O)N[C@H](C(O)C(C)C)C(=O)N[C@@H](CCOC(N)=O)C(=O)N[C@H](CC(C)C)C(=O)N[C@@H](CCC(N)=O)C(=O)N(C)[C@@H]([C@@H](C)CC)C(=O)N[C@H](C(O)CO)C(=O)N[C@H](C(C)C)C(=O)N2CC(C)[C@H](O)[C@H]2C(=O)N[C@H](CC2=CC=C(O)C=C2)C(=O)N[C@@H]([C@@H](C)O)C(=O)N1	Amino acids and Peptides	Oligopeptides	Cyclic peptides	false	npclassifier.gnps2.org@2026-09-07
ANGKCYLBHBLXFP-ITDUAQOSSA-N	COC(\C=C\C1=CSC(=N1)C1CSC(=N1)C(C)=C)C(C)C(\OC)=C/C(=O)OC	Amino acids and Peptides|Polyketides	Linear polyketides	Melithiazole and Myxothiazole derivatives	false	npclassifier.gnps2.org@2026-09-07
ANNRITYMAUJQPW-ZYBQPFPISA-N	C[C@@H]1CC[C@@H]2[C@]3(C)OC4(C)CC(OC(=O)[C@@H]5CCC(C)(C)CN5)[C@@]21C[C@@H]4[C@@H]3NCCCCCN(C)C	Alkaloids|Terpenoids	Pseudoalkaloids	Steroidal alkaloids	false	npclassifier.gnps2.org@2026-09-07
ANXOACCDWYYUAE-AHSRDEEVSA-N	O[C@]12C[C@@H](CO2)C3C([C@H](O4)CC5C3CC[C@@](C)(C=C)C5)[C@@]1(C)C4=O	Terpenoids	Diterpenoids	Norpimarane and Norisopimarane diterpenoids	true	npclassifier.gnps2.org@2026-09-07
AOBZDMFOPPWRHN-UHFFFAOYSA-N	O=C(CNC(C)=O)N1CCCC1C(NC(C(O)=O)CCCNC(N)=N)=S	Amino acids and Peptides	Small peptides	Tripeptides	false	npclassifier.gnps2.org@2026-09-07
AOHSXULORROIFX-DOTMVGKOSA-N	CCCCOC1CNC(=O)[C@H](CC(N)=O)NC(=O)[C@H](CO)NC(=O)[C@H](CC(N)=O)NC(=O)CNC(=O)[C@H](CCCCN)NC(=O)[C@@H](NC(=O)[C@H](CC2=CNC3=C2C=CC=C3)NC(=O)CC(C1)OC1OC[C@@H](O)[C@H](O)[C@H]1O)C(O)C1=CC=C(O)C=C1	Amino acids and Peptides	Oligopeptides	Cyclic peptides	true	npclassifier.gnps2.org@2026-09-07
AOJJSUZBOXZQNB-TZSSRYMLSA-N	C[C@H]1[C@H]([C@H](C[C@@H](O1)O[C@H]2C[C@@](CC3=C(C4=C(C(=C23)O)C(=O)C5=C(C4=O)C=CC=C5OC)O)(C(=O)CO)O)N)O	Polyketides	Polycyclic aromatic polyketides	Anthracyclines	true	npclassifier.gnps2.org@2026-09-07
AOKYZSLJEULWJU-QFFUMYQBSA-N	NCCCCNC(=O)[C@H](CCCN(O)C=O)NC(=O)[C@H](CO)NC(=O)[C@H](NC(=O)[C@H](CCCN=N(=O)CCC[C@H](NC=O)C(=O)N[C@H]([C@@H](O)C(O)=O)C(=O)N[C@@H](CO)C(=O)N[C@@H](CCCN(O)C=O)C(=O)NCCCCN)NC=O)[C@@H](O)C(O)=O	Alkaloids	Pseudoalkaloids	Azo and Azoxy alkaloids	false	npclassifier.gnps2.org@2026-09-07
AOSGMEAISQAECD-LMYOXSLRSA-N	C[C@]1(O)CC[C@H](Cl)C(C)(C)C1C[C@]23C(C4=C(C([C@@]2([H])C[C@@H](Cl)C(C)(C)O3)=O)C(O)=C(C)C(O)=C4)=O	Polyketides|Terpenoids			false	npclassifier.gnps2.org@2026-09-07
AOSJRZIKVHUEBB-ZDTXDFEDSA-N	CCCCCCCC(=O)N[C@H](C(=O)N[C@@H](CC1=CC=CC=C1)C(=O)N[C@@H](CCC(=O)O)C(=O)N[C@H](C(=O)N[C@@H](C)C(=O)N[C@H](C(=O)O)[C@@H](C)CC)[C@@H](C)CC)C(C)C	Amino acids and Peptides	Oligopeptides	Linear peptides	false	npclassifier.gnps2.org@2026-09-07
APKFDSVGJQXUKY-UPWJBAEMSA-N	C[C@H]1/C=C/C=C/C=C/C=C/C=C/C=C/C=C/[C@@H](C[C@H]2[C@@H]([C@H](C[C@](O2)(C[C@H](C[C@H]([C@@H](CC[C@H](C[C@H](CC(=O)O[C@H]([C@@H]([C@@H]1O)C)C)O)O)O)O)O)O)O)C(=O)O)OC3C(C(C(C(O3)C)O)N)O	Polyketides	Macrolides	Polyene macrolides	true	npclassifier.gnps2.org@2026-09-07
APMFCROHCZQOAG-XFJXDZDHSA-N	CC=C(NC(=O)N[C@@H](CC1=CC=CC=C1)C(=O)O)C(=O)N[C@@H](CO)C(=O)NC(=CC)C(=O)N[C@@H](CCCN=C(N)N)C(=O)N1CCC[C@H]1C1=NC(C(=O)N[C@@H](CCSC)C(=O)O[C@@H](CC(=O)O)[C@@H]2[C@H](OC(C)=O)CCN2C(=O)[C@@H](N)[C@@H](C)CC)=CS1	Amino acids and Peptides	Oligopeptides	Linear peptides	false	npclassifier.gnps2.org@2026-09-07
APRDGVVSRUXGCI-MTQSWRERSA-N	CC(C)C[C@H](NC(=O)N[C@@H]1CCCCNC(=O)[C@@H](CC2=CC=CC=C2)NC(=O)[C@@H](C)N(C)C(=O)[C@@H](CC2=C[NH]C3=CC=CC=C23)NC(=O)[C@@H](CC(C)C)NC1=O)C(=O)O	Amino acids and Peptides	Oligopeptides	Anabaenopeptins|Cyclic peptides	false	npclassifier.gnps2.org@2026-09-07
APYNVIXJDXCVNV-RAAOCQATSA-N	[H][C@]12\C=C/C=C(C)/[C@@]3([H])[C@H](O)[C@H](O)C=C[C@]3([H])\C=C(C)\[C@@]1([H])[C@]1([H])[C@@H](O)C[C@@H](C\C=C\C=C\CCC)N1C2=O	Amino acids and Peptides|Polyketides	Macrolides	Macrolide lactams	false	npclassifier.gnps2.org@2026-09-07
AQEGYTZKJNBFQS-KIMWIMGTSA-N	NC(=O)\C=C\C=C\C1C=CC2C=CC3OC(\C=C\C=C\C=C\C(O)=O)C1C23	Polyketides	Linear polyketides	Linear polyenes	false	npclassifier.gnps2.org@2026-09-07
AQQYZHDRTDSOER-LYKBUVKOSA-N	CC(C)C\C=C(/C)[C@H](O)[C@H](C)\C=C\C=C/[C@@H](O)CC1=C(C)C(=O)C(C)(O)O1	Polyketides	Linear polyketides	Open-chain polyketides	true	npclassifier.gnps2.org@2026-09-07
AQTJNEHGKRUSLT-BJMVGYQFSA-N	CCCCCCCC(=O)C1C2CC3=C(COC(\C=C\C)=C3)C(=O)C2(C)OC1=O	Polyketides	Chromanes	Azaphilones	false	npclassifier.gnps2.org@2026-09-07
AQVANOYBWBHIEH-QKDODKLFSA-N	N[C@@H](CCCCNC(=O)CNC(=O)C1=CC=CC(O)=C1O)C(=O)N[C@@H](CCCCNC(=O)C1=CC=CC(O)=C1O)C(=O)N[C@@H](CC1=CC=CC=C1)C(O)=O	Amino acids and Peptides	Small peptides	Tripeptides	false	npclassifier.gnps2.org@2026-09-07
AQZDMONQDXTWHN-SOUNXMBKSA-N	C[C@@H]1[C@@H]2[C@H](NC(=O)[C@]23[C@@H](C=C1C)[C@H]4[C@@H](CC3=O)[C@@H]5[C@H](CC[C@]4(O5)C)O)CC(C)C	Alkaloids	Pseudoalkaloids	Cytochalasan alkaloids	false	npclassifier.gnps2.org@2026-09-07
ARGFCVBOKNPSFR-JZBWWPTNSA-N	O=C1N[C@@H](C2=CC(O3)=CC(OS(O)(=O)=O)=C2)C(N[C@@H](C(N[C@@H]45)=O)C6=CC(OC7=C(Cl)C=C(C[C@@H]1NC(C(C8=CC3=C(O)C(Cl)=C8)=O)=O)C=C7)=C(O[C@@H]9[C@H](OC%10O[C@@H](C)[C@@H](O)[C@](N)(C)C%10)[C@@H](O)[C@H](O)[C@@H](CO)O9)C(OC%11=CC=C([C@@H](O)[C@H](NC4=O)C(N[C@@H](C(O)=O)C%12=CC(O)=CC(O)=C%12C%13=CC5=CC(Cl)=C%13O)=O)C=C%11Cl)=C6)=O	Amino acids and Peptides	Oligopeptides	Vancomycins and Teicoplanins	true	npclassifier.gnps2.org@2026-09-07
ARGPOPPJQDBJKF-ZAAXVRCTSA-N	[H][C@@]23CC/C1=C(C/C=C(C)\[C@@H]1CC)\[C@@]2(C)CCC[C@@]3(C)C	Terpenoids	Diterpenoids	Abietane diterpenoids	false	npclassifier.gnps2.org@2026-09-07
ARSXTTJGWGCRRR-XXKOCQOQSA-N	C1[C@H](C([C@@]23N1C(=N[C@H]([C@@H]2NC(=N3)N)COC(=O)N)N)(O)O)OS(=O)(=O)O	Alkaloids	Guanidine alkaloids	Saxitoxins	false	npclassifier.gnps2.org@2026-09-07
ARZACIBPCRSMMK-TWTFPXJKSA-N	C/C=C/C=C1C=C[C@]2([H])NCC[C@@H](O)[C@@]2\1O	Alkaloids			false	npclassifier.gnps2.org@2026-09-07
ASAGMZGWISYATO-LXXPWVPZSA-N	CC[C@@H]/1CC(C2=C3C(=CC(=C2O)C)[C@@]4([C@H](/C=C(\C(=O)O[C@@H](/C=C1)[C@H](C=C(C)C)O)/C)C(=O)NC4=CC3=O)O)C=O	Amino acids and Peptides|Polyketides	Macrolides	Ansa macrolides|Lactam bearing macrolide lactones	false	npclassifier.gnps2.org@2026-09-07
ASHUKCNWORBQKK-TYNCELHUSA-N	O=C(OC1=O)C2=C1[C@@]([C@H](O)CCCC)([H])CC(C(OC3=O)=O)=C3[C@H](CCCC)C2	Polyketides	Cyclic polyketides	Nonadrides	false	npclassifier.gnps2.org@2026-09-07
ASORNVAVRKWGNS-JJLOCILGSA-N	C/C=C(\NC(=O)[C@H](CO)NC(=O)CNC(=O)[C@@H](CCC(N)=O)NC(=O)[C@H](NC(=O)[C@@H](NC(=O)[C@H](CC1=CC=CC=C1)NC(=O)[C@@H](CCC(N)=O)NC(=O)[C@@H](C)NC(=O)[C@@H](C)NC(=O)[C@@H](NC(=O)[C@H]1CCCN1C(=O)/C(=C/C)NC(=O)[C@@H](C)NC(=O)[C@H]1CCCN1C(=O)/C(=C/C)NC(=O)[C@H](C)N(C)C)[C@@H](C)O)C(C)C)[C@H](C)CC)C(=O)N[C@@H](C(=O)N[C@H]1CS/C=C\NC(=O)[C@H](C(C)C)NC(=O)[C@H](CC(C)C)NC1=O)[C@H](C)CC	Amino acids and Peptides|Polyketides	Oligopeptides	Cyclic peptides|Depsipeptides	false	npclassifier.gnps2.org@2026-09-07
ATDILMLBOZKFGI-JUTMVFGESA-N	[H][C@]12C[C@]([H])(O)\C=C\C(\C)=C\C[C@]([H])(O)\C=C\C(\C)=C\[C@@]([H])(NC(=O)C(C)=O)[C@](C)(C(=O)O1)C(=O)[C@@H]2C	Terpenoids	Diterpenoids	Cembrane diterpenoids	false	npclassifier.gnps2.org@2026-09-07
ATFNSNUJZOYXFC-RQJHMYQMSA-N	[H][C@]12O[C@@]1([H])C(=O)C(O)=C(C)C2=O	Polyketides			false	npclassifier.gnps2.org@2026-09-07
ATUBIBZJAGAIBW-WGEALTPQSA-N	[H][C@@](O)(CC1CC(=O)NC(=O)C1)CC(=O)[C@@]([H])(C)\C=C(/C)\C=C/C	Alkaloids	Lysine alkaloids	Piperidine alkaloids	false	npclassifier.gnps2.org@2026-09-07
AUAUQABOROTJFK-TUXWIUFQSA-N	CCCC(=O)N[C@@H](CCCCN)C(=O)O[C@@H]1C[C@H](CC=CNC(=O)C=CC=NOC)OC(=O)C2=C(C=C[C@H](O)[C@@H]3O[C@@H]31)C=CC=C2O				false	npclassifier.gnps2.org@2026-09-07
AUJXLBOHYWTPFV-CVLRASHMSA-N	C[C@@H]1C(=O)N([C@H]2CSC([C@@H](C(=O)N([C@H](C(=O)OC[C@H](C(=O)N1)NC(=O)C3=NC4=CC=CC=C4N=C3)C(C)C)C)N(C(=O)[C@H](NC(=O)[C@@H](COC(=O)[C@@H](N(C2=O)C)C(C)C)NC(=O)C5=NC6=CC=CC=C6N=C5)C)C)SC)C	Alkaloids|Amino acids and Peptides	Oligopeptides|Tetramate alkaloids|Peptide alkaloids	Cyclic peptides|Depsipeptides|Pyrazine and Piperazine alkaloids	false	npclassifier.gnps2.org@2026-09-07
AUJXLBOHYWTPFV-UHFFFAOYSA-N	CC1C(=O)N(C2CSC(C(C(=O)N(C(C(=O)OCC(C(=O)N1)NC(=O)C3=NC4=CC=CC=C4N=C3)C(C)C)C)N(C(=O)C(NC(=O)C(COC(=O)C(N(C2=O)C)C(C)C)NC(=O)C5=NC6=CC=CC=C6N=C5)C)C)SC)C	Alkaloids|Amino acids and Peptides	Oligopeptides|Tetramate alkaloids|Peptide alkaloids	Cyclic peptides|Depsipeptides|Pyrazine and Piperazine alkaloids	false	npclassifier.gnps2.org@2026-09-07
AUPVWQJCTRNGEY-AOEDTVJWSA-N	CC(=O)[C@]1(O)C[C@H]2C[C@H]3/C=C/C=C/C(=O)NCCC[C@@H]4NC(=O)C(=C(O)/C=C/C=C/C[C@@H]3[C@H]2[C@@H]1C)C4=O	Amino acids and Peptides|Polyketides	Macrolides	Macrocyclic tetramic acids	false	npclassifier.gnps2.org@2026-09-07
AUXDHORIJUSTHY-SHXGDCNXSA-N	CCCC1CC2=CC3=C(C(O)=C2C(=O)O1)C1=C(O)C2=C(OC4=C(C(O)=C(O[C@H]5C[C@@H](O)[C@H](O[C@H]6C[C@@H](O)[C@H](O[C@H]7C[C@@H](OC)[C@H](O)[C@@H](C)O7)[C@@H](C)O6)[C@@H](C)O5)C=C4)C2=O)C(OC)=C1C(O)C3O	Polyketides	Polycyclic aromatic polyketides	Angucyclines	true	npclassifier.gnps2.org@2026-09-07
AVCPRTNVVRPELB-YRUZYCQGSA-N	[H][C@@]12CC(=O)O[C@]1([H])C1=C([C@@H](CCC)O2)C(=O)C2=C(O)C=CC=C2C1=O	Polyketides	Naphthalenes	Naphthoquinones	false	npclassifier.gnps2.org@2026-09-07
AVHUCHOOGRXBJM-CDHZIWFJSA-N	C[C@@]1(C=C)C(Cl)=C[C@H]2C(=O)[C@]1(N=C=S)C1=CC=CC3=C1[C@H](C(=O)N3)C2(C)C	Alkaloids			false	npclassifier.gnps2.org@2026-09-07
AVIRMQMUBGNCKS-GQCTYLIASA-N	CC1CCC\C=C\C(=O)C2=C(O)C=C(O)C=C2CC(=O)O1	Polyketides	Macrolides	Zearalenones	false	npclassifier.gnps2.org@2026-09-07
AVKYRWJIYHSTKI-ZBPXFRMLSA-N	[H][C@@]12C[C@H](O)CNN1C(=O)[C@H](NC(=O)[C@@H](CC1=CC=C(OC)C=C1)NC(=O)[C@@H](NC(=O)[C@@H](NC=O)C(C)C)[C@@H](C)OC(=O)[C@H](C(C)C)N(C)C(=O)[C@H](CC(C)C)NC2=O)C(C)C	Amino acids and Peptides|Polyketides	Oligopeptides	Cyclic peptides|Depsipeptides	false	npclassifier.gnps2.org@2026-09-07
AVMINTCAFHYNFE-YTJQFVPCSA-N	O[C@@H](C/C=C/C(O1)=O)/C=C/CCCCCCCCCCCCCCC[C@H]1C	Fatty acids	Fatty esters	Lactones	false	npclassifier.gnps2.org@2026-09-07
AVMSKCRHMKXYOO-RCAPREFBSA-N	[H][C@@]12OC(=O)[C@]([H])(C(C)CC)N1C1=C(C(=O)C3=CC=CC(O)=C3C1=O)C1=C(O)C=C(C)C=C21	Polyketides	Naphthalenes|Polycyclic aromatic polyketides	Angucyclines|Naphthoquinones	false	npclassifier.gnps2.org@2026-09-07
AVQWHWQXKOYHSL-WFICUNRFSA-N	O=C(N[C@@H]([C@@H](C)CC)C(N[C@@H](CCO)C(N[C@H](CCN)C(N[C@@H](CCCCN)C(O)=O)=O)=O)=O)[C@@H]([C@H](O)C)NC(/C(NC([C@@H](C(C)C)NC([C@H](CC(C)C)NC([C@@H](CCC(N)=O)NC([C@H](C(C)C)NC([C@@H](C(C)C)NC([C@@H](CC(C)C)NC([C@@H](CCC(N)=O)NC([C@@H](C(C)C)NC([C@@H](CC(C)C)NC([C@@H](CO)NC([C@]1(C(CC(O)CCCCC)=O)N(C(/C(N)=C/C)=O)CCC1)=O)=O)=O)=O)=O)=O)=O)=O)=O)=O)=O)=C\C)=O	Amino acids and Peptides	Oligopeptides	Linear peptides	false	npclassifier.gnps2.org@2026-09-07
AVTHWMAILGATEZ-JURNMUSBSA-N	C/C=C(\C)/C=C/C(=O)N[C@@H]([C@H](C)C1=CC=CC=C1)C(=O)O[C@H](C)CC(=O)O	Alkaloids	Peptide alkaloids	Simple amide alkaloids	false	npclassifier.gnps2.org@2026-09-07
AWGBZRVEGDNLDZ-JCUCCFEFSA-N	CCC[C@@H]1C/C=C/C=C/C=C/C=C/[C@@H](C[C@H]2[C@@H]([C@H](C[C@](O2)(C[C@H](CCCC(=O)C[C@H]([C@@H](C(=O)O1)CC)O)O)O)O)C(=O)O)O[C@H]3[C@H]([C@H]([C@@H]([C@H](O3)C)O)N)O	Polyketides	Macrolides	Polyene macrolides	true	npclassifier.gnps2.org@2026-09-07
AWOIESPLBOHTGL-ZHOPJZPESA-N	CC(C)=CC(=O)/C=C/C=C/CC(=O)N[C@H](CN(C)C)C(=O)N[C@H](C(=O)N1C(=O)C(C)=C(O)[C@@H]1CC(C)C)C(C)C	Amino acids and Peptides|Polyketides			false	npclassifier.gnps2.org@2026-09-07
AWOMKVFSCPBMJX-UHFFFAOYSA-N	CC(C)C(=O)C(O)CC1=CNC2=C1C=CC=C2	Alkaloids	Tryptophan alkaloids	Simple indole alkaloids	false	npclassifier.gnps2.org@2026-09-07
AWPMMJDFXQCEES-FEHKQZEWSA-N	COC1=C(OC)C(O)=C([C@@H]2SS[C@@]34C[C@@]5(O)[C@@H](ON3C(=O)[C@@H]2N(C)C4=O)[C@H](O)C=C[C@H]5Cl)C=C1	Alkaloids|Amino acids and Peptides	Peptide alkaloids	Thiodiketopiperazine alkaloids	false	npclassifier.gnps2.org@2026-09-07
AWQLNKJBXASXDU-IPJQOSJUSA-N	[H][C@@]12CCCC[C@@]1([H])[C@@H]([C@H](C)C=C2)C1=CC(OC)=C(C=O)C(=O)O1	Polyketides	Cyclic polyketides	2-pyrone derivatives|Decalins with 2-pyrones	false	npclassifier.gnps2.org@2026-09-07
AWQLNKJBXASXDU-SFDCBXKLSA-N	C[C@H]1C=C[C@H]2CCCC[C@H]2[C@@H]1C3=CC(=C(C(=O)O3)C=O)OC	Polyketides	Cyclic polyketides	2-pyrone derivatives|Decalins with 2-pyrones	false	npclassifier.gnps2.org@2026-09-07
AWWVEZRMFWOMFU-UHFFFAOYSA-N	O=C(C(CC(C)C)NC(CC(O)CCCCCCC)=O)NC(CC(O)=O)C(NC(C(OC(C(CC(C)C)NC1=O)=O)C)C(NC(C(C)CC)C(NC(CC(C)C)C(NC(CCC(N)=O)C(NC1CC(C)C)=O)=O)=O)=O)=O	Amino acids and Peptides|Polyketides	Oligopeptides	Cyclic peptides|Depsipeptides|Lipopeptides	false	npclassifier.gnps2.org@2026-09-07
AXDPBAOMGSGZMT-PMTSSQHDSA-N	CC[C@H](C)[C@@H]1NC(=O)CNC(=O)[C@H](C[C@@]2(CSC[C@H](NC(=O)[C@H](CC(C)C)NC(=O)[C@H](CC(C)C)NC2=O)C(=O)N[C@@H](CC(O)=O)C(=O)N[C@@H](CC(C)C)C(O)=O)NC1=O)NC(=O)[C@H](CC1=CN=CN1)NC(=O)CNC(=O)[C@H](CC(N)=O)NC(=O)[C@@H]1CSC[C@@]2(C[C@H](NC(=O)[C@H](CC(O)=O)NC(=O)CNC(=O)CNC(=O)CNC(=O)CNC(=O)[C@H](CC3=CN=CN3)NC(=O)CN)C(=O)NCC(=O)N[C@@H](CC(C)C)C(=O)N2)C(=O)N[C@@H](C(C)C)C(=O)N[C@@H]([C@@H](C)O)C(=O)NCC(=O)N1	Amino acids and Peptides	Oligopeptides	RiPPs-Lanthipeptides	false	npclassifier.gnps2.org@2026-09-07
AXEGRHYJHHPVDH-UMKVKWLOSA-N	C[C@H]1\C=C\C=C/C=C(C)\C(=O)NC2=C(Cl)C(=O)C3=C(C=C(C)C(O)=C3C(=O)\C(C)=C\[C@H](C)[C@@H](O)[C@@H](C)\C=C\[C@@H](O)C\C=C(C)\C(=O)C[C@@H]1O)C2=O	Polyketides	Macrolides	Ansa macrolides	false	npclassifier.gnps2.org@2026-09-07
AXFOSMASHUQEMX-RNPATSBUSA-N	CCCCC(C(=O)OC)C(=O)OC1CCCC(O)C2OC2C(C)C(OC(=O)\C=C/CC(O)CC(O)CC(O)CCC(C)C(O)C[C@]2(O)O[C@@H](C[C@H](O)[C@H]2O)CC(O)C1)C(C)C(O)C(C)C(O)C(C)C(C)OC1CC(OC)C(OC)C(C)O1	Polyketides	Macrolides	Macrolide lactones	true	npclassifier.gnps2.org@2026-09-07
AYCCAVRHRIETDR-UHFFFAOYSA-O	OCC(CCCCC[NH3+])NC(CC(O)CCCCCCCCCCCCC)=O	Fatty acids	Sphingolipids	Ceramides	false	npclassifier.gnps2.org@2026-09-07
AYFGLFCHCAUWKV-NFUGBNBJSA-N	C[C@H]1CCC(=O)C2=C3[C@@]4(C[C@@H]([C@](O3)([C@H]([C@@H]4/C=C/C(=O)O1)O)C)C)OC2=O	Polyketides	Macrolides	Spirotetronate macrolides	false	npclassifier.gnps2.org@2026-09-07
AYHQEXAHORNEMG-CGBMOQSMSA-N	CC(C)[C@H](O)[C@@H](NC(=O)[C@H](C)NC(=O)[C@@H](CC(O)=O)NC(=O)[C@@H](NC(=O)CC1=CC=CC=C1)C(C)C)C(=O)NCC(=O)N[C@H](C)C(=O)N[C@@H](CC1=CC=CC=C1)C(O)=O	Amino acids and Peptides	Oligopeptides	Linear peptides	false	npclassifier.gnps2.org@2026-09-07
AYSMYLUVPGMSKV-PLXAKVCMSA-N	C[C@@H]1[C@H](C)C(C[C@@]([C@H](O)C(N/C=C/C(CO)[C@@H](O)C(C)C(N2CCC[C@H]2[C@H](O)CC(N)=O)=O)=O)(OC)O1)=C	Polyketides	Linear polyketides	Open-chain polyketides	true	npclassifier.gnps2.org@2026-09-07
AYZBMLHVFCLOSX-UHFFFAOYSA-N	CC(C)CCCCC(O)C1=CC(CCCC(=O)O)=NO1				false	npclassifier.gnps2.org@2026-09-07
AZBCVXGNHJUBLD-SMQFJCFBSA-N	CC[C@H](OC([C@H]([C@H]1CCCCCCC)C)=O)C(N([C@@H](CC2=CC=CC=C2)[C@@H](CC(O1)=O)O)C)=O	Amino acids and Peptides|Polyketides	Oligopeptides	Depsipeptides|Lipopeptides	false	npclassifier.gnps2.org@2026-09-07
AZDDAJXLYMVMAW-BVFBRMCBSA-N	CC1=C(C(=C2[C@H]3[C@@H]4CC5=C([C@@H](N4C[C@H](N3C)CC2=C1)CNC(=O)[C@H](C)N)C(=O)C(=C(C5=O)C)OC)O)OC	Alkaloids	Tyrosine alkaloids	Tetrahydroisoquinoline alkaloids	false	npclassifier.gnps2.org@2026-09-07
AZGANZVUWUCOGH-XHPQRKPJSA-N	CSCCC(NC(=O)NC(CC1=CC=CC(O)=C1)C(O)=O)C(=O)NC(C(C)N(C)C(=O)C1CC2=CC(O)=CC=C2C(C)N1)C(=O)N\C=C1\CC(O)C(O1)N1CCC(=O)NC1=O	Amino acids and Peptides	Oligopeptides	Linear peptides	true	npclassifier.gnps2.org@2026-09-07
AZHZGGIJCMPFMJ-AECIEKQISA-N	CCCCC/C=C/CC/C=C/C=C/C(=O)N[C@@H]([C@@H](C)O)C(=O)N[C@H]1C[C@H](CCNC(=O)/C=C\[C@@H](NC1=O)C)O	Amino acids and Peptides	Oligopeptides	Cyclic peptides	false	npclassifier.gnps2.org@2026-09-07
AZMKCFOOYMQAIQ-PWSUYJOCSA-N	C[C@@H]1CC=CC[C@H](O)C=CC2=C(C(=O)O1)C(O)=CC(O)=C2	Polyketides	Macrolides	Zearalenones	false	npclassifier.gnps2.org@2026-09-07
AZSAKIBLCQKLPN-NMVJLXTDSA-N	CC1=CC(=O)[C@@]2(O)C3=CC=CC=C3C(=O)[C@@H]1[C@@H]2CNC1=CC=C2C(=O)SC3=C2C1=CC1=C3[C@@H](O)[C@H](O)C=C1	Shikimates and Phenylpropanoids			false	npclassifier.gnps2.org@2026-09-07
AZWOSJCABFILKS-JTQCMLDWSA-N	[H][C@]12[C@H](CC3=CC=CC=C3)NC(=O)[C@]11C(=O)\C=C\C(=O)[C@H](OC(C)=O)\C(C)=C\[C@@H](C)C\C=C\[C@@]1([H])[C@@H]1O[C@]1(C)[C@H]2C	Alkaloids	Pseudoalkaloids	Cytochalasan alkaloids	false	npclassifier.gnps2.org@2026-09-07
BAIPOTOKPGDCHA-MWBHXQFBSA-N	CC[C@H]1CC[C@@H]2[C@@H]1C=C[C@H]([C@H]2C(=O)C3=CC=CN3)/C=C/C=C(\CC)/[C@H]4[C@H](CC[C@@H](O4)[C@@H](C)C(=O)O)C	Polyketides	Polyethers	Polyether ionophores	false	npclassifier.gnps2.org@2026-09-07
BAZZDDBHNIGLGB-AWNDOMLDSA-N	CC(C)CCCCCCCCC[C@H]1CC(=O)N[C@H](C(=O)N[C@@H](C(=O)N[C@@H](C(=O)N[C@H](C(=O)N2CCC[C@@H]2C(=O)N[C@@H](C(=O)N[C@H](C(=O)N1)CC(=O)N)CC(=O)N)CCC(=O)N)CC(=O)N)CC3=CC=C(C=C3)O)CC(=O)N	Amino acids and Peptides	Oligopeptides	Cyclic peptides	false	npclassifier.gnps2.org@2026-09-07
BBDUWLORHLGIBL-QWJRFOJJSA-N	OC([C@H]1O[C@@H](O[C@H]2[C@](C(O)=O)(C)C(CC[C@]3(C)C4CC=C5[C@@]3(C)CC[C@]6(C(O[C@H]7[C@H](O)[C@@H](O)[C@@H](O)[C@@H](C)O7)=O)C5CC(C)(C)CC6)[C@]4(C)C[C@@H]2O)[C@H](O)[C@@H](O)[C@@H]1O)=O	Terpenoids	Triterpenoids	Oleanane triterpenoids	true	npclassifier.gnps2.org@2026-09-07
BBIKPGRUAMIMIA-UHFFFAOYSA-N	CCC(C)C1C(=O)NC(C(=O)NC(C(=O)NC(CSCC(C(=O)NC(C(=O)NC(C(=O)NC(=C)C(=O)N1)CC(C)C)CO)NC(=O)C(CC(=O)O)NC(=O)CNC(=O)C2CSCC(C(=O)NC(C(=O)NC(C(=O)NC(=C)C(=O)NC(C(=O)NC(C(=O)NC(C(=O)N2)CC(C)C)CC(C)C)CC(C)C)C)CCCNC(=N)N)NC(=O)CNC(=O)C(C(C)O)N)C(=O)NC(CC(=O)N)C(=O)O)C(C)O)C(C)O	Amino acids and Peptides	Oligopeptides	Cyclic peptides|RiPPs-Lanthipeptides	false	npclassifier.gnps2.org@2026-09-07
BBLGCDSLCDDALX-LKGBESRRSA-N	COC1=C(OC)C(O)=C(C)C(C\C=C(/C)C\C=C\C(\C)=C\[C@@H](C)[C@@H](O)C(\C)=C\C)=N1	Polyketides	Meroterpenoids		false	npclassifier.gnps2.org@2026-09-07
BBMULGJBVDDDNI-OWKLGTHSSA-N	[H][C@@](C)(CCC1=C(C(O)=O)C(O)=C(C)C=C1)[C@]([H])(O)[C@]([H])(C)C(=O)[C@]([H])(CC)[C@@]1([H])O[C@@](CC)(C[C@@H]1C)[C@@]1([H])CC[C@](O)(CC)[C@H](C)O1	Polyketides	Polyethers|Linear polyketides	Open-chain polyketides|Polyether ionophores	false	npclassifier.gnps2.org@2026-09-07
BBOPDVQWKDZTMW-VMFPJVEDSA-N	C[C@@](O/1)([H])CC=C(C)C1=C/C2=NC(/C=C([C@@]3([H])[C@H](C)[C@@H](OC(/C=C\C4)=O)C[C@](C/C=C(C)/C5=NC([C@]6([H])C[C@@H](OC(N)=O)[C@H](O)[C@@](C[C@H](O)C[C@@H](O)[C@H](/C=C/[C@@]7([H])O[C@@]4([H])[C@@H](C)[C@H](O)C7)O[C@]8([H])O[C@@](CO)([H])[C@@H](O)[C@H](O)[C@H]8O)([H])O6)=CO5)([H])O3)\C)=CO2	Polyketides	Macrolides	Avermectins	true	npclassifier.gnps2.org@2026-09-07
BBYNTJLPUWNJRX-KZAICDIGSA-N	C[C@@H]1[C@@H](C[C@H](C[C@@H](C[C@H](C[C@@H](C[C@H](CC=C(C=CC(=O)O[C@@H](CC=CCCCCCC[C@H](CCC[C@H](CCC[C@H](CC=C([C@H]1O)C)O)O)O)[C@@H](C)[C@@H](CCCCC[C@@H](C)O)O)C)O)O)O)O)O)O	Polyketides	Macrolides	Polyene macrolides	false	npclassifier.gnps2.org@2026-09-07
BBYUAJFKLXJSQH-UHFFFAOYSA-N	CN1C2=CC=CC=C2C2=C1C(=O)N1C(=C2)C(=O)N(CCC2=CC=CC=C2)C1(C)O	Alkaloids	Tryptophan alkaloids	Carbazole alkaloids	false	npclassifier.gnps2.org@2026-09-07
BBZLFYDYFRWHEF-UHFFFAOYSA-N	COC1=CC(=NC2=C(O)C=CC=C12)C(O)=O	Alkaloids	Anthranilic acid alkaloids	Quinoline alkaloids	false	npclassifier.gnps2.org@2026-09-07
BBZWPAMQYKTVHU-DTQAZKPQSA-N	CC(C)=CCC/C(C)=C/COC1=CC=C(O)C2=NC3=CC=CC=C3N=C12	Alkaloids	Anthranilic acid alkaloids	Phenazine alkaloids	false	npclassifier.gnps2.org@2026-09-07
BCBQFBBPTBVSKT-UHFFFAOYSA-N	CCC(C)C(=C1C(=O)C(C(OC1=O)C)CO)O	Amino acids and Peptides|Polyketides	Cyclic polyketides		false	npclassifier.gnps2.org@2026-09-07
BCFVHVKRKHBTGK-YADHBBJMSA-N	COC1=C2N(C3=C1C=C(Cl)C=C3)[C@]1(O)C(=O)N(C)C(=O)[C@]1(O)C1=C2NC2=C1C=C(Cl)C=C2	Alkaloids	Tryptophan alkaloids	Carbazole alkaloids	false	npclassifier.gnps2.org@2026-09-07
BCMKHWMDTMUUSI-UHFFFAOYSA-N	C1=C2C=C(C=C(C2=C(C=C1O)O)O)O	Polyketides	Naphthalenes	Naphthalenes and derivatives	false	npclassifier.gnps2.org@2026-09-07
BCMPZBSCYHGBOV-CTKCPGFYSA-N	C[C@H]1CC[C@@]2([H])[C@](C=C[C@H]([C@@H](/C=C/[C@@H](O)C)[C@@H]3C(N([C@@H](C(O)=O)CO)C)=O)[C@]2(C)C3=O)([H])C1	Polyketides	Cyclic polyketides	3-Decalinoyltetramic acids	false	npclassifier.gnps2.org@2026-09-07
BCMYHBTYINFPDE-OLAIZJASSA-N	CC=C(NC(=O)N[C@@H](CC1=CC=CC=C1)C(=O)O)C(=O)N[C@@H](CO)C(=O)NC(=CC)C(=O)N[C@@H](CCCN=C(N)N)C(=O)N1CCC[C@H]1C1=NC(C(=O)N[C@@H](CCSC)C(=O)OC)=CS1	Amino acids and Peptides	Oligopeptides	Linear peptides	false	npclassifier.gnps2.org@2026-09-07
BCPWMPCOEAOEDD-NQSCOFRMSA-N	CC(=CCC/C(=C/C[C@]12C(=O)C3=CC(=CC(=C3C(=O)[C@]1(C[C@H](C(O2)(C)C)Cl)Cl)O)O)/C)C	Terpenoids	Meroterpenoids		false	npclassifier.gnps2.org@2026-09-07
BCVQNVIMHTYJMD-UHFFFAOYSA-N	CC1=CN(C2=NC=NC3=C2[NH]C=N3)C=C1	Alkaloids	Pseudoalkaloids	Purine alkaloids	false	npclassifier.gnps2.org@2026-09-07
BCXSWKYTDHBUIH-UHFFFAOYSA-N	O=C1C=CC(O)=C(SS2)C2=C1C(O)=O	Shikimates and Phenylpropanoids	Tropolones	Tropolones and derivatives (Shikimate)	false	npclassifier.gnps2.org@2026-09-07
BDGPJLZWOAKWRA-JOYQUEBISA-N	[H]C(N(CCCC(C(NC(C(N(CCC[C@@H](C(NC(C(NC(C(NC1C(N(O)CCC1)=O)=O)CO)=O)CO)=O)NC)O)=O)CO)=O)NC(C)=O)O)=O	Amino acids and Peptides	Oligopeptides	Linear peptides	false	npclassifier.gnps2.org@2026-09-07
BDIZPQDFMHMOFZ-MWLCHTKSSA-N	C[C@@H]1[C@H](OC2=C(C1=O)C(=C3C(=C2)C(=C(C=C3O)O)C4=C5C=C6C(=C(C(=C(O6)C)C)O)C(=C5C(=CC4=O)O)O)O)C	Polyketides	Naphthalenes	Bisnaphthalenes	false	npclassifier.gnps2.org@2026-09-07
BDNWOBBVDVIJGL-PRAQEBQASA-N	CC1=CC(=CC(=C1C2=CC(=C(C3=C2C(=O)[C@@]4([C@H](C3)C(C5=C(C4=O)C(=CC(=C5Cl)O)O)(C)C)O)Cl)OC)OC)OC	Polyketides	Polycyclic aromatic polyketides	Fasamycins and derivatives	false	npclassifier.gnps2.org@2026-09-07
BDTQHFBWYNCGHN-CUYCKOLISA-N	CN[C@H]1[C@@H](O)CO[C@H](O[C@H]2[C@H](N)C[C@H](N)[C@@H](O[C@H]3O[C@H](CN)[C@@H](O)[C@H](O)[C@H]3O)[C@@H]2O)[C@@H]1O	Carbohydrates	Polyols		true	npclassifier.gnps2.org@2026-09-07
BEFCZECQSOKHON-OSWUWPNASA-N	CC(C)CCCCCC(=O)N[C@H](CC1=CC=C(O)C=C1)C(=O)N[C@@H](CO)C(=O)N[C@H](CC(C)C)C(=O)N[C@@H](CC1=CNC2=C1C=CC=C2)C(=O)N[C@@H](CCCNC(N)=N)C(O)=O	Amino acids and Peptides	Oligopeptides	Linear peptides|Lipopeptides	false	npclassifier.gnps2.org@2026-09-07
BEGQKUVCBHKGID-FWWCRQQKSA-N	CN[C@@H]1C2=CC(OC3=CC([C@H]4C(N[C@@H]5C6=CC(OC7=CC=C(C=C7)C[C@@H](NC1=O)C(N4)=O)=C(O[C@H]8[C@H](NC(CCCCCCCCCC)=O)[C@@H](O)[C@H](O)[C@@H](CO)O8)C(OC9=C(Cl)C=C(C(O)C%10C(N[C@H](C(O)=O)C%11=C(C(O[C@@H]%12[C@@H](O)[C@@H](O)[C@H](O)[C@@H](CO)O%12)=CC(O)=C%11)C%13=CC([C@@H](NC5=O)C(N%10)=O)=CC=C%13)=O)C=C9)=C6)=O)=C(Cl)C(O)=C3)=C(O)C=C2	Amino acids and Peptides	Oligopeptides	Vancomycins and Teicoplanins	true	npclassifier.gnps2.org@2026-09-07
BEJNERDRQOWKJM-UHFFFAOYSA-N	O=C1C=C(CO)OC=C1O	Polyketides	Cyclic polyketides	4-pyrone derivatives	false	npclassifier.gnps2.org@2026-09-07
BEUWKFSFCQGVEY-QJQSJIDVSA-N	C[C@@]1([C@@H](C[C@H]2[C@@]3([C@@]1([C@@H]4[C@@H](O4)C(C5=NC6=CC=CC(=C6[C@@]53O)C2(C)C)(C)C)[N+]#[C-])O)Cl)C=C	Alkaloids	Tryptophan alkaloids	Hapalindole alkaloids	false	npclassifier.gnps2.org@2026-09-07
BFIFMYVVBKSDFE-KNMPCJSWSA-N	C[C@H]1C[C@@H]([C@@H]([C@@H]2[C@@H]1[C@]3([C@@H](C=C2)/C(=C\C[C@@H](/C(=C\[C@@H]4C=C([C@@H](C[C@@]45C(=O)C(=C3O)C(=O)O5)C)CO)/C)O[C@H]6C[C@]([C@H]([C@H](O6)C)NC(=O)OC)(C)N)/C)C)O[C@H]7C[C@H]([C@H]([C@@H](O7)C)O)O[C@H]8C[C@H]([C@H]([C@@H](O8)C)O[C@@H]9C[C@H]([C@H]([C@@H](O9)C)OC)O)O)C	Polyketides	Macrolides	Spirotetronate macrolides	true	npclassifier.gnps2.org@2026-09-07
BFLURJDTSAXPNZ-NCUXDPMLSA-N	C[C@H]1C(=O)N[C@H](C(=O)NCCCC[C@H](C(=O)N[C@H](C(=O)N([C@H](C(=O)N1C)CCC2=CC=C(C=C2)O)C)C(C)C)NC(=O)N[C@@H](CCCN=C(N)N)C(=O)O)CC3=CC=CC=C3	Amino acids and Peptides	Oligopeptides	Anabaenopeptins|Cyclic peptides	false	npclassifier.gnps2.org@2026-09-07
BFSBNVPBVGFFCF-UHFFFAOYSA-N	CC(O)C(NC(=O)C(N)CCC1(O)CNC1=O)C(O)=O	Amino acids and Peptides	Small peptides	Dipeptides	false	npclassifier.gnps2.org@2026-09-07
BFUKWVVFVGUARP-BSOSBYQFSA-N	CCC(=O)N[C@@H](CC(C)C)C(=O)N[C@@H](CC(C)C)C(=O)NC(CCCN=C(N)N)C=O	Amino acids and Peptides	Small peptides	Tripeptides	false	npclassifier.gnps2.org@2026-09-07
BGHDUTQZGWOQIA-VQSKNWBGSA-N	CC(C)[C@H]1C(=O)N2CCC[C@H]2[C@]3(N1C(=O)[C@](O3)(C)NC(=O)[C@H]4CN([C@@H]5CC6=CNC7=CC=CC(=C67)C5=C4)C)O	Alkaloids	Tryptophan alkaloids	Ergot alkaloids	false	npclassifier.gnps2.org@2026-09-07
BGLJDBFMHLXZPQ-RANLQPCPSA-N	C[C@@H]1O[C@@H](O[C@H]2CC[C@H](C3=C(O)C4=C(C=C3)C(=O)C3=C(C=CC(C[C@@](C)(O)CC(=O)O)=C3O)C4=O)O[C@@H]2C)C=CC1=O	Polyketides	Polycyclic aromatic polyketides	Angucyclines	true	npclassifier.gnps2.org@2026-09-07
BGXUVIBODLPBMB-SGTLLEGYSA-N	C[C@H]1C(=O)NC2=CC=CC=C2C(=O)N3C=C(C[C@@H](C(=O)N1)[N+](=O)[O-])C4=CC=CC=C43	Alkaloids	Anthranilic acid alkaloids	Benzodiazepine alkaloids	false	npclassifier.gnps2.org@2026-09-07
BHAUQSKSOITMND-KVKUBTPSSA-N	C1C[C@H]([C@H](C1)N)C(=O)N[C@H]([C@H]2C[C@]([C@@H]([C@@H](O2)N3C=NC4=CN=C(N=C43)N)O)([C@H](CO)O)O)C(=O)O				false	npclassifier.gnps2.org@2026-09-07
BHAUQSKSOITMND-UHFFFAOYSA-N	C1CC(C(C1)N)C(=O)NC(C2CC(C(C(O2)N3C=NC4=CN=C(N=C43)N)O)(C(CO)O)O)C(=O)O				false	npclassifier.gnps2.org@2026-09-07
BHCCHKMYTWNSMQ-UHFFFAOYSA-N	CC(C)(C=C)NC(C(NC(C(C)CC)C1=NC(C(OC)=O)=CS1)=O)CC2=CC=CC=C2	Amino acids and Peptides	Small peptides	Tripeptides	false	npclassifier.gnps2.org@2026-09-07
BHDQPLTWVHUKNN-YTSVOPRBSA-N	CC[C@H](C)C(=O)C[C@]1(C)C(=O)C=C2C=C([C@H]3C(=O)C=CC[C@@H]3C)OC=C2C1=O	Polyketides	Chromanes	Azaphilones	false	npclassifier.gnps2.org@2026-09-07
BHNACKMCMDASDB-UJNBGNEJSA-N	C/C=C(/CO)\C1=C(C(C[C@]1(C)CO)(C)C)C=C	Terpenoids	Sesquiterpenoids	Botryane sesquiterpenoids	false	npclassifier.gnps2.org@2026-09-07
BHWUAJFEXZMNJT-OVQJPPBNSA-N	O=CN(O)CCC[C@@H](NC(=O)[C@H](CO)NC(=O)[C@@H](CO)NC(=O)[C@H](CO)NC(=O)[C@H]1COC(C2=CC=CC=C2O)=N1)C(=O)N[C@H](CCCNO)C(=O)O	Amino acids and Peptides	Oligopeptides	Linear peptides	false	npclassifier.gnps2.org@2026-09-07
BHYCLFCOZPICKT-CNDSVILGSA-N	C\C=C\C=C\C=C\C=C\C=C\C=C\C=C\C(=O)N(C)[C@H]1[C@@H](C)OC(=O)[C@H](CCC(N)=O)NC(=O)[C@H](C)NC(=O)[C@H](C)NC(=O)[C@H](CC(C)C)NC1=O	Amino acids and Peptides|Polyketides	Oligopeptides	Cyclic peptides|Depsipeptides	false	npclassifier.gnps2.org@2026-09-07
BICCALWGKRVQAV-QPHDTYRISA-N	N[C@@H](\C=C\ONC=O)C(O)=O	Amino acids and Peptides	Small peptides	Aminoacids	false	npclassifier.gnps2.org@2026-09-07
BIEJOJJMQZEKED-UHFFFAOYSA-N	CC1=CC(=O)C2=C(C3=C(C=CC=C3O)C(=C2C1C(=O)C)C4=C5C(C(CC(=O)C5=C(C6=C4C=CC=C6O)O)(C)O)C(=O)C)O	Polyketides	Polycyclic aromatic polyketides	Anthraquinones and anthrones	false	npclassifier.gnps2.org@2026-09-07
BIJKEIIWFILUFX-COBSUARPSA-N	C1[C@H](C2=C(NC=N1)N(C=N2)[C@H]3[C@@H]([C@@H]([C@H](O3)CO)O)Cl)O/C1=NC2=C(C(=N1)N)N=CN2[C@H]3[C@@H]([C@@H]([C@H](O3)CO)O)N	Carbohydrates	Nucleosides	Purine nucleos(t)ides	false	npclassifier.gnps2.org@2026-09-07
BIOWDMWPQOMXJO-YHYSRAEPSA-N	CC(C(C/C=C/C=C/C=C/C=C/C(=O)O)O)C(=O)CC(CC(CC(/C=C/CC(CC(CC(CC(/C=C/CC(/C=C/CC(CCCN)O)O)O)O)O)O)O)O)O	Polyketides	Linear polyketides	Open-chain polyketides	false	npclassifier.gnps2.org@2026-09-07
BISOEENGZHMDEO-RLXIHFJVSA-N	O[C@@H]1[C@H](OC)[C@@]([H])([C@H](C(N)=O)O[C@H]2OC(C(N[C@@H]3C(NCCCC3)=O)=O)=C[C@H](O)[C@@H]2O)O[C@H]1N(C=C4)C(NC4=O)=O	Carbohydrates	Nucleosides	Pyrimidine nucleos(t)ides	true	npclassifier.gnps2.org@2026-09-07
BISPUFPESHDUKH-VJFFGYHASA-N	[H][C@](N)(C[C@H](O)C[S@@](=O)C1=C2C=C(O[C@](C)(CC)[C@]([H])(NC(=O)[C@]([H])(C)NC(=O)[C@@]([H])(NC)[C@@H]2O)C(=O)NCC(O)=O)C(O)=C1)C(O)=O	Amino acids and Peptides	Oligopeptides	Cyclic peptides	false	npclassifier.gnps2.org@2026-09-07
BJNLLBUOHPVGFT-PKMGYIMSSA-N	CCCCCCCCCC(=O)N[C@@H]1[C@H]([C@@H]([C@H](O[C@H]1OC2=C3C=C4C=C2OC5=C(C=C(C=C5)[C@H]([C@H]6C(=O)N[C@@H](C7=CC(=CC(=C7C8=C(C=CC(=C8)[C@H](C(=O)N6)NC(=O)[C@@H]4NC(=O)[C@@H]9C1=CC(=CC(=C1)O)OC1=C(C=CC(=C1)[C@H](C(=O)N[C@H](CC1=CC(=C(O3)C=C1)Cl)C(=O)N9)N)O)O)O[C@@H]1[C@H]([C@H]([C@@H]([C@H](O1)CO)O)O)O)O)C(=O)O)O[C@H]1[C@@H]([C@H]([C@@H]([C@H](O1)CO)O)O)NC(=O)C)Cl)CO)O)O	Amino acids and Peptides	Oligopeptides	Vancomycins and Teicoplanins	true	npclassifier.gnps2.org@2026-09-07
BJPYMDSMDBCKEP-QSMCFSHASA-N	C[C@@H]1[C@@H]([C@@]([C@H]([C@@H](O1)C2=C3C(=C(C=C2)O)C(=CC4=C3OC(=O)C5=CC(=CC(=C54)OC)C)OC)O)(C)O)O	Polyketides	Polycyclic aromatic polyketides	Angucyclines	false	npclassifier.gnps2.org@2026-09-07
BJQCORCDYPATKL-AOOJWBHSSA-N	CO[C@@H]1[C@H](O)[C@@H](C)O[C@@H](OCC2C3OC3CCC(=O)[C@@](C)(O)CC(C)C(O[C@@H]3O[C@H](C)C[C@](O)([C@H](C)O)[C@H]3O)C(C)\C=C\C(=O)OC2C)[C@@H]1OC	Polyketides	Macrolides	Tylosins	true	npclassifier.gnps2.org@2026-09-07
BJWRCLLKJSLIRN-UHFFFAOYSA-N	CC=C(C)C1CC=C(C)C(OC2OC(CO)C(O)C2O)C(OC(=O)CC(C)C)C(=O)CC(O)C(C)C(=O)O1	Polyketides	Macrolides	Macrolide lactones	true	npclassifier.gnps2.org@2026-09-07
BKJFWWFPUSKVTE-NSUYYRTMSA-N	[H][C@@]1(OC1(C)C)[C@@]1([H])N2CC[C@]34C5=C1C=CC=C5N(C=O)[C@@]3([H])NC1=C(C=CC=C1)[C@]41CCN(C(=O)\C=C\C=C\C)[C@]21[H]	Alkaloids	Tryptophan alkaloids	Aspidosperma type	false	npclassifier.gnps2.org@2026-09-07
BKJFWWFPUSKVTE-XJCYDXEVSA-N	C\C=C\C=C\C(=O)N1CC[C@@]23[C@@H]1N1CC[C@@]22[C@@H](NC4=C3C=CC=C4)N(C=O)C3=CC=CC([C@@H]1[C@@H]1OC1(C)C)=C23	Alkaloids	Tryptophan alkaloids	Aspidosperma type	false	npclassifier.gnps2.org@2026-09-07
BKXFLPALZOSCBA-UHFFFAOYSA-N	O=C(NC(C(NC(C(NC(C(NC(C(NC(C(O1)=O)CO)=O)CC(C)C)=O)C(C)C)=O)CCN)=O)CC(C)C)C(NC(C(CCN)NC(C(C(C)C)NC(C(CCN)NC(CC1C(C)C)=O)=O)=O)=O)CC2=CC=CC=C2	Amino acids and Peptides|Polyketides	Oligopeptides	Cyclic peptides|Depsipeptides|Lipopeptides	false	npclassifier.gnps2.org@2026-09-07
BLFCMITWMARUSM-UHFFFAOYSA-N	C1=CC(=O)C(=C2C(=C1)SS2)C(=O)O	Shikimates and Phenylpropanoids	Tropolones	Tropolones and derivatives (Shikimate)	false	npclassifier.gnps2.org@2026-09-07
BLGPPSRDEKNCLT-CDWXYHGHSA-N	[H][C@@]12CC[C@]3(C)[C@@H](O)CC[C@@H](C)[C@@]3([H])[C@]1([H])C2(C)C	Terpenoids	Sesquiterpenoids	Cycloeudesmane sesquiterpenoids	false	npclassifier.gnps2.org@2026-09-07
BLJNAQWNZHOUNA-UHFFFAOYSA-N	Cc1cc(O)c(Oc2c(C(OC3)=O)c(OC)c(C4C(O4)C(C)=C)cc2)c3c1	Polyketides	Aromatic polyketides	Depsidones	false	npclassifier.gnps2.org@2026-09-07
BLNRPHBKOMCMBX-ABXVWLFBSA-N	N[C@@H](CCCNC(N)=N)C(=O)N[C@@H](\C=C/CP(O)(O)=O)C(O)=O	Amino acids and Peptides	Small peptides	Dipeptides	false	npclassifier.gnps2.org@2026-09-07
BLSCHOWASFDSBC-BIRKEBMYSA-N	CC([C@H](OC([C@H]([C@H]1CCCCC)C)=O)C(N([C@@H](CC2=CC=CC=C2)[C@@H](CC(O1)=O)O)C)=O)C	Amino acids and Peptides|Polyketides	Oligopeptides	Depsipeptides|Lipopeptides	false	npclassifier.gnps2.org@2026-09-07
BMBSGGZMJQTQSO-LURJTMIESA-N	C[C@H](O)C1=NC2=C(C=CC=C2)C(=O)N1	Alkaloids	Anthranilic acid alkaloids	Quinazoline alkaloids	false	npclassifier.gnps2.org@2026-09-07
BMKCISMFGDXUPH-KJOVWIKKSA-N	CC(C)=CC(=O)N/C=C/C(C)=C/[C@@H](C)[C@H]1C/C(C)=C\C=C\CCC[C@@H](OC(N)=O)[C@@H](O)[C@@H](O)/C=C/CC/C=C/C(=O)O1	Polyketides	Macrolides	Polyene macrolides	false	npclassifier.gnps2.org@2026-09-07
BMTGUUMBXAJVGK-ROGHOQGBSA-N	CCC/C=C\C1=CC=CC=C1/C=C/C(N[C@H]2COC([C@H](CO)NC([C@H](CC(N)=O)NC([C@H]([C@@H](O)C)NC([C@@H](CC3=CC=CC=C3)NC([C@H](CC(C)C)NC(/C(N(C)C2=O)=C\C4=CC=C(O)C=C4)=O)=O)=O)=O)=O)=O)=O	Amino acids and Peptides|Polyketides	Oligopeptides	Cyclic peptides|Depsipeptides	false	npclassifier.gnps2.org@2026-09-07
BNECMZLNDGDLLH-ITNWSMDWSA-N	O([C@@H]1[C@@]2(O[C@]([C@H](NC(C)=O)[C@H]1O)(OC2)[H])[H])[C@H]3[C@H](NC(C)=O)[C@@H](O)[C@H](O[C@@H]4O[C@H](COP(=O)(O)O)[C@@H](O)[C@H](O)[C@H]4N)[C@@H](CO)O3	Carbohydrates	Aminosugars and aminoglycosides	Aminosugars	true	npclassifier.gnps2.org@2026-09-07
BNFUGVFXZSYVMT-HEGJJMKQSA-N	C/C=C(\C)/[C@H]([C@@]1([C@H]2C(=CC(=C[C@]2([C@H]1/C(=C/[C@@]3([C@@H]4[C@H](C(=O)[C@]3(C(=O)O4)C)C)C)/C)C)C)C)C)O	Polyketides|Terpenoids			false	npclassifier.gnps2.org@2026-09-07
BNFUGVFXZSYVMT-SXXAEEKTSA-N	C/C=C(\C)[C@@H](O)[C@@]1(C)[C@@H]2C(C)=CC(C)=C[C@]2(C)[C@@H]1/C(C)=C/[C@]1(C)[C@H]2OC(=O)[C@]1(C)C(=O)[C@@H]2C	Polyketides|Terpenoids			false	npclassifier.gnps2.org@2026-09-07
BNNIEBYABSNREN-CYRUSRGFSA-N	CC1=C2C[C@@H](OC(=O)C2=C(C=C1O)O)[C@H](C)[C@H](C[C@@H]3C([C@@H](C[C@H](O3)[C@@H](NC(=O)[C@H]([C@H](CC(=C)C)OC)O)OC)O)(C)C)O	Polyketides|Shikimates and Phenylpropanoids			false	npclassifier.gnps2.org@2026-09-07
BNNVVTQUWNGKPH-ZROIWOOFSA-N	C1=CC(=CC=C1/C=C\2/C(=C(C(=O)O2)C3=CC=C(C=C3)O)O)O	Shikimates and Phenylpropanoids	Diazotetronic acids and derivatives	Pulvinones	false	npclassifier.gnps2.org@2026-09-07
BNZYRKVSCLSXSJ-IOSLPCCCSA-N	NC1=C2N=CN([C@]3(CO)O[C@H](CO)[C@@H](O)[C@H]3O)C2=NC=N1	Carbohydrates	Nucleosides	Purine nucleos(t)ides	false	npclassifier.gnps2.org@2026-09-07
BOHCGZFCXXKYGB-UHFFFAOYSA-N	O=C(O)C1=CN(C2=NC=NC3=C2[NH]C=N3)C=C1	Alkaloids	Pseudoalkaloids	Purine alkaloids	false	npclassifier.gnps2.org@2026-09-07
BOZILQFLQYBIIY-INTXDZFKSA-N	CC[C@H](C)C(=O)O[C@H]1CCC=C2C=C[C@H](C)[C@H](CC[C@@H](O)C[C@@H](O)CC(O)=O)[C@@H]12	Polyketides	Cyclic polyketides	Monacolins and Monacolin derivatives	false	npclassifier.gnps2.org@2026-09-07
BPAWMVDVEWZKAP-GQZVVMBSSA-N	CC[C@@H](C)[C@H]1NC(=O)[C@@H](NC(=O)/C=C/NC(=O)/C=C\CCCCCCC/C=C\CCCCC(CC(=O)O)(OC)C(=O)O)COC(=O)[C@H](CO)NC(=O)[C@H](CCO)NC1=O	Amino acids and Peptides|Polyketides	Oligopeptides	Cyclic peptides|Depsipeptides|Lipopeptides	false	npclassifier.gnps2.org@2026-09-07
BPISPUIKHXBPSU-CDJQDVQCSA-N	CCCC\C=C\C1=C(/C=C/CC(O)=O)C=CC(C)=C1	Polyketides	Miscellaneous polyketides	Miscellaneous polyketides	false	npclassifier.gnps2.org@2026-09-07
BPJNOLJFUQBQGC-UHFFFAOYSA-N	CC(CCCCCCCC(CCCCCCCC(CCCCCCCC(CCCCCCCC(CCNC(CC(CC(C1CCCN1C(C2NC(C(NC(C(CC(NC2C)=O)NC(C(NC(CC(C(O)=O)N)=O)CC3=CN=CN3)=O)=O)CC(N)=O)=O)=O)O)O)=O)O)N)N)N)N	Amino acids and Peptides	Oligopeptides	Lipopeptides	false	npclassifier.gnps2.org@2026-09-07
BQBXRXMBEZLFPI-AUEPDCJTSA-N	C/C=C/1\C(=O)N2CCCC2C(=O)NC(C(=O)N(C(C(=O)OCC(C(=O)NC(C(=O)NC(C(=O)N3C(CC3C4=NC(CS4)C(=O)N1)C)CC(C)C)C)O)C(C)C)C)C(C)O	Amino acids and Peptides|Polyketides	Oligopeptides	Cyclic peptides|Depsipeptides	false	npclassifier.gnps2.org@2026-09-07
BQTCONVHRFKHOI-CDNLDTHVSA-N	NCCCCNCCCNC(CNC([C@@H](NC(C[C@H](C[C@H]([C@@H](NC([C@@H]([C@H](N)CCCNC(N)=N)NC([C@@H](NC([C@@H](C)NC([C@H](O)[C@@H](O)C[C@@H](CCCCN)O)=O)=O)CNC)=O)=O)CO)O)O)=O)CNC)=O)=O	Alkaloids	Ornithine alkaloids	Polyamines	false	npclassifier.gnps2.org@2026-09-07
BQYFXEPJFYUEJU-QDSFJUMHSA-N	CC[C@H](C)[C@@H](C(N1C[C@@H](/C=C\C)C[C@H]1C2=O)=O)NC([C@H]([C@@H](C3=CC=CC=C3)C)NC([C@H](NC([C@H]([C@H](C)C4=CC=CC=C4)NC([C@@H]([C@@H](C)O2)NC([C@H](CC(C)C)NC(C5=CC=C(Cl)N5O)=O)=O)=O)=O)CC(C)C)=O)=O	Amino acids and Peptides|Polyketides	Oligopeptides	Cyclic peptides|Depsipeptides	false	npclassifier.gnps2.org@2026-09-07
BRARBDOBDCKGGD-WOBSXSHDSA-N	CC(C)[C@H](O)[C@H](NC(=O)[C@@](C)(O)C12CCC([C@@H](C)O1)[C@@H](C)O2)C(=O)N1NCCC[C@@H]1C(=O)N(O)[C@@H](C)C(=O)N1NCCC[C@@H]1C(=O)N1NCCC[C@H]1C(=O)O	Amino acids and Peptides	Oligopeptides	Cyclic peptides	false	npclassifier.gnps2.org@2026-09-07
BRHMFWBIARNFOR-VFCSDQTKSA-N	O([C@@H]1[C@@]2(O[C@]([C@H](NC(C)=O)[C@H]1O)(OC2)[H])[H])[C@H]3[C@H](NC(C)=O)[C@@H](O)[C@H](O[C@H]4[C@H](NC(C)=O)[C@@H](O)[C@H](O)[C@@H](CO)O4)[C@@H](CO)O3	Carbohydrates	Aminosugars and aminoglycosides	Aminosugars	true	npclassifier.gnps2.org@2026-09-07
BRLXWEGCLDQJEL-OOQNKUTCSA-N	CCCCCCCCCC[C@@H](C)[C@@H]1CC(=O)N[C@H]([C@@H](C)O)C(=O)N[C@@H](C)C(=O)N[C@H](C)C(=O)N[C@@H](CCC(N)=O)C(=O)N[C@H](CC2=CC=C(O)C=C2)C(=O)N[C@@H](C(C)C)C(=O)O1	Amino acids and Peptides|Polyketides	Oligopeptides	Cyclic peptides|Depsipeptides|Lipopeptides	false	npclassifier.gnps2.org@2026-09-07
BRMPFHRPTFWBOB-RKNPKUNMSA-N	CCCCCCCCCC(Cl)CCCCCc2c(Cl)c(OC1O[C@H](C)[C@@H](O)[C@H](O)[C@@H]1O)c(CCCCCC(Cl)CCCCCC)c(O)c2C3OC[C@H](O)[C@@H](O)[C@@H]3O	Polyketides	Alkylresorcinols	Dialkylresorcinols	true	npclassifier.gnps2.org@2026-09-07
BRNQMLSKMSMSQY-QLIRVBKLSA-N	CC[C@H]1C[C@H]2C[C@@H]3[C@@H]([C@H]2[C@@]1(CCl)O)CC[C@H]\4[C@H]3C/C=C\C(=O)NCCC[C@H]5C(=O)C(=C(/C=C4)O)C(=O)N5	Amino acids and Peptides|Polyketides	Macrolides	Macrocyclic tetramic acids	false	npclassifier.gnps2.org@2026-09-07
BRPRNHPFSOESDI-WTYFYQQMSA-N	C[C@@H]1[C@H]([C@H](C[C@@H](O1)OC(C(C)C)C(C)/C=C(\C)/C=C/C=C/C=C/C=C/C(=C\2/C(=O)C(N(C2=O)C)CCC(=O)O)/O)O)O	Polyketides	Linear polyketides	Open-chain polyketides	true	npclassifier.gnps2.org@2026-09-07
BRRSZXCYCYQTAX-LNGZYZRESA-N	COC1=NC(N[C@@H]2O[C@H](CO)[C@@H](O)C(O)[C@H]2NC(C)=O)=NC2=C1C(C#N)=C[NH]2	Carbohydrates	Nucleosides		true	npclassifier.gnps2.org@2026-09-07
BRWLZTCRFJVZDD-UHFFFAOYSA-N	O=C(NCCCCCNC(=O)C1=C(O)C(O)=CC=C1)C1=C(O)C(O)=CC=C1	Alkaloids	Ornithine alkaloids	Polyamines	false	npclassifier.gnps2.org@2026-09-07
BSACDJBYKAOUPT-NJZKSDOSSA-N	CC[C@H](C)[C@@H]1NC(=O)[C@@H]([C@@H](C)CC)N(C)C(=O)[C@H](CC2=C[NH]C3=CC=CC=C23)NC(=O)CN(C)C(=O)[C@H](C(C)C)N(C)C(=O)[C@@H](C(C)C)NC(=O)CNC(=O)[C@@H](C(C)C)N(C)C(=O)[C@H](C(C)C)N(C)C(=O)CN(C)C(=O)[C@H](C(C)C)N(C)C(=O)[C@@H](C(C)C)N(C)C1=O	Amino acids and Peptides	Oligopeptides	Cyclic peptides	false	npclassifier.gnps2.org@2026-09-07
BSLRSZZCUIZWND-YDEHQZECSA-N	C[C@@](O)(C(=O)O)[C@H]1CC[C@@]2(C)[C@H]1CC[C@]1(C)[C@@H]2CC[C@@H]2[C@@]3(C)CC[C@H](O)[C@](C)(CO[C@H]4O[C@H](CO)[C@@H](O)[C@H](O)[C@H]4O)[C@@H]3CC[C@]21C	Terpenoids	Triterpenoids	Hopane and Moretane triterpenoids	true	npclassifier.gnps2.org@2026-09-07
BSQUDBCOAFMVDB-KTYMLHDXSA-N	CC(C)[C@@H](C(=O)NC(CCCN=C(N)N)C=O)NC(=O)[C@H](CCCNC(=O)N)NC(=O)N[C@@H](CC1=CC=CC=C1)C(=O)O	Amino acids and Peptides	Small peptides	Tripeptides	false	npclassifier.gnps2.org@2026-09-07
BSSWFLXSPXRCKV-LSCJSURTSA-N	CCCCCCC[C@@H](O)CC(=O)N[C@@H](CC(C)C)C(=O)N[C@@H](CC(C)C)C(=O)N[C@H](CCC(N)=O)C(=O)N[C@@H](CC(C)C)C(=O)N[C@H](CO)C(=O)N[C@H](C(=O)N[C@H](CC(C)C)C(=O)N[C@@H](CC(C)C)C(=O)O)C(C)C	Amino acids and Peptides	Oligopeptides	Linear peptides	false	npclassifier.gnps2.org@2026-09-07
BTQRWSUKDHTMKD-DUKGZVIDSA-N	[H][C@@]12CSC(=N1)C1=CSC(=N1)C1=CSC(=N1)C1=CSC(=N1)[C@@H](C)NC(=O)[C@@]([H])(NC(=O)[C@@H](CC1=CC=CC=C1)NC2=O)[C@@H](C)CC	Amino acids and Peptides	Oligopeptides	Cyclic peptides	false	npclassifier.gnps2.org@2026-09-07
BUBGDTLTOWELPL-IAPKEWSDSA-N	CC(C)C[C@@H]1NC(=O)[C@@H](C(C)C)NC(=O)CNC(=O)CNC(=O)[C@@H](C(C)C)NC(=O)[C@H](CC2=CC=CC=C2)NC(=O)[C@@H](C(C)C)NC(=O)[C@@H](CC(N)=O)NC(=O)[C@H](NC(=O)/C=C/C2=CC=CC=C2/C=C/C(=O)O[C@@H]2O[C@H](CO)[C@@H](O)[C@H](O)[C@H]2O[C@@H]2O[C@H](CO)[C@@H](O)C(O)[C@H]2O)[C@@H](C)OC1=O	Amino acids and Peptides|Polyketides	Oligopeptides	Cyclic peptides|Depsipeptides	true	npclassifier.gnps2.org@2026-09-07
BUCXZOKQHZOCIP-ZXGXPUDXSA-N	CCCCCCC[C@@H](O)CC(=O)N[C@@H](C(=O)N[C@H](C)C(=O)N[C@H](CCC(N)=O)C(=O)N[C@@H](C)C(=O)N[C@@H](C(=O)N[C@@H](C)C(=O)N1CCC[C@H]1C(=O)N[C@H](C(=O)O)[C@@H](C)O)C(C)C)C(C)C	Amino acids and Peptides	Oligopeptides	Depsipeptides|Linear peptides|Lipopeptides	false	npclassifier.gnps2.org@2026-09-07
BUHGEDVBBOQECR-HGESRAKOSA-N	CCCCCCC[C@H](CC(=O)N[C@@H](CCC(=O)N)C(=O)N[C@@H](CCC(=O)N)C(=O)N[C@@H](CCC(=O)O)C(=O)O[C@@H](C)C(=O)N1CCC[C@H]1C(=O)N(C)[C@H](CC(C)C)C(=O)N[C@H]2[C@@H](OC(=O)[C@@H](N(C(=O)[C@@H]3CCCN3C(=O)[C@@H](NC(=O)[C@H](C(=O)[C@@H](OC(=O)C[C@@H]([C@@H](NC2=O)[C@@H](C)CC)O)C(C)C)C)CC(C)C)C)CC4=CC=C(C=C4)OC)C)O	Amino acids and Peptides|Polyketides	Oligopeptides	Cyclic peptides|Depsipeptides|Lipopeptides	false	npclassifier.gnps2.org@2026-09-07
BUXWJKDGWOMSGG-KTEXIAEJSA-N	CCCCCCCCCCCCCC(CC(=O)O[C@H]1CN(C(C(=O)N(C1C(=O)OC)C)[C@H](C2[C@H]([C@H](C(O2)N3C=CC(=O)NC3=O)O)O)OC4[C@@H]([C@@H]([C@H](O4)CN)O)O)C)OC(=O)CC(C)CC(=O)OC5C(C(C(C(O5)C)OC)OC)OC	Carbohydrates	Nucleosides	Pyrimidine nucleos(t)ides	true	npclassifier.gnps2.org@2026-09-07
BVFQLQJRBYDONH-DDEJJMJQSA-N	O[C@H](C(C)=C1)[C@@]2(O)[C@]([C@@]1([H])O[C@H](C[C@@H](OC)[C@@H]3O)O[C@H]3C)(O)C4=C(C(C(C(O)=C5[C@@H](C[C@@H](O[C@H]6C[C@]([C@H](O[C@@H]7O[C@@H]([C@H](CC7)OC(N)=O)C)[C@@H](C)O6)(C)O)[C@@H]8O)O[C@@H]8C)=C(C=C5)C4=O)=O)[C@H](O)[C@@H]2OC(C)=O	Polyketides	Polycyclic aromatic polyketides	Angucyclines	true	npclassifier.gnps2.org@2026-09-07
BVJUKIFXEXIAJR-HWKANZROSA-O	O=C(C(C)[NH2+]C(C)=O)N1CCCC1C(NC(C(O)=O)/C=C/CNC(N)=N)=S	Amino acids and Peptides	Small peptides		false	npclassifier.gnps2.org@2026-09-07
BVPWTFZHTABZAH-IXKBYUEASA-N	C/C=C/1\C(=O)N[C@H](C(=O)N[C@@H](C(=O)N[C@H](C(=O)N([C@H](C(=O)N2CCC[C@H]2C(=O)N[C@@H]([C@H](C(=O)N[C@H](C(=O)N/C(=C/C)/C(=O)N[C@H](C(=O)N1)CC(=O)N)C(C)C)O)[C@@H](C)CCCCCCCCCl)CC(=O)N)C)[C@@H](C)O)C)CC(=O)N	Amino acids and Peptides	Oligopeptides	Cyclic peptides	false	npclassifier.gnps2.org@2026-09-07
BVVRIERIEDMORG-UHFFFAOYSA-N	CC(=C)C1OC2CCC3(C)C4(C)C(CCC3(O)C2=CC1O)C1OC(C)(C)C2CC3C2C2=C(CC3=C)C(Cl)=CC3=C2C1=C4N3	Alkaloids|Terpenoids	Tryptophan alkaloids	Indole-Diterpenoid alkaloids (Penitrems)	false	npclassifier.gnps2.org@2026-09-07
BVVWVQZZLUNSNV-QMXPZCTJSA-N	CCC/C=C\C1=CC=CC=C1/C=C/C(=O)N[C@H]2[C@H](OC(=O)[C@@H](NC(=O)[C@@H](NC(=O)[C@@H](NC(=O)[C@H](NC(=O)[C@@H](NC(=O)/C(=C\C3=CC=C(C=C3)O)/N(C2=O)C)CC(C)C)CC4=CC=CC=C4)[C@H](C)O)CC(=O)N)CO)C	Amino acids and Peptides|Polyketides	Oligopeptides	Cyclic peptides|Depsipeptides	false	npclassifier.gnps2.org@2026-09-07
BWGXNGORZPWYGZ-MZUZGICHSA-N	CC(NC1[C@H]2CN3C1[C@@H](O2)CC3)=O	Alkaloids	Ornithine alkaloids	Pyrrolizidine alkaloids	false	npclassifier.gnps2.org@2026-09-07
BWNCKEBBYADFPQ-SSDOTTSWSA-N	C[C@@H]1CC2=CC3=CC(=CC(=C3C(=C2C(=O)O1)O)O)OC	Shikimates and Phenylpropanoids	Coumarins	Isocoumarins	false	npclassifier.gnps2.org@2026-09-07
BWPMKVHHFNGYEN-CJAUYULYSA-N	C[C@@H]1[C@H](N=C(O1)C2=C(C(=CC=C2)O)O)C(=O)N(CCCCNC(=O)C3=C(C(=CC=C3)O)O)CCCNC(=O)C4=C(C(=CC=C4)O)O	Alkaloids	Ornithine alkaloids	Polyamines	false	npclassifier.gnps2.org@2026-09-07
BWTQHPFSWXJOGP-BQYQJAHWSA-N	CC1=C2CC3CC(C4(C(CC5=C(C=C(C(=O)C=C5O4)O)C)CC(/C=C/CC3(OC2=CC(=O)C(=C1)O)C)(C)C)C)O	Polyketides|Terpenoids	Meroterpenoids	Tetraketide meroterpenoids	false	npclassifier.gnps2.org@2026-09-07
BWXHBPKKPBUIRE-UHFFFAOYSA-N	CN1C(=O)C2(C3=C(C4=C(C2(C1=O)OC)C5=C(N4)C=C(C=C5)Cl)NC6=C3C=CC(=C6)Cl)OC	Alkaloids	Tryptophan alkaloids	Carboline alkaloids	false	npclassifier.gnps2.org@2026-09-07
BXFOFFBJRFZBQZ-QYWOHJEZSA-N	CC(=O)OC[C@]12C[C@H](OC(=O)CC(C)C)C(C)=C[C@H]1O[C@@H]1[C@H](O)[C@@H](OC(C)=O)[C@@]2(C)[C@]12CO2	Terpenoids	Sesquiterpenoids	Trichothecane sesquiterpenoids	false	npclassifier.gnps2.org@2026-09-07
BXXSHQYDJWZXPB-OKNSCYNVSA-N	C[C@@H]1[C@@H](C[C@H](C2=CC[C@H](C[C@]12C)C(=C)C)O)O	Terpenoids	Sesquiterpenoids	Eremophilane sesquiterpenoids	false	npclassifier.gnps2.org@2026-09-07
BYCKRSGGJOJCOA-RHPXVONCSA-N	CO/C(C)=C/C1=C2C(=O)[C@H](O)[C@@H](O)CC2=C(C(=O)C(=O)C2=CC=CC=C2)O1	Shikimates and Phenylpropanoids	Flavonoids	Chalcones	false	npclassifier.gnps2.org@2026-09-07
BYDSIUCKGCOQNN-ONEGZZNKSA-N	CC/C=C/C1=C(C(OC1=O)=O)CC(O)=O	Polyketides	Cyclic polyketides	Furans	false	npclassifier.gnps2.org@2026-09-07
BYEIJZFKOAXBBV-ATZCPNFKSA-M	CC(C)[C@@H](NC(=O)[C@H](CS)NC(=O)CCC[C@H]([NH3+])C([O-])=O)C([O-])=O	Amino acids and Peptides	Small peptides	Tripeptides	false	npclassifier.gnps2.org@2026-09-07
BYLNZZOLIALCKQ-URWSZGRFSA-N	CCC/C=C/C1=C(OC)C(=O)C2=C(O1)[C@@H](O)NC2=O	Polyketides	Cyclic polyketides	2-pyrone derivatives	false	npclassifier.gnps2.org@2026-09-07
BYOONNMUFDGRQH-FKBBIVLOSA-N	COC1=C(Br)C=CC(=C1)C(\Br)=C\C=C\C=C\C=C\C=C\C=C\C=C\C=C\C(=O)OCC(C)C				false	npclassifier.gnps2.org@2026-09-07
BYSPKLMXELOKRR-UHFFFAOYSA-N	CC1CC(=O)NC(CCCN(O)C=O)C(O)C(C)C(=O)NC(C(C)O)C(=O)NC(CCCNO)C(=O)NC(CO)C(=O)NC(C(O)C(=O)O)C(=O)O1	Amino acids and Peptides|Polyketides	Oligopeptides	Cyclic peptides|Depsipeptides	false	npclassifier.gnps2.org@2026-09-07
BYVVOONSAAQMKI-CVCLIUOFSA-N	[H][C@]12C[C@@H](C)CC[C@]1([H])C(C)=C[C@@H](C2\C=C\C)C(=O)C1=C(O)C(=CNC1=O)C1=CC=C(O)C=C1	Alkaloids	Nicotinic acid alkaloids	Pyridine alkaloids	false	npclassifier.gnps2.org@2026-09-07
BYVVOONSAAQMKI-RFKCMYLBSA-N	C/C=C/[C@@H]1[C@H]2C[C@H](CC[C@@H]2C(=C[C@H]1C(=O)C3=C(C(=CNC3=O)C4=CC=C(C=C4)O)O)C)C	Alkaloids	Nicotinic acid alkaloids	Pyridine alkaloids	false	npclassifier.gnps2.org@2026-09-07
BZMLULUMBUVADU-AZWQULSGSA-N	CC1=C(C(=C(C(=C1Cl)O)C/C=C(\C)/CC[C@H](C(C)(C)O)O)O)C=O	Polyketides|Terpenoids	Meroterpenoids	Tetraketide meroterpenoids	false	npclassifier.gnps2.org@2026-09-07
BZONSJUONOFNNP-MHSJTTIKSA-N	COC1=CC(=O)C2=C(C(O)=C3C(=O)[C@]4(CCC5=CC6=C(C(=O)NC(\C=C\C=C\C)=C6)C(O)=C45)C(=O)C3=C2O)C1=O	Polyketides	Polycyclic aromatic polyketides	Ericamycins	false	npclassifier.gnps2.org@2026-09-07
BZSPUVXYOYRBCS-DCVGGGRMSA-N	C[C@@H]1[C@@H](C(=O)N[C@@H](C(=O)N[C@H]2C3=CC=C(C=C3)O[C@@H]([C@@]4(CO4)/C=C/C(=O)NCC(=O)OC[C@@H](C(=O)O1)NC(=O)[C@H](NC(=O)[C@@H](N(C2=O)C)CC5=CC=CC=C5)[C@@H](C)O)C)C(C)C)NC(=O)[C@H](C)[C@@H](C(C)C)O	Amino acids and Peptides|Polyketides	Oligopeptides	Cyclic peptides|Depsipeptides	false	npclassifier.gnps2.org@2026-09-07
CAEGIOZCLWNLAP-ZANVPECISA-N	C[C@@H]1C[C@@H](C2=C(C1)C=CC3=C2C(=O)C4=C(C=CC(=C4C3=O)OC)O)O	Polyketides	Polycyclic aromatic polyketides	Angucyclines	false	npclassifier.gnps2.org@2026-09-07
CAFFHXXVDGAVPH-DKFXDEMXSA-N	C/C=C\1/C2=NC(=C(O2)C)C(=O)NC(=C)C(=O)N[C@H](C(=O)NC(=C)C3=NC(=C(O3)C)C(=O)NC(=C)C(=O)NC(=C)C4=NC(=CO4)C5=C(C=CC(=N5)C(=O)NC(=C)C(=O)NC(=C)C(=O)N)C6=NC(=CS6)C(=O)N[C@H](C(=O)N1)[C@@H](C)O)C(C)(C)O	Amino acids and Peptides	Oligopeptides	Cyclic peptides|RiPPs-Thiopeptides	false	npclassifier.gnps2.org@2026-09-07
CAHGCLMLTWQZNJ-WZLOIPHISA-N	C[C@H](CCC=C(C)C)[C@@H]1CC[C@]2([C@]1(CCC3=C2CC[C@@H]4[C@@]3(CC[C@@H](C4(C)C)O)C)C)C	Terpenoids	Triterpenoids	Lanostane, Tirucallane and Euphane triterpenoids	false	npclassifier.gnps2.org@2026-09-07
CAMCSBCRRUTMEK-OAHLLOKOSA-N	CC1=C2C3=C(C=C1)C(C[C@@]3(COC2=O)C)(C)C	Terpenoids	Sesquiterpenoids	Botryane sesquiterpenoids	false	npclassifier.gnps2.org@2026-09-07
CANUOBPCCLZMKM-JOCHJYFZSA-N	COC(=O)C1=C2C(=CN1)C1=C(NC3=CC=C(Cl)C=C13)[C@@]21CNC2=CC=C(Cl)C=C12	Alkaloids	Tryptophan alkaloids	Simple indole alkaloids	false	npclassifier.gnps2.org@2026-09-07
CARQCAHMXWHUIE-NRMQOZBLSA-N	C[C@@]1(CSC(=N1)C(C)(C)[C@@H]([C@@H]2CSC(N2)[C@H]3CS/C(=C/4\C=CC=CC4=O)/N3)O)C(=O)O	Alkaloids			false	npclassifier.gnps2.org@2026-09-07
CAVGOLOVETXCFE-UHFFFAOYSA-N	O=C(NC(C(NC1(C(OC(C(NC(CCCC(C)C)=O)C2=O)C)=O)CC1C)=O)C3=CC=C(O)C=C3)C(CC4=CNC5=C4C=C(O)C=C5)NC(C(CCC(O)=O)NC(C(CC6=CC=CC=C6)N2C)=O)=O	Amino acids and Peptides|Polyketides	Oligopeptides	Cyclic peptides|Depsipeptides|Lipopeptides	false	npclassifier.gnps2.org@2026-09-07
CAVJWTNXPCMJIR-BBEKPHEDSA-N	CCC(CC(C1(CC(C2CCC(O2)CC/C=C(\C(=O)C(CC/C=C\C(=O)N3CCC[C@H]3C(=O)O1)C)/C)C)C)O)O	Amino acids and Peptides|Polyketides	Macrolides	Macrolide lactams	false	npclassifier.gnps2.org@2026-09-07
CAWZYUQNVABYFN-OALUTQOASA-N	O=C1C2=C(C=CC=C2)N[C@@H](C3=CNC4=C3C=CC=C4)[C@@]5([H])N1CCC5	Alkaloids	Anthranilic acid alkaloids	Benzodiazepine alkaloids	false	npclassifier.gnps2.org@2026-09-07
CAXGJVQIPWBEJY-UHFFFAOYSA-N	CC1=CC(=C(C(=C1)OC2=C(C(=C(C=C2C(=O)OC)OC)Cl)O)C(=O)O)O	Polyketides	Diphenyl ethers (DPEs)	Fungal DPEs	false	npclassifier.gnps2.org@2026-09-07
CBNJGGAGZSSENK-UHFFFAOYSA-N	O=C1NC(=O)C2=C3C4=C(C=CC(Cl)=C4)NC3=C3NC4=CC=CC=C4C3=C12	Alkaloids	Tryptophan alkaloids	Carbazole alkaloids	false	npclassifier.gnps2.org@2026-09-07
CBRXULRQDGBACQ-UHFFFAOYSA-N	CCCCCCCCCCCCCC(=O)NC1COC(=O)C(COC(=O)C(COC(=O)C(COC1=O)NC(=O)C1=CC=CC(O)=C1O)NC(=O)C1=CC=CC(O)=C1O)NC(=O)C1=CC=CC(O)=C1O	Polyketides			false	npclassifier.gnps2.org@2026-09-07
CBXHEDPBKOZZSI-NSHDSACASA-N	CC(=O)N[C@@H](CSC1=C(C(=O)C=C2C1=NC3=C(O2)C=CC(=C3)C=O)N)C(=O)O	Alkaloids	Anthranilic acid alkaloids	Phenoxazine alkaloids	false	npclassifier.gnps2.org@2026-09-07
CCFSPNORXJJQIM-LIDOOXRLSA-N	CC[C@@H]/1CCC(=O)C2=C3C(=CC(=C2O)C)C(=C4C(=C3O)[C@](C=CC(=O)N4)(C(=O)O[C@H]([C@H](/C=C1)O)C=C(C)C)C)O	Amino acids and Peptides|Polyketides	Macrolides	Ansa macrolides|Lactam bearing macrolide lactones	false	npclassifier.gnps2.org@2026-09-07
CDBWDMSUWPFBMG-NZSAHSFTSA-N	[H][C@@]12O[C@]1(C)C(=O)C1=CC(O)=C3C4=C(C=CC=C4O)C(=O)C3=C1[C@H]2OC	Polyketides	Polycyclic aromatic polyketides	Angucyclines	false	npclassifier.gnps2.org@2026-09-07
CDBWDMSUWPFBMG-UHOSZYNNSA-N	C[C@]12[C@H](O1)[C@H](C3=C4C(=C(C=C3C2=O)O)C5=C(C4=O)C=CC=C5O)OC	Polyketides	Polycyclic aromatic polyketides	Angucyclines	false	npclassifier.gnps2.org@2026-09-07
CDCIKAPGWWMGGE-BQYQJAHWSA-N	Cc1cc(O)c(Oc2c(C(OC3)=O)c(OC)c(/C=C/C(C)(O)C)cc2)c3c1	Polyketides	Aromatic polyketides	Depsidones	false	npclassifier.gnps2.org@2026-09-07
CDHAYBUDIPNGGJ-UHFFFAOYSA-N	C1=C(C(=C(N1)Cl)Cl)[N+](=O)[O-]	Alkaloids	Proline alkaloids	Pyrrole alkaloids	false	npclassifier.gnps2.org@2026-09-07
CEACUCBTLUKKIY-MUGXBBEHSA-N	OC1=C(CCCCCCCCCCCCCCC)C=C(OC/C=C(CCCC(CC/C=C(C)/C)C)\C)C=C1OC	Polyketides	Aromatic polyketides	Catechols with side chains	false	npclassifier.gnps2.org@2026-09-07
CEBXXEKPIIDJHL-UHFFFAOYSA-N	CC1=CC(=CC2=C1C3=CC(=CC(=C3C(=O)O2)O)O)O	Shikimates and Phenylpropanoids	Coumarins	Isocoumarins	false	npclassifier.gnps2.org@2026-09-07
CEBZKLPHLLOCLA-FUMNGEBKSA-N	[H]C(=O)N(O)CCC[C@@H](NC(=O)[C@H](CO)NC(=O)[C@@H]1COC(=N1)C1=C(C)C=CC=C1O)C(=O)N1NCCC[C@@H]1C(=O)NCCC(O)=O	Amino acids and Peptides	Oligopeptides	Depsipeptides|Linear peptides	false	npclassifier.gnps2.org@2026-09-07
CECOMSKOZBPKEF-APEHAKESSA-M	O=S([O-])(O[C@H]([C@@H]([C@H](O1)CN)O)[C@@H]1O[C@@H]([C@@H]2N(C[C@@H]([C@H](N(C2=O)C)C(O)=O)OC(C[C@@H](OC(C[C@@H](CC(O)=O)C)=O)CCCC/C=C\C/C=C\CCCCC)=O)C)[C@@H](O[C@H]3N(C(N4)=O)C=CC4=O)[C@H]([C@H]3O)O)=O	Carbohydrates	Nucleosides	Pyrimidine nucleos(t)ides	true	npclassifier.gnps2.org@2026-09-07
CEIUIHOQDSVZJQ-UHFFFAOYSA-N	CCCCCCCC1=C(C(=O)C2=CC=CC=C2N1)O	Alkaloids	Tryptophan alkaloids|Anthranilic acid alkaloids	Quinoline alkaloids	false	npclassifier.gnps2.org@2026-09-07
CEIZFXOZIQNICU-XNCJUZBTSA-N	CC[C@H](C)[C@H]1C(=C(C(=O)N1)C(=O)C)O	Amino acids and Peptides|Polyketides	Linear polyketides	3-acyl tetramic acids	false	npclassifier.gnps2.org@2026-09-07
CEVDATOXBXMRCL-XJDNPOKKSA-N	C[C@@H]1[C@H]([C@@H]([C@H]([C@H](O1)O[C@@H]2[C@H](O[C@@H]([C@@H]([C@H]2O)O)O[C@H]3[C@@H]([C@H]([C@H](C=C3CO)N[C@@H]4[C@H](O[C@@H]([C@@H]([C@H]4O)O)O[C@@H]5[C@H](O[C@@H]([C@@H]([C@H]5O)O)O[C@@H]6[C@H](O[C@H]([C@@H]([C@H]6O)O)O[C@@H]7[C@H](O[C@H]([C@@H]([C@H]7O)O)O[C@@H]8[C@H](O[C@H]([C@@H]([C@H]8O)O)O)CO)CO)CO)CO)C)O)O)CO)O)O)N[C@H]9C=C([C@H]([C@@H]([C@H]9O)O)O)CO	Carbohydrates	Saccharides	Polysaccharides	true	npclassifier.gnps2.org@2026-09-07
CFAMAVBUWMXYLX-MEBBXXQBSA-N	C[C@@H]1CC=C2C(=C1C=O)[C@@](CC2(C)C)(C)C=O	Terpenoids	Sesquiterpenoids	Botryane sesquiterpenoids	false	npclassifier.gnps2.org@2026-09-07
CFBRYOPWYZVOLL-ITNWSMDWSA-N	O([C@@H]1[C@@]2(O[C@]([C@H](NC(C)=O)[C@H]1O)(OC2)[H])[H])[C@H]3[C@H](NC(C)=O)[C@@H](O)[C@H](O[C@@H]4O[C@H](CO)[C@@H](O)[C@H](O)[C@H]4N)[C@@H](CO)O3	Carbohydrates	Aminosugars and aminoglycosides	Aminosugars	true	npclassifier.gnps2.org@2026-09-07
CFCUWKMKBJTWLW-BKHRDMLASA-N	C[C@@H]1[C@H]([C@@H](C[C@@H](O1)O[C@@H]2C[C@@H](O[C@@H]([C@H]2O)C)OC3=CC4=CC5=C(C(=O)[C@H]([C@@H](C5)[C@@H](C(=O)[C@H]([C@@H](C)O)O)OC)O[C@H]6C[C@H]([C@@H]([C@H](O6)C)O)O[C@H]7C[C@H]([C@H]([C@H](O7)C)O)O[C@H]8C[C@]([C@@H]([C@H](O8)C)O)(C)O)C(=C4C(=C3C)O)O)O)O	Polyketides			true	npclassifier.gnps2.org@2026-09-07
CFHKAMNUJQAFGO-VOTSOKGWSA-N	CC1CC(C2=C(C1)C=CC(=C2/C=C/C(CC(CC(=O)O)O)O)C)OC(=O)C	Polyketides			false	npclassifier.gnps2.org@2026-09-07
CFQDQANDWNCASC-XOGGWNPGSA-N	CCC1=CC(=O)[C@@]2(C1=CC=C(C[C@@H]2OC(=O)C3CCCN3C(=O)CC4COC(CC4=O)O)C)C	Terpenoids	Sesquiterpenoids	Daucane sesquiterpenoids	true	npclassifier.gnps2.org@2026-09-07
CFRVNACMJWVDID-VDTYLAMSSA-N	C1[C@H]2N(C1=O)C[C@@H](O2)COC=O	Amino acids and Peptides	β-lactams	Clavams	false	npclassifier.gnps2.org@2026-09-07
CFXBLGFMQUFLKS-FUEDQDKVSA-N	CC[C@H](C)[C@H]1C2=N[C@@H]([C@H](O2)C)C(=O)N[C@@H](C3=NC(=CS3)C(=O)N[C@H](C4=N[C@@H]([C@H](O4)C)C(=O)N[C@@H](C5=NC(=CS5)C(=O)N1)C)C(C)C)CC6=CC=CC=C6	Amino acids and Peptides	Oligopeptides	Cyclic peptides|RiPPs-Cyanobactins	false	npclassifier.gnps2.org@2026-09-07
CGQSZYLXZOKJEJ-VYCQBBBDSA-N	CN[C@H]1CO[C@H](C[C@@H]1O)OC[C@H]1O[C@H]([C@H](O)[C@@H](O)[C@@H]1OC)N1C2=C3NC4=C(C=CC=C4)C3=C3C(=O)N(C)C(=O)C3=C2C2=C1C(Cl)=CC=C2	Alkaloids	Tryptophan alkaloids	Carbazole alkaloids	true	npclassifier.gnps2.org@2026-09-07
CGUNOWXWUXNOPE-HGDLVAKTSA-N	CCCCCC\C1=C/C2=CSC(=N2)C(C)C(O)CC(O)\C=C\C=C/CC(OC1=O)C(O)C(O)C(C)C(O)C(\C)=C\C(\C)=C\C	Polyketides	Macrolides		false	npclassifier.gnps2.org@2026-09-07
CGUZOSYTHIYGFW-VSGXLYRTSA-N	COC1=C(C[C@H]2NC(=O)[C@@H](NC(=O)[C@@H](NC(=O)[C@H](CC(C)C)NC(=O)[C@@H](CC3=CC=C(O)C=C3)NC(=O)[C@H](CC3=CC=C(O)C=C3)NC(N)=O)[C@@H](O)C(=O)O)COC(=O)CNC(=O)[C@H](CC(C)C)NC2=O)C=CC(O)=C1	Amino acids and Peptides	Oligopeptides	Cyclic peptides|Depsipeptides	false	npclassifier.gnps2.org@2026-09-07
CGWBWZILRDSQJL-WHNYZTKOSA-N	O[C@@H]([C@H](N1C(NC(C=C1)=O)=O)O/2)CC2=C\NC([C@@H](NC([C@H](C)NC(N[C@@H](CC3=CC=CC=C3)C(O)=O)=O)=O)[C@@H](N(C)C([C@H](CC4=CC=CC(O)=C4)NC(CN)=O)=O)C)=O	Amino acids and Peptides	Oligopeptides	Linear peptides	false	npclassifier.gnps2.org@2026-09-07
CGYZQENMSDXRIW-BIYDSLDMSA-N	C[C@@H]1CCCCC[C@@H](C2=C(C=C(C=C2O)[C@@H](CCCCC[C@@H](C3=C(C=C1C=C3O)O)CCCCO)C)O)CCCCO	Polyketides	Alkylresorcinols	Dialkylresorcinols	false	npclassifier.gnps2.org@2026-09-07
CHMBGHGLJJOOSO-VAKGXLRMSA-N	CC(C)=CC(O)C\C(C)=C\CC\C(C)=C\CC1=C(C)N(O)C2=CC=CC=C2C1=O	Alkaloids	Tryptophan alkaloids|Anthranilic acid alkaloids	Quinoline alkaloids	false	npclassifier.gnps2.org@2026-09-07
CHXSSXCFGPZMCJ-PMACEKPBSA-N	CC(C)[C@H]1C(=O)NC2=CC=CC=C2C(=O)N3C=C(C[C@@H](C(=O)N1)[N+](=O)[O-])C4=CC=CC=C43	Alkaloids	Anthranilic acid alkaloids	Benzodiazepine alkaloids	false	npclassifier.gnps2.org@2026-09-07
CIFNSBSFZQKJLD-FWEHEUNISA-N	CCCCCCCCCCCC(=O)N[C@@H](CCCN(O)C=O)C(=O)N[C@@H](CO)C(=O)N(O)CCC[C@@H]1NC(=O)[C@H](CCCN(O)C=O)NC1=O	Amino acids and Peptides	Oligopeptides	Linear peptides|Lipopeptides	false	npclassifier.gnps2.org@2026-09-07
CIRMNTDTIYXVDA-HQWXCZLASA-N	CN(CC(N[C@@H]([C@@H](C(N)=O)O)C(OC([C@H](C)CCCCCC)[C@H](C)C(N1)=O)=O)=O)C(/C=C/C1=C)=O	Amino acids and Peptides|Polyketides	Oligopeptides	Cyclic peptides|Depsipeptides|Lipopeptides	false	npclassifier.gnps2.org@2026-09-07
CIWQMSHQAVWNOO-OPGPRAPUSA-N	CO\C(C)=C\C(=O)N(C)C\C=C\CC\C=C/C=C\CC(=C)C1=NC(C[C@H](C)[C@@H]2OC(=O)C3=C(O)C(C)=CC=C3[C@H]2O)=CO1	Shikimates and Phenylpropanoids	Coumarins	Isocoumarins	false	npclassifier.gnps2.org@2026-09-07
CIWWONHFDUMHHK-UHFFFAOYSA-N	CN1C2=CC=CC(C(O)=O)=C2N=C2C(CC=C(C)C)=CC(=O)C=C12	Alkaloids	Anthranilic acid alkaloids	Phenazine alkaloids	false	npclassifier.gnps2.org@2026-09-07
CIYVBJUTFIWZPB-VQTJNVASSA-N	O[C@@]12C(=O)NC(=O)[C@]1(O)C1=C(NC3=C1C=C(Cl)C=C3)C1=C2C2=C(N1)C=C(Cl)C=C2	Alkaloids	Tryptophan alkaloids	Carboline alkaloids	false	npclassifier.gnps2.org@2026-09-07
CIZDQDSLIGFEDH-WPKKHXINSA-N	CSCCC(NC(=O)C(C)NC(=O)C(NC(=O)C(C)NC(=O)C(NC(=O)C(C)NC(=O)C(C)NC(=O)C(CC(C)C)NC(=O)C(NC(=O)C1CCCN1C(=O)C(\NC(=O)C(C)=O)=C/C)C(C)C)C(C)C)C(C)C)C(=O)NC(CCC(O)=O)C(=O)NC(CC(C)C)C(=O)NC(CC(C)C)C(=O)N1CCCC1C(=O)NC(C(C)O)C(=O)NC(C)C(=O)NC(C)C(=O)NC(C(C)C)C(=O)NC(CC(C)C)C(=O)NC(CC1=CC=C(O)C=C1)C(=O)NC1CSCC(NC(=O)CNC(=O)C(C)NC(=O)C(NC(=O)C(CC(O)=O)NC1=O)C(C)C)C(=O)NC(CC1=CC=CC=C1)C(=O)NC(CCCCN)C(=O)NC(CC1=CC=C(O)C=C1)C(=O)NC1CSCC(NC(=O)C(CC2=CNC=N2)NC(=O)C(CC2=CNC=N2)NC(=O)C(CCCCN)NC(=O)C(C)NC1=O)C(O)=O	Amino acids and Peptides|Polyketides	Oligopeptides	Cyclic peptides|Depsipeptides|Lipopeptides	false	npclassifier.gnps2.org@2026-09-07
CJTUMLYXLYEBOO-UHFFFAOYSA-N	COC1=CC2=C(NC(=C2)C(=O)N2CC3CC33C4=C(NC(=C4)C(=O)N4CCC5=C6C=C(NC6=C(OC)C(O)=C45)SC(C)=O)C(=O)C=C23)C=C1O	Alkaloids	Tryptophan alkaloids	Carbazole alkaloids	false	npclassifier.gnps2.org@2026-09-07
CKENYJFJGHNNLP-PKFIRLNASA-N	COC(=O)C(=CC)/C=C(\C)/C=C(\C)/C=C/C=C(\C)/C(=O)[C@@]1(O)C2OCC[C@@]2(O)NC1=O	Alkaloids	Tetramate alkaloids	Simple tetramate alkaloids	false	npclassifier.gnps2.org@2026-09-07
CKHKNMXVZGOUCL-UHFFFAOYSA-N	CN1C(=O)C2(C3=C(C4=C(C2(C1=O)O)C5=C(N4)C=C(C=C5)Cl)NC6=C3C=CC(=C6)Cl)O	Alkaloids	Tryptophan alkaloids	Carboline alkaloids	false	npclassifier.gnps2.org@2026-09-07
CKICSSGVOUYIAL-HEITYGFHSA-N	CCCCCCCCCCCCCCCC(OC(=O)[C@H](CCCCN(O)C=O)NC(=O)[C@H]1N=C(C2=CC=CC=C2O)O[C@@H]1C)C(C)C(=O)N[C@@H]1CCCCN(O)C1=O	Amino acids and Peptides|Polyketides	Oligopeptides	Depsipeptides|Linear peptides|Lipopeptides	false	npclassifier.gnps2.org@2026-09-07
CKLSQBHYSVQHIP-RNOUXJFASA-N	C1(=O)N[C@@H](CC(C)C)C(=O)N[C@@H](C)C(=O)N[C@@H](CCC(=O)N)C(=O)O[C@H](C)[C@H](N(C)C(=O)/C=C/C=C/C=C/C=C/C=C/C=C/C=C/CC)C(=O)N[C@@H]1C	Amino acids and Peptides|Polyketides	Oligopeptides	Cyclic peptides|Depsipeptides	false	npclassifier.gnps2.org@2026-09-07
CKNBFSIURUOKMN-LJWNLINESA-N	CC(C)C[C@H](NC)C(=O)N(C)[C@@H](C(C)C)C(=O)N[C@@H](C(C)C)C(=O)N(C)[C@@H](C(C)C)C(=O)NCCc1ccccc1	Amino acids and Peptides	Oligopeptides	Linear peptides	false	npclassifier.gnps2.org@2026-09-07
CKTLJJYDUPSLCZ-SFHVURJKSA-N	C[C@@]1(C=CC2=C3C(=C(C=C2C1=O)O)C4=C(C3=O)C=CC=C4O)O	Polyketides	Polycyclic aromatic polyketides	Angucyclines	false	npclassifier.gnps2.org@2026-09-07
CKUAYXRLIBAUTH-UHFFFAOYSA-N	C1(=C(C(=C(N1)Br)Br)Br)C2=C(C(=C(N2)Br)Br)Br	Alkaloids			false	npclassifier.gnps2.org@2026-09-07
CKVQLVKUIHIXIC-WSBLOWKLSA-N	C[C@@H]1[C@@H](C(=O)N[C@@H]([C@H](CC(=O)O[C@H](C(=O)[C@@H](C(=O)N[C@H](C(=O)N2CCC[C@H]2C(=O)N([C@H](C(=O)O1)CC3=CC=C(C=C3)OC)C)CC(C)C)C)C(C)C)O)C(C)C)NC(=O)[C@@H](CC(C)C)N(C)C(=O)[C@@H]4CCCN4C(=O)[C@H](C)O	Amino acids and Peptides|Polyketides	Oligopeptides	Cyclic peptides|Depsipeptides	false	npclassifier.gnps2.org@2026-09-07
CKVQLVKUIHIXIC-WSWSWPEESA-N	C[C@@H]1[C@@H](C(=O)N[C@@H]([C@H](CC(=O)O[C@H](C(=O)[C@@H](C(=O)N[C@H](C(=O)N2CCC[C@H]2C(=O)N([C@H](C(=O)O1)CC3=CC=C(C=C3)OC)C)CC(C)C)C)C(C)C)O)C(C)C)NC(=O)C(CC(C)C)N(C)C(=O)[C@@H]4CCCN4C(=O)[C@H](C)O	Amino acids and Peptides|Polyketides	Oligopeptides	Cyclic peptides|Depsipeptides	false	npclassifier.gnps2.org@2026-09-07
CKWCBUGNWKYJDS-UHFFFAOYSA-N	O=C1OC(=CC(O)=C1CCCCCCCCCCCC)CC(C)C	Polyketides	Cyclic polyketides	2-pyrone derivatives	false	npclassifier.gnps2.org@2026-09-07
CLKOFPXJLQSYAH-UHFFFAOYSA-N	CCC(C)C1C(=O)NC(C(=O)NC(C(=O)NC(C(=O)NC(C(=O)NCCCCC(C(=O)NC(C(=O)N1)CCCN)NC(=O)C(C(C)CC)NC(=O)C(CCC(=O)O)NC(=O)C(CC(C)C)NC(=O)C2CSC(=N2)C(C(C)CC)N)CC(=O)N)CC(=O)O)CC3=CN=CN3)CC4=CC=CC=C4	Amino acids and Peptides	Oligopeptides	Cyclic peptides	false	npclassifier.gnps2.org@2026-09-07
CLQUUOKNEOQBSW-KEGKUKQHSA-N	CC[C@@H]1[C@@H]([C@@H]([C@H](C(=O)[C@@H](C[C@@]([C@@H]([C@H]([C@@H]([C@H](C(=O)O1)C)O[C@H]2C[C@@]([C@H]([C@@H](O2)C)O)(C)O)C)O[C@H]3[C@@H]([C@H](C[C@H](O3)C)N(C)C)O)(C)O)C)C)O)C	Polyketides	Macrolides	Erythromycins	true	npclassifier.gnps2.org@2026-09-07
CMHZZVCDMHGMEG-WQABLBMUSA-N	OC(C=C1)=CC=C1CC(C(N/C(C(NC(C(NCC(N(C(C(NC2CCC(N)=O)=O)C(OC3C(OC(C)=O)C(O)C(O)C(COC(C)=O)O3)C)C)=O)=O)CCC(N)=O)=O)=C\C)=O)NC(C(C(C)O)NC(C(C(OC2=O)C)NC(C(C(O)C)NC(C(O)C(OC4OCC(O)C(OC5C(NC(C)=O)C(O)C(O)C(O)O5)C4O)CCCCCCCCCCCCC)=O)=O)=O)=O	Amino acids and Peptides|Polyketides	Oligopeptides	Cyclic peptides|Depsipeptides|Lipopeptides	true	npclassifier.gnps2.org@2026-09-07
CMOISPAWONHXEH-QHCPKHFHSA-N	CN1C=C(C2=CNC3=CC=C(Cl)C=C23)C(=C1)[C@@]1(C)CN(C)C2=CC=C(Cl)C=C12	Alkaloids	Tryptophan alkaloids	Simple indole alkaloids	false	npclassifier.gnps2.org@2026-09-07
CMWOCHXOAOFYCY-HOTGVXAUSA-N	OC1=CC=C(C[C@H]2CN[C@@H](CC3=CC=C(O)C=C3)CN2)C=C1	Alkaloids	Ornithine alkaloids	Pyrrolidine alkaloids	false	npclassifier.gnps2.org@2026-09-07
CMWOCHXOAOFYCY-IYBDPMFKSA-N	OC1=CC=C(C[C@@H]2CN[C@@H](CC3=CC=C(O)C=C3)CN2)C=C1	Alkaloids	Ornithine alkaloids	Pyrrolidine alkaloids	false	npclassifier.gnps2.org@2026-09-07
CNUGGUJSKKNENX-NCROSIFOSA-N	CCC(C)[C@@H]1NC(=O)C([C@H](C)CC)NC(=O)C(CCCCCN)NC(=O)CNC(=O)[C@H](C(C)C)NC(=O)CNC(=O)CNC(=O)CC[C@@H](C(=O)N[C@@H](CC2=CC=C(O)C=C2)C(=O)N[C@@H](CC2=CC=CC=C2)C(=O)N[C@H](C(=O)NCC(=O)NCC(=O)NCC(=O)N[C@H](C(=O)NCC(=O)N[C@@H](CCNC(=N)N)C(=O)N[C@@H](CC2=CC=C(O)C=C2)C(=O)NCC(=O)O)C(C)C)[C@H](C)CC)NC1=O	Amino acids and Peptides	Oligopeptides	RiPPs-Lasso peptides	false	npclassifier.gnps2.org@2026-09-07
CNXAVQHYRALFDY-VIPNGKGCSA-N	C[C@@H]1O[C@H](C[C@@H](C1)OC)CC[C@@H]([C@H](O)[C@@H]([C@H]2OC(=O)/C(=C/C[C@@H](C[C@H]3O[C@H](C[C@@H]([C@H]([C@H](C[C@H]([C@@H]([C@H](OC(=O)/C(=C/C[C@@H](C[C@H]4O[C@H](C[C@@H]([C@H]([C@H](C[C@H]([C@@H]2C)O)O)C)OC)CC=C4)O)/C)[C@H]([C@@H](O)[C@H](CC[C@@H]5O[C@H](C[C@H](C5)OC)C)C)C)C)O)O)C)OC)CC=C3)O)/C)C)C	Polyketides	Macrolides	Macrolide lactones	false	npclassifier.gnps2.org@2026-09-07
CNZIQHGDUXRUJS-PTNHGACKSA-N	O/C(C)=C(C1=O)/C([C@](N1C2(C)C)([H])[C@@]([C@@]2([H])C3)([H])C4=CNC5=CC=CC3=C54)=O	Alkaloids|Amino acids and Peptides	Tetramate alkaloids	Cyclopiazonic acid-tpye tetramate alkaloids	false	npclassifier.gnps2.org@2026-09-07
CODBWSAIQSAFCS-MYZGCEDNSA-N	C=C1NC(=O)C2CSCC3NC(=O)C(CSC(C)C(NC(=S)C(CC4=CN=C[NH]4)NC(=O)C4=CSC(C(C)NC(C)=O)=N4)C(=O)N[C@@H](CC(C)C(=O)NC(=O)CC(C(=O)O)NC(=O)C(C)NC3=O)C(=O)N2)NC(=O)[C@H]2CCCN2C(=O)[C@@H](CC(C)C)NC1=O	Amino acids and Peptides	Oligopeptides	Cyclic peptides|RiPPs-Amatoxins and Phallotoxins|RiPPs-Lanthipeptides	false	npclassifier.gnps2.org@2026-09-07
CODGHFHXEFKOMN-UHFFFAOYSA-N	CC(CC(=O)N(CCCC(C(=O)NC(C(C(=O)O)O)C(=O)NC(CO)C(=O)NC(CCCN(C=O)O)C(=O)NCCCCN)N)O)O				false	npclassifier.gnps2.org@2026-09-07
CONVFBAOBJVKPP-JCOAXYOVSA-N	CCCCCCCCCCCCCCCO[P@]1(=O)OC[C@@H]2COC(=O)C2=C(O1)CCC	Fatty acids	Glycerophospholipids	Long-Chain Bicyclic Phosphotriester	false	npclassifier.gnps2.org@2026-09-07
COQRMMDQXCDULZ-BZXIHHRZSA-N	CC[C@H]1C[C@H]2C[C@@H]3[C@@H]([C@H]2[C@@H]1C)CC[C@H]\4[C@H]3C/C=C\C(=O)NCCC[C@H]5C(=O)C(=C(/C=C4)O)C(=O)N5	Amino acids and Peptides|Polyketides	Macrolides	Macrocyclic tetramic acids	false	npclassifier.gnps2.org@2026-09-07
COSICWYFCAPPJB-UHFFFAOYSA-N	CC1(CC(=O)C2=C(O1)C=CC(=C2N)C(=O)CC(CO)N)C	Terpenoids	Meroterpenoids	Merohemiterpenoids	false	npclassifier.gnps2.org@2026-09-07
CPCRJSQNWHCGOP-ZYKBYZIHSA-N	CCCC[C@@H](C)[C@H]([C@H](C[C@@H](C)C[C@@H](CCCCCC[C@@H]([C@@H](C)N)O)O)OC(=O)C[C@@H](CC(=O)O)C(=O)O)OC(=O)C[C@@H](CC(=O)O)C(=O)O	Polyketides	Linear polyketides	Open-chain polyketides	false	npclassifier.gnps2.org@2026-09-07
CPLGPDHGFNXBOA-UHFFFAOYSA-N	CC1(CC2C1CCC(C3C2(CC3)C)(C)O)C	Terpenoids	Sesquiterpenoids	Presilphiperfolane and Probotryane sesquiterpenoids	false	npclassifier.gnps2.org@2026-09-07
CPQSJHUUXUXWOT-IPPPMHIGSA-N	C[C@]12CC[C@@H]([C@@]([C@@H]1CCC3=CC4=C(C=C23)C5=CC=CC=C5N4N6C7=CC=CC=C7C8=C6C=C9CC[C@@H]1[C@@](C9=C8)(CC[C@@H]([C@@]1(C)C(=O)O)O)C)(C)C(=O)O)O	Alkaloids	Tryptophan alkaloids	Carbazole alkaloids	false	npclassifier.gnps2.org@2026-09-07
CPRFHUFTLRUMNV-HPBFKGMYSA-N	CCCCCC/C=C\CCCC(=O)N[C@H](C(=O)N[C@H](CO)C(=O)NCC(=O)N[C@H](CO)C(=O)N[C@@H](CO)C(=O)N[C@H](C(=O)N[C@@H](C(=O)N[C@@H](CO)C(=O)N[C@H]1CCCN(O)C1=O)[C@@H](C)O)[C@@H](O)C(=O)O)[C@H](O)C(=O)O	Amino acids and Peptides	Oligopeptides	Linear peptides|Lipopeptides	false	npclassifier.gnps2.org@2026-09-07
CPXVFWXTEIXJRT-XENBJVMTSA-N	O[C@@H]([C@H]1O)[C@@H](CN)O[C@H]1O[C@H](C2[C@@H](O)[C@@H](O)[C@H](N3C=CC(NC3=O)=O)O2)[C@H]4C(N(C)[C@H](C(O)=O)[C@@H](OC(CC(CCCCCCCCCCCCCC)OC(C[C@@H](CC(O)=O)C)=O)=O)CN4C)=O	Carbohydrates	Nucleosides	Pyrimidine nucleos(t)ides	true	npclassifier.gnps2.org@2026-09-07
CQGNTMRYMAYGNS-FEHKQZEWSA-N	COC1=C(OC)C(O)=C([C@@H]2S[C@@]34C[C@@]5(O)[C@@H](ON3C(=O)[C@@H]2N(C)C4=O)[C@H](O)C=C[C@H]5Cl)C=C1	Alkaloids|Amino acids and Peptides			false	npclassifier.gnps2.org@2026-09-07
CQHUZPATXDMICG-UHFFFAOYSA-N	COC1=C(O)C=C2C(=O)C3=C(O)C4=C(CCC5=C4C(O)=C4C(=O)N(CCO)C(C)=CC4=C5)C(O)=C3OC2=C1	Polyketides	Polycyclic aromatic polyketides	Ericamycins	false	npclassifier.gnps2.org@2026-09-07
CQIUKKVOEOPUDV-FSPLSTOPSA-N	C[C@@H]1OC=C2C(O)=C(C(O)=O)C(=O)C(C)=C2[C@H]1C	Polyketides	Chromanes	Azaphilones	false	npclassifier.gnps2.org@2026-09-07
CQKMBZHLOYVGHW-QYYRPYCUSA-N	N[C@@H]1[C@H](O)[C@@H](CO)O[C@H]1N1C=NC2=C1N=CN=C2N	Carbohydrates	Nucleosides	Purine nucleos(t)ides	false	npclassifier.gnps2.org@2026-09-07
CQSGJHDKTNYHCG-CDSYVURASA-N	C/C=C(\NC(=O)N[C@@H](CC1=CC=C(O)C=C1)C(=O)O)C(=O)N[C@@H](C)C(=O)N[C@@H](CCCN=C(N)N)C(=O)N1CCC[C@H]1C1=NC(C(=O)N[C@@H](CCC(N)=O)C(=O)OC(CC(=O)O)C2C(OC(=O)CC)CCN2C(=O)[C@@H](N)C(C)C)=CS1	Amino acids and Peptides	Oligopeptides	Linear peptides	false	npclassifier.gnps2.org@2026-09-07
CQSRSVXGANMYIU-UHFFFAOYSA-N	OC1=C(C(C2CC)=O)C(CC2(O)C)=CC3=C(O)C=CC(O)=C31	Polyketides	Naphthalenes		false	npclassifier.gnps2.org@2026-09-07
CRBOYJLBVMNLJI-LNWLULPESA-N	CCC(=O)OC(C)/C=C\C(=O)NC1CC(C)C(C(O)/C=C(C)/C=C/C2CC3(CO3)CC(C)(O)O2)OC1C	Fatty acids	Fatty amides	N-acyl amines	true	npclassifier.gnps2.org@2026-09-07
CRKNUILFYKYJPE-FMQUCBEESA-N	O=C(C(CC(C)C)NC(CC(O)C/C=C/CCCCCC)=O)NC(CC(O)=O)C(NC(C(OC(C(CC(C)C)N1)=O)C)C(NC(C(C)CC)C(NC(CC(C)C)C(NC(CCC(N)=O)C(NC(CC(C)C)C1=O)=O)=O)=O)=O)=O	Amino acids and Peptides|Polyketides	Oligopeptides	Cyclic peptides|Depsipeptides|Lipopeptides	false	npclassifier.gnps2.org@2026-09-07
CRLJZJZGYIYVSO-UHFFFAOYSA-N	OC(=O)C1=CC=CC2=C1N=C(O2)C1=C(O)C=CC=C1				false	npclassifier.gnps2.org@2026-09-07
CRPJNVUYZRFGAK-WKAGVDCZSA-N	[H][C@]12C[C@@]3([H])[C@@]1([H])C1=C(CC2=C)C=CC2=C1C1=C(N2)[C@@]2(C)[C@@]([H])(CC[C@@]4(O)[C@@]56O[C@@H]5[C@@H](O)[C@H](O[C@@]6([H])CC[C@]24C)C(C)=C)[C@]1([H])OC3(C)C	Alkaloids|Terpenoids	Tryptophan alkaloids	Indole-Diterpenoid alkaloids (Penitrems)	false	npclassifier.gnps2.org@2026-09-07
CRVXTEJTLQIKDI-XINAWCOVSA-N	C1[C@H]2N(C1=O)C[C@@H](O2)CO	Amino acids and Peptides	β-lactams	Clavams	false	npclassifier.gnps2.org@2026-09-07
CSOMAHTTWTVBFL-OFBLZTNGSA-N	[H][C@]12C[C@]3([H])O[C@@]1(C)C[C@@]1(C2)C=CC(=O)[C@@](C)(CCC(=O)NC2=C(O)C=CC(C(O)=O)=C2O)[C@]31[H]	Terpenoids	Diterpenoids	Platensimycin and Platencins	false	npclassifier.gnps2.org@2026-09-07
CSPZNWQQHHLHIY-HZVDNRATSA-N	CC(C)(C)[C@@H](C(=O)N[C@@H](CCCCN)C(=O)O)NC(=O)[C@H](CC(=O)N)NC(=O)[C@H](C1=CC(=C(C(=C1)O)CO)O)N=C(N)N				false	npclassifier.gnps2.org@2026-09-07
CTBBEXWJRAPJIZ-VHPBLNRZSA-N	[H][C@]12C[C@@]3(O)[C@@H](C4=CC(OC)=CC(=O)O4)[C@](O)([C@H](C(=O)C4=CC=CC=C4)[C@@]3(O)C(=O)O1)[C@@H]2O	Terpenoids			false	npclassifier.gnps2.org@2026-09-07
CTDVHCGPSKGLNP-RQWRZHBRSA-N	CCCCCCCCCCC[C@H](CC(=O)NC(=O)/C=C/1\[C@@H]2CCCN2C(=O)O1)O[C@H]3[C@@H]([C@@H]([C@H]([C@@H](O3)C)O)O)O	Alkaloids	Miscellaneous alkaloids	Miscellaneous alkaloids	true	npclassifier.gnps2.org@2026-09-07
CTNZOGJNVIFEBA-UHFFFAOYSA-N	NC(CCOC1=CC=C(C=C1)C(=NO)C(=O)NC1CN(C(C(O)=O)C2=CC=C(O)C=C2)C1=O)C(O)=O	Amino acids and Peptides	β-lactams	Monocyclic β-lactams	false	npclassifier.gnps2.org@2026-09-07
CTVJRHXDWLDZDV-DUXPYHPUSA-N	O=C(CNC(C)=O)N1CCCC1C(NC(C(O)=O)/C=C/CNC(N)=N)=S	Amino acids and Peptides	Small peptides	Tripeptides	false	npclassifier.gnps2.org@2026-09-07
CUALQTIVAOUYKB-UHFFFAOYSA-N	CCCCCCCC1=CC(CCCC(=O)O)=NO1	Fatty acids	Fatty Acids and Conjugates	Heterocyclic fatty acids	false	npclassifier.gnps2.org@2026-09-07
CUHWACVSFBFFSP-AYTXJLRPSA-N	COC(=O)/C(C)=C/C(C)C(=O)C[C@H](O)CC1CC(=O)NC(=O)C1	Alkaloids	Lysine alkaloids	Piperidine alkaloids	false	npclassifier.gnps2.org@2026-09-07
CUOJDWBMJMRDHN-UHFFFAOYSA-N	CCCCCCCCCCCCCC(CC(=O)NC(CCC(=O)O)C(=O)NC(CCCN)C(=O)NC1CC2=CC=C(C=C2)OC(=O)C(NC(=O)C(NC(=O)C(NC(=O)C3CCCN3C(=O)C(NC(=O)C(NC(=O)C(NC1=O)C(C)O)CCC(=O)O)C)CCC(=O)N)CC4=CC=C(C=C4)O)C(C)CC)O	Amino acids and Peptides|Polyketides	Oligopeptides	Cyclic peptides|Depsipeptides|Lipopeptides	false	npclassifier.gnps2.org@2026-09-07
CUXAULQHGRSWLF-IKVCUCANSA-N	CC[C@H](C)[C@@H]3NC(=O)[C@@H](CC(C)C)NC(=O)[C@@H](C(C)C)NC(=O)[C@H](Cc1c[nH]c2ccc(Cl)cc12)NC(=O)C(C(O)C(N)=O)NC(=O)[C@H](CCCN)NC3=O	Amino acids and Peptides	Oligopeptides	Cyclic peptides	false	npclassifier.gnps2.org@2026-09-07
CVGGVCHALSWETH-MZKRTTBSSA-N	CC(C)[C@@H](C(N)=O)N(C)C(=O)[C@@H](C)NC(=O)CCC=C[C@H](C)CCC(=CCl)CCCC#CBr				false	npclassifier.gnps2.org@2026-09-07
CVTKJHUYRMFMCV-DNGXXSEMSA-N	OC1=C(CCCCCCCCCCCCC(C)CC)C=C(OC/C=C(CCCC(CC/C=C(C)/C)C)\C)C=C1OC	Terpenoids			false	npclassifier.gnps2.org@2026-09-07
CVULDJMCSSACEO-VMPREFPWSA-N	C1=CC=C(C=C1)C[C@@H](COC(=O)[C@H](CC2=CC=CC=C2)NC(=O)C3=CC=CC=C3)NC(=O)C4=CC=CC=C4				false	npclassifier.gnps2.org@2026-09-07
CVWJKBJRSZXDIW-OUKQBFOZSA-N	CC1(CCC(OC1)(C)/C=C/C2=C(C3=C(C=C2)NC(=O)C(C3(C4=CC=C(C=C4)OC)O)OC)O)C	Alkaloids	Tryptophan alkaloids|Anthranilic acid alkaloids	Quinoline alkaloids	false	npclassifier.gnps2.org@2026-09-07
CWNWFRXFZISUQX-UHFFFAOYSA-N	CCC1CCCCC(=O)C2=C(O1)C=C(C=C2CC(=O)OCC)O	Polyketides	Chromanes	Chromones	false	npclassifier.gnps2.org@2026-09-07
CWPRIGWHYUKIHW-NHLPTZDRSA-N	C[C@@H]1[C@H](C[C@@H]2[C@]3(CC[C@@H]([C@@]([C@@H]3CC[C@@]2([C@H]1C4=C(C(=O)OC4O)O)C)(C)COC(=O)C5=CC=CC=C5NC)O)C)OC	Terpenoids			true	npclassifier.gnps2.org@2026-09-07
CWVNYXDUEQFYMM-YDGZXZOGSA-N	CC[C@@H](C)[C@H]1C(=C[C@H]2C[C@H](C[C@H]([C@@H]2[C@@]1(C)C(=O)CCO)C)C)C	Polyketides	Cyclic polyketides	Decalins with side chains	false	npclassifier.gnps2.org@2026-09-07
CXDDSWUAYSPFRJ-BPQIPLTHSA-N	C[C@@]12[C@@H](O1)[C@@H](C3=C4C(=C(C=C3C2=O)O)C5=C(C4=O)C=CC=C5O)O	Polyketides	Polycyclic aromatic polyketides	Angucyclines	false	npclassifier.gnps2.org@2026-09-07
CXGWXLRCEXFRJA-LCCPBSOMSA-N	CC(C)[C@H](NC(=O)[C@@H]1CCCN1C(=O)[C@@H](NC(=O)C1=CC=C[NH]1)C(C)C)C(=O)N[C@@H](C(=O)N[C@H](C(=O)N[C@H](CO)C(=O)N[C@@H](CC1=CC=C(O)C=C1)C(=O)O)[C@@H](C)O)C(C)C	Amino acids and Peptides	Oligopeptides	Linear peptides	false	npclassifier.gnps2.org@2026-09-07
CXNPLSGKWMLZPZ-ZNIXKSQXSA-N	CN(C(N)=N)CC[C@H](N)CC(N[C@H]1C=C[C@H](N2C=CC(N)=NC2=O)O[C@@H]1C(O)=O)=O	Carbohydrates	Nucleosides	Pyrimidine nucleos(t)ides	false	npclassifier.gnps2.org@2026-09-07
CXTQPLOKUBDLTK-UHFFFAOYSA-N	C[As](=O)(O)CCC(N)C(=O)O	Amino acids and Peptides	Small peptides	Aminoacids	false	npclassifier.gnps2.org@2026-09-07
CXTXHTVXPMOOSW-HUCIVYLBSA-N	CCC(C)C1C(=O)NC(CSCC(C(=O)NC(C(=O)NC(C(=O)N1)CC2=CC=CC=C2)CCCCN)NC(=O)C(C)NC(=O)C(C(C)CC)N)C(=O)NC3C(SCC(NC(=O)CNC(=O)C4CCCN4C3=O)C(=O)NC(C)C(=O)NC(CCCCN)C(=O)N/C(=C\C)/C(=O)NCC(=O)NC5CSCC6C(=O)N/C=C\SCC(C(=O)NC(C(=O)N6)CC7=CC=C(C=C7)O)NC(=O)C(NC(=O)C(NC5=O)CC8=CC=CC=C8)CC(=O)N)C	Amino acids and Peptides	Oligopeptides	RiPPs-Lanthipeptides	false	npclassifier.gnps2.org@2026-09-07
CXVPCSSIDACGGV-SBSLBVBZSA-N	CCCCCCC\C=C\C=C\C(=O)N[C@@H]([C@@H](C)O)C(=O)N[C@H]1CCCCNC(=O)\C=C\[C@H](C)NC1=O	Amino acids and Peptides	Oligopeptides	Cyclic peptides	false	npclassifier.gnps2.org@2026-09-07
CXYLXULFSYHSRC-IULTZZOBSA-N	[H]C(Br)CCC[C@H]1CCCC[C@H](C)[C@@H](OC(N)=O)C2=CC(O)=C([C@@H](CCCC(Br)Br)CCCC[C@H](C)[C@@H](OC(N)=O)C3=CC(O)=C1C(O)=C3)C(O)=C2	Polyketides	Alkylresorcinols	Dialkylresorcinols	false	npclassifier.gnps2.org@2026-09-07
CYHGEJACRPDZDP-IKNWHQMFSA-N	C[C@]12CCC(=O)C(C1=C(C(=O)[C@@]3([C@@]2(CC(=C)[C@]4([C@H]3C(=O)O[C@@](C4=O)(C)C(=O)OC)C)O)C)O)(C)C	Polyketides|Terpenoids	Meroterpenoids	Tetraketide meroterpenoids	false	npclassifier.gnps2.org@2026-09-07
CYIGOEDJHMTHPD-KWSUPYHSSA-N	CC[C@@](C)(NC(=O)[C@H](CC(C)C)NC(=O)CNC(=O)[C@@](C)(CC)NC(=O)C(C)(C)NC(=O)C(C)(C)NC(=O)C(C)(C)NC(=O)[C@H](CC1=CC=CC=C1)NC(C)=O)C(=O)NC(C)(C)C(=O)N1C[C@H](O)C[C@H]1C(=O)NC(CCC(N)=O)C(=O)N[C@](C)(CC)C(=O)N1C[C@H](O)C[C@H]1C(=O)NC(C)(C)C(=O)N[C@H](CO)CC1=CC=CC=C1	Amino acids and Peptides	Oligopeptides	Linear peptides	false	npclassifier.gnps2.org@2026-09-07
CYQRDZPBFHTFJZ-UHFFFAOYSA-N	CC1OC(=NC1C(=O)NCCCN(CCCNC(=O)C1=CC=CC(O)=C1O)C(=O)C1N=C(OC1C)C1=CC=CC=C1O)C1=CC=CC=C1O	Alkaloids	Ornithine alkaloids	Polyamines	false	npclassifier.gnps2.org@2026-09-07
CYTBBNFQKZOQJE-YRKZXFTRSA-N	[H][C@](C)(CC)[C@]([H])(NC(=O)[C@H]1CCCCN1C)C(=O)N(COC(C)=O)[C@H](C[C@@H](OC(C)=O)C1=NC(=CS1)C(=O)N[C@H](C[C@H](C)C(O)=O)CC1=CC=CC=C1)C(C)C	Amino acids and Peptides	Oligopeptides	Linear peptides	false	npclassifier.gnps2.org@2026-09-07
CYXHIOKLZVVCBQ-LCCPHMJJSA-N	[H][C@@]12O[C@@]11[C@@H](OC)C(=O)OC[C@H](O)C3=CC(Cl)=C4[C@@H](O)[C@]56OC(=C(C)C1=O)[C@@]2(O)O[C@]5([C@H](O)C[C@H]6O)C4=C3	Polyketides			false	npclassifier.gnps2.org@2026-09-07
CYYOWCJHSDSDCW-JKSUJKDBSA-N	CCC(=O)C(=C[C@@H]1[C@H](CCC2=C(O1)C(=CC(=C2)O)NC(=O)CO)O)C				false	npclassifier.gnps2.org@2026-09-07
CZUGODYQYHOOOX-TWCDBULKSA-N	CC[C@H](C)[C@H]1C(=O)NCC(=O)N[C@H](C(=O)NCC(=O)N[C@H](C(=O)N[C@@H](CC(=O)NCC(=O)N[C@H](C(=O)N1)CC2=CC=CC=C2)C(=O)N[C@@H]([C@@H](C)CC)C(=O)N[C@@H](CC3=CC=CC=C3)C(=O)NCC(=O)N[C@@H](CC4=CN=CN4)C(=O)N[C@@H](CC5=CC=C(C=C5)O)C(=O)N[C@@H](CO)C(=O)NCC(=O)NCC(=O)N[C@@H](CC6=CC=CC=C6)C(=O)O)CC(=O)N)CC7=CNC8=CC=CC=C87	Amino acids and Peptides	Oligopeptides	RiPPs-Lasso peptides	false	npclassifier.gnps2.org@2026-09-07
CZUORGWXUVRUMV-UHFFFAOYSA-N	CC(C)C1=NC=C(NC1=O)CC2=CC=CC=C2	Alkaloids|Amino acids and Peptides	Nicotinic acid alkaloids|Tetramate alkaloids|Peptide alkaloids	Pyrazine and Piperazine alkaloids|Pyridine alkaloids	false	npclassifier.gnps2.org@2026-09-07
DAEBJRPCENTJIX-UHFFFAOYSA-N	CC(C)CCCCCCCCCCCCCC(C(C)C(O1)=CC(O)=C(C)C1=O)=O	Polyketides	Cyclic polyketides	2-pyrone derivatives	false	npclassifier.gnps2.org@2026-09-07
DALRIICDQKRRFF-HTZUNMPGSA-N	CC[C@H](C)[C@H]1C(=O)N[C@@H](CC2=CNC3=C(C=CC(=C23)N1C)C(C)(C)C=C)CO	Alkaloids	Tryptophan alkaloids	Simple indole alkaloids	false	npclassifier.gnps2.org@2026-09-07
DANUORFCFTYTSZ-SJSJOXFOSA-N	[H][C@](C)(C(O)=O)[C@]1([H])O[C@@H](C[C@@H]2C[C@@H](OC)[C@@H](C)[C@@]3(O[C@@](C)(C[C@H]3C)[C@@]3([H])CC[C@](C)(O3)[C@]3([H])O[C@]([H])(C[C@@H]3C)[C@@]3([H])O[C@@](O)(CO)[C@H](C)C[C@@H]3C)O2)CC[C@@H]1C	Polyketides	Polyethers	Polyether ionophores	true	npclassifier.gnps2.org@2026-09-07
DASONDJWGUJNLI-HYLPMEPBSA-N	CCCC[C@@H]1[C@@H](C[C@@H](C[C@H](C[C@H](C[C@H](C[C@H](C([C@H](/C(=C\C=C\C=C\C=C\C=C\[C@@H]([C@@H](OC1=O)C)O)/C)O)O)O)O)O)O)O)O	Polyketides	Macrolides	Polyene macrolides	false	npclassifier.gnps2.org@2026-09-07
DAVNRFCJMIONPO-UKRRQHHQSA-N	CN1CC(=C[C@H]2[C@H]1CC3=CNC4=CC=CC2=C34)CO	Alkaloids	Tryptophan alkaloids	Ergot alkaloids	false	npclassifier.gnps2.org@2026-09-07
DAWUJAMYFBLITO-OAQYLSRUSA-N	CNC(=O)[C@@]1(O)N2C3=C(C=CC=C3)C(OC)=C2C2=C(C3=C(N2)C=CC(Cl)=C3)C1=O	Alkaloids	Tryptophan alkaloids	Carbazole alkaloids	false	npclassifier.gnps2.org@2026-09-07
DAZPSZLIQWNPOM-PKOBYXMFSA-N	OC1=CC=CC2=C1C(O)=C(C(C[C@@](CC(C)=C3)(O)[C@]4([H])C3=O)=O)C4=C2	Polyketides	Polycyclic aromatic polyketides	Angucyclines	false	npclassifier.gnps2.org@2026-09-07
DAZWHCJBSRQVSC-LQXARYHSSA-N	CCC1C[C@H]2C[C@@H]3[C@H](C(=O)C[C@@H]4/C=C/C(O)=C5C(=O)N[C@@H](CCCNC(=O)/C=C\C[C@H]43)C5=O)[C@H]2[C@@H]1C	Amino acids and Peptides|Polyketides	Macrolides	Macrocyclic tetramic acids	false	npclassifier.gnps2.org@2026-09-07
DBIAGVXGCNWASW-JMNNKWMBSA-N	C[C@@H]1CC2[C@@](CCC3[C@@]2([C@@H](CC([C@]3(C)C(=O)O)OC4[C@@H]([C@H]([C@@H]([C@H](O4)C(=O)O)O)O)OC)C)C)(C5[C@]1(C6CC[C@]7(C([C@@]6(CC5)C)CC[C@@]8(C7CC[C@]9(C8CC1=C(O9)C=CC2=C1C(=O)OC2(CCC(=O)OC)O)CO)C)CO)C)C	Terpenoids	Triterpenoids	Friedelane triterpenoids	true	npclassifier.gnps2.org@2026-09-07
DBLVDAUGBTYDFR-SWMBIRFSSA-N	C1[C@H]([C@@H]([C@H]([C@@H]([C@H]1N)O[C@@H]2[C@@H](C[C@@H]([C@H](O2)CO)O)N)O[C@H]3[C@@H]([C@@H]([C@H](O3)CO)O[C@@H]4[C@@H]([C@H]([C@@H]([C@@H](O4)CN)O[C@@H]5[C@H]([C@H]([C@@H]([C@H](O5)CO)O)O)O)O)N)O)O)N	Carbohydrates	Aminosugars and aminoglycosides|Polyols	Amino cyclitols|Aminoglycosides	true	npclassifier.gnps2.org@2026-09-07
DBOXZAYTFKDLHJ-KPQBMEGNSA-N	[H][C@@]12CC[C@@](C)(C=C)[C@@H]([N+]#[C-])[C@@]1([H])C1=C(NC3=CC=CC(=C13)C2(C)C)C(C)(C)C=C	Alkaloids	Tryptophan alkaloids	Hapalindole alkaloids	false	npclassifier.gnps2.org@2026-09-07
DCGOFMMAYQGADN-RKCJKIKXSA-N	CON=CC=CC(=O)NC=CC[C@H]1C[C@@H](OC(=O)[C@H](CCCCN)NC(=O)C[C@@H](C)O)[C@H]2O[C@H]2[C@@H](O)C=CC2=C(C(=O)O1)C(O)=CC=C2	Polyketides			false	npclassifier.gnps2.org@2026-09-07
DCHCJBFIUINVRX-UHFFFAOYSA-N	CC(C)CCCCC1(O)NC(CCCC(=O)O)=CC1=O	Alkaloids			false	npclassifier.gnps2.org@2026-09-07
DCRDXSPHBGCFJE-UHFFFAOYSA-N	CCCCCCCCCC(=O)N(O)CCCNC(=O)CC(O)(CC(=O)NCCCN(O)C(C)=O)C(=O)O	Alkaloids	Ornithine alkaloids	Polyamines	false	npclassifier.gnps2.org@2026-09-07
DDAJBUQQWFXHDM-HKHGPXCKSA-N	O=C(/C(C)=C/C/C=C(C)/[C@@]1([H])CN[C@H](C(O)=O)[C@H]1CC(O)=O)O	Amino acids and Peptides	Small peptides	Aminoacids	false	npclassifier.gnps2.org@2026-09-07
DDAJBUQQWFXHDM-UUYKTWPLSA-N	OC(/C(C)=C/C/C=C([C@@]1([H])CN[C@H](C(O)=O)[C@H]1CC(O)=O)/C)=O	Amino acids and Peptides	Small peptides	Aminoacids	false	npclassifier.gnps2.org@2026-09-07
DDLZRFCVVWLJQN-QPJJXVBHSA-N	COC1=C(C)C(=O)OC(/C(C)=C/CO)=C1	Polyketides	Cyclic polyketides	2-pyrone derivatives	false	npclassifier.gnps2.org@2026-09-07
DDNDRMDMCPLBPG-GANMIEKESA-N	CCCCCCCCC/C=C/C(=O)N/C(=C\C1=CC(C)=C(O)C=C1)C(=O)O	Alkaloids	Peptide alkaloids	Simple amide alkaloids	false	npclassifier.gnps2.org@2026-09-07
DDNDRMDMCPLBPG-NXOKQZBISA-N	CCCCCCCCC/C=C/C(=O)N/C(=C/C1=CC(C)=C(O)C=C1)C(=O)O	Alkaloids	Peptide alkaloids	Simple amide alkaloids	false	npclassifier.gnps2.org@2026-09-07
DDNXSURUODEJRT-AADKRJSRSA-N	CN(NC(=O)[C@H](CCCN=C(N)N)N)P(=O)(C(C(=O)OC)O)O	Amino acids and Peptides	Small peptides	Dipeptides	false	npclassifier.gnps2.org@2026-09-07
DDUHZTYCFQRHIY-OEWHWVHBSA-N	COC1=CC(OC)=C(Cl)C2=C1C(=O)C1(O2)[C@H](C)CC(=O)C=C1OC	Polyketides	Aromatic polyketides	Griseofulvins	false	npclassifier.gnps2.org@2026-09-07
DEAWAXPRULDTJW-AUDJJSHHSA-N	COC1=CC(C[C@H]2CN[C@@H](CC3=CC4=C(OCO4)C(OC)=C3)CN2C(=O)/C=C/C2=CC=CC=C2)=CC(OC)=C1O	Alkaloids|Shikimates and Phenylpropanoids			false	npclassifier.gnps2.org@2026-09-07
DEJXNEHSTOCMNC-NSHDSACASA-N	O=C1N[C@@H](CCCCNC(=O)C2=CN=CC=C2)CO1	Alkaloids	Nicotinic acid alkaloids	Pyridine alkaloids	false	npclassifier.gnps2.org@2026-09-07
DEKBNEJVCTWZQD-FCMAGTKHSA-N	CN[C@@H](CCCN(O)C=O)C(=O)N[C@@H](CO)C(=O)N(O)CCC[C@H](NC)C(=O)N[C@@H](CCCN)C(=O)N[C@@H]1CCCN(O)C1=O	Amino acids and Peptides	Oligopeptides	Linear peptides	false	npclassifier.gnps2.org@2026-09-07
DEZZKUXHZGMLCK-OAHLLOKOSA-N	CCCCCCC=CCCCCCC(N[C@@H](C(O)=O)CC(N)=O)=O	Fatty acids	Fatty amides	N-acyl amines	false	npclassifier.gnps2.org@2026-09-07
DFIMCVVZHWXEGI-UHFFFAOYSA-N	CCC(C)CCCCCCCCC1CC(=O)NC(CC(N)=O)C(=O)NC(CC2=CC=C(O)C=C2)C(=O)NC(CC(N)=O)C(=O)N2CCCC2C(=O)NC(CCC(O)=O)C(=O)NC(CO)C(=O)NC(C(C)O)C(=O)N1	Amino acids and Peptides	Oligopeptides	Cyclic peptides	false	npclassifier.gnps2.org@2026-09-07
DFPSHVPQHMRWJY-XBAUIOEMSA-N	CN1C(=O)CN2C(=O)[C@H](COC(=O)C3=C4NC(=O)C(O)(CO)OC4=CC=C3)NC(=O)[C@]12CO	Alkaloids|Amino acids and Peptides			false	npclassifier.gnps2.org@2026-09-07
DFQMKYUSAALDDY-MQEBUAKTSA-N	CC[C@@H]1C[C@H]2CC[C@H](O2)[C@@H](C(=O)O[C@H](C[C@@H]3CC[C@@H](O3)[C@H](C(=O)O[C@@H](C[C@H]4CC[C@H](O4)[C@@H](C(=O)O[C@H](C[C@@H]5CC[C@@H](O5)[C@H](C(=O)O1)C)CC)C)CC)C)C)C	Polyketides	Polyethers	Macrotetrolides	false	npclassifier.gnps2.org@2026-09-07
DFQUSLQYURJBIT-GNDCHVOXSA-N	[H][C@@]12C[C@@H](O)CN1C(=O)[C@@]([H])(NC(=O)[C@@H](C[C@@H](O)[C@@H](O)NC(=O)[C@]1([H])[C@@H](O)[C@@H](C)CN1C(=O)[C@@]([H])(NC(=O)[C@@]([H])(NC2=O)[C@H](O)[C@@H](O)C1=CC=C(O)C=C1)[C@H](O)CC(N)=O)NC(=O)CCCCCCCC[C@@H](C)C[C@@H](C)CC)[C@@H](C)O	Amino acids and Peptides	Oligopeptides	Cyclic peptides	false	npclassifier.gnps2.org@2026-09-07
DFVYLDHDFLHIAA-UWMNKGBPSA-N	C[C@]12CC[C@]34C(=CC(=O)[C@H](O3)C(O4)(C)C)[C@@]1(CC[C@@H]5[C@@]2(C6=C(C5)C7=CC8=C(C=C7N6)C9=CC(OC([C@H]9[C@@H]8O)(C)C)(C)C)C)O	Alkaloids|Terpenoids	Tryptophan alkaloids	Indole-Diterpenoid alkaloids (Penitrems)	false	npclassifier.gnps2.org@2026-09-07
DGAGPZOBTQYNRE-VMSIWEJCSA-N	C[C@H](CC/C=C(\C)/CCC=C(C)C)[C@]1(CCC2=C1CC[C@@H]3[C@@]2(CC[C@@H](C3(C)C)O)C)C	Terpenoids	Triterpenoids	Malabaricane triterpenoids	false	npclassifier.gnps2.org@2026-09-07
DGAZLNHJYDOWLG-QWRGUYRKSA-N	COC1=C(C[C@H](C)O)C2=C3C(C[C@H](C)O)=C(OC)C(=O)C4=C3C3=C(OCOC5=C3C2=C(C(O)=C5)C1=O)C=C4O	Polyketides	Naphthalenes	Naphthalenes and derivatives	false	npclassifier.gnps2.org@2026-09-07
DGGZCXUXASNDAC-QQNGCVSVSA-N	CC1([C@H]([C@H]([C@H]([C@@H](O1)O[C@]23C=CC=C2C#C/C/4=C\C#C[C@H]3OC5=C(C=C(C=C5Cl)[C@H](CC(=O)OC[C@@H]4OC(=O)C6=CC(=CC7=C6NC(=O)C(=C)O7)OC)N)O)O)O)N(C)C)C	Polyketides	Macrolides	Enediynes	true	npclassifier.gnps2.org@2026-09-07
DGGZCXUXASNDAC-USCVHKSNSA-N	COC1=CC2=C(NC(=O)C(=C)O2)C(=C1)C(=O)OC1COC(=O)CC(N)C2=CC(O)=C(OC3C#CC=C1C#CC1=CC=C[C@]31O[C@@H]1OC(C)(C)[C@H](C(O)C1O)N(C)C)C(Cl)=C2	Polyketides	Macrolides	Enediynes	true	npclassifier.gnps2.org@2026-09-07
DGGZCXUXASNDAC-VXNBTGQKSA-N	C=c7oc6cc(OC)cc(C(=O)O[C@H]1COC(=O)C[C@H](N)c5cc(O)c(O[C@@H]3C#C/C=C1\C#C/C2=C/C=C\[C@@]23OC4OC(C)(C)C(N(C)C)C(O)C4O)c(Cl)c5)c6[nH]c7=O	Polyketides	Macrolides	Enediynes	true	npclassifier.gnps2.org@2026-09-07
DGIGXLXLGBAJJN-TUOUHCSQSA-N	CC(=O)OC(C)(C)/C=C/C(=O)[C@@](C)([C@H]1[C@@H](C[C@@]2([C@@]1(CC(=O)[C@@]3([C@H]2CC=C4[C@H]3CC[C@@H](C4(C)C)O)CO)C)C)O)O	Terpenoids	Triterpenoids	Cucurbitane triterpenoids	false	npclassifier.gnps2.org@2026-09-07
DGIHWRUPUISVIZ-WGNILSTHSA-N	CC(C)C(N)C(=O)N[C@H](C(=O)O)[C@@H]1C[C@H](N=C(N)N)[C@H]2CN12	Amino acids and Peptides	Small peptides	Dipeptides	false	npclassifier.gnps2.org@2026-09-07
DGKUOWHAUIWQTM-AWHOCNIOSA-N	CC\C1=C/CC(OC(=O)C2CCCCN2C(=O)C(=O)C2(O)OC(CCC2C)CC(O)C(C)C(O)CC(O)CC(O)\C(C)=C\C(C)CC(C)C1O)C(\C)=C\C(C)C(C)O	Polyketides	Macrolides	Ascomycins and Rapamycins	true	npclassifier.gnps2.org@2026-09-07
DGKUOWHAUIWQTM-XRWXWOGSSA-N	CC\C1=C/C[C@H](OC(=O)C2CCCCN2C(=O)C(=O)[C@]2(O)O[C@@H](CC[C@H]2C)C[C@H](O)[C@H](C)[C@@H](O)C[C@@H](O)C[C@H](O)\C(C)=C/[C@@H](C)CC(C)[C@@H]1O)C(\C)=C\[C@@H](C)[C@@H](C)O	Polyketides	Macrolides	Ascomycins and Rapamycins	true	npclassifier.gnps2.org@2026-09-07
DGLXWTNAXWDXII-QUIRKDHJSA-N	CC(C)[C@H]1C(=O)N[C@H](C(=O)N[C@H](C(=O)N[C@@H](CSSC[C@@H](C(=O)N1)NC(=O)[C@H](CO)NC(=O)[C@H](CC2=CNC3=CC=CC=C32)NC(=O)[C@H](CC(=O)O)NC(=O)[C@H](CC(=O)N)NC(=O)[C@@H]4CCC(=O)NCC(=O)N[C@H](C(=O)N5CCC[C@H]5C(=O)N[C@H](C(=O)N[C@H](C(=O)NCC(=O)N[C@H](C(=O)N4)CC6=CC=CC=C6)CC7=CNC8=CC=CC=C87)CC(=O)N)CCCNC(=N)N)C(=O)O)C(C)C)CCCNC(=N)N	Amino acids and Peptides	Oligopeptides	Cyclic peptides|RiPPs-Lasso peptides	false	npclassifier.gnps2.org@2026-09-07
DGMPVYSXXIOGJY-UHFFFAOYSA-N	CCCCC1=CN=C(C=C1)C(=O)O	Alkaloids	Nicotinic acid alkaloids	Pyridine alkaloids	false	npclassifier.gnps2.org@2026-09-07
DGRANLNYVKAJEA-DDAPDXDOSA-N	CCCCCCCC(=O)N[C@H]([C@H](C(=O)O)O)C(=O)N[C@@H]([C@@H](C)O)C(=O)N[C@H]([C@@H](C)O)C(=O)N[C@H](CCC[N+](=NO)[O-])C(=O)NCC(=O)N[C@H](CCC[N+](=NO)[O-])C(=O)O	Amino acids and Peptides	Oligopeptides	Linear peptides|Lipopeptides	false	npclassifier.gnps2.org@2026-09-07
DGSRQKSHTABVKQ-CSACJKOTSA-N	CC(C)CCCC(=O)N[C@H]1[C@@H](C)OC(=O)[C@H](C)NC(=O)[C@H](CC(C)C)NC(=O)[C@@H](CC(C)C)NC(=O)[C@@H](CC(C)C)NC(=O)[C@H](CC(C)C)NC(=O)[C@H](C)NC1=O	Amino acids and Peptides|Polyketides	Oligopeptides	Cyclic peptides|Depsipeptides|Lipopeptides	false	npclassifier.gnps2.org@2026-09-07
DHBJJAQLTGBEDQ-CISYCMJJSA-N	CCCCCCCCCC(=O)N(O)CCCC[C@H](NC(=O)CC(O)(CC(=O)O)C(=O)O)C(=O)O	Fatty acids	Fatty amides	N-acyl amines	false	npclassifier.gnps2.org@2026-09-07
DHCFQHUYZYWKAC-UYQKXTDMSA-N	CC[C@H]1CCC[C@@H]([C@H](C(=O)C2=C[C@H]3[C@@H]4C[C@@H](C[C@H]4C=C[C@H]3[C@@H]2CC(=O)O1)O[C@H]5[C@@H]([C@@H]([C@H]([C@@H](O5)C)OC)OC)OC)C)O[C@H]6CC[C@@H]([C@H](O6)C)NCC	Polyketides	Macrolides	Spirotetronate macrolides	true	npclassifier.gnps2.org@2026-09-07
DHFLEVLIHWJIAE-OTPULODUSA-N	CC(/C=C/CC/C=C/C=C/C=C/C=C/C=C(\C)/C(=O)O)C(C(C)C(/C=C/C=C/C=C/C=C/C=C/CC(C(C)C(=O)CC(CC(CC(/C=C/CC(CC(CC(CC(/C=C/CC(/C=C/CC(CC(CCCN)O)O)O)O)O)O)O)O)O)O)O)O)O	Polyketides	Linear polyketides	Open-chain polyketides	false	npclassifier.gnps2.org@2026-09-07
DHLPMLVSBRRUGA-RXMQYKEDSA-N	C[C@@H]1CC2=CC(=CC(=C2C(=O)O1)O)O	Shikimates and Phenylpropanoids	Coumarins	Isocoumarins	false	npclassifier.gnps2.org@2026-09-07
DHMPJEGFPQTNFX-UHFFFAOYSA-N	CC1=C(O)C(=O)C(=C(O)C1=O)C1=C(O)C(=O)C(C)=C(O)C1=O	Polyketides	Naphthalenes	Naphthoquinones	false	npclassifier.gnps2.org@2026-09-07
DHOZHQLTBYYIIG-YADHBBJMSA-N	COC1=C2N(C3=C1C=CC=C3)[C@]1(O)C(=O)N(C)C(=O)[C@]1(O)C1=C2NC2=C1C=C(Cl)C=C2	Alkaloids	Tryptophan alkaloids	Carbazole alkaloids	false	npclassifier.gnps2.org@2026-09-07
DHPRQBPJLMKORJ-RQWFMOQPSA-N	C[C@@]1(C2C[C@H]3[C@@H](C(=O)C(=C([C@]3(C(=O)C2=C(C4=C(C=CC(=C41)Cl)O)O)O)O)C(=O)N)N(C)C)O	Polyketides	Polycyclic aromatic polyketides	Tetracyclines	false	npclassifier.gnps2.org@2026-09-07
DHQABWCNLXWKMG-ILWUCBPQSA-N	C\C=C\C=C\C=C\C1=NCCCC1				false	npclassifier.gnps2.org@2026-09-07
DHUKDCFKLDMWTQ-PVCZSOGJSA-N	CCCCCCCC(=O)N(O)CCCC[C@H](NC(=O)CC(O)(CC(=O)O)C(=O)O)C(=O)O				false	npclassifier.gnps2.org@2026-09-07
DHUPSYOJFKLAAA-UHFFFAOYSA-N	O=C(C(N1)=C2C(CCC)=CC1=O)C(NC(C(C)=C3CCCCC)=O)=C3C2=O	Alkaloids	Tryptophan alkaloids		false	npclassifier.gnps2.org@2026-09-07
DIAQQISRBBDJIM-DRSCAGMXSA-N	C[C@H]1[C@@H](NC(=O)[C@@H](NC(=O)[C@H]([C@@H](NC(=O)[C@@H](NC(=O)[C@H](NC(=O)C(=C)N(C(=O)CC[C@@H](NC1=O)C(=O)O)C)C)CC(C)C)C(=O)O)C)C)/C=C/C(=C/[C@H](C)[C@H](CC2=CC=CC=C2)OC)/C	Amino acids and Peptides	Oligopeptides	Cyclic peptides|Microcystins	false	npclassifier.gnps2.org@2026-09-07
DIARVRAAYLMHDN-HNNXBMFYSA-N	CC1=CC(O)=C2C(=O)OC3=C(O)C4=C(C(=O)O)C=CC=C4O[C@H]3C2=C1Br	Polyketides	Aromatic polyketides	Depsidones	false	npclassifier.gnps2.org@2026-09-07
DICCPNLDOZNSML-CEEMYSEHSA-N	C[C@@H](CCC=C(C)C)[C@@H]1CC[C@]2([C@]1(CC[C@H]3C2=CC[C@@H]4[C@@]3(CC[C@@H](C4(C)C)O)C)C)C	Terpenoids	Triterpenoids	Lanostane, Tirucallane and Euphane triterpenoids	false	npclassifier.gnps2.org@2026-09-07
DIESPMSGQPRWLG-VLKAYIDRSA-N	OC1=CC=CC2=C1C(C([C@]3(O[C@H](C)CC([C@H]3OC4CCC(N(C)C)C(C)O4)=O)O[C@@](C5)([H])[C@]6([H])OC5=O)=C6C2=O)=O	Polyketides	Polycyclic aromatic polyketides		true	npclassifier.gnps2.org@2026-09-07
DINAQJFWVQUWBF-IVEAAZELSA-N	CC[C@@H](/C=C/C(=O)[C@@H](C)[C@H](O)[C@H](C)[C@H]1OC(=O)/C=C/C=C/[C@H](C)[C@@H]([C@@H](C)[C@@H](O)[C@H](C)C(=O)/C=C/[C@H](C)[C@@H](C)O)OC(=O)/C=C/C=C/[C@@H]1C)[C@@H](C)O	Polyketides	Linear polyketides	Open-chain polyketides	false	npclassifier.gnps2.org@2026-09-07
DIPUOHVSHWSKHT-QUUCWOAOSA-N	[H][C@]12OC(=O)[C@]3(C)C[C@@]4([H])[C@H](C)C5=CC(=O)OC(C)(C)C5=C[C@]5([H])OC([C@H](C)O1)=C([C@]45C)[C@]23O	Polyketides|Terpenoids	Meroterpenoids	Tetraketide meroterpenoids	false	npclassifier.gnps2.org@2026-09-07
DIWCSROTVGTFRT-QATYYFFQSA-N	CC[C@H](C)[C@H]1C(=O)N([C@H](C(=O)N[C@@H](C(=O)N[C@H](CC(=O)O[C@@H]([C@@H](C(=O)N1)NC(=O)C(=NNC2=C(C=C(C=C2)O)C(=O)OCCCCCCCC(C)C)C)C3=CC=CC=C3)C)CC4=CNC5=C4C=CC=C5OC)[C@H](C6=CC=CC=C6)O)C	Amino acids and Peptides	Oligopeptides	Cyclic peptides|Depsipeptides	false	npclassifier.gnps2.org@2026-09-07
DIYFOMLSLDLOMV-UHFFFAOYSA-N	CCC(C)C1C(=O)NCC(=O)N(C)C(C(C)C)C(=O)NC(CC2=CC=C(OC)C=C2)C(=O)OC(C)C(=O)N2CCCCC2C(=O)N(C)C(C(C)C)C(=O)NC(C(C)C)C(=O)N(C)C(CC(=O)O)C(=O)N(C)C(C(C)C)C(=O)N1C	Amino acids and Peptides|Polyketides	Oligopeptides	Cyclic peptides|Depsipeptides	false	npclassifier.gnps2.org@2026-09-07
DJBXKQSFHIRXRM-JRYBIPSHSA-N	C/C(CO)=C1/CC(C)(C)C[C@H]2[C@@H](C)CC[C@H]12	Terpenoids	Sesquiterpenoids	Tremulane sesquiterpenoids	false	npclassifier.gnps2.org@2026-09-07
DJGNEEKCRPWTKI-UHFFFAOYSA-N	CC(C)CC1=NC=C(O1)C2=CNC3=CC=CC=C32	Alkaloids	Tyrosine alkaloids	Pimprinine alkaloids	false	npclassifier.gnps2.org@2026-09-07
DJZCTUVALDDONK-HQMSUKCRSA-N	[H][C@@]1(OC(=O)\C(OC)=C\C(\C)=C\[C@@H](C)[C@@H](O)[C@@H](CC)[C@@H](O)[C@H](C)C\C(C)=C\C=C\[C@@H]1OC)[C@@H](C)[C@@H](O)[C@H](C)[C@@]1(O)C[C@@H](O[C@H]2C[C@@H](O)[C@H](OC(N)=O)[C@@H](C)O2)[C@H](C)[C@H](O1)\C=C\C	Polyketides	Macrolides	Bafilomycins	true	npclassifier.gnps2.org@2026-09-07
DKHFLDXCKWDVMF-UPONEAKYSA-N	C[C@@H]1[C@@H](SC2=CC=CC3=C2C1=CN3)C(=O)O	Alkaloids	Tryptophan alkaloids	Simple indole alkaloids	false	npclassifier.gnps2.org@2026-09-07
DKMOFXIZKXGGIM-DKGQAOFKSA-N	COC1=CC2=CC3=C(C(=O)O[C@H](C)C3)C(O)=C2C2=C1[C@H]1[C@@]3(O2)C(=NC2=C3C=CC3=C2C=CC(C)(C)O3)C(C)(C)[C@@H]2C[C@]34CCCN3C(=O)[C@@]21NC4=O	Alkaloids|Amino acids and Peptides	Peptide alkaloids	Indole diketopiperazine alkaloids (L-Trp, L-Pro)	false	npclassifier.gnps2.org@2026-09-07
DKNKXGMUDKSFMM-RRFXWELOSA-N	C[C@H]1\C=C\C=C/C(=O)NC2=C(C)C(=O)C3=C(C(O)=C(C)C(O)=C3C2=O)C(=O)\C(C)=C\[C@H](CO)[C@H](O)[C@@H](C)[C@@H](O)[C@H](C)[C@H](O)[C@H](C)[C@H]1O	Polyketides	Macrolides	Ansa macrolides	false	npclassifier.gnps2.org@2026-09-07
DKQCCDMPFPKSEP-KSOWGMSTSA-N	C[C@@H]1C[C@H]([C@H]([C@@]2(O1)C3=C([C@@H]4[C@H](O2)CC(=O)O4)C(=O)C5=C(C3=O)C(=CC=C5)O)O)OC(=O)C	Polyketides	Naphthalenes	Naphthoquinones	false	npclassifier.gnps2.org@2026-09-07
DKVBOUDTNWVDEP-OIBGNKEOSA-N	C1[C@@H]2C(=O)N[C@@H](C3=CC(=CC(=C3)O)OC4=C(C=CC(=C4)[C@H](C(=O)N2)N)O)C(=O)N[C@@H]5C6=CC(=C(C(=C6)OC7=C(C=C(C=C7)[C@H]([C@H]8C(=O)NC(C9=CC(=CC(=C9C2=C(C=CC(=C2)[C@H](C(=O)N8)NC5=O)O)O)O)C(=O)O)O)Cl)O)OC2=C(C=C1C=C2)Cl	Amino acids and Peptides	Oligopeptides	Cyclic peptides|Vancomycins and Teicoplanins	false	npclassifier.gnps2.org@2026-09-07
DKWBRHNUUTWKAG-JNZMSYBZSA-N	CC[C@@]1(O)C[C@H](O[C@H]2C[C@@H]([C@H](O[C@H]3C[C@H](O)[C@H](O[C@H]4CC[C@H](O)[C@H](C)O4)[C@H](C)O3)[C@H](C)O2)N(C)C)C2=C(O)C3=C(C(O)=C2[C@H]1O[C@H]1C[C@@H]([C@H](O[C@H]2C[C@H](O)[C@H](O[C@H]4CC[C@H](O)[C@H](C)O4)[C@H](C)O2)[C@H](C)O1)N(C)C)C(=O)C1=C(C(O)=CC=C1)C3=O	Polyketides	Polycyclic aromatic polyketides	Anthracyclines	true	npclassifier.gnps2.org@2026-09-07
DLOLMYKOOZLTPY-UHFFFAOYSA-N	OCC1=CC2=C(C(O)=C1O)C(=O)C1=C(C(O)=C(O)C=C1O)C2=O	Polyketides	Polycyclic aromatic polyketides	Anthraquinones and anthrones	false	npclassifier.gnps2.org@2026-09-07
DLPUOZGNMZKXKB-YEWFCNIMSA-N	CCC1=CC(=O)[C@@]2([C@@H]1CC=C(C[C@@H]2OC(=O)[C@@H]3CCCN3)C)C	Terpenoids	Sesquiterpenoids	Daucane sesquiterpenoids	false	npclassifier.gnps2.org@2026-09-07
DLVJMFOLJOOWFS-INMLLLKOSA-N	C[C@@H](O)[C@@H]1O[C@H]1\C=C\[C@@H]1O[C@H]1[C@H](O)C=C	Fatty acids	Fatty acyls	Fatty alcohols	false	npclassifier.gnps2.org@2026-09-07
DLWDWAOHZVEUQO-LAUMHEIDSA-N	C/C(=C\CC1=CC=CC=C1)/CCC(=O)/C=C/C[C@@H](C/C(=C/C/C=C/C/C(=C\C(=O)O)/CC(=O)O)/C)O	Polyketides	Linear polyketides	Open-chain polyketides	false	npclassifier.gnps2.org@2026-09-07
DMESAMBFWVWMAL-RXPMBABLSA-N	C[C@H]1C[C@H](O)[C@H]2CC[C@@H]3CC(C=C4[C@]3([C@@](C(N4)=O)(C)C1=O)O2)=O	Polyketides	Macrolides	Ansa macrolides	false	npclassifier.gnps2.org@2026-09-07
DMFUPHMBLSJHNR-ONGXEEELSA-N	CSCC[C@@H]1NC(=O)C2=CSC(CNC(=O)C3=C(C)OC(=N3)[C@H](C)NC(=O)C3=CSC1=N3)=N2	Amino acids and Peptides	Oligopeptides	Cyclic peptides	false	npclassifier.gnps2.org@2026-09-07
DMSBTPUGEMEZFO-IDEJDLGGSA-N	O=C(OC(/C=C/C(O)CC(CCCC(C(C1O)C)O)O)C)CC2(O)OC(C[C@H](O[C@@H]3O[C@H](C)[C@@H](O)[C@H](N(C)C)[C@H]3O)C2C)C(C)C(O)/C(C)=C/C=C/CC(O)C(C)C(O)CCCC(O)CC(O)/C(C)=C/C(C(O)C(O)CCC(C)CC(O)CC(O)C(C)CC1)CCCCCC	Polyketides	Macrolides	Oligomycins|Polyene macrolides	true	npclassifier.gnps2.org@2026-09-07
DMUAPQTXSSNEDD-ZZHFWOCQSA-N	CCC(=O)O[C@@H]1[C@H](O[C@H](C[C@@]1(C)O)O[C@@H]2[C@H](O[C@H]([C@@H]([C@H]2N(C)C)O)OC3C(CC(C(/C=C\C=C\CC(OC(=O)CC(C3OC)OC(=O)CC)C)O)C)CC=O)C)C	Polyketides	Macrolides	Erythromycins	true	npclassifier.gnps2.org@2026-09-07
DMWWSICROMYZPA-QARSUBPGSA-N	COC1=C(C[C@@H](NC(=O)[C@H](CO)NC(=O)[C@@H](NC(=O)[C@H](CC(C)C)NC(=O)[C@H](N)CC2=CC=C(O)C=C2)[C@@H](O)C(=O)O)C(=O)N[C@@H](CC(C)C)C(=O)NCC(=O)O)C=CC(O)=C1	Amino acids and Peptides	Oligopeptides	Linear peptides	false	npclassifier.gnps2.org@2026-09-07
DNPINECRAQUISU-QVYLPJKJSA-N	C[C@@H]1O[C@@H](O[C@H]2CC[C@@H](C3=C(O)C4=C(C=C3)C(=O)C3(O)C(O)(CCC5(O)CC(C)(O)CC(=O)C53O)C4=O)O[C@@H]2C)CC[C@H]1O	Polyketides	Polycyclic aromatic polyketides	Angucyclines	true	npclassifier.gnps2.org@2026-09-07
DNRUQTVOVDWFFG-BEFOBABASA-N	CC1(C)CCC[C@@]2(C)[C@H]1[C@H](OC(=O)/C=C/C=C/CO)C=C1COC(=O)[C@@]12O	Terpenoids	Sesquiterpenoids	Drimane sesquiterpenoids	false	npclassifier.gnps2.org@2026-09-07
DNRWOARHBKGXQM-NMKZSIDYSA-N	[H][C@@]1(CCCN1)[C@H](NC(=O)[C@]1(C)COC(=N1)C1=CN(C)C2=CC(Cl)=CC(O)=C12)C(=O)NC(C)(CO)C(O)=O	Alkaloids			false	npclassifier.gnps2.org@2026-09-07
DOAKLVKFURWEDJ-QCMAZARJSA-N	CCCCCCCCCC(=O)N[C@@H](CC1=CNC2=CC=CC=C21)C(=O)N[C@H](CC(=O)N)C(=O)N[C@@H](CC(=O)O)C(=O)N[C@H]3[C@H](OC(=O)[C@@H](NC(=O)[C@@H](NC(=O)[C@H](NC(=O)CNC(=O)[C@@H](NC(=O)[C@H](NC(=O)[C@@H](NC(=O)[C@@H](NC(=O)CNC3=O)CCCN)CC(=O)O)C)CC(=O)O)CO)[C@H](C)CC(=O)O)CC(=O)C4=CC=CC=C4N)C	Amino acids and Peptides|Polyketides	Oligopeptides	Cyclic peptides|Depsipeptides|Lipopeptides	false	npclassifier.gnps2.org@2026-09-07
DODBNMLXROZUDX-SRQCHHPUSA-N	CC(C)[C@@H](C(=O)N[C@@H](CCCN=C(N)N)C(=O)NN(C)[P+](C(C(=O)OC)O)(O)[O-])N	Amino acids and Peptides	Small peptides	Tripeptides	false	npclassifier.gnps2.org@2026-09-07
DOGIDQKFVLKMLQ-JTHVHQAWSA-N	CC[C@H](C)[C@@H](C(=O)N[C@@H]([C@@H](C)O)C(=O)N[C@@H](CC(C)C)C(=O)[C@]1(CO1)C)NC(=O)[C@H]([C@@H](C)CC)N(C)C(=O)C	Amino acids and Peptides	Small peptides	Tripeptides	false	npclassifier.gnps2.org@2026-09-07
DOHKICUKNIQGNS-CNTALBEGSA-N	COC[C@H](N(C)C)[C@H](O)[C@H](O)C(NCC[C@H](C)C1=NC(/C=C/C[C@H]2[C@@H](C)[C@H](O)CC3(C(C)(C)[C@@H](O)[C@@H]([C@@H](OC)C[C@H](O)[C@H](C)[C@H](O)[C@H](C)/C=C(C)/C(C)=C/C=C/C(C)=C\[N+]#[C-])O3)O2)=CO1)=O	Polyketides	Linear polyketides	Open-chain polyketides	false	npclassifier.gnps2.org@2026-09-07
DOSZVMSUCGKVPG-SGVYKYBRSA-N	C/C=C(/C(=O)N[C@H](C)C(=O)N[C@@H](CCCN=C(N)N)C(=O)N1CCC[C@H]1C1=NC(C(=O)N[C@@H](CCC(N)=O)C(=O)OC(CC(=O)O)C2C(OC(=O)CC)CCN2C(=O)[C@@H](N)CC(C)C)=CS1)N1C(=O)N[C@@H](CC2=CC=C(O)C=C2)C1=O	Amino acids and Peptides	Oligopeptides	Cyclic peptides|Linear peptides	false	npclassifier.gnps2.org@2026-09-07
DOUNUINZQIVRLP-FMWAKIAMSA-N	CC1C(CC2OC(C=CC2)CC(CC(CC(=O)OC(C(C(CC(C(C(CC3OC(C=CC3)CC(CC(CC(=O)OC(C(C(CC1O)O)C)C(C(O)C(CCC(=O)C(C(OC)C(/C=C/N(C=O)C)C)C)C)C)O)OC)OC)C)O)O)C)C(C(O)C(CCC(=O)C(C(OC)C(/C=C/N(C=O)C)C)C)C)C)O)OC)OC	Polyketides	Macrolides		false	npclassifier.gnps2.org@2026-09-07
DOZODIABNANYHJ-UHFFFAOYSA-N	COC(=O)C1C2=C3C4=CC=CC=C4NC3=C5C(=C2C(=O)N1)C6=CC=CC=C6N5	Alkaloids	Tryptophan alkaloids	Carbazole alkaloids	false	npclassifier.gnps2.org@2026-09-07
DPCLMFFAHQYQQZ-UQFUQSBQSA-N	CCCCCCCC/C=C/CC(=O)O[C@@H](C)C(=O)OCCC(=O)N1N=C(CCCCC)C[C@@H](CCCCC)O1				false	npclassifier.gnps2.org@2026-09-07
DPLKFNSFNTWDKG-ZNFJIFIVSA-N	C/C=C(/C(=O)N[C@H](C)C(=O)N[C@@H](CCCN=C(N)N)C(=O)N1CCC[C@H]1C1=NC(C(=O)N[C@@H](CCC(N)=O)C(=O)OC(CC(=O)O)C2C(OC(=O)CC)CCN2C(=O)[C@@H](N)C(C)CC)=CS1)N1C(=O)N[C@@H](CC2=CC=C(O)C=C2)C1=O	Amino acids and Peptides	Oligopeptides	Cyclic peptides|Linear peptides	false	npclassifier.gnps2.org@2026-09-07
DPLVZZAZGYXULT-FQOZNQACSA-N	C/C=C(\C)/[C@H]([C@@H](C)/C=C/[C@H]([C@@H](C)[C@H](C[C@@H]1CC(=CC(=O)O1)O)O)O)O	Polyketides	Linear polyketides	Open-chain polyketides	false	npclassifier.gnps2.org@2026-09-07
DQGMTSDVSAYSGR-MDZJEUOHSA-N	[H][C@]12NC3=CC=CC=C3[C@@]1(C(C)(C)C=C)CC4C2C([C@@H](CC5=CC=CC=C5)OC4=O)=O	Alkaloids			false	npclassifier.gnps2.org@2026-09-07
DQIWFSKTIQHZOM-LXTMCQRYSA-N	CC1C/C(=C/C=C\CC(OC(=O)/C(=C\C(=C\C(C1O)C)\C)/C)C(C)C(C(C)C2(CC(C(C(O2)C(C)C)C)OC(=O)/C=C/C(=O)O)O)O)/C	Polyketides	Macrolides	Bafilomycins	true	npclassifier.gnps2.org@2026-09-07
DQQCCKFZJNINST-VCPZKGNQSA-N	[H][C@]12N[C@@H](C)C(=O)N1C1=CC=CC=C1[C@@]2(O)C[C@@]1([H])N2C(=O)C3=C(C=CC=C3)N=C2[C@H](C)NC1=O	Alkaloids	Anthranilic acid alkaloids	Quinazoline alkaloids	false	npclassifier.gnps2.org@2026-09-07
DQXPFAADCTZLNL-HDLADETGSA-N	[H][C@@]12C[C@@H](O)CN1C(=O)[C@@]([H])(NC(=O)[C@@H](C[C@@H](O)[C@@H](O)NC(=O)[C@]1([H])[C@@H](O)CCN1C(=O)[C@@]([H])(NC(=O)[C@@]([H])(NC2=O)[C@H](O)[C@@H](O)C1=CC=C(O)C=C1)[C@H](O)CC(N)=O)NC(=O)CCCCCCCC[C@@H](C)C[C@@H](C)CC)[C@@H](C)O	Amino acids and Peptides	Oligopeptides	Cyclic peptides	false	npclassifier.gnps2.org@2026-09-07
DRAGJHQSJAIYMO-UHFFFAOYSA-N	CCCCCCC1=C(C=C(OC1=O)CC(C)C)O	Polyketides	Cyclic polyketides	2-pyrone derivatives	false	npclassifier.gnps2.org@2026-09-07
DRDXXSHSARGGCN-UHFFFAOYSA-N	CC1=C(NC(CC(C)C)=O)C(N2CCCC2=C1O)=O	Alkaloids	Peptide alkaloids		false	npclassifier.gnps2.org@2026-09-07
DRKCOUTVBQFDMD-XRTXDQJLSA-N	CC(C(CC(=O)N[C@@H]([C@@H](C(=O)O)O)C(=O)N[C@H](CCCCN=C(N)N)C(=O)N[C@H]([C@H](C(=O)O)O)C(=O)N[C@@H](CO)C(=O)N[C@@H](CCCN(C(=O)C)O)C(=O)N[C@@H]1CCCN(C1=O)O)O)N	Amino acids and Peptides	Oligopeptides	Linear peptides|Lipopeptides	false	npclassifier.gnps2.org@2026-09-07
DRXHQLTVRTWTGH-FSNCLGKMSA-N	OC1=C2C(C=C(C)O[C@@H]2CCC)=CC3=C1C(C([C@]4([H])O[C@@H](CO)[C@H](O)CO4)=CC3=O)=O	Polyketides	Naphthalenes	Naphthoquinones	false	npclassifier.gnps2.org@2026-09-07
DRXQHEHUNWJTDH-PQCLXWMJSA-N	C/C=C(\NC(=O)[C@H](CO)NC(=O)CNC(=O)[C@@H](CCC(N)=O)NC(=O)[C@H](NC(=O)[C@@H](NC(=O)[C@H](CC1=CC=CC=C1)NC(=O)[C@@H](CCC(N)=O)NC(=O)[C@@H](C)NC(=O)[C@@H](C)NC(=O)/C(=C/C)NC(=O)[C@H]1CCCN1C(=O)/C(=C/C)NC(=O)[C@@H](C)NC(=O)[C@H]1CCCN1C(=O)/C(=C/C)NC(=O)[C@H](C)N(C)C)C(C)C)[C@H](C)CC)C(=O)N[C@@H](C(=O)N[C@H]1CS/C=C\NC(=O)[C@H](C(C)C)NC(=O)[C@H](CC(C)C)NC1=O)[C@H](C)CC	Amino acids and Peptides|Polyketides	Oligopeptides	Cyclic peptides|Depsipeptides	false	npclassifier.gnps2.org@2026-09-07
DSEHLJGXEXFDGA-UVWMAGHCSA-N	CCCCCCCCCCCC(=O)N[C@@H]([C@@H](C(=O)O)O)C(=O)N[C@H]([C@@H](C)O)C(=O)N[C@@H](CC(=O)O)C(=O)N[C@H](CCCN(C(=O)C[C@H](C)O)O)C(=O)N[C@@H](CO)C(=O)N[C@H]1CCCN(C1=O)O	Amino acids and Peptides	Oligopeptides	Depsipeptides|Linear peptides|Lipopeptides	false	npclassifier.gnps2.org@2026-09-07
DSHQVFGPKKWBTO-UHFFFAOYSA-N	O=C(C(N1)=C2C(CCCCC)=CC1=O)C(NC(C(C)=C3CCC)=O)=C3C2=O	Alkaloids	Tryptophan alkaloids		false	npclassifier.gnps2.org@2026-09-07
DSKGVLLYPPLLJF-UHFFFAOYSA-N	COC1C(OC(N)=O)C(OC1C(OC1OC(=CC(O)C1O)C(=O)NC1CCCC(C)NC1=O)C(N)=O)N1C=CC(=O)NC1=O	Carbohydrates	Nucleosides	Pyrimidine nucleos(t)ides	true	npclassifier.gnps2.org@2026-09-07
DSVSTMJOGQEZJX-BYLNDYCFSA-N	C[C@@H]1C[C@@H]([C@@H]2C(=C1C=O)[C@@](CC2(C)C)(C)CO)OC(=O)C	Terpenoids	Sesquiterpenoids	Botryane sesquiterpenoids	false	npclassifier.gnps2.org@2026-09-07
DSZGVCDSQFSWIT-JWWYCQQFSA-N	C/C=C(\NC(=O)N[C@@H](CC1=CC=C(O)C=C1)C(=O)O)C(=O)N[C@@H](C)C(=O)N[C@@H](CCCN=C(N)N)C(=O)N1CCC[C@H]1C1=NC(C(=O)N[C@@H](CCC(N)=O)C(=O)O)=CS1	Amino acids and Peptides	Oligopeptides|Small peptides	Linear peptides|Tripeptides	false	npclassifier.gnps2.org@2026-09-07
DTFAJAKTSMLKAT-UHFFFAOYSA-N	C1C(C(C(C(C1N)O)O)O)N	Carbohydrates	Polyols	Amino cyclitols	false	npclassifier.gnps2.org@2026-09-07
DTKPLFMHHIBZIK-UHFFFAOYSA-N	O=C1OC(C(CC)C)CC(NC(CCN)C(NC(C(C)C)C(NC(CCN)C(NC(CC2=CC=CC=C2)C(NC(CC(C)C)C(NC(CCN)C(NC(C(C)C)C(NC(CC(C)C)C(NC1CO)=O)=O)=O)=O)=O)=O)=O)=O)=O	Amino acids and Peptides|Polyketides	Oligopeptides	Cyclic peptides|Depsipeptides|Lipopeptides	false	npclassifier.gnps2.org@2026-09-07
DULVYLSIPPATMK-VHNJGLBFSA-N	CC(C)C[C@@H]1NC(=O)[C@@H](NC(=O)[C@H](CC(C)C)NC(=O)[C@H](CO)NC(=O)[C@H](Cc2ccc(O)cc2)NC(=O)[C@@H](NC(=O)[C@@H]2CCCN2C(=O)CNC(=O)[C@H](NC(=O)C(C)C(CC(O)CCCCC)OC(=O)[C@@H]2CCCN2C1=O)CCC(N)=O)C(C)C)[C@@H](C)O	Amino acids and Peptides|Polyketides	Oligopeptides	Cyclic peptides|Depsipeptides|Lipopeptides	false	npclassifier.gnps2.org@2026-09-07
DUPMEJJBKXESLC-QULPRYTQSA-N	CC(C)C[C@@H]1NC(=O)[C@@H]2CC(=O)O[C@H](C)[C@H](NC(=O)[C@H](CC3=C[NH]C4=CC=CC=C34)NC(=O)[C@@H]3CCCN3C(=O)[C@@H](NC(=O)[C@H](CCC(=O)O)NC(=O)[C@@H](N)[C@@H](C)O)C(C)C)C(=O)N[C@@H](CC3=CC=C(O)C=C3)C(=O)N[C@H]3CCCCNC(=O)C[C@@H](C(=O)N[C@@H](CCCNC(=N)N)C(=O)O)NC(=O)[C@H](CCC(=O)OC[C@H](NC(=O)[C@@H]4CCCC4C(=O)[C@H](CC4=CC=CC=C4)NC3=O)C(=O)N2)NC1=O	Amino acids and Peptides|Polyketides	Oligopeptides	Cyclic peptides|Depsipeptides	false	npclassifier.gnps2.org@2026-09-07
DUTSLWAWYAFOFZ-CBHWWCKQSA-O	C[C@@H](O)[C@H](NC(=O)CC(O)C(O)C1COC(C2=CC=CC=C2O)=N1)C(=O)N[C@H](CO)C(=O)N[C@@H](CO)C(=O)NC1CC2=CC(O)=C(O)C=C2[N+](C)(C)C1	Amino acids and Peptides	Oligopeptides	Linear peptides	false	npclassifier.gnps2.org@2026-09-07
DVCQUDXXTKJSPL-UHFFFAOYSA-N	COC(=O)C1=NC2=C3C(=C1)C(=O)N(C)C3=C(N)C(Cl)=C2N	Alkaloids			false	npclassifier.gnps2.org@2026-09-07
DVJJWNNETKNIPP-MQCGSOSJSA-N	CC[C@H](C)[C@H]1C(=O)N([C@H](C(=O)N[C@@H](C(=O)N[C@H](CC(=O)O[C@@H]([C@@H](C(=O)N1)NC(=O)C(=NNC2=C(C=C(C=C2)O)C(=O)OCCCCCCCCC(C)C)C)C3=CC=CC=C3)C)CC4=CNC5=C4C=CC=C5OC)[C@H](C6=CC=CC=C6)O)C	Amino acids and Peptides	Oligopeptides	Cyclic peptides|Depsipeptides	false	npclassifier.gnps2.org@2026-09-07
DWASZPFAOTYUDM-LOMLAVLUSA-N	CC[C@H]1[C@@H]2C=C[C@H](/C=C/C=C/C(N)=O)[C@H](/C=C/C=C/C(O)=C3C(=O)N[C@@H](CCC(=O)O)C3=O)[C@H]2C[C@H]1C	Polyketides	Linear polyketides	3-oligoenoyltetramic acids	false	npclassifier.gnps2.org@2026-09-07
DWIWLEGGRHIXAH-SNQGTBLJSA-N	COC1=CC=CC2=C1C(=O)C1=C(C2=O)C2=C(C=C1)[C@@H](O)[C@H](C)[C@H](O)C2=O	Polyketides	Polycyclic aromatic polyketides	Angucyclines	false	npclassifier.gnps2.org@2026-09-07
DWUHGPPFFABTIY-KMVHLTCXSA-N	C[C@@]1(C2C[C@@H]3CC[C@]2(CC3=C)C=CC1=O)CCC(=O)NC4=C(C=CC(=C4O)C(=O)O)O	Terpenoids	Diterpenoids	Platensimycin and Platencins	false	npclassifier.gnps2.org@2026-09-07
DWUHGPPFFABTIY-RLWZQHMASA-N	[H][C@@]12C[C@@H]3CC[C@]1(CC3=C)C=CC(=O)[C@@]2(C)CCC(=O)NC1=C(O)C(=CC=C1O)C(O)=O	Terpenoids	Diterpenoids	Platensimycin and Platencins	false	npclassifier.gnps2.org@2026-09-07
DWYBIAHXQJPDRS-RZDYZOFNSA-N	C[C@@H]1CCC/C=C/CCCCCCCC[C@@H](O)[C@H](O)[C@H]2O[C@H]2[C@@H](OP(=O)(O)OCCN)C/C=C/C(=O)O1	Polyketides	Macrolides	Macrolide lactones	false	npclassifier.gnps2.org@2026-09-07
DXBJHRPKFQGVGZ-XGYRZULNSA-N	CC([C@H](C(=O)N/C=C/1\CC(C(O1)N2CCC(=O)NC2=O)O)NC(=O)[C@H](CCSC)NC(=O)NC(CC3=CC(=CC=C3)O)C(=O)O)N(C)C(=O)[C@H](CC4=CC(=CC=C4)O)N	Amino acids and Peptides	Oligopeptides	Linear peptides	true	npclassifier.gnps2.org@2026-09-07
DXBJPNHJQDZLKI-JWVJYVHFSA-N	C\C=C\C=C\C=C(/C)C1OC(=O)CC(=O)C1C	Polyketides			false	npclassifier.gnps2.org@2026-09-07
DXCYJJKWPZZHNZ-KAKVGEDNSA-N	[H][C@]12C(C)=CC(C)=C[C@@]1(C)[C@@H](C1=CC=C(C=C1)N(=O)=O)[C@@]21CO[C@@H](C1)C1=C(C)C(=O)C(C)=C(OC)O1	Terpenoids			false	npclassifier.gnps2.org@2026-09-07
DXCYJJKWPZZHNZ-PAWAVCGOSA-N	[H][C@]12C(C)=CC(C)=C[C@@]1(C)[C@@H](C1=CC=C(C=C1)N(=O)=O)[C@@]21CO[C@H](C1)C1=C(C)C(=O)C(C)=C(OC)O1	Terpenoids			false	npclassifier.gnps2.org@2026-09-07
DXPVAKSJZFQGSS-DQLDELGASA-N	CC1(C)[C@@H]2C[C@]34CCCN3C[C@@]2(CC2=C1NC1=CC(Cl)=CC=C21)NC4=O	Alkaloids	Tryptophan alkaloids	Carboline alkaloids	false	npclassifier.gnps2.org@2026-09-07
DXRKISDBIVBBFG-WOILNPFZSA-N	COC1=CC=CC2=C1C(=O)C1=C(C2=O)C2=C(C=C1)[C@@H](OC(C)=O)[C@H](C)[C@H](O)C2=O	Polyketides	Polycyclic aromatic polyketides	Angucyclines	false	npclassifier.gnps2.org@2026-09-07
DXSHBRGRIPQUCN-HNNXBMFYSA-N	O=C([C@H](C(C)C)N)OCC1=CC=CC2=NC3=C(C(O)=O)C=CC=C3N=C21	Alkaloids	Anthranilic acid alkaloids	Phenazine alkaloids	false	npclassifier.gnps2.org@2026-09-07
DXVIRWBLDDUQRP-DNGXXSEMSA-N	OC1=C(CCCCCCCCCCCCCC(C)C)C=C(OC/C=C(CCCC(CC/C=C(C)/C)C)\C)C=C1OC	Terpenoids			false	npclassifier.gnps2.org@2026-09-07
DYDCUQKUCUHJBH-UWTATZPHSA-N	N[C@@H]1CONC1=O	Amino acids and Peptides	Small peptides	Aminoacids	false	npclassifier.gnps2.org@2026-09-07
DYJREVOKIDWZEE-UHFFFAOYSA-N	O=C1NC(=O)C2=C3C4=C(C=CC(Cl)=C4)NC3=C3NC4=C(C=C(Cl)C=C4)C3=C12	Alkaloids	Tryptophan alkaloids	Carbazole alkaloids	false	npclassifier.gnps2.org@2026-09-07
DYKFVBYZRCAGFI-IBPBOOLHSA-N	O=C([C@@]1([H])N(C/2=O)CCC1)C2=C(O)/CCCCCCC	Amino acids and Peptides|Polyketides	Linear polyketides		false	npclassifier.gnps2.org@2026-09-07
DYMCOQIZBKUFDL-CALMWFSYSA-N	O=C(N[C@@H](CC(C)C)C(N[C@@H](CC(C)C)C(N[C@@H](CCC(N)=O)C(N[C@@H](CC(C)C)C(N[C@@H](CCC(N)=O)C(N[C@@H](C(C)C)C(N[C@@H](CC(C)C)C(N[C@@H](CC(C)C)C(O)=O)=O)=O)=O)=O)=O)=O)=O)[C@H](CC1=CNC=N1)NC(CC(O)CCCCCCCCC)=O	Amino acids and Peptides	Oligopeptides	Linear peptides	false	npclassifier.gnps2.org@2026-09-07
DYVDEFLXDOLVQF-HOTGVXAUSA-N	C/C(C)=C\C[C@]1(O)CC(C=C(C#CC(C)=C)[C@@H]1O)=O	Terpenoids	Meroterpenoids	Miscellaneous meroterpenoids	false	npclassifier.gnps2.org@2026-09-07
DZEAYBRRTVFUAI-GYPJDVINSA-N	CC1=C(OC(=O)C(=C1O)C[C@@H]2C(=C)CC[C@@H]3[C@@]2(CC[C@H]([C@@]3(C)CCC=C(C)C)O)C)C	Polyketides|Terpenoids	Meroterpenoids	Triketide meroterpenoids	false	npclassifier.gnps2.org@2026-09-07
DZLMIXIOUIFBDM-ACSYHNTCSA-N	CC1=C(C(=CC(=C1Cl)OC)O)C2=CC(=C(C3=C2C(=O)[C@@]4([C@H](C3)C(C5=C(C4=O)C(=CC(=C5)O)O)(C)C)O)Cl)OC	Polyketides	Polycyclic aromatic polyketides	Fasamycins and derivatives	false	npclassifier.gnps2.org@2026-09-07
DZSJXBQAXBOADW-UHFFFAOYSA-N	CCCCCC(N)CCCCCCCC(N)CCCCCCCC(N)CCCCCCCC(N)CCCCCCCC(O)CCNC(CC(O)C(C(C)C)NC(C(C1C)NC(C(NC(C(NC(C(NC(CC(C(O)=O)N)=O)CC2=CN=CN2)=O)CC(N1)=O)=O)CC(N)=O)=O)=O)=O	Amino acids and Peptides	Oligopeptides	Lipopeptides	false	npclassifier.gnps2.org@2026-09-07
DZTHIGRZJZPRDV-UHFFFAOYSA-N	CC(=O)NC(CC1=CNC2=C1C=CC=C2)C(O)=O	Amino acids and Peptides	Small peptides	Dipeptides	false	npclassifier.gnps2.org@2026-09-07
DZZWPZQOEKAGKX-ZRNYENFQSA-N	COC1=CC=CC2=C1[C@H](O)[C@]1(O)C=CC3=C4[C@@H]1[C@@H]2OC4=CC(C)=C3	Polyketides	Polycyclic aromatic polyketides	Angucyclines	false	npclassifier.gnps2.org@2026-09-07
FAFGDIIANZCFAM-QNPGEOKISA-N	C[C@H]\1C[C@](C(=O)C[C@H]\2[C@H]3[C@@H]([C@@]4([C@H](C[C@]3(C(=O)O4)OC(=O)/C2=C1\O)C)C)O)(C)O	Polyketides	Macrolides	Spirotetronate macrolides	false	npclassifier.gnps2.org@2026-09-07
FAUJQEJMUWYQEX-PNWBJGBJSA-N	CC(C)[C@H]1CC[C@@]2(C)[C@@]1([H])C[CH+]/C(C)=C/CC/C(C)=C/CC/C(C)=C/C2	Terpenoids	Diterpenoids	Cembrane diterpenoids	false	npclassifier.gnps2.org@2026-09-07
FAUOJMHVEYMQQG-HVYQDZECSA-N	CCCCC/C=C\C/C=C\CCCCCCCC(=O)N[C@H]1C[C@H]([C@H](NC(=O)[C@@H]2[C@H]([C@H](CN2C(=O)[C@@H](NC(=O)[C@@H](NC(=O)[C@@H]3C[C@H](CN3C(=O)[C@@H](NC1=O)[C@@H](C)O)O)[C@@H]([C@H](C4=CC=C(C=C4)O)O)O)[C@@H](C)O)C)O)O)O	Amino acids and Peptides	Oligopeptides	Cyclic peptides	false	npclassifier.gnps2.org@2026-09-07
FAWDDZFFIALADY-MNQAKPFUSA-N	CC(C)=CC(=O)N/C=C/C(C)=C/[C@@H](C)[C@H]1C/C(C)=C/C=C/CC[C@H](OS(=O)(=O)O)/C=C\[C@@H](O)[C@@H](OC(N)=O)CCC/C=C/C(=O)O1	Polyketides	Macrolides		false	npclassifier.gnps2.org@2026-09-07
FAXXYXLNSNAHOO-UHFFFAOYSA-N	COC1C(O)C(O)C(C)OC1OC1C(OC)C(C)(O)CC2=CC3=C(C(O)=C12)C(=O)C1=C(C=C(OC)C=C1O)C3=O	Polyketides	Polycyclic aromatic polyketides	Anthracyclines|Anthraquinones and anthrones	true	npclassifier.gnps2.org@2026-09-07
FBJVDZCVXPNUAZ-DVKPJADZSA-N	C/C(C)=C\CC1=C2C=C(O)C=C(O)C2=C(O)C3=C1C[C@](CC(/C=C(C)\O)=O)(O)[C@H](O)C3=O	Polyketides	Polycyclic aromatic polyketides	Anthraquinones and anthrones	false	npclassifier.gnps2.org@2026-09-07
FBOIBFWCHWNBOE-PUVSASSTSA-N	COC1=C(C)C(=O)C2=C(C=C(O)C3=C2O[C@@H](C)[C@@]3(C)C(O)C\C=C(/C)CO)C1=O	Polyketides	Naphthalenes	Naphthoquinones	false	npclassifier.gnps2.org@2026-09-07
FBPGRTYADYGYRG-AHBCHLHISA-N	C1[C@@H](O[C@H]2[C@@]1(C3=C(O2)C=C4C(=C3O)C(=O)C5=C(C=CC(=C5C4=O)O)O)O)O	Polyketides	Polycyclic aromatic polyketides	Anthraquinones and anthrones	true	npclassifier.gnps2.org@2026-09-07
FBRVRHJYPWFVCL-UHFFFAOYSA-N	O=C(NCCCCNC(=O)C1=C(O)C(O)=CC=C1)C1=C(O)C(O)=CC=C1	Alkaloids	Ornithine alkaloids	Polyamines	false	npclassifier.gnps2.org@2026-09-07
FCFNRCROJUBPLU-UYBNATROSA-N	C[C@H]1C(=O)N[C@H](C(=O)O[C@@H](C(=O)NC(C(=O)O[C@H](C(=O)N[C@H](C(=O)O[C@@H](C(=O)N[C@@H](C(=O)O[C@H](C(=O)N[C@H](C(=O)O[C@@H](C(=O)N[C@@H](C(=O)O1)C(C)C)C(C)C)C(C)C)C)C(C)C)C(C)C)C(C)C)C)C(C)C)C(C)C)C(C)C	Amino acids and Peptides|Polyketides	Oligopeptides	Cyclic peptides|Depsipeptides	false	npclassifier.gnps2.org@2026-09-07
FCFNRCROJUBPLU-ZJUJSLGGSA-N	CC(C)[C@@H]1NC(=O)C(C)OC(=O)[C@H](NC(=O)[C@H](OC(=O)[C@@H](NC(=O)[C@H](C)OC(=O)[C@H](NC(=O)[C@H](OC(=O)[C@@H](NC(=O)[C@H](C)OC(=O)[C@H](NC(=O)[C@H](OC1=O)C(C)C)C(C)C)C(C)C)C(C)C)C(C)C)C(C)C)C(C)C)C(C)C	Amino acids and Peptides|Polyketides	Oligopeptides	Cyclic peptides|Depsipeptides	false	npclassifier.gnps2.org@2026-09-07
FCKRUGBQFSKMHB-GXWFBVLJSA-N	C=C(C)C/C(C)=C\C(=O)N/C=C/C(C)=C/[C@@H](C)[C@H]1C/C(C)=C/C=C/CC[C@H](OC(N)=O)[C@@H](O)/C=C/[C@@H](O)CCC/C=C/C(=O)O1	Polyketides	Macrolides	Polyene macrolides	false	npclassifier.gnps2.org@2026-09-07
FCPVYOBCFFNJFS-LQDWTQKMSA-M	CC1([C@@H](N2[C@H](S1)[C@@H](C2=O)NC(=O)CC3=CC=CC=C3)C(=O)[O-])C.[Na+]	Amino acids and Peptides	β-lactams	Penicillins	false	npclassifier.gnps2.org@2026-09-07
FCSKUNOKIVAIKK-RUZDIDTESA-N	COC(=O)[C@]1(CC2=CC(CC=C(C)C)=C(O)C=C2)OC(=O)C(OC)=C1C1=CC=C(O)C=C1	Shikimates and Phenylpropanoids	Lignans	Neolignans	false	npclassifier.gnps2.org@2026-09-07
FCWIGDCVHNNXFS-UHFFFAOYSA-N	CC1OC(=NC1C(=O)N(O)CCC1=CNC=N1)C1=CC=CC(O)=C1O	Alkaloids	Histidine alkaloids	Imidazole alkaloids	false	npclassifier.gnps2.org@2026-09-07
FDAPKNJHIHKHDM-XGKKPBRYSA-N	CC[C@H](C)[C@H]1C2=N[C@@H]([C@H](O2)C)C(=O)N[C@@H](C3=NC(=CS3)C(=O)N[C@H](C4=N[C@@H]([C@H](O4)C)C(=O)N[C@@H](C5=NC(=CS5)C(=O)N1)C)CC(C)C)CC6=CC=CC=C6	Amino acids and Peptides	Oligopeptides	Cyclic peptides	false	npclassifier.gnps2.org@2026-09-07
FDEFKOBGABILIC-XQHQYKGYSA-N	C[C@@]1(CC[C@H]2[C@]([C@H]1[N+]#[C-])(C3=C(NC4=CC=CC(=C43)C2(C)C)C(C)(C)C=C)O)C=C	Alkaloids	Tryptophan alkaloids	Hapalindole alkaloids	false	npclassifier.gnps2.org@2026-09-07
FDIODTOVAFMVPX-PUVJOVQHSA-N	CC[C@H](C)[C@@H](NC(=O)[C@@H](CCCN=C(N)N)NC(=O)[C@@H](NC(=O)[C@H](N)CCCN=C(N)N)C(C)C)C(=O)N[C@@H](CC1=C[NH]C2=CC=CC=C12)C(=O)O	Amino acids and Peptides			false	npclassifier.gnps2.org@2026-09-07
FEEGMVBAILJAQO-QPJJXVBHSA-N	C\C=C(/C)C1=CC=C(C)C(=O)O1	Polyketides	Cyclic polyketides	2-pyrone derivatives	false	npclassifier.gnps2.org@2026-09-07
FEHALESAZWZNHA-UHFFFAOYSA-N	CC1=C2C(=CO1)C(=O)C3=CC(=C(C(=C3C2=O)O)O)OC	Polyketides	Naphthalenes	Naphthoquinones	false	npclassifier.gnps2.org@2026-09-07
FELYAZAWTURXNF-DPJQGRQDSA-N	C[C@H]1C[C@H]([C@@](O[C@@H]1[C@H]2C[C@@H]([C@@]3(O2)[C@@H]([C@H](C[C@@H](O3)[C@@]4(CC[C@@]5(O4)C[C@@H]([C@H]([C@H](O5)[C@@H](C)/C=C(\C)/C(=O)[C@H](C)C[C@H](C)C(=O)O)C)O)C)O[C@@H]6CC[C@@H]([C@@H](O6)C)OC)C)C)(CO)O)C	Polyketides	Polyethers	Polyether ionophores	true	npclassifier.gnps2.org@2026-09-07
FEORQDDAQBRWPT-NBBXXHIDSA-N	C/C=C/1\C2=NC(=CS2)C(=O)NC(C3=NC(=CS3)C(=O)NC(C4=NC(=CS4)C5=C(C=CC(=N5)C6=NC(=CS6)C7=NC(=CS7)C(=O)N/C(=C/C)/C(=O)NCC(C)O)C8=NC(=CS8)C(=O)NC(C(=O)N1)C(C)O)C(C)O)C(C)(C)O	Amino acids and Peptides	Oligopeptides	Cyclic peptides	false	npclassifier.gnps2.org@2026-09-07
FEPMHVLSLDOMQC-IYPFLVAKSA-N	[H][C@@]12CCCN1C(=O)[C@@]([H])(CC)NC(=O)[C@@]([H])(NC(=O)C1=C(O)C=CC=N1)[C@@]([H])(C)OC(=O)[C@@]([H])(NC(=O)[C@]1([H])CC(=O)CCN1C(=O)[C@]([H])(CC1=CC=CC=C1)N(C)C2=O)C1=CC=CC=C1	Amino acids and Peptides|Polyketides	Oligopeptides	Cyclic peptides|Depsipeptides|Streptogramins	false	npclassifier.gnps2.org@2026-09-07
FEQQKMZNFKCWST-QCNVSJCTSA-N	C/C=C/CCC(=O)C1=C(C(=C([C@@]2([C@H]1[C@@]3(C(=C(C(=O)[C@]([C@@]3(O2)O)(C)O)C(=O)CC/C=C/C)O)C)C)O)C)O	Polyketides	Aromatic polyketides	Sorbicilinoids	true	npclassifier.gnps2.org@2026-09-07
FEZAUMRIJDPBGI-HSZRJFAPSA-N	COC(=O)C1=C2C(=CN1)C1=C(NC3=CC=C(Cl)C=C13)[C@@]21CN(C)C2=CC=C(Cl)C=C12	Alkaloids	Tryptophan alkaloids		false	npclassifier.gnps2.org@2026-09-07
FFBLFSFSCNGUGS-YGXGVOTQSA-N	C\C=C\C=C\C[C@@H]1C\C=C\C=C(/C)\C=C\C=C/[C@@H](O)[C@@H](O)\C=C(/C)\C=C\C=C\C(=O)N1	Amino acids and Peptides|Polyketides	Macrolides	Macrolide lactams	false	npclassifier.gnps2.org@2026-09-07
FFDBCIHUUBZMLG-PQCLXWMJSA-N	C/C=C(\NC(=O)[C@H](CO)NC(=O)CNC(=O)[C@@H](CCC(N)=O)NC(=O)[C@H](NC(=O)[C@@H](NC(=O)[C@H](CC1=CC=CC=C1)NC(=O)[C@@H](CCC(N)=O)NC(=O)[C@@H](C)NC(=O)[C@@H](C)NC(=O)/C(=C/C)NC(=O)[C@H]1CCCN1C(=O)/C(=C/C)NC(=O)[C@@H](C)NC(=O)[C@H]1CCCN1C(=O)/C(=C/C)NC(=O)[C@H](C)[N+](C)(C)[O-])C(C)C)[C@H](C)CC)C(=O)N[C@@H](C(=O)N[C@H]1CS/C=C\NC(=O)[C@H](C(C)C)NC(=O)[C@H](CC(C)C)NC1=O)[C@H](C)CC	Amino acids and Peptides|Polyketides	Oligopeptides	Cyclic peptides|Depsipeptides|RiPPs-Lanthipeptides	false	npclassifier.gnps2.org@2026-09-07
FFFWIYTVZAPFFC-TTXNTIIMSA-N	C\C(CC[C@@H](O)C[C@H]1C[C@H](O)C\C(C)=C\C\C=C\C\C(CC(O)=O)=C/C(=O)O1)=C/CC1=CC=CC=C1	Polyketides	Macrolides	Macrolide lactones	false	npclassifier.gnps2.org@2026-09-07
FFIHXENRVXVAGQ-YUOBQAGTSA-N	CC/C=C1C=CC([C@@H](O)C/12C([C@](N(OC)C2=O)(C)O)O)=O	Amino acids and Peptides|Polyketides	Cyclic polyketides	3-Spirotetramic acids	false	npclassifier.gnps2.org@2026-09-07
FFLJEMWVYVKPDW-UMNFMQIXSA-N	C[C@H]1[C@H]([C@@](C[C@@H](O1)O[C@H]2[C@@H]3[C@H]4C5=NC(=CS5)C(=O)N[C@@H](COC(=O)C6=C(CO3)C7=C(COC2=O)C=CC=C7N6O)C8=NC(=CS8)C9=NC(=C(C=C9C1=NC(=CS1)C(=O)N[C@H](C(=O)N/C(=C(\C)/OC)/C1=NC(=CS1)C(=O)N4)[C@@H](C)O)O)C1=NC(=CS1)C(=O)NC(=C)C(=O)N)(C)O)N(C)C	Amino acids and Peptides	Oligopeptides	RiPPs-Thiopeptides	true	npclassifier.gnps2.org@2026-09-07
FFLUMYXAPXARJP-JBBNEOJLSA-N	OC[C@H]1O[C@H]([C@H](O)[C@@H]1O)C1=CC(=O)NC1=O	Carbohydrates			false	npclassifier.gnps2.org@2026-09-07
FHAYEICQQMDOQQ-LEGZJBJUSA-N	CC(/C=C/CC/C=C/C=C/C=C/C=C(\C)/C(=O)O)C(C(C)C(/C=C/C=C/C=CC=C/C=C/CC(C(C)C(=O)CC(CC(CC(/C=C/CC(CC(CC(CC(/C=C/CC(/C=C/CC(CC(CCCN)O)O)O)O)O)O)O)O)O)O)O)O)O	Polyketides	Linear polyketides	Open-chain polyketides	false	npclassifier.gnps2.org@2026-09-07
FHBQKTSCJKPYIO-OXIGXJDJSA-N	CC(C)CCCCCCCC(=O)N[C@@H]1[C@H]([C@@H]([C@H](O[C@H]1OC2=C3C=C4C=C2OC5=C(C=C(C=C5)[C@H]([C@H]6C(=O)N[C@H](C7=CC(=CC(=C7C8=C(C=CC(=C8)[C@H](C(=O)N6)NC(=O)[C@@H]4NC(=O)[C@@H]9C1=CC(=CC(=C1)O)OC1=C(C=CC(=C1)[C@@H](C(=O)N[C@H](CC1=CC(=C(O3)C=C1)Cl)C(=O)N9)N)O)O)O[C@@H]1[C@H]([C@H]([C@@H]([C@H](O1)CO)O)O)O)O)C(=O)O)O[C@H]1[C@@H]([C@H]([C@@H]([C@H](O1)CO)O)O)NC(=O)C)Cl)CO)O)O	Amino acids and Peptides	Oligopeptides	Vancomycins and Teicoplanins	true	npclassifier.gnps2.org@2026-09-07
FHESOIDVDRLWJU-VHQOODOSSA-N	C[C@H]1[C@H](C[C@H]2[C@@H]1[C@H]3[C@H](C2)[C@H]4C/C=C\C(=O)NCCC(C5C(=O)C(=C(/C=C/[C@@H]4CC3=O)O)C(=O)N5)O)C=C	Amino acids and Peptides|Polyketides	Macrolides	Macrocyclic tetramic acids	false	npclassifier.gnps2.org@2026-09-07
FHJXKTOXQHRDTL-GXDHUFHOSA-N	CCC(C)C1C2(C3C(CC(CC3C(C1(C)O)(/C(=C/O)/C2=O)O)(C)O)C)C	Polyketides	Cyclic polyketides	Decalins with side chains	false	npclassifier.gnps2.org@2026-09-07
FHKOBILSYIITHS-LMPYDYSBSA-N	CC(=O)[C@H]1[C@@H]2C=C[C@H](/C=C/C=C/C(N)=O)[C@H](/C=C/C=C/C(O)=C3C(=O)N[C@@H](CCC(=O)O)C3=O)[C@H]2C[C@H]1C	Polyketides	Linear polyketides	3-oligoenoyltetramic acids	false	npclassifier.gnps2.org@2026-09-07
FHQRLPHOFHPTCX-BDHXJCCSSA-N	CCC(C)[C@H]1C(=O)NCC(=O)N[C@H](C(=O)N[C@H](C(=O)N[C@H](C(=O)NCC(=O)N[C@H]2CSSC[C@@H](C(=O)N[C@H](C(=O)NCC(=O)N1)CC(C)C)NC(=O)C[C@H]3C(=O)OC(=O)[C@@H](NC(=O)[C@@H](NC(=O)[C@H](CSSC[C@@H](C(=O)N[C@H](C(=O)N3)CC(=O)N)N)NC(=O)[C@@H](NC(=O)[C@@H](NC(=O)[C@@H](NC(=O)[C@@H](NC(=O)CNC2=O)CC4=CC=C(C=C4)O)C)C(C)C)C(C)C)CC5=CC=CC=C5)CC6=CNC7=CC=CC=C76)C)CC8=CC=CC=C8)CO	Amino acids and Peptides	Oligopeptides	Cyclic peptides	false	npclassifier.gnps2.org@2026-09-07
FHXJUTPJUFGFBB-AKQSQHNNSA-N	O=CC(CC1=CC=CC=C1)NC([C@H](CC(C)C)NC([C@H](CC(C)C)NC(C)=O)=O)=O	Amino acids and Peptides	Small peptides	Tripeptides	false	npclassifier.gnps2.org@2026-09-07
FHYXCMJTACIUBG-MRCUWXFGSA-N	CCCCCCC/C=C\C(O)CC(=O)NC(CC(C)C)C(=O)NC(CC(=O)O)C(=O)NC1C(=O)NC(CC(C)C)C(=O)NC(CC(C)C)C(=O)NC(CO)C(=O)NC(CC(C)C)C(=O)NC(C(C)CC)C(=O)OC1C	Amino acids and Peptides|Polyketides	Oligopeptides	Cyclic peptides|Depsipeptides|Lipopeptides	false	npclassifier.gnps2.org@2026-09-07
FIBARFWLQNLEOK-LYMHVENWSA-N	CCCCCC1CC(=O)N[C@@H](C(C)C)C(=O)N[C@H](C(O)C(C)C)C(=O)N[C@@H](C)C(=O)N[C@H](CC(C)C)C(=O)N[C@@H](CCC(N)=O)C(=O)N(C)[C@@H]([C@@H](C)CC)C(=O)N[C@H](CC(N)=O)C(=O)N[C@H]([C@H](C)O)C(=O)N2CCC[C@H]2C(=O)N[C@H](CC(C)C)C(=O)N[C@@H]([C@@H](C)O)C(=O)N1	Amino acids and Peptides	Oligopeptides	Cyclic peptides	false	npclassifier.gnps2.org@2026-09-07
FIHXCHBEHLCXEG-YEFHWUCQSA-N	CC1=C(C(=O)C2=CC=CC=C2N1O)C/C=C(\C)/CC/C=C(\C)/CCC=C(C)C	Alkaloids	Tryptophan alkaloids|Anthranilic acid alkaloids	Quinoline alkaloids	false	npclassifier.gnps2.org@2026-09-07
FINGADBUNZWVLV-VVAVUVFHSA-N	CN[C@H]1[C@@H](O)C[C@H](OC2C\C=C(C)\C\C(C)=C\C=C\CCC(C)CNC(=O)\C=C\C=C\C2C)O[C@@H]1C	Amino acids and Peptides|Polyketides	Macrolides	Macrolide lactams	true	npclassifier.gnps2.org@2026-09-07
FIXCCFLCAJQMGL-JZIFFXAWSA-N	OC1=C2C(NC1CCCNC(/C=C/C=C/[C@@]3(C[C@@]4([C@@]([H])([C@@H](C)[C@@H](CC)C4)[C@@]3([C@H](O)/C=C/C=C/C2=O)[H])[H])[H])=O)=O	Amino acids and Peptides|Polyketides	Macrolides	Macrocyclic tetramic acids	false	npclassifier.gnps2.org@2026-09-07
FIZYGGKXCBPDRF-WAXSWYNISA-N	CCCCCCC[C@H](OC([C@@H](NC(C1=C(C)OC(N1)=C2C=CC=CC2=O)=O)CCCCN(O)C(C)=O)=O)[C@H](C(N[C@@H]3CCCCN(O)C3=O)=O)C	Amino acids and Peptides	Oligopeptides	Linear peptides|Lipopeptides	false	npclassifier.gnps2.org@2026-09-07
FJAQNRBDVKIIKK-LFLQOBSNSA-N	CC1=CC=C(N1)C(=O)O[C@H]2[C@H]([C@@H](OC([C@@H]2OC)(C)C)OC3=C(C4=C(C=C3)C(=C(C(=O)O4)NC(=O)C5=CC(=C(C=C5)O)CC=C(C)C)O)Cl)O	Shikimates and Phenylpropanoids	Coumarins	Simple coumarins	true	npclassifier.gnps2.org@2026-09-07
FJEKCPBQVANMTA-BYEAFURWSA-N	C[C@@H]1[C@@H](C(=O)N[C@H](C(=O)N[C@H](C(=O)NCC(=O)N2CC[C@@H]([C@H]2C(=O)N/C(=C/C3=CNC4=CC=CC=C43)/C(=O)N[C@H](C(=O)N[C@H](C(=O)N5CC[C@H]([C@H]5C(=O)O1)O)[C@H](C(C)C)O)[C@H](C)C6=CNC7=CC=CC=C76)O)C)[C@H](C)O)NC(=O)[C@H](CO)NC(=O)C[C@@H](C(=O)O)N	Amino acids and Peptides|Polyketides	Oligopeptides	Cyclic peptides|Depsipeptides	false	npclassifier.gnps2.org@2026-09-07
FJFARKHHKHMNRK-XRNHBKRYSA-N	OC([C@H]1O[C@@H](O[C@H]2[C@](C(O)=O)(C)C(CC[C@]3(C)C4CC=C5[C@@]3(C)CC[C@]6(C(O[C@H]7[C@H](O[C@H]8[C@H](O)[C@H](O)[C@@H](O[C@H]9C[C@H](CO)[C@@H](O)[C@H](O)[C@H]9O)[C@H](C)O8)[C@@H](O)[C@@H](OC(C)=O)[C@@H](C)O7)=O)C5CC(C)(C)CC6)[C@]4(C)C[C@@H]2O)[C@H](O)[C@@H](O[C@H]%10[C@H](O)[C@@H](O)[C@H](O)CO%10)[C@@H]1O)=O	Terpenoids	Triterpenoids	Oleanane triterpenoids	true	npclassifier.gnps2.org@2026-09-07
FJTWZGAJWZJDEU-SRTYELMFSA-N	CCCO[C@@H]1C([C@]([C@H]([C@H](O1)CO)O[C@H]2[C@@H]([C@H]([C@H]([C@H](O2)CO)O)O)O)(O)OP(=O)(O)O)(O)O				true	npclassifier.gnps2.org@2026-09-07
FJVQHTGEXYKKBS-QFXXITGJSA-N	CC1C/C=C/CC/C=C/C(=O)CC2=C(C(=O)O1)C(O)=CC(O)=C2Cl	Polyketides	Macrolides	Zearalenones	false	npclassifier.gnps2.org@2026-09-07
FJZUHVAAANRIMP-MOVKVLISSA-N	CC1=C(O)C(C)=CC(/C=C/C=C/C=C/C=C/C=C/C=C/C(OC)=O)=C1				false	npclassifier.gnps2.org@2026-09-07
FKAWLXNLHHIHLA-YCBIHMBMSA-N	C[C@H]1[C@@H](C[C@@]2(C([C@H]([C@H](O2)[C@H](C[C@@H]([C@H](C)[C@@H]([C@H](C)/C=C(\C)/C(=C/C=C/C(=C\C#N)/C)/C)O)O)OC)OP(=O)(O)O)(C)C)O[C@H]1C/C=C/C3=COC(=N3)[C@@H](C)CCNC(=O)[C@H]([C@H]([C@H](COC)N(C)C)O)O)O	Polyketides	Linear polyketides	Open-chain polyketides	false	npclassifier.gnps2.org@2026-09-07
FKHKGFPKDCFJTR-OLOWBZJQSA-N	CCCCCCCC(CC(=N/C(=C\C)/C(=O)N1CCC[C@H]1C(=N[C@@H](C)C(=N[C@@H](C)C(=N[C@@H](C)C(=N[C@@H](C(C)C)C(=N[C@@H](C(C)C)C(=N/C(=C\C)/C(=N[C@@H](CCO)C(=N[C@@H](C(C)C)C(=N[C@@H]([C@H](C)CC)C(=NC(=C)C(=N[C@@H](C)C(=N[C@@H](C)C(=N[C@@H](C)C(=N[C@@H](C(C)C)C(=N/C(=C\C)/C(=N[C@H]2[C@@H](OC(=O)[C@@H](N=C([C@@H](N=C([C@@H](N=C([C@@H](N=C2O)C)O)CCN)O)CO)O)[C@@H](C)CC)C)O)O)O)O)O)O)O)O)O)O)O)O)O)O)O)O)O)O	Amino acids and Peptides			false	npclassifier.gnps2.org@2026-09-07
FKHQEJYVISUSAG-ZDOBZRACSA-N	C[C@H]1[C@@H]([C@H]([C@H]([C@@H](O1)O[C@@H]2[C@H]([C@@H]([C@H](O[C@H]2OC3=C4C=C5C=C3OC6=C(C=C(C=C6)[C@H]([C@H]7C(=O)N[C@@H](C8=C(C(=CC(=C8)O)O[C@@H]9[C@H]([C@H]([C@@H]([C@H](O9)CO)O)O)O)C1=C(C=CC(=C1)[C@H](C(=O)N7)NC(=O)[C@@H]5NC(=O)[C@@H](NC(=O)[C@@H]([C@@H](C1=CC=C(O4)C=C1)O)NC(=O)[C@@H](C1=CC(=C(C=C1)O)Cl)N)CC1=CC=CC=C1)O)C(=O)O)O[C@H]1C[C@@H]([C@H]([C@@H](O1)C)OC)N)Cl)CO)O)O)O)O)O	Amino acids and Peptides	Oligopeptides	Vancomycins and Teicoplanins	true	npclassifier.gnps2.org@2026-09-07
FKJXMYJPOKQPSS-UHFFFAOYSA-N	COC1=CC(=O)C2=C(O)C3=C(CC(C)(O)OC3)C(O)=C2C1=O	Polyketides	Naphthalenes	Naphthoquinones	false	npclassifier.gnps2.org@2026-09-07
FKPDQSQJNFFSAS-BURXMLRQSA-N	CC1CCC=C(C(=O)OC(CC=CC(CC(CC(C(C(C(C(CC(CC(CC(C(C=C(C(C(C=CC(C(C=CCCC(C(C1O)C)O)C)O)C)O)C)O[C@@H]2[C@H]([C@H]([C@@H]([C@H](O2)CO)O)O)O)O)O)O)O)C)O)C)O)O)O)C(C)C(CCCN)O)C	Polyketides	Macrolides	Polyene macrolides	true	npclassifier.gnps2.org@2026-09-07
FKQQKMGWCJGUCS-UHFFFAOYSA-N	C1=CC(=CC=C1C2=C(C(=O)C(=C(C2=O)O)C3=CC=C(C=C3)O)O)O	Shikimates and Phenylpropanoids	Terphenyls	p-Terphenyls	false	npclassifier.gnps2.org@2026-09-07
FLGURYUVNVBBFP-JTQLQIEISA-N	[H][C@@]12CC(CC)=CN1C(=O)C1=CC=C(OC)C(O)=C1N=C2	Alkaloids	Anthranilic acid alkaloids	Benzodiazepine alkaloids	false	npclassifier.gnps2.org@2026-09-07
FLJZFCSEBDJGSB-QKYGQZSFSA-N	CCC(C)C1NC(=O)C(NC(=O)C(\NC(=O)C(NC(=O)C(CC(C)C)NC(=O)C(CCC(N)=O)NC(=O)C(NC(=O)C(NC(=O)C(CC(C)C)NC(=O)C(CO)NC(=O)C(NC(=O)C(CC(C)C)NC(=O)C(CO)NC(=O)C2CCCN2C(=O)C(\NC(=O)CCCC(O)=O)=C\C)C(C)C)C(C)C)C(C)C)C(C)C)=C\C)C(C)OC(=O)C(CCCCN)NC(=O)C(CCN)NC(=O)C(CCO)NC1=O	Amino acids and Peptides|Polyketides	Oligopeptides	Cyclic peptides|Depsipeptides|Lipopeptides	false	npclassifier.gnps2.org@2026-09-07
FLMLQOUFYRJGJD-XANOLGTJSA-N	CC[C@H](C)[C@@H]1NC(=O)[C@@H]2CCCN2C(=O)[C@H](CC2=CC=C(O)C=C2)NC(=O)[C@H](CC(C)C)NC(=O)[C@H](CC2=CC=C(OCC=C(C)C)C=C2)NC(=O)[C@@H]2CCCN2C(=O)[C@H](CC(N)=O)NC1=O	Amino acids and Peptides	Oligopeptides	Cyclic peptides	false	npclassifier.gnps2.org@2026-09-07
FLUFBWHKKGTRPN-UHFFFAOYSA-N	CC1=CC=CC2(C)C=C(COC3OC(CO)C(O)C(O)C3O)C(C)CC23OC(O)C(C3=O)C(O)C=CC2(C)C=C(C=O)C(C)CC23OC(O)C(C3=O)C(O)C(C)=CC=CC2C=C(COC3OC(CO)C(O)C(O)C3O)C(C)CC23OC(O)C(C3=O)C(O)C=CC2(C)C=C(C=O)C(C)CC23OC(O)C(C3=O)C1O	Polyketides	Macrolides	Spirotetronate macrolides	true	npclassifier.gnps2.org@2026-09-07
FMGBNISRFNDECK-UHFFFAOYSA-N	CCC1CC1(NC(=O)C1=CC(CC)CC2C1CCC2=O)C(O)=O	Polyketides			false	npclassifier.gnps2.org@2026-09-07
FMKAVCDWVHHMCG-LONUBGAWSA-N	O[C@@H]([C@H](N1C(NC(C=C1)=O)=O)O/2)CC2=C\NC([C@@H](NC([C@H](C)NC(N[C@@H](CC3=CNC4=C3C=CC=C4)C(O)=O)=O)=O)[C@@H](N(C)C([C@H](CC5=CC=CC(O)=C5)N)=O)C)=O	Amino acids and Peptides	Oligopeptides	Linear peptides	false	npclassifier.gnps2.org@2026-09-07
FMNPOTNZACJORR-CJQFIEQYSA-N	C[C@@H]1/C=C\C=C(\C(=O)NC2=C(C(=C3C(=C(C(=C4C3=C(/C(=C/[C@@]([C@@H]([C@H]([C@H]([C@@H]([C@@H]([C@@H]([C@@H]1O)C)O)C(=O)OC)O)C)O)(C)O)/C)OCO4)C)O)C2=O)OC(=O)C)C)/C	Polyketides	Macrolides	Ansa macrolides	false	npclassifier.gnps2.org@2026-09-07
FMXKKRVABMYCJR-UHFFFAOYSA-N	CCC(C)C1NC(=O)C(NC(=O)NC(C(=O)O)C(C)C)CCCCNC(=O)C(CC2=CC=CC=C2)NC(=O)C(C)N(C)C(=O)C(CC2=C[NH]C3=CC=CC=C23)NC1=O	Amino acids and Peptides	Oligopeptides	Anabaenopeptins|Cyclic peptides	false	npclassifier.gnps2.org@2026-09-07
FMYDORNOPXGCEO-UHFFFAOYSA-N	CC(C)CC1CCCCCCCCC2=CC1=C(N2)C=C3C(=CC(=N3)C4=CC=CN4)OC	Alkaloids	Proline alkaloids	Prodigiosins	false	npclassifier.gnps2.org@2026-09-07
FNCMJVXUPAQANW-DZUOILHNSA-N	CC(C)CCCCCCCCCCC(=O)N[C@@H](CCCN(O)C=O)C(=O)N[C@@H](CO)C(=O)N(O)CCC[C@@H]1NC(=O)[C@H](CCCN(O)C=O)NC1=O	Amino acids and Peptides	Oligopeptides	Linear peptides|Lipopeptides	false	npclassifier.gnps2.org@2026-09-07
FNCSWMAZTOJBIF-XYVASLDOSA-N	C[C@@H]1[C@H](O)c2c(c3C(=O)c4cccc(OC)c4-c3c(O)c2)[C@@H](O)C1	Polyketides	Polycyclic aromatic polyketides	Angucyclines	false	npclassifier.gnps2.org@2026-09-07
FNEADFUPWHAVTA-PLNGDYQASA-N	CC1CC23OC(=O)C4=C2OC1C(O)C3\C=C/C(=O)C(C)CC(C)C4=O	Polyketides	Macrolides	Spirotetronate macrolides	false	npclassifier.gnps2.org@2026-09-07
FNEADFUPWHAVTA-PPDYZMKSSA-N	CC1C[C@]23OC(=O)C4=C2OC1C(O)C3\C=C/C(=O)[C@@H](C)C[C@@H](C)C4=O	Polyketides	Macrolides	Spirotetronate macrolides	false	npclassifier.gnps2.org@2026-09-07
FNFBCXUSCQLQFP-UHFFFAOYSA-N	O=C1C2=C(C=C(O)C(C(O)=O)=C2CCC)C(C3=CC=CC(O)=C31)=O	Polyketides	Polycyclic aromatic polyketides	Anthraquinones and anthrones	false	npclassifier.gnps2.org@2026-09-07
FNHDSKHVYPYDAZ-VCICWZRISA-N	[H][C@@]1(CC[C@@]2(C)C3=C(CC[C@]12C)[C@@]1(C)C[C@@H](OC(=O)CC(C)(O)CC(O)=O)C(=O)C(C)(C)[C@]1([H])CC3)[C@H](C)CCC(O)C(C)(C)O	Terpenoids	Triterpenoids	Lanostane, Tirucallane and Euphane triterpenoids	false	npclassifier.gnps2.org@2026-09-07
FNUXMEOWJVTJJE-DTXRQUTOSA-N	C[C@]12CC[C@H](C(C)(C)O)[C@@H]1CC[C@@]3([C@@H]2CC[C@@H]4[C@]5(CC[C@@H](C(C)([C@@H]5CC[C@]43C)C)O)C)C	Terpenoids	Triterpenoids	Hopane and Moretane triterpenoids	false	npclassifier.gnps2.org@2026-09-07
FOAIGCPESMNWQP-WCWDXBQESA-N	CCC(C)/C=C/C(=O)N1CC(CC1C(=O)NC(CC(C)CC(CC(=O)CC)O)C(=O)NC(C(C(C)C)O)C(=O)NC(C)(C)C(=O)NC(CC(C)C)C(=O)NC(CC(C)C)C(=O)NC(C)(C)C(=O)NC(C)(C)C(=O)NCCC(=O)NC(C)CN(C)C)C	Amino acids and Peptides	Oligopeptides	Peptaibols	false	npclassifier.gnps2.org@2026-09-07
FOCOTNVJSJLTEU-YCDZJTNJSA-N	C[C@H]([C@H]1C(=O)N[C@H](C(=O)N2CCC[C@H]2C(=O)N[C@H](C(=O)N3CCC[C@H]3C(=O)N[C@H](C(=O)N[C@H](C4=N[C@@H](CS4)C(=O)N1)CC(C)C)C(C)OC(C)(C)C=C)C(C)C)CC(C)C)OC(C)(C)C=C	Amino acids and Peptides	Oligopeptides	Cyclic peptides|RiPPs-Cyanobactins	false	npclassifier.gnps2.org@2026-09-07
FODDHTHRAYJPCC-OUBBJWQNSA-N	C[C@@H](O)[C@@H](NC(=O)CNC(=O)[C@H](CO)NC(=O)C1=CC=CC=C1O)C(=O)N(C)[C@@H](CCCNO)C(=O)N[C@@H](CCCN)C(=O)N[C@@H](CCCN(O)C=O)C(=O)O	Amino acids and Peptides	Oligopeptides	Linear peptides	false	npclassifier.gnps2.org@2026-09-07
FOMJEHKAWAOFOV-RZCNENHTSA-N	[H][C@@]12C\C(CN1C(=O)C1=CC=C(OC)C(O)=C1N=C2)=C/C	Alkaloids	Anthranilic acid alkaloids	Benzodiazepine alkaloids	false	npclassifier.gnps2.org@2026-09-07
FOYVMAZXONLAFF-JSRAJUNHSA-N	COC(CCCC/C=C\CCCCCCC/C=C\C(=O)N/C=C/C(=O)N[C@H]1COC(=O)[C@H](CO)NC(=O)[C@H](CCO)NC(=O)[C@@H](C(C)C)NC1=O)(CC(=O)O)C(=O)O	Amino acids and Peptides	Oligopeptides	Cyclic peptides|Depsipeptides|Lipopeptides	false	npclassifier.gnps2.org@2026-09-07
FPHRKFJYHKRDFJ-LWYCVJHGSA-N	C[C@@H](C(=O)NCCC(C(=O)O)C(CC(=O)O)(C(=O)O)O)N1C(=O)CC[C@]1(C(=O)O)O	Amino acids and Peptides			false	npclassifier.gnps2.org@2026-09-07
FPIKGAFXXMSOSP-LAIUBXKZSA-N	CC1OC(CCC1OC1OC(C)C(=O)C=C1)C1=CC=C2C(=O)C3=C(C=C[C@]4(O)C[C@](C)(CC(=O)[C@]34O)OC3OC(C)C(=O)C=C3)C(=O)C2=C1O	Polyketides	Polycyclic aromatic polyketides	Angucyclines	true	npclassifier.gnps2.org@2026-09-07
FPMIEPCWEZBKGP-UHFFFAOYSA-N	CCCCCCCCCCCC(O)CC(=O)NC(CC(C)C)C(=O)NC(CCC(O)=O)C(=O)NC1C(C)OC(=O)C(NC(=O)C(CO)NC(=O)C(CC(C)C)NC(=O)C(CC(C)C)NC(=O)C(CO)NC(=O)C(CC(C)C)NC(=O)C(NC1=O)C(C)C)C(C)C	Amino acids and Peptides|Polyketides	Oligopeptides	Cyclic peptides|Depsipeptides|Lipopeptides	false	npclassifier.gnps2.org@2026-09-07
FPSCSFRHCCJLDN-ORCWKVIUSA-N	CC[C@@H]([C@H]1C(NCCCC[C@@H](NC(N[C@H](C(O)=O)CCCNC(N)=N)=O)C(N[C@@H](C(C)C)C(N[C@@H](CCC2=CC=C(O)C=C2)C(N(C)[C@@H](CCC3=CC=C(O)C=C3)C(N1)=O)=O)=O)=O)=O)C	Amino acids and Peptides	Oligopeptides	Anabaenopeptins|Cyclic peptides	false	npclassifier.gnps2.org@2026-09-07
FPVKHBSQESCIEP-JQCXWYLXSA-N	C1[C@@H]([C@H](O[C@H]1N2C=NC3=C2NC=NC[C@H]3O)CO)O	Alkaloids			false	npclassifier.gnps2.org@2026-09-07
FPYAYFJAGDIMEX-UHFFFAOYSA-N	CC=CCC(C)C(=O)C1=C(O)C(OC)=C(OC)[NH]C1=O	Alkaloids|Polyketides			false	npclassifier.gnps2.org@2026-09-07
FQTQHIPDGYFJJA-GDBMZVCRSA-N	C/C(=C\COC1C=CC(C[C@]23C(=O)N[C@H](SS2)C(=O)N3)=CC=1)/C	Alkaloids|Amino acids and Peptides	Peptide alkaloids	Simple diketopiperazine alkaloids	false	npclassifier.gnps2.org@2026-09-07
FQXXSQDCDRQNQE-VMDGZTHMSA-N	CN1CC[C@]23[C@@H]4C(=CC=C2[C@H]1CC5=C3C(=C(C=C5)OC)O4)OC	Alkaloids	Tyrosine alkaloids	Isoquinoline alkaloids|Morphinan alkaloids	false	npclassifier.gnps2.org@2026-09-07
FRCJDPPXHQGEKS-BCHFMIIMSA-N	C[C@H]1OC(C2=CC=CC=C2O)=N[C@@H]1C(=O)N(CCCCNC(=O)C1=C(O)C(O)=CC=C1)CCCNC(=O)C1=C(O)C(O)=CC=C1	Alkaloids	Ornithine alkaloids	Polyamines	false	npclassifier.gnps2.org@2026-09-07
FREYOSGVWPNHDE-DGMWAQSLSA-N	OC1=CC=C(CC2NC(=O)C(NC(=O)C(NC(=O)C(NC(=O)C(C(CCCCCCCCCCCCC)OC3C(O)C(OC4OC(O)C(O)C(O)C4NC(=O)C)C(O)CO3)O)C(C)O)C(C)OC(=O)C(CC3=CC=C(O)C=C3)NC(=O)C(C(C)OC3OC(COC(=O)C)C(O)C(O)C3OC(=O)C)N(C)C(=O)CNC(=O)C(CCC(=O)N)NC(=O)/C(=C/C)/NC2=O)C(O)C)C=C1	Amino acids and Peptides|Polyketides	Oligopeptides	Cyclic peptides|Depsipeptides|Lipopeptides	true	npclassifier.gnps2.org@2026-09-07
FRFRWOXVYJSPCG-RLLVAITOSA-N	COC1CC2=NC(=CO2)C(=O)OC(C\C=C/C2OC2\C=C\C=C/C2=NC(=CO2)C(=O)OC(C\C=C/C=C\C=C\1)C(C)(C)C(O)\C=C\C)C(C)(C)C(O)\C=C\C	Polyketides	Macrolides	Polyene macrolides	false	npclassifier.gnps2.org@2026-09-07
FRJSECSOXKQMOD-NLPFYKDJSA-N	C/C1=C/CC[C@@]2(C)CC/C3=C(C)/CCC(CC12)[C@]3(C)C	Terpenoids	Diterpenoids	Taxane diterpenoids|Verticillane diterpenoids	false	npclassifier.gnps2.org@2026-09-07
FRJVEVHOMWPHHN-UHFFFAOYSA-N	CCC(C)C(C(=O)NCC(=O)NC(C(C)O)C(=O)N1CCCC1C(=O)NC(C(C)CC)C(=O)NC(CO)C(=O)NC(CC2=CC=CC=C2)C(=O)NC(CC3=CC=C(C=C3)O)C(=O)NCC(=O)O)NC(=O)CNC(=O)C(C(C)C)NC(=O)C(CC4=CC=CC=C4)NC(=O)C(CC5=CC=C(C=C5)O)NC(=O)C6CCC(=O)NCC(=O)NCC(=O)NC(C(=O)NCC(=O)NC(C(=O)NC(C(=O)N7CCCC7C(=O)N6)C(C)C)CC8=CN=CN8)C	Amino acids and Peptides	Oligopeptides	RiPPs-Lasso peptides|RiPPs-Microcins	false	npclassifier.gnps2.org@2026-09-07
FRMXVRMEEBFTBC-UHFFFAOYSA-O	C(C(C)=O)(NC(C(C)C)C(NC(CCSC)C(NC(C(NC(C(NC(C(NC(C(NC1C(=O)NC(C(NC(C)C(=O)NC(CC2C=CC=CC=2)C(NC(C(O)C2N(C)C=[N+](C)C=2)C(=O)NC=CSC1C)=O)=O)C(C)C)=O)C)=S)C)=S)C)=O)C)=S)=S)=O	Amino acids and Peptides	Oligopeptides	Cyclic peptides	false	npclassifier.gnps2.org@2026-09-07
FRTUVWLJPRMTFC-UHFFFAOYSA-N	O=C(NCCCCNC(=O)C(CCCCNC(=O)C1=C(O)C(O)=CC=C1)NC(=O)C1=C(O)C(O)=CC=C1)C1=C(O)C(O)=CC=C1	Alkaloids	Ornithine alkaloids	Polyamines	false	npclassifier.gnps2.org@2026-09-07
FRWGWNOXEVMHFJ-NROGLJKMSA-N	CC(C)=CC(=O)CC/C=C/CC(=O)N[C@H](CN(C)C)C(=O)N[C@H](C(=O)N1C(=O)C(C)=C(O)[C@@H]1CC(C)C)C(C)C	Amino acids and Peptides	Oligopeptides	Linear peptides	false	npclassifier.gnps2.org@2026-09-07
FRXNXDHFQYZYNA-XYHSJSFUSA-N	C[C@H]1C(N[C@@H](CNC(C[C@H](N)CCCN)=O)C(N/C(C(N[C@@H]([C@H]2CCN=C(N)N2)C(NC[C@H](N)C(N1)=O)=O)=O)=C\NC(N)=O)=O)=O	Amino acids and Peptides	Oligopeptides	Cyclic peptides	false	npclassifier.gnps2.org@2026-09-07
FRXZTKQCZPGFDX-UHFFFAOYSA-N	CC1=C2C(=O)C=C3C(C)(C)C(=O)C4=C(O)C=C(O)C5=C4C3(O)C2=C(C(O)=C1)C5=O	Polyketides	Polycyclic aromatic polyketides	Anthraquinones and anthrones	false	npclassifier.gnps2.org@2026-09-07
FSBWLHLWIYLPKF-TUMZLJIFSA-N	[C@@H]1(C)[C@H](O)[C@H](O)[C@]2(O)C3C(=O)C=C4C(=O)c5c(CCC)nc(C)cc5C4=C(O)C=3O[C@]2([H])O1	Polyketides	Tropolones	Tropolones and derivatives (PKS)	false	npclassifier.gnps2.org@2026-09-07
FSDLITFTXNPSSN-UHFFFAOYSA-N	CC1=C2C(=CO1)C(=O)C3=CC(=C(C(=C3C2=O)O)OC)OC	Polyketides	Naphthalenes	Naphthoquinones	false	npclassifier.gnps2.org@2026-09-07
FSKFLBQJBSQQKA-DMZCBJAKSA-N	C=C(C)[C@H]1CC[C@]2(C)[C@@H]1CC[C@]1(C)C/C=C(\C(=O)O)CC/C=C(\C)CC[C@H]12	Terpenoids	Diterpenoids	Valparane diterpenoids	false	npclassifier.gnps2.org@2026-09-07
FTAYPCXSKPQUML-SOWPABPFSA-N	C[C@@H]1[C@H](/C=C/O[C@@]2(C(=O)C3=C(O2)C(=C(C4=C3C(=C(C5=C4O[C@@](CC(=O)[C@@H]6C[C@@H]6[C@@H]([C@H]([C@H]([C@H]([C@@H]1O)C)O)C)O)(C(=O)N5)C)O)O)O)C)C)OC	Polyketides	Macrolides	Ansa macrolides	false	npclassifier.gnps2.org@2026-09-07
FTGOWEQDZZMPNJ-GUMZKTDUSA-N	C[C@H]1[C@@H](C[C@@H]([C@]2(CO2)[C@H](C[C@@H]3CC=C[C@H](O3)C[C@H]([C@H](/C=C(/C=C/C(=O)O[C@@H]1[C@@H](C)[C@H]([C@@H](C)CCC(=O)[C@H](C)[C@@H]([C@H](C)/C=C/N(C)C=O)OC)O)\C)O)OC)OC)OC)OC	Polyketides	Macrolides	Macrolide lactones	false	npclassifier.gnps2.org@2026-09-07
FTMOEUBKRZXYEX-UHFFFAOYSA-N	ClC1=CC2=C(C=C1)[NH]C1=C2C=CC2=C1[NH]C1=CC=CC=C12	Alkaloids	Tryptophan alkaloids	Carbazole alkaloids|Carboline alkaloids	false	npclassifier.gnps2.org@2026-09-07
FTTQBBNJVTYJPS-AATRIKPKSA-N	CC1=CC(=C(C=C1)C(C)C(C(C)C(=O)C)O)/C=C/CO	Terpenoids	Sesquiterpenoids	Bisabolane sesquiterpenoids	false	npclassifier.gnps2.org@2026-09-07
FTVWIRXFELQLPI-UHFFFAOYSA-N	C1C(OC2=CC(=CC(=C2C1=O)O)O)C3=CC=C(C=C3)O	Shikimates and Phenylpropanoids	Flavonoids	Flavanones	false	npclassifier.gnps2.org@2026-09-07
FUCBQNSQRCPSGC-BOUYHWOHSA-N	CC(C)[C@@H](/C=C(\C)/C(=O)O)N(C)C(=O)[C@H](C(C)C)NC(=O)[C@H](CO)N=C(N)N	Amino acids and Peptides	Small peptides	Tripeptides	false	npclassifier.gnps2.org@2026-09-07
FUCYIEXQVQJBKY-UKRRQHHQSA-N	CC1=C[C@@H]2[C@H](CCC(=C2CC1)C)C(C)C	Terpenoids	Sesquiterpenoids	Cadinane sesquiterpenoids	false	npclassifier.gnps2.org@2026-09-07
FUDJQSGQMGPRDW-MQXFELJLSA-N	C[C@@H]1[C@H](N=C(O1)/C=C/C2=CC=CN2)/C=C(\C)/C=C/C=C/C=C/C=C/C=C(\C)/C(=O)NC(C(C(=O)N)O)C(=O)O	Alkaloids|Amino acids and Peptides|Polyketides	Peptide alkaloids|Linear polyketides	DKXanthenes and derivatives|Simple amide alkaloids	false	npclassifier.gnps2.org@2026-09-07
FUKGOKWLYPYDLI-FSVKZPRASA-N	CC(C)C[C@@H]1NC(=O)[C@@H]2CC(=O)O[C@H](C)[C@H](NC(=O)[C@H](CC3=C[NH]C4=CC=CC=C34)NC(=O)[C@@H]3CCCN3C(=O)[C@@H](NC(=O)[C@H](CCC(=O)O)NC(=O)[C@@H](NC(=O)CNC(=O)[C@@H](N)CCC(=O)O)[C@@H](C)O)C(C)C)C(=O)N[C@@H](CC3=CC=C(O)C=C3)C(=O)N[C@H]3CCCCNC(=O)C[C@@H](C(=O)N[C@@H](CCCNC(=N)N)C(=O)O)NC(=O)[C@H](CCC(=O)OC[C@H](NC(=O)[C@@H]4CCCC4C(=O)[C@H](CC4=CC=CC=C4)NC3=O)C(=O)N2)NC1=O	Amino acids and Peptides	Oligopeptides	Cyclic peptides|Depsipeptides|RiPPs-Lanthipeptides	false	npclassifier.gnps2.org@2026-09-07
FUKMCLKFEWEFSC-UHFFFAOYSA-N	CCCCCC1=C(C(O)=O)C(O)=C2C(CCC3=C(O)C4=C(C=C23)C(C)(C)C2=CC(O)=CC(O)=C2C4=O)=C1	Polyketides	Polycyclic aromatic polyketides	Benastatins and derivatives	false	npclassifier.gnps2.org@2026-09-07
FUPCTCUEYKCRGQ-UHFFFAOYSA-N	COC12CC(=O)OC11C(=O)C3=C(O)C4=C5CN(C)C(=O)C5=C(O)C=C4C=C3C(=O)C1(CO2)OC1CC(O)C(O)C(C)O1	Alkaloids|Polyketides	Pseudoalkaloids|Polycyclic aromatic polyketides	Anthraquinones and anthrones|Isoindole alkaloids	true	npclassifier.gnps2.org@2026-09-07
FVCCCELSDGJJMK-QYBUPKPRSA-N	CCCC[C@H]1CCCC[C@@H]([C@H](C2=CC(=C([C@H](CCCC[C@@H](CC3=CC(=C1C(=C3)O)O)C)CCCC)C(=C2)O)O)OC(=O)C)C	Polyketides	Alkylresorcinols	Dialkylresorcinols	false	npclassifier.gnps2.org@2026-09-07
FVJBYOXUZWKLDG-FRECFEOCSA-N	O=C(N[C@@H](CC(C)C)C(N[C@@H](CC(C)C)C(N[C@@H](CCC(N)=O)C(N[C@@H](CC(C)C)C(N[C@@H](CCC(N)=O)C(N[C@@H](C(C)C)C(N[C@@H](CC(C)C)C(N[C@@H](CC(C)C)C(O)=O)=O)=O)=O)=O)=O)=O)=O)[C@H](CC1=CNC=N1)NC(CC(O)CCCCCCC)=O	Amino acids and Peptides	Oligopeptides	Linear peptides	false	npclassifier.gnps2.org@2026-09-07
FVJVQDXDYPLEPN-XOVCTIIRSA-N	CCCCC[C@@H]1CC(=O)N[C@@H]([C@H](C)CC)C(=O)N[C@H](C(O)C(C)C)C(=O)N[C@@H](CCOC(N)=O)C(=O)N[C@H](CC(C)C)C(=O)N[C@@H](CCC(N)=O)C(=O)N(C)[C@@H]([C@@H](C)CC)C(=O)N[C@H](C(O)CO)C(=O)N[C@H](C(C)C)C(=O)N2CCC[C@H]2C(=O)N[C@H](CC2=CC=C(O)C=C2)C(=O)N[C@@H]([C@@H](C)O)C(=O)N1	Amino acids and Peptides	Oligopeptides	Cyclic peptides	false	npclassifier.gnps2.org@2026-09-07
FVQZHQYFGGVUMB-UHFFFAOYSA-N	CCCCCCC(Cl)CCCCC(=O)OC(C)C(=O)O	Fatty acids	Fatty esters	Fatty acid estolides	false	npclassifier.gnps2.org@2026-09-07
FVWPSKYVDXFOTC-CCNIBDGSSA-N	[H]C([H])CCC[C@H]1CCCC[C@H](C)[C@@H](OC(N)=O)C2=CC(O)=C([C@@H](CCCC(Br)Br)CCCC[C@H](C)[C@@H](OC(N)=O)C3=CC(O)=C1C(O)=C3)C(O)=C2	Polyketides	Alkylresorcinols	Dialkylresorcinols	false	npclassifier.gnps2.org@2026-09-07
FXGOCVGCVFBLCI-JTEBNOBLSA-N	C[C@H]1[C@@]2(O)O[C@H](CC(O)C[C@H](CC/C=C/C=C\CC[C@H](C)OC(C([C@@]3(O)[C@H](C)CC[C@@H](CC(C[C@H](CC/C=C/C=C\CC[C@H](C)OC(C2O)=O)O)O)O3)O)=O)O)CC1	Polyketides	Macrolides	Boromycins	true	npclassifier.gnps2.org@2026-09-07
FXNSTMGRWLTKFF-FVVOUXCPSA-N	CC=C1NC(=O)[C@H](CCC(N)=O)NC(=O)CC(CCCCC)NC(=O)CNC(=O)[C@H](CC(C)C)NC(=O)[C@@H]([C@@H](C)CC)NC(=O)[C@H]([C@@H](C)CC)NC(=O)[C@@H](CC(C)C)NC(=O)[C@@H](CC2=CC=CC=C2)NC(=O)[C@H](CCO)NC(=O)[C@@H]2C[C@@H](O)CN2C1=O	Amino acids and Peptides	Oligopeptides	Cyclic peptides	false	npclassifier.gnps2.org@2026-09-07
FXPSZLHFJDHOMI-DHZHZOJOSA-N	COC1=C(/C(=C\N=O)/NC(=C1)C2=CC=CC=N2)SC	Alkaloids	Nicotinic acid alkaloids	Pyridine alkaloids	false	npclassifier.gnps2.org@2026-09-07
FXSSKIYDLXEJOO-MVMWFNCZSA-N	COC1=C(OC)C(O)=C([C@@H]2S[C@@]34C[C@]56O[C@H]5C=C[C@@H](O)[C@@H]6ON3C(=O)[C@@H]2N(C)C4=O)C=C1	Alkaloids|Amino acids and Peptides			false	npclassifier.gnps2.org@2026-09-07
FXTIILIJTTYSLT-WYUUTHIRSA-N	C[C@@H]1C2=C(C3=C(C(=O)C=C(C3=O)C4=CC(=O)C5=C(C4=O)C(=C6[C@H](O[C@@H](CC6=C5O)CC(=O)O)C)O)C(=C2C[C@H](O1)CC(=O)O)O)O	Polyketides	Naphthalenes	Bisnaphthalenes|Naphthoquinones	false	npclassifier.gnps2.org@2026-09-07
FXUAIOOAOAVCGD-WCTZXXKLSA-N	C1C[C@H]([C@@H]2[C@@H]([C@@H](CN2C1)O)O)O	Alkaloids	Lysine alkaloids	Indolizidine alkaloids	false	npclassifier.gnps2.org@2026-09-07
FXZQGOWKPPGNAC-UHFFFAOYSA-N	CC1(C)CCC=C(C2=CC=C(C(O)=O)CC2)C1O	Terpenoids	Sesquiterpenoids	Humulane sesquiterpenoids	false	npclassifier.gnps2.org@2026-09-07
FYBGSKAWXCBCIQ-JRAUAZSASA-N	CCCC[C@@H](C)[C@H](O)[C@H](C)C(=O)C(\C)=C\[C@@H](OC)[C@@H](O)[C@@H](OC)C(=O)N\C=C/C1=CC=C(O)C(Cl)=C1	Polyketides	Linear polyketides	Open-chain polyketides	false	npclassifier.gnps2.org@2026-09-07
FYBXOYFRJMMAIU-UHFFFAOYSA-N	O=C(C=C1C)CC(C1)C2=CC=CC3=NC4=C(C(O)=O)C=CC=C4N=C32	Alkaloids	Anthranilic acid alkaloids	Phenazine alkaloids	false	npclassifier.gnps2.org@2026-09-07
FYDOORKXBWEKQM-GUQPPTOYSA-N	C[C@@]1([C@H]2[C@@H]([C@H]3[C@@H](C(=O)/C(=C(\N)/O)/C(=O)[C@]3(C(=O)C2=C(C4=C1C=CC=C4O)O)O)N(C)C)O)O	Polyketides	Polycyclic aromatic polyketides	Tetracyclines	false	npclassifier.gnps2.org@2026-09-07
FYIPKJHNWFVEIR-WMNLMFOASA-N	NC(CO)C(O)CC(O)[C@@H](N)[C@@H](O)[C@H](O)C(=O)NC(CNC(N)=O)C(N)=O	Alkaloids	Peptide alkaloids	Simple amide alkaloids	false	npclassifier.gnps2.org@2026-09-07
FYPSLERIHMOYRN-UHFFFAOYSA-N	OC1=CC(O)=C2C(C=C(O)C(C(C)=O)=C2O)=C1	Polyketides	Naphthalenes	Naphthalenes and derivatives	false	npclassifier.gnps2.org@2026-09-07
FYXHGVMFJYHPFX-ZCFIWIBFSA-N	CN(C)C[C@H]1CN=C(N1OP(=O)(O)OC)N	Alkaloids	Histidine alkaloids	Imidazole alkaloids	false	npclassifier.gnps2.org@2026-09-07
FYZYVTHTMPXJHJ-UOOBVZAFSA-N	[H][C@]12CC3=C(NC4=C3C=CC=C4)[C@]1(C)[C@@]1(C)CC[C@H](O)[C@@](C)(CC\C=C(/C)C(O)=O)[C@]1([H])CC2	Alkaloids|Terpenoids	Tryptophan alkaloids	Indole-Diterpenoid alkaloids (Penitrems)	false	npclassifier.gnps2.org@2026-09-07
FYZZDZVZFRCZJB-MQKWQYMLSA-N	CCCC[C@@H](C)[C@H]([C@H](C[C@@H](C)C[C@@H](CCCC[C@H](C([C@@H](CN)O)O)O)O)OC(=O)CC(CC(=O)O)C(=O)O)OC(=O)CC(CC(=O)O)C(=O)O	Polyketides	Linear polyketides	Open-chain polyketides	false	npclassifier.gnps2.org@2026-09-07
FZFGBLTUJOOTPO-QRHYNJGYSA-N	C[C@H]1[C@H](C[C@H]2[C@@]1([C@H]3[C@H](C2)[C@H]4C/C=C\C(=O)NCCC(C5C(=O)C(=C(/C=C/[C@@H]4CC3=O)O)C(=O)N5)O)O)C=C	Amino acids and Peptides|Polyketides	Macrolides	Macrocyclic tetramic acids	false	npclassifier.gnps2.org@2026-09-07
FZFYFSUIOSWLHW-OUDMEBJPSA-N	COC(=O)/C(=C/C)/C=C(\C)/C=C(\C)/C=C/C=C(\C)/C(=O)[C@]12OC1[C@](O)(CCO)NC2=O	Alkaloids	Tetramate alkaloids	Simple tetramate alkaloids	false	npclassifier.gnps2.org@2026-09-07
FZKVQDUEWNYBMS-LEGGSXHMSA-N	CC[C@H](C)[C@H]1C(=O)O[C@@H]([C@H](C(=O)NC(C(=O)N[C@@H](C(=O)N1)[C@H](C(C)C)O)[C@@H](C2=CC=C(C=C2)O)O)NC(=O)[C@H]([C@@H](C(=O)N)O)NC(=O)[C@H](CCCN=C(N)N)NC(=O)[C@@H](CC(C)C)NC(=O)[C@H](C)N)C(=O)N	Amino acids and Peptides|Polyketides	Oligopeptides	Cyclic peptides|Depsipeptides	false	npclassifier.gnps2.org@2026-09-07
FZLIGQLGBRLYQX-UHFFFAOYSA-N	CC1=CC(=C(C(=C1C(=O)O)O)CC=C(C)C)O	Shikimates and Phenylpropanoids	Phenolic acids (C6-C1)	Shikimic acids and derivatives|Simple phenolic acids	false	npclassifier.gnps2.org@2026-09-07
FZQYJNCKADYOTN-NNRAPAGZSA-N	C[C@@H]1[C@H]([C@@H]([C@@H]([C@@H](O1)OC/2CC3C(C(CC(O3)(CC(CC(CC(CC(CC(CC(CC(=O)OC(C(/C=C\C=C/C=C\C=C/C=C\C=C/C=C2)C)C(C)CCC(CC(=O)C4=CC=C(C=C4)NC)O)O)O)O)O)O)O)O)O)C(=O)O)O)N)O[C@H]5[C@H]([C@H]([C@@H]([C@H](O5)CO)O)O)O	Polyketides	Macrolides	Polyene macrolides	true	npclassifier.gnps2.org@2026-09-07
FZSRMADKTOBCNT-GKGGMJCISA-N	C[C@]1(O)C2C[C@]3(C1)CCC4C(C)(C)CCC[C@@]4(C)C3CC2	Terpenoids	Diterpenoids	Kaurane and Phyllocladane diterpenoids	false	npclassifier.gnps2.org@2026-09-07
FZSRMADKTOBCNT-OQKWZCIFSA-N	C[C@]12CCCC([C@@H]1CC[C@]34[C@@H]2CCC(C3)[C@](C4)(C)O)(C)C	Terpenoids	Diterpenoids	Kaurane and Phyllocladane diterpenoids	false	npclassifier.gnps2.org@2026-09-07
FZSRMADKTOBCNT-STFDCFIYSA-N	C[C@]12C(CC[C@]3(C[C@]4(O)C)C2CC[C@@H]4C3)C(C)(C)CCC1	Terpenoids	Diterpenoids	Kaurane and Phyllocladane diterpenoids	false	npclassifier.gnps2.org@2026-09-07
FZSZABYRGYFXRS-MUPHXUFRSA-N	CC(C(C(O1)C(O2)[C@]3(OC)C4([C@@]12C(OC5CC(C(OC6CC(C(O)C(O6)C)(O)C)C(O5)C)(O)C)OC)CO4)=C(O3)C7=C8O)=CC7=C(OC)C9=C8C([C@@H](O)C[C@@H]9OC%10CC(C(OC(C)=O)C(O%10)C)(O)C)=O	Polyketides	Polycyclic aromatic polyketides	Anthraquinones and anthrones	true	npclassifier.gnps2.org@2026-09-07
FZYQWMMQZJYKMY-UHFFFAOYSA-N	NCCCCNC(=O)C1=C(O)C(O)=CC=C1	Alkaloids	Ornithine alkaloids	Polyamines	false	npclassifier.gnps2.org@2026-09-07
GACUILYHCBCNRP-YIBQJUBRSA-N	C[C@H]1C[C@H](C(=O)CCCC[C@H]([C@H](OC(=O)/C=C/[C@@H]([C@H]1O[C@H]2[C@@H]([C@H](C[C@H](O2)C)OC)O)C)C)O[C@H]3[C@@H]([C@@H]([C@@H]([C@H](O3)C)O)OC)OC)C	Polyketides	Macrolides	Tylosins	true	npclassifier.gnps2.org@2026-09-07
GAIPQMSJLNWRGC-LLFZSTOQSA-N	CC[C@H]1C=CC(=O)O[C@@H]1\C=C\C(O)(CCN)[C@@H](C[C@@H](O)\C=C/C=C\C1CCCCC1)OP(O)(O)=O	Polyketides	Linear polyketides	Phoslactomycins or Phosphazomycins	false	npclassifier.gnps2.org@2026-09-07
GAMJGRMMDUQHCD-KRCBVYEFSA-N	CN([C@@H](CC1=CC=C(C=C1)OC)C(O[C@H](C(N([C@H](C(N(C)[C@@H](C(C)C)C(N)=O)=O)C(C)C)C)=O)CC2=CC=C(C=C2)OC)=O)C	Amino acids and Peptides	Oligopeptides	Linear peptides|Microginins	false	npclassifier.gnps2.org@2026-09-07
GAOZTHIDHYLHMS-UHFFFAOYSA-N	CCC1(CCC(O1)C1(C)CCC2(CC(O)C(C)C(O2)C(C)C(OC)C(C)C(O)=O)O1)C1OC(CC1C)C1OC(O)(CO)C(C)CC1C	Polyketides	Polyethers	Polyether ionophores	true	npclassifier.gnps2.org@2026-09-07
GBCXTRJHTIEBIA-DNJNAQMOSA-N	C[C@H]1[C@H]2[C@@H](NC(=O)[C@@]23[C@@H](/C=C(\CCC(=O)[C@H](CCC3=O)O)/C)C=C1C)CC(C)C	Alkaloids	Pseudoalkaloids	Cytochalasan alkaloids	false	npclassifier.gnps2.org@2026-09-07
GBGFRNIEDRARIO-UHFFFAOYSA-N	CC1=C(O)C=C2C(=O)C3=C(C(=O)C2=C1O)C(O)=C1C(C)=CC(O)=CC1=C3	Polyketides	Polycyclic aromatic polyketides	Anthraquinones and anthrones	false	npclassifier.gnps2.org@2026-09-07
GBIKJKJPENMVHL-GFCCVEGCSA-N	CC1=C(C2=C(C3=C(N2)C=CC(=C3)CC=C(C)C)C(=O)C1=O)C[C@@H](C)O	Alkaloids	Tryptophan alkaloids	Carbazole alkaloids	false	npclassifier.gnps2.org@2026-09-07
GBRJANIUYQBMHM-IVQJDYIOSA-N	C/C=C(\C)/C=C(\C)/CC(C)C(C(C1C/C=C\C=C\C(CC(C(C2=NC(=CS2)/C=C(/C(=O)O1)\C)CO)O)O)O)O	Polyketides	Macrolides	Macrolide lactones	false	npclassifier.gnps2.org@2026-09-07
GCECSRILXYQLFJ-KCHKQGOKSA-N	CC[C@H](C)[C@H](N)C(=O)N[C@@H](C)C(=O)N[C@@H]1C(=O)N[C@@H](CCCNC(=N)N)C(=O)N[C@H]2CCCCCNC(=O)CC[C@@H](C(=O)NCC(=O)N[C@H](CC3=CC=CC=C3)C(=O)N[C@H](CO)C(=O)O)NC(=O)[C@@H]3CC(=O)OC[C@H](NC(=O)[C@@H]4CCCN4C(=O)[C@H](C)NC2=O)C(=O)N[C@@H](CC(=O)O[C@@H]1C)C(=O)N[C@@H](CC(=O)O)C(=O)N3	Amino acids and Peptides	Oligopeptides	Cyclic peptides	false	npclassifier.gnps2.org@2026-09-07
GCEYOMBDTZKZAO-PKNULQPYSA-N	CC1(C)[C@H]2CC[C@](C)(C=C)[C@]3(C=CC(C)(C)C4=C(C5=C1C=CC=C5N4)[C@]23O)[N+]#[C-]	Alkaloids	Tryptophan alkaloids	Hapalindole alkaloids	false	npclassifier.gnps2.org@2026-09-07
GCFWHLMSTULBNF-WRVUTUOTSA-N	[H][C@@]12O[C@@]1([H])[C@H](C)[C@H](OC(=O)\C=C\C[C@H](O)C[C@H](O)C[C@@H](O)CC[C@@H](C)[C@H](O)C[C@]1(O)O[C@@]([H])(C[C@H](O)[C@H]1O)C[C@@H](O)C[C@H](O)CCC[C@@H]2O)[C@@H](C)[C@@H](O)[C@H](C)[C@@H](O)[C@@H](C)[C@H](C)O[C@H]1C[C@H](O)[C@H](O)[C@H](C)O1	Polyketides	Macrolides	Macrolide lactones	true	npclassifier.gnps2.org@2026-09-07
GCGBDMCNOQTZDY-MHIUQONVSA-N	C[C@H]1[C@H](O)[C@H]2CC(O)=C3C(=O)C4=C(O)C=C(O)C=C4[C@H]4C(=O)C5=C([C@@H]2[C@@]34CC2=CC(O)=CC(=O)O2)C1=C(O)C=C5O	Polyketides	Polycyclic aromatic polyketides	Anthraquinones and anthrones	false	npclassifier.gnps2.org@2026-09-07
GCIKKGSNXSCKCP-PJWJRCBPSA-N	C[C@H]1[C@H]2[C@@H](NC(=O)[C@@]23[C@@H](/C=C(/CC[C@@H]([C@H](/C=C/C3=O)O)O)\C)C=C1C)CC(C)C	Alkaloids	Pseudoalkaloids	Cytochalasan alkaloids	false	npclassifier.gnps2.org@2026-09-07
GCJYDDQHDPNDBI-CNKLGXOISA-N	C=C1C(=O)[C@H](OC(C)=O)/C=C(/C)[C@@H](O)[C@@H](O)[C@H]2[C@@H]1CC2(C)C	Terpenoids	Sesquiterpenoids	Caryophyllane sesquiterpenoids	false	npclassifier.gnps2.org@2026-09-07
GCNNBBXYZHJYOR-SQFVCTCFSA-N	C/C=C(/C(=O)NC(CCCN(C=O)O)C(=O)NC(CO)C(=O)NC(CCCN=C(N)N)C(=O)NC1CCCN(C1=O)O)\NC(=O)CNC(=O)C(C(C)O)NC(=O)C(C(C(=O)O)O)NC(=O)C(C)C(C(C)N)O	Amino acids and Peptides	Oligopeptides	Linear peptides	false	npclassifier.gnps2.org@2026-09-07
GDBQQVLCIARPGH-BSOSBYQFSA-N	CC(C)C[C@@H](C(=O)N[C@@H](CC(C)C)C(=O)NC(CCCN=C(N)N)C=O)NC(=O)C	Amino acids and Peptides	Small peptides	Tripeptides	false	npclassifier.gnps2.org@2026-09-07
GDEZZTBHSFKRJN-CCICZWJZSA-N	CC[C@H](C)/C=C(\C)/[C@@H]([C@H](C)/C=C(\C)/C=C/C=C\C=C\C=C(/C)\C(=O)N[C@@H](C)CO)O	Polyketides	Linear polyketides	Open-chain polyketides	false	npclassifier.gnps2.org@2026-09-07
GDGNAEZVFSCFGX-UHFFFAOYSA-N	CCCC(C1=C(O)C=C(CC2=CC=CC(O)=C2C(=O)C2=C(O)C=C(O)C=C2C)OC1=O)C1=C(O)C=C(CC2=CC=CC(O)=C2C(=O)C2=C(O)C=C(O)C=C2C)OC1=O	Polyketides			false	npclassifier.gnps2.org@2026-09-07
GDNZNIJPBQATCZ-UHFFFAOYSA-N	COC1=CC2=C(C=C1)N(C(=O)C(O2)O)O	Alkaloids			false	npclassifier.gnps2.org@2026-09-07
GEHAXWAIADEMGU-OCVOMCNHSA-N	C=C(NC(=O)C(=C)NC(=O)C1=CC=C(C2=NC(C(=O)N[C@H](C(N)=O)[C@@H](C)O)=CS2)C(C2=COC(C(=C)NC(=O)C(=C)NC(=O)C3=C(C)OC(C(=C)NC(=O)[C@@H](NC(=O)C(=C)NC(=O)C4=C(C)OC(C(=O)CC)=N4)C(C)C)=N3)=N2)=N1)C(N)=O	Alkaloids	Peptide alkaloids	Simple amide alkaloids	false	npclassifier.gnps2.org@2026-09-07
GEIAHRUFSQGALU-UHFFFAOYSA-N	CC(=O)C1=C(C2(C(=O)C3=C(CC2(CC1=O)O)C=C4C=C(C=C(C4=C3O)O)OC)O)O	Polyketides	Polycyclic aromatic polyketides	Tetracyclines	false	npclassifier.gnps2.org@2026-09-07
GENAAYFYLGYPIQ-JOPGMDTFSA-N	CC(C\C=C\C=C/CCC(=C)CC(C)C\C(C)=C\C(O)=O)CC(=O)CC(O)CNC(=O)C(C)C(C)OC(N)=O	Polyketides	Linear polyketides	Open-chain polyketides	false	npclassifier.gnps2.org@2026-09-07
GEWQXORIAMVGJG-UHFFFAOYSA-N	C1=CC(=C2C(=C1)N=C3C(=N2)C=CC=C3C(=O)O)CO	Alkaloids	Anthranilic acid alkaloids	Phenazine alkaloids	false	npclassifier.gnps2.org@2026-09-07
GFNJWVBJKYYUIN-CMUOTRNOSA-N	CCCCCCCCCCCCC1=C(C=C(C=C1OC(=O)/C=C/C=C/C=C/C=C/C=C/C=C/C=C/C=C/C2=CC(=C(C=C2)O)C)C)O	Polyketides	Aromatic polyketides	Catechols with side chains	false	npclassifier.gnps2.org@2026-09-07
GFTDIFRKHSPLIX-UCSGQXDGSA-N	O[C@@H]1[C@@](C)(O)C(C(COC(/C=C/C=C/C)=C2)=C2C1)=O	Polyketides	Chromanes	Azaphilones	false	npclassifier.gnps2.org@2026-09-07
GFTDIFRKHSPLIX-VNLWOOSYSA-N	C/C=C/C=C/C1=CC2=C(CO1)C(=O)[C@]([C@@H](C2)O)(C)O	Polyketides	Chromanes	Azaphilones	false	npclassifier.gnps2.org@2026-09-07
GFTRTMUGNRZABD-IPBVOBEMSA-N	CC1C(C(CC(O1)OC\2COC(=O)C(CC3=NC(=C(C=C3)OC4C=C5C#C/C2=C\C#CC6C5(C4OC7CC(C(C(O7)C)O)(C)O)O6)Cl)NC(=O)C8=C(C=C9C=C(C(=C(C9=C8)OC)OC)OC(C)C)O)O)N(C)C	Alkaloids|Amino acids and Peptides|Polyketides	Macrolides|Oligopeptides|Nicotinic acid alkaloids	Cyclic peptides|Enediynes|Pyridine alkaloids	true	npclassifier.gnps2.org@2026-09-07
GFYHPKUYDFUKNL-MBNYWOFBSA-N	CCC1=CC(=O)[C@@]2([C@@H]1CC=C(C[C@@H]2O)CO)C	Terpenoids	Sesquiterpenoids	Daucane sesquiterpenoids	false	npclassifier.gnps2.org@2026-09-07
GGEGLRHQJXGBSH-CCSZFJTGSA-N	CC[C@@H]1CCC(=O)/C=C\2/C(=CC3=CC(=CC(=C3O2)NC(=O)C/C=C(/C(=O)O[C@H]([C@H](C=C1)O)C=C(C)C)\C)O)C	Amino acids and Peptides|Polyketides	Macrolides	Ansa macrolides|Lactam bearing macrolide lactones	false	npclassifier.gnps2.org@2026-09-07
GGIYUDIPLHDPCV-MAUKXSAKSA-N	OC1=CC=C(C[C@]2(O)CN[C@@H](CC3=CC=C(O)C=C3)CO2)C=C1	Shikimates and Phenylpropanoids			false	npclassifier.gnps2.org@2026-09-07
GGSMAZGQIYCCDB-VQPDOPBLSA-N	OC(C(CC(N)=O)NC(C(/C(NC(C(C)NC(/C=C\\C=C\\C=C\\C)=O)=O)=C\\C1=CNC2=C1C=CC(Cl)=C2)=O)=O)=O	Alkaloids	Peptide alkaloids	Simple amide alkaloids	false	npclassifier.gnps2.org@2026-09-07
GGTMBBUPTWRRGY-KCJQPUCUSA-N	CC[C@H](C)/C=C/[C@@H]1CC(=O)C(C)=C(CC[C@H](C)C(=O)O)O1	Polyketides	Linear polyketides	Open-chain polyketides	false	npclassifier.gnps2.org@2026-09-07
GGUNGDGGXMHBMJ-HCMAANCNSA-N	CC(=O)N(CCCC1C(=O)NC(C(=O)NC(C(=O)NCC(=O)NCC(=O)NCC(=O)N1)CCCN(C(=O)C)[O-])CCCN(C(=O)C)[O-])[O-].[55Fe+3]	Amino acids and Peptides	Oligopeptides	Cyclic peptides	false	npclassifier.gnps2.org@2026-09-07
GGWOUCUSNYVHOC-QJKBBIFYSA-N	OC1=C(C2=N[C@]([C@@]3([H])SC[C@]([C@@H](O)C(C)(C)C4=N[C@](C(O)=O)(C)CS4)([H])N3C)([H])CS2)C(CCCCC)=CC=C1	Amino acids and Peptides|Polyketides	Linear polyketides	Melithiazole and Myxothiazole derivatives	false	npclassifier.gnps2.org@2026-09-07
GHIFHRIFHRJZNG-WPFDVLOYSA-N	COC(=O)CNC(=O)[C@H](CC(C)C)NC(=O)[C@@H](CC1=C(OC)C=C(O)C=C1)NC(=O)[C@H](CO)NC(=O)[C@@H](NC(=O)[C@H](CC(C)C)NC(=O)[C@@H](CC1=CC=C(O)C=C1)NC(=O)[C@H](CC1=CC=C(O)C=C1)NC(=O)NC(=O)O)[C@@H](O)C(=O)O	Amino acids and Peptides	Oligopeptides	Linear peptides	false	npclassifier.gnps2.org@2026-09-07
GHIYXVPLQFUOCR-ILKRYEEZSA-N	CO[C@@H]1C(=O)C(C(C)=O)=C(O)C2(O[C@H]3CC(O[C@H]4C[C@@H](O[C@H]5C[C@](C)(O)[C@H](O)[C@@H](C)O5)[C@@H](O)[C@@H](C)O4)[C@H](O)[C@@H](C)O3)C(=O)C3=C(C=C4C=C(O[C@H]5C[C@](C)(O)[C@H](O)[C@@H](C)O5)C(C)=C(O)C4=C3O)CC12	Polyketides	Polycyclic aromatic polyketides	Angucyclines	true	npclassifier.gnps2.org@2026-09-07
GHLIFBNIGXVDHM-VQXSZRIGSA-N	C[C@@H]1[C@@H]([C@@H]([C@H](C(O1)C2=C3C(=C(C=C2)O)C(=CC4=C3OC(=O)C5=CC(=CC(=C54)OC)C=C)OC)O)N(C)C)OC(=O)C	Polyketides	Polycyclic aromatic polyketides	Angucyclines	false	npclassifier.gnps2.org@2026-09-07
GHOXVFYORXUCPY-PKMGYIMSSA-N	CC(C)CCCCCCC(=O)N[C@@H]1[C@H]([C@@H]([C@H](O[C@H]1OC2=C3C=C4C=C2OC5=C(C=C(C=C5)[C@H]([C@H]6C(=O)N[C@@H](C7=CC(=CC(=C7C8=C(C=CC(=C8)[C@H](C(=O)N6)NC(=O)[C@@H]4NC(=O)[C@@H]9C1=CC(=CC(=C1)O)OC1=C(C=CC(=C1)[C@H](C(=O)N[C@H](CC1=CC(=C(O3)C=C1)Cl)C(=O)N9)N)O)O)O[C@@H]1[C@H]([C@H]([C@@H]([C@H](O1)CO)O)O)O)O)C(=O)O)O[C@H]1[C@@H]([C@H]([C@@H]([C@H](O1)CO)O)O)NC(=O)C)Cl)CO)O)O	Amino acids and Peptides	Oligopeptides	Vancomycins and Teicoplanins	true	npclassifier.gnps2.org@2026-09-07
GHXLBZVIYYOQOC-ASVOGJOYSA-N	CCCCCCC[C@H](CC(=O)N[C@H](CC(C)C)C(=O)N[C@H](CC(=O)O)C(=O)N[C@@H]1[C@H](OC(=O)[C@@H](NC(=O)[C@H](NC(=O)C(NC(=O)[C@H](NC(=O)[C@H](NC(=O)[C@@H](NC(=O)[C@@H](NC(=O)[C@@H](NC1=O)CC(C)C)CC(C)C)CO)CC(C)C)CO)CC(C)C)[C@H](C)CC)CC(=O)O)C)O	Amino acids and Peptides|Polyketides	Oligopeptides	Cyclic peptides|Depsipeptides|Lipopeptides	false	npclassifier.gnps2.org@2026-09-07
GHYIJWADNLIVDB-UMIISBCRSA-N	C[C@@]1([C@@H](C[C@H]2[C@H]([C@H]1[N+]#[C-])C3=C(NC4=CC=CC(=C43)C2(C)C)C(C)(C)C=C)Cl)C=C	Alkaloids	Tryptophan alkaloids	Hapalindole alkaloids	false	npclassifier.gnps2.org@2026-09-07
GIDMWMOVOCXADR-UHFFFAOYSA-N	CCC(C)CC(C)C(=O)OC1(C(=O)C=C2C=C(OC=C2C1=O)C(=O)O)C	Polyketides	Chromanes	Azaphilones	false	npclassifier.gnps2.org@2026-09-07
GIMZZVKKCVKWLL-JOKYFBJLSA-N	C\C=C(/C)[C@@H](O)[C@H](C)[C@H](O)C\C=C(/C)\C=C(/C)C\C(C)=C\C\C=C(/C)[C@@H](O)[C@@H](C)C1=CC=C(C)C(=O)O1	Polyketides	Linear polyketides	Open-chain polyketides	false	npclassifier.gnps2.org@2026-09-07
GINHURUUWCPWSS-HNSCFVPZSA-N	C[C@@H](O)[C@@H](NC(=O)CCNC(=O)[C@H](CO)NC(=O)C1=CC=CC=C1O)C(=O)N(C)[C@@H](CCCNO)C(=O)N[C@@H](CCCN)C(=O)N[C@@H](CCCN(O)C=O)C(=O)O	Amino acids and Peptides	Oligopeptides	Linear peptides	false	npclassifier.gnps2.org@2026-09-07
GIZFCCIAJXWSKK-UHFFFAOYSA-N	CC(=O)NC1=C(C=CC(=C1)C(=O)OC2=CC=C(C=C2)C=C)O	Shikimates and Phenylpropanoids	Phenolic acids (C6-C1)	Bagremycins|Shikimic acids and derivatives|Simple phenolic acids	false	npclassifier.gnps2.org@2026-09-07
GIZMQINDJNQUDX-UHFFFAOYSA-N	OC1=CC2=C(C=C1)NC3=C2C(C(NC4)=O)=C4C5=C3NC6=CC=C(O)C=C65	Alkaloids	Tryptophan alkaloids	Carbazole alkaloids	false	npclassifier.gnps2.org@2026-09-07
GJAICKRRAVERNT-UHFFFAOYSA-N	CC(C)CCCCCC1=CC(CCCC(=O)O)=NO1	Fatty acids	Fatty Acids and Conjugates	Branched fatty acids	false	npclassifier.gnps2.org@2026-09-07
GJFFPZMEAWWELD-UHFFFAOYSA-N	CC(C)CC(NC(=O)C(O)C(O)C1CCCN1)C1CC2=C(C(=O)O1)C(O)=CC=C2	Shikimates and Phenylpropanoids	Coumarins	Isocoumarins	false	npclassifier.gnps2.org@2026-09-07
GJHYOQKJARWKHP-LZMWMODHSA-M	O=S([O-])(O[C@H]([C@@H]([C@H](O1)CN)O)[C@@H]1O[C@@H]([C@@H]2N(C[C@@H]([C@H](N(C2=O)C)C(O)=O)OC(C[C@@H](OC(C[C@@H](CC(O)=O)C)=O)CCCC/C=C\CCCCCCCC)=O)C)[C@@H](O[C@H]3N(C(N4)=O)C=CC4=O)[C@H]([C@H]3O)O)=O	Carbohydrates	Nucleosides	Pyrimidine nucleos(t)ides	true	npclassifier.gnps2.org@2026-09-07
GJKQDOMCDFJANR-FUDLAKRJSA-N	C[C@H](OC(C)=O)\C=C/C(=O)N[C@@H]1C[C@H](C)[C@H](C\C=C(/C)\C=C\[C@H]2O[C@H](CC(O)=O)C[C@@]3(CO3)[C@@H]2O)O[C@@H]1C	Polyketides	Linear polyketides	Open-chain polyketides	false	npclassifier.gnps2.org@2026-09-07
GKDVQPBMOVCLMH-BYDJZPDJSA-N	CCC1C[C@H]2C[C@@H]3[C@H](C(=O)C[C@@H]4/C=C/C(O)=C5C(=O)N[C@@H](CCCNC(=O)/C=C\C[C@H]43)C5=O)[C@@]2(O)[C@@H]1C	Amino acids and Peptides|Polyketides	Macrolides	Macrocyclic tetramic acids	false	npclassifier.gnps2.org@2026-09-07
GKFSXZMXKLOLNR-YOAJQWAZSA-N	CCCC/C=C\CC(CC(=N/C(=C\C)/C(=O)N1CCC[C@H]1C(=N[C@@H](C)C(=N[C@@H](C)C(=N[C@@H](C)C(=N[C@@H](C(C)C)C(=N[C@@H](C(C)C)C(=N/C(=C\C)/C(=N[C@@H](CCO)C(=N[C@@H](C(C)C)C(=N[C@@H]([C@H](C)CC)C(=NC(=C)C(=N[C@@H](C)C(=N[C@@H](C)C(=N[C@@H](C)C(=N[C@@H](C(C)C)C(=N/C(=C\C)/C(=N[C@H]2[C@@H](OC(=O)[C@@H](N=C([C@@H](N=C([C@@H](N=C([C@@H](N=C2O)C)O)CCN)O)CO)O)[C@@H](C)CC)C)O)O)O)O)O)O)O)O)O)O)O)O)O)O)O)O)O)O	Amino acids and Peptides			false	npclassifier.gnps2.org@2026-09-07
GKGJGIYXAKOIQL-WRLNOBJFSA-N	[H][C@@]12CC3=CC=C(O)C(=C3)N3C=C(C[C@H](NC(=O)[C@H](C)N)C(=O)N1)C1=C3C=CC(=C1)C13C[C@H](N([C@H]1NC1=C3C=CC=C1)C(=O)[C@@H](NC2=O)[C@@H](C)CC)C(=O)N[C@@H](CC1=CC=C(O)C=C1)C(O)=O	Amino acids and Peptides	Oligopeptides	Cyclic peptides	false	npclassifier.gnps2.org@2026-09-07
GKHJDWVFCYMLIU-UHFFFAOYSA-N	CC(C)CC(NC(=O)C(N)CCC(=O)O)C(=O)NCC(=O)NC(C(=O)NC(C(=O)NC(C(=O)NC1COC(=O)CC(C(=O)O)NC(=O)C2CC(=O)NCCCCC(NC(=O)C(CO)NC(=O)CNC(=O)C(C)NC(=O)C(C(C)O)NC1=O)C(=O)NC(C(C)O)C(=O)NC(CC1=C[NH]C=N1)C(=O)NC(CC1=CC=CC=C1)C(=O)N2)C(C)O)C(C)O)C(C)O	Amino acids and Peptides	Oligopeptides	Cyclic peptides	false	npclassifier.gnps2.org@2026-09-07
GKIMOVAPSAVJHZ-UHFFFAOYSA-N	OC(=O)C(O)(CC(=O)NCCCCNCCCNC(=O)C1=CC=C(O)C(O)=C1)CC(=O)NCCCCNCCCNC(=O)C1=CC=C(O)C(O)=C1	Alkaloids	Ornithine alkaloids	Polyamines	false	npclassifier.gnps2.org@2026-09-07
GKOOPMJBANLQKC-DXXYEOPISA-N	CO[C@H]1C2=C(N(O)C3=C2C=CC2=C3[C@@H](OC)[C@H](ON3C(=O)[C@@]4(C[C@@]56NC(=O)[C@]7(CCCN7C5=O)C[C@H]6C4(C)C)C4=C3C3=C(C=C4)OC(C)(C)C=C3)C(C)(C)O2)C(C)(C)[C@@H]2C[C@]34CCCN3C(=O)[C@]12NC4=O	Alkaloids|Amino acids and Peptides	Peptide alkaloids	Indole diketopiperazine alkaloids (L-Trp, L-Pro)	false	npclassifier.gnps2.org@2026-09-07
GKUZBRIJGIGFKC-ZWWMATSUSA-N	CC1=C(OC)C(O)=C2[C@H]3[C@@H]4CC5=C(C(C(OC)=C(C)C5=O)=O)[C@H](CNC([C@@H](N)C)=O)N4C(O)[C@@H](CC2=C1)N3C	Alkaloids	Tyrosine alkaloids	Tetrahydroisoquinoline alkaloids	false	npclassifier.gnps2.org@2026-09-07
GKYCCWMDDPZEIY-BATNRZTISA-N	C[C@@H]1[C@H](/C=C/O[C@@]2(C(=O)C3=C(O2)C(=C(C4=C5C(=CC(=C43)O)NC(=O)[C@@](O5)(CC(=O)[C@@H]6C[C@@H]6[C@@H]([C@H]([C@H]([C@H]([C@@H]1O)C)O)C)O)C)O)C)C)OC	Polyketides	Macrolides	Ansa macrolides	false	npclassifier.gnps2.org@2026-09-07
GLDUYXHQWLQPRR-IIERUUKBSA-N	C[C@H]1[C@@H](NC(=O)[C@@H](NC(=O)[C@H]([C@@H](NC(=O)[C@@H](NC(=O)C(NC(=O)C(=C)N(C(=O)CC[C@@H](NC1=O)C(=O)O)C)C)CC(C)C)C(=O)O)C)CC(C)C)/C=C/C(=C/[C@H](C)[C@H](CC2=CC=CC=C2)OC)/C	Amino acids and Peptides	Oligopeptides	Cyclic peptides|Microcystins	false	npclassifier.gnps2.org@2026-09-07
GLJRDOZAPBZMTC-JCOAXYOVSA-N	CCCCCCCCCCCCCCO[P@]1(=O)OC[C@@H]2COC(=O)C2=C(O1)CCCC	Fatty acids	Glycerophospholipids	Long-Chain Bicyclic Phosphotriester	false	npclassifier.gnps2.org@2026-09-07
GLOMHRXTBJVWKY-UIZYFNENSA-N	O=C(/C(C)=C/CC/C(C)=C/CN[C@H](C(O)=O)CCC(O)=O)O				false	npclassifier.gnps2.org@2026-09-07
GMCQZVQECIYBGU-NMPLRXBPSA-N	O=C([C@H](C)[C@H](O)/C=C/C=C/C=C/C=C/C=C/[C@@]1(C)[C@@](CC[C@@H](C)C2)([H])[C@]2([H])C=C(C(O)=O)[C@H]1/C(C)=C/C(O)=O)O	Polyketides	Linear polyketides	Open-chain polyketides	false	npclassifier.gnps2.org@2026-09-07
GMCZVCXZGZGZPX-HOTGVXAUSA-N	COC1=C(C2=C(C(=C1)O)C(=C3C(=C2)C[C@H](OC3=O)CC(=O)OC)O)C4=C(C=C(C5=C4C=C6C[C@H](OC(=O)C6=C5O)CC(=O)OC)O)OC	Polyketides	Naphthalenes	Bisnaphthalenes	false	npclassifier.gnps2.org@2026-09-07
GMELFDQPUZSJEE-UYOXPMCWSA-N	CC[C@H]1CC2=CC(=C3C(=C2C(=O)C1)C(=O)C4=C(C3=O)C(=CC=C4)OC5C[C@H]([C@H]([C@@H](O5)C)O)N)O	Polyketides	Polycyclic aromatic polyketides	Angucyclines	true	npclassifier.gnps2.org@2026-09-07
GMFKDKZZMAPRGJ-GLERVACHSA-N	[H][C@]12CSC(=N1)C1=CSC(=N1)C1=CSC(=N1)C(=C)NC(=O)[C@@]1([H])CSC(=N1)C1=CSC(=N1)C1=CC=C3C(=N1)[C@H](C)NC(=O)[C@]1([H])CCCN1C(=O)\C(NC(=O)CNC(=O)[C@H](CCCNC(N)=N)NC(=O)C(C)(NC(=O)\C(NC(=O)C1CSC(=N1)[C@H](CC(N)=O)NC3=O)=C\C)SC[C@H](NC2=O)C(O)=O)=C\C	Amino acids and Peptides	Oligopeptides	Cyclic peptides|RiPPs-Thiopeptides	false	npclassifier.gnps2.org@2026-09-07
GMGSSHQZUWQQEW-UXPGNVKNSA-N	O=C([C@@H]1C[C@]2(C3=CC4=C5C=C3)C6=C(C=CC=C6)N[C@@H]2[N@@]1C([C@H]([C@H](CC)C)NC([C@@](C7)([H])NC([C@@H](N)CC4=C[N@]5C8=CC7=CC=C8O)=O)=O)=O)N[C@H](C(O)=O)CC9=CNC%10=C9C=CC=C%10	Amino acids and Peptides	Oligopeptides	Cyclic peptides	false	npclassifier.gnps2.org@2026-09-07
GMONSDQGAGUQRU-YXTQZPCGSA-N	[H]C([H])CCC[C@H]1CCCC[C@H](C)[C@@H](OC(N)=O)C2=CC(O)=C([C@@H](CCCC([H])Br)CCCC[C@H](C)[C@@H](OC(N)=O)C3=CC(O)=C1C(O)=C3)C(O)=C2	Polyketides	Alkylresorcinols	Dialkylresorcinols	false	npclassifier.gnps2.org@2026-09-07
GMUQSQFQFFQVEB-CSKARUKUSA-N	CCCCCCC/C=C/C(N(CCCNC(CC(C(O)=O)(O)CC(NCCC(N1C(CCC1(C(O)=O)O)=O)C(O)=O)=O)=O)O)=O	Alkaloids	Peptide alkaloids	Simple amide alkaloids	false	npclassifier.gnps2.org@2026-09-07
GNEMRCVXTBTWCG-NBJYBXKZSA-N	C[C@H]1C[C@H](N(C1)C(=O)[C@@H](CCC2=CC=C(C=C2)O)NC(=O)[C@@H](CC3=CC=C(C=C3)O)O)C(=O)NC(CCCN=C(N)N)C=O	Amino acids and Peptides	Oligopeptides	Linear peptides	false	npclassifier.gnps2.org@2026-09-07
GNGQSOUPKHXNOE-BBKFSIMHSA-N	C/C=C/C=C/C1=CC2=CC(=O)[C@](C(=O)C2=CO1)(C)OC(=O)[C@H](C)O	Polyketides	Chromanes	Azaphilones	false	npclassifier.gnps2.org@2026-09-07
GNMCOKDZWITFBO-MGNGBMTDSA-N	C/C=C(/CO)\C1=C(C(C[C@]1(C)CO)(C)C)C(CO)O	Terpenoids	Sesquiterpenoids	Botryane sesquiterpenoids	false	npclassifier.gnps2.org@2026-09-07
GNSYIALHMCPNOO-WFNNRHMCSA-N	C[C@@H]1[C@H](C[C@@H]2[C@]3(CC[C@@H]([C@@]([C@@H]3CC[C@@]2([C@H]1C4=C(C(=O)OC4O)O)C)(C)COC(=O)C5=C(C=CC(=C5)Cl)NC)O)C)OC	Terpenoids			true	npclassifier.gnps2.org@2026-09-07
GNSYIOGOBDUEMK-HGHFYUPGSA-N	O=C(N[C@@H](C(N[C@@H](CC(C)C)C(N[C@H](C(N1)=O)CCO)=O)=O)[C@@H](C)OC([C@H](CCCCN)NC([C@H]1CCN)=O)=O)/C(NC([C@@H](C(C)C)NC([C@H](CC(C)C)NC([C@@H](CCC(N)=O)NC([C@@H](C(C)C)NC([C@@H](C(C)C)NC([C@@H](CC(C)C)NC([C@@H](CO)NC([C@@H](C(C)C)NC([C@@H](CC(C)C)NC([C@@H](CO)NC([C@H]2N(C(/C(NC(CC(CCCCC)O)=O)=C/C)=O)CCC2)=O)=O)=O)=O)=O)=O)=O)=O)=O)=O)=O)=C/C	Amino acids and Peptides|Polyketides	Oligopeptides	Cyclic peptides|Depsipeptides|Lipopeptides	false	npclassifier.gnps2.org@2026-09-07
GNTVWGDQPXCYBV-QPUJVOFHSA-N	[H][C@](C)(C1=CNC2=CC=CC=C12)[C@@]1([H])OC(NC)=NC1=O	Alkaloids	Tryptophan alkaloids	Simple indole alkaloids	false	npclassifier.gnps2.org@2026-09-07
GNUVAWTWZCFAJG-UHFFFAOYSA-N	OC1=CC(N)=C(C(CC(N)CC(O)=O)=O)C=C1	Amino acids and Peptides	Small peptides	Aminoacids	false	npclassifier.gnps2.org@2026-09-07
GNXULCLOBNUSBM-UQJMVOGJSA-N	COC(C)C(NC(=O)C(=C)NC(=O)\C=C\C=C\CCCC1=CC(=O)OC(CNC(=O)C(\C)=C\C(C)NC(=O)\C=C/C=C/C)C1)C(=O)N1C(=O)[C@H](CC2=CNC3=C2C=CC=C3)N(C)C(=O)\C1=C\C	Amino acids and Peptides|Polyketides			false	npclassifier.gnps2.org@2026-09-07
GNYCTMYOHGBSBI-KVUCBBCISA-N	C[C@@H]1C(=O)N[C@H](C(=O)N2CCC[C@@H]2C(=O)N[C@H](C(=O)N1)C)CCCCCC(=O)C3CO3	Amino acids and Peptides	Oligopeptides	Cyclic peptides	false	npclassifier.gnps2.org@2026-09-07
GOCSGRXGNYPQKL-QMMMGPOBSA-N	CC(C)C[C@H](NC(=O)NCCCC(=O)O)C(=O)O	Amino acids and Peptides	Small peptides	Dipeptides	false	npclassifier.gnps2.org@2026-09-07
GOFOFDWFFIGTML-IZAYEQDHSA-N	CO[C@@H]1[C@H](O)[C@@H](CN)O[C@H]1O[C@@H]([C@H](NCCCNC(=O)[C@@H](NC(=O)[C@@H](NC(=O)N[C@@H](C(C)C)C(O)=O)[C@@H]1CCNC(=N)N1)[C@@H](O)C(C)C)C(O)=O)[C@H]1O[C@H]([C@H](O)[C@@H]1O)N1C=CC(=O)NC1=O	Amino acids and Peptides	Oligopeptides	Linear peptides	true	npclassifier.gnps2.org@2026-09-07
GOOGOKNSXZDSND-QDCWQMMGSA-N	C#CC#CC#CC#C/C=C/C=C/C(CCCCC(=O)O)O	Fatty acids	Fatty Acids and Conjugates	Unsaturated fatty acids	false	npclassifier.gnps2.org@2026-09-07
GOUIVYIRLLTNCF-JJMZTBTASA-N	CC1(CC1)[C@@H]2C(=O)O[C@H](C(=O)N3[C@@H](C[C@H](CN3)Cl)C(=O)N[C@H](C(=O)N[C@@H](C(=O)N4[C@@H](C[C@@]5([C@H]4NC6=C5C=CC(=C6Cl)Cl)O)C(=O)N2)[C@H](CC(=O)O)O)COC)C(C)(C)C	Amino acids and Peptides|Polyketides	Oligopeptides	Cyclic peptides|Depsipeptides	false	npclassifier.gnps2.org@2026-09-07
GOUIVYIRLLTNCF-RMDRTFJASA-N	CC1(CC1)[C@@H]2C(=O)O[C@H](C(=O)N3[C@@H](CC(CN3)Cl)C(=O)N[C@H](C(=O)N[C@@H](C(=O)N4[C@@H](C[C@@]5([C@H]4NC6=C5C=CC(=C6Cl)Cl)O)C(=O)N2)[C@@H](CC(=O)O)O)COC)C(C)(C)C	Amino acids and Peptides|Polyketides	Oligopeptides	Cyclic peptides|Depsipeptides	false	npclassifier.gnps2.org@2026-09-07
GPGHLWQVRCACCB-UHFFFAOYSA-N	c1(C)c(Cl)[c@](OC)cc(c1-c1c2c(O)c3C(=O)c4c(O)cc(cc4C(C)(C)c3cc2c(Cl)c(O)c1)O)O	Polyketides	Polycyclic aromatic polyketides	Fasamycins and derivatives	false	npclassifier.gnps2.org@2026-09-07
GPHFGTXTCKGKGH-UHFFFAOYSA-N	CCCCCCCCCC(O)CC(=O)NC(CC(C)C)C(=O)NC(CC(C)C)C(=O)NC(CCC(N)=O)C(=O)NC(CC(C)C)C(=O)NC(C(=O)NC(C(=O)NC(CC(C)C)C(=O)NC(CC(C)C)C(=O)O)C(C)C)C(C)O	Amino acids and Peptides	Oligopeptides	Linear peptides	false	npclassifier.gnps2.org@2026-09-07
GPHFPCZKKXKXCJ-HAFWLYHUSA-N	CC(OC1=O)(C)[C@]2([H])[C@H](C1)[C@@H](C(O)=O)NC2	Terpenoids	Monoterpenoids		false	npclassifier.gnps2.org@2026-09-07
GPHPINROAHZZJI-UHFFFAOYSA-N	NC(C1=C(O)C(OC)C2(C(O)=O)CC3=C(OC2C1=O)C(C4=C(C=CC=C4O)C3=O)=O)CC	Polyketides	Naphthalenes	Naphthoquinones	false	npclassifier.gnps2.org@2026-09-07
GPKLYJPPSDXTEH-OYOGBVJSSA-N	OC1=CC=C(C2=CN(O)C(C(C(/C=C/C=C/C=C/[C@H](C)CC)=O)=C2O)=O)C=C1	Alkaloids	Nicotinic acid alkaloids	Pyridine alkaloids	false	npclassifier.gnps2.org@2026-09-07
GPQNFPNWHXLGOB-ZRFBTFENSA-N	C[C@@H]1[C@H](N=C(O1)/C=C/C2=CC=CN2)/C=C(\C)/C=C/C=C/C=C/C=C/C=C/C=C/C=C(\C)/C(=O)NC(C(C(=O)N)O)C(=O)O	Alkaloids|Amino acids and Peptides|Polyketides	Peptide alkaloids|Linear polyketides	DKXanthenes and derivatives|Simple amide alkaloids	false	npclassifier.gnps2.org@2026-09-07
GQHNSYURZJAIPC-IFGCVEQJSA-N	CCC(O)C(C)C(O)CC(O)C(O)\C=C(/C)CC(C)C1CC(O)C(C)\C=C\C=C\CC(C)C(=O)CC2CCC(C)C(O)(C\C=C(\C)/C=C(C)/C(O)C(=O)\C=C(C)\C(=O)O1)O2	Polyketides	Macrolides	Polyene macrolides	true	npclassifier.gnps2.org@2026-09-07
GQILAPOESMOZJI-UHFFFAOYSA-N	OC1=CC=C(CC(C(O)=O)NC(C2N(C(C(NC(C3CCCN3C(CC(CCCCCCC(Cl)[H])N)=O)=O)CCC4=CC=C(O)C=C4)=O)CCC2)=O)C=C1	Amino acids and Peptides	Oligopeptides	Linear peptides|Lipopeptides|Microginins	false	npclassifier.gnps2.org@2026-09-07
GQUNWFSEBZMTLB-NKFCBESUSA-N	CC[C@H](C)[C@H](O)C(=O)N[C@@H](CC1=CC(Cl)=C(O)C=C1)C(=O)CC	Alkaloids	Peptide alkaloids	Simple amide alkaloids	false	npclassifier.gnps2.org@2026-09-07
GQWWGRUJOCIUKI-UHFFFAOYSA-N	CN1C(=CN2C=CC=C2C1=O)CCCN=C(N)N	Alkaloids			false	npclassifier.gnps2.org@2026-09-07
GQYNYOOJEMDNNZ-KXBMYEHISA-N	[H][C@]12C[C@@H](C)CC[C@]1([H])[C@](C)([C@@H](\C=C\C=C\C)C(C)=C2)C(\O)=C1\C(=O)[C@@H](CO)N(C)C1=O	Amino acids and Peptides|Polyketides	Cyclic polyketides	3-Decalinoyltetramic acids	false	npclassifier.gnps2.org@2026-09-07
GRFONBIZQKDBOK-GVMUGWJFSA-N	CCCCCCCCCCCC(=O)N[C@@H](CCCN=C(N)N)[C@@H](O)[C@H](C)C(=O)N[C@H](C(=O)N[C@H](CO)C(=O)N1CCC[C@H]1C(=O)N[C@@H](CCCN(O)C(C)=O)C(=O)N[C@@H](CCCN(O)C(C)=O)C(=O)O)[C@H](O)C(=O)O	Amino acids and Peptides	Oligopeptides	Linear peptides|Lipopeptides	false	npclassifier.gnps2.org@2026-09-07
GRIDHCOCFJSWSY-UHFFFAOYSA-N	CC1=C(C(=C(C2=C1OC3=CC(=C(C(=O)C32C)C(=O)C)O)O)C(=O)C)O	Polyketides	Aromatic polyketides	Usnic acid and derivatives	false	npclassifier.gnps2.org@2026-09-07
GRJNGBMLFQOFLI-OXHNKOGUSA-N	C[C@H]1/C=C/C=C/C(=O)O[C@H]([C@@H](C)[C@@H](O)[C@H](C)C(=O)/C=C/[C@H](C)[C@@H](C)O)[C@@H](C)/C=C/C=C/C(=O)O[C@@H]1[C@@H](C)[C@@H](O)[C@H](C)C(=O)/C=C/[C@H](C)[C@@H](C)O	Polyketides	Linear polyketides	Open-chain polyketides	false	npclassifier.gnps2.org@2026-09-07
GRVFODKSPHRUNC-UHFFFAOYSA-N	CCC(C)C(=O)C(O)CC1=CNC2=C1C=CC=C2	Alkaloids	Tryptophan alkaloids	Simple indole alkaloids	false	npclassifier.gnps2.org@2026-09-07
GRVIKFGPGUQNHQ-OZRRPFOLSA-N	[H][C@@]12C=C[C@]3([H])C(C)=CCC(O[C@H]4C[C@](C)([C@H](NC(=O)OC)[C@H](C)O4)N(=O)=O)C(C)=C[C@@H]4C=C(CO)[C@@H](C)CC44OC(=O)C(=C4O)C(=O)[C@]3(C)[C@@]1([H])[C@H](C)C[C@@H](C)[C@H]2O[C@@H]1C[C@@H](O[C@@H]2C[C@@H](O)[C@@H](O[C@@H]3C[C@@H](O)[C@@H](OC)[C@H](C)O3)[C@H](C)O2)[C@@H](O)[C@H](C)O1	Polyketides	Macrolides	Spirotetronate macrolides	true	npclassifier.gnps2.org@2026-09-07
GSPFUBNBRPVALJ-UHFFFAOYSA-N	CC1C(C2C(O2)C3=CC(=O)C4(CC13C)C(O4)(C)C=O)OC(=O)C	Terpenoids	Sesquiterpenoids	Eremophilane sesquiterpenoids	false	npclassifier.gnps2.org@2026-09-07
GSXRBRIWJGAPDU-BBVRJQLQSA-N	CC(C)C[C@H]1C(=O)N[C@@H](C(=O)N2CCC[C@H]2C(=O)N[C@H](C(=O)N[C@@H](C(=O)N[C@H](C(=O)N[C@H](C(=O)N[C@H](C(=O)N[C@H](C(=O)N[C@H](C(=O)N1)CCCN)C(C)C)CC3=CC=C(C=C3)O)CCC(=O)N)CC(=O)N)CC4=CC=CC=C4)CC5=CC=CC=C5)CC6=CC=CC=C6	Amino acids and Peptides	Oligopeptides	Cyclic peptides	false	npclassifier.gnps2.org@2026-09-07
GTBYKMVNBWUXSM-XIFLMVLWSA-N	[H][C@@]12CC[C@@](C)(C=C)[C@]3([N+]#[C-])[C@@H]4O[C@@H]4C(C)(C)C4=NC5=CC=CC(=C5[C@@]4(O)[C@@]13O)C2(C)C	Alkaloids	Tryptophan alkaloids	Hapalindole alkaloids	false	npclassifier.gnps2.org@2026-09-07
GTJWBKWRZBNEEQ-NVWSLSKVSA-N	C[C@H]1[C@@H](C[C@@]2(C([C@H]([C@H](O2)[C@H](C[C@@H]([C@H](C)[C@@H]([C@H](C)/C=C(\C)/C(=C/C=C/C(=C/C(=O)N)/C)/C)O)O)OC)OP(=O)(O)O)(C)C)O[C@H]1C/C=C/C3=COC(=N3)[C@@H](C)CCNC(=O)[C@H]([C@H]([C@H](COC)N(C)C)O)O)O	Polyketides	Linear polyketides	Open-chain polyketides	false	npclassifier.gnps2.org@2026-09-07
GTMKLBCBYHLPOW-UHFFFAOYSA-N	CC1CC(=O)NC(CCCN(O)C=O)C(O)CC(=O)NC(C(C)O)C(=O)NC(CCCNO)C(=O)NC(CO)C(=O)NC(C(O)C(=O)O)C(=O)O1	Amino acids and Peptides|Polyketides	Oligopeptides	Cyclic peptides|Depsipeptides	false	npclassifier.gnps2.org@2026-09-07
GTNWJJTZQLWLEN-BSSQUUOISA-N	CCCCC1CCCC[C@H](C)[C@@H](OC(N)=O)C2=CC(O)=C(C(CCCC(Cl)Cl)CCCC[C@H](C)[C@@H](OC(N)=O)C3=CC(O)=C1C(O)=C3)C(O)=C2	Polyketides	Alkylresorcinols	Dialkylresorcinols	false	npclassifier.gnps2.org@2026-09-07
GTPBRJNSBFUDNY-KWPSOIMCSA-N	CCCCCC/C=C\CCCCCC(=O)N[C@H](C(=O)N[C@H](CO)C(=O)NCC(=O)N[C@H](CO)C(=O)N[C@@H](CO)C(=O)N[C@H](C(=O)N[C@@H](C(=O)N[C@@H](CO)C(=O)N[C@H]1CCCN(O)C1=O)[C@@H](C)O)[C@@H](O)C(=O)O)[C@H](O)C(=O)O	Amino acids and Peptides	Oligopeptides	Linear peptides|Lipopeptides	false	npclassifier.gnps2.org@2026-09-07
GTTKIJYSZBIQBX-WENCNXQZSA-N	CCCCCCCCCCCCCCCO[P@]1(=O)OC[C@@H]2COC(=O)C2=C(O1)CC	Fatty acids	Glycerophospholipids	Long-Chain Bicyclic Phosphotriester	false	npclassifier.gnps2.org@2026-09-07
GTTRMHDYNCRQPY-QMMMGPOBSA-M	CC(=CC[NH2+][C@@H](CCC(=O)[O-])C(=O)[O-])C	Amino acids and Peptides|Shikimates and Phenylpropanoids	Small peptides	Aminoacids	false	npclassifier.gnps2.org@2026-09-07
GTZCVFVGUGFEME-HNQUOIGGSA-N	C(/C(=C\C(=O)O)/C(=O)O)C(=O)O	Fatty acids	Fatty Acids and Conjugates	Dicarboxylic acids	false	npclassifier.gnps2.org@2026-09-07
GTZWCZPREISNMM-DTQAZKPQSA-N	CC(C)=CCC\C(C)=C\COC1=CC=CC2=NC3=C(O)C=CC=C3N=C12	Alkaloids	Anthranilic acid alkaloids	Phenazine alkaloids	false	npclassifier.gnps2.org@2026-09-07
GULVULFEAVZHHC-UHFFFAOYSA-N	CC(C)C1N(C)C(=O)C2CSSCC(N(C)C(=O)C(C)NC(=O)C(COC1=O)NC(=O)C1=CN=C3C=CC=CC3=N1)C(=O)N(C)C(C(C)C)C(=O)OCC(NC(=O)C1=CN=C3C=CC=CC3=N1)C(=O)NC(C)C(=O)N2C	Amino acids and Peptides|Polyketides	Oligopeptides	Cyclic peptides|Depsipeptides	false	npclassifier.gnps2.org@2026-09-07
GUWUNALKOAAXJC-UHFFFAOYSA-N	NC(=O)C1=CC(N=O)=C(O)C=C1	Alkaloids	Peptide alkaloids	Simple amide alkaloids	false	npclassifier.gnps2.org@2026-09-07
GUYAPGULLNBOCI-ROUUACIJSA-N	CC(=O)N(O)CCCCNC(=O)[C@H](COC(=O)C1=C(O)C(O)=CC=C1)NC(=O)[C@@H]1COC(=N1)C1=C(O)C(O)=CC=C1	Amino acids and Peptides	Oligopeptides	Linear peptides	false	npclassifier.gnps2.org@2026-09-07
GWGAXRUGGRQBFQ-VWQYPGANSA-N	NCCCC[C@H]1NC(=O)[C@H](CO)NC(=O)[C@@H]2C[C@@H](O)CN2C(=O)C2(CC2)NC(=O)[C@H](CO)NC(=O)[C@@H](CO)NC(=O)CCNC1=O	Amino acids and Peptides	Oligopeptides	Cyclic peptides	false	npclassifier.gnps2.org@2026-09-07
GWNJJGVVPXPMNY-LVHWZTDZSA-N	CC(C)CC(=O)[C@@H]1O[C@@H]1/C=C/CC(=O)N[C@H](CN(C)C)C(=O)N[C@H](C(=O)N[C@@H](CC(C)C)C(=O)C(C)Cl)C(C)C	Amino acids and Peptides	Small peptides	Tripeptides	false	npclassifier.gnps2.org@2026-09-07
GWUHJAFRKSUHOU-CUIYLFHFSA-N	CC=C(NC(=O)N[C@@H](CC1=CC=CC=C1)C(=O)O)C(=O)N[C@@H](CO)C(=O)NC(=CC)C(=O)N[C@@H](CCCN=C(N)N)C(=O)N1CCC[C@H]1[C@H]1NC(C(=O)N[C@@H](CCSC)C(=O)O)CS1	Amino acids and Peptides	Oligopeptides	Linear peptides	false	npclassifier.gnps2.org@2026-09-07
GXAIIEQOZICWEL-UHFFFAOYSA-N	O=C1C=C(O)C(C2=CC(O)=C(C3=C(O)C=C(C(C(O)=CC4=O)=O)C4=C3O)C(O)=C21)=O	Polyketides	Naphthalenes	Naphthoquinones	false	npclassifier.gnps2.org@2026-09-07
GXFBXYRIFPTSTH-CQBAVMQGSA-N	CCC1C[C@H]2C[C@@H]3[C@H](C(=O)C[C@@H]4/C=C/C(O)=C5C(=O)N[C@H](C5=O)[C@@H](O)CCNC(=O)/C=C\C[C@H]43)[C@H]2[C@@H]1C	Amino acids and Peptides|Polyketides	Macrolides	Macrocyclic tetramic acids	false	npclassifier.gnps2.org@2026-09-07
GXGDPYPVMOLDBY-UHFFFAOYSA-N	O=C1NC(CC2=CNC3=C2C=CC=C3)=CN=C1CC(C)C	Alkaloids	Tryptophan alkaloids|Nicotinic acid alkaloids	Pyridine alkaloids|Simple indole alkaloids	false	npclassifier.gnps2.org@2026-09-07
GXKAOWYTJPGGBI-BHTIDRDUSA-N	CCCCCCC[C@H](CC(=O)N[C@@H](CCC(=O)N)C(=O)N[C@@H](CCC(=O)N)C(=O)N[C@@H](CCC(=O)N)C(=O)N[C@@H](CCC(=O)O)C(=O)O[C@@H](C)C(=O)N1CCC[C@H]1C(=O)N(C)[C@H](CC(C)C)C(=O)N[C@H]2[C@@H](OC(=O)[C@@H](N(C(=O)[C@@H]3CCCN3C(=O)[C@@H](NC(=O)[C@H](C(=O)[C@@H](OC(=O)C[C@@H]([C@@H](NC2=O)[C@@H](C)CC)O)C(C)C)C)CC(C)C)C)CC4=CC=C(C=C4)OC)C)O	Amino acids and Peptides|Polyketides	Oligopeptides	Cyclic peptides|Depsipeptides|Lipopeptides	false	npclassifier.gnps2.org@2026-09-07
GXPHTJFKVOCWKQ-PDLCYRHZSA-N	C[C@@H]1C(=C)[C@@H]([C@@]2(C([C@]1(C(=C2C)C)C)C)C)C	Terpenoids	Sesquiterpenoids	Thapsane sesquiterpenoids	false	npclassifier.gnps2.org@2026-09-07
GXPWNJSTQXICQR-HEXFNRFGSA-N	OC1=C2C(NC1CCCNC(/C=C/C=C/[C@@]3(C[C@@]4([C@@]([H])([C@@H](C)[C@@H](CC)C4)[C@@]3([C@](O5)([H])[C@@]5([H])[C@@H](O)/C=C/C2=O)[H])[H])[H])=O)=O	Amino acids and Peptides|Polyketides	Macrolides	Macrocyclic tetramic acids	false	npclassifier.gnps2.org@2026-09-07
GXSYDPCLPOIUNM-SDNZGRCJSA-N	CCCCCCCCCCC[C@H](O)CC(N/C(C(N[C@H](C(N[C@H]([C@@H](O)C)C(N[C@H](CC1=CC=C(O)C=C1)C(N/C(C(N[C@H](CCC(N)=O)C(NC2)=O)=O)=C/C)=O)=O)=O)[C@@H](C)OC([C@@H](CC3=CN=CN3)NC([C@@H](NC2=O)[C@H](C)O)=O)=O)=O)=C\C)=O	Amino acids and Peptides|Polyketides	Oligopeptides	Cyclic peptides|Depsipeptides|Lipopeptides	false	npclassifier.gnps2.org@2026-09-07
GYABYKLKVQPSPD-NVWZYQMFSA-N	C/C=C(/CO)\C1=C(C(C[C@]1(C)CO)(C)C)CCO	Terpenoids	Sesquiterpenoids	Botryane sesquiterpenoids	false	npclassifier.gnps2.org@2026-09-07
GYDWJGNTAAWKAR-DAUQQIRWSA-N	CCCCCCCCCCCCC/C=C\CCC(OC(=O)[C@H](CCCCN(O)C=O)NC(=O)[C@H]1N=C(C2=CC=CC=C2O)O[C@@H]1C)C(C)C(=O)N[C@@H]1CCCCN(O)C1=O	Amino acids and Peptides|Polyketides	Oligopeptides	Depsipeptides|Linear peptides|Lipopeptides	false	npclassifier.gnps2.org@2026-09-07
GYHNNYHTWLMRSY-CSNAFCJMSA-N	[H][C@@]1(C[C@H](O)[C@]([H])(O[C@]2([H])C[C@@H](OC)[C@]([H])(O[C@@]3([H])C[C@H](O)[C@H](O)[C@@H](C)O3)[C@@H](C)O2)[C@@H](C)O1)O[C@H]1C(C)CCCC2(C)C=C(C)C(C)CC22OC(=O)C(=C2O)C(=O)C2(CC)C3C(C)C(=O)CC(O)C3C=C(C)C2\C(CC)=C\C(CO)CC1C	Polyketides	Macrolides	Spirotetronate macrolides	true	npclassifier.gnps2.org@2026-09-07
GYNBJTQSZUKTMJ-ZNSHCXBVSA-N	CCCCCC[C@@H]1[C@H]2[C@H]([C@H](C(=O)O2)C)C(=O)O1				false	npclassifier.gnps2.org@2026-09-07
GYSCAQFHASJXRS-UHFFFAOYSA-N	CC(C)C1OC(=O)C(CC2=CC=CC=C2)N(C)C(=O)C(OC(=O)C(CC2=CC=CC=C2)N(C)C(=O)C(OC(=O)C(CC2=CC=CC=C2)N(C)C1=O)C(C)C)C(C)C	Amino acids and Peptides|Polyketides	Oligopeptides	Cyclic peptides|Depsipeptides	false	npclassifier.gnps2.org@2026-09-07
GYWWOSXLGZQGOQ-UHFFFAOYSA-N	CCC(=O)NC1=CC(N)=C2N=CC3=C2C1=NC(=C3)C(=O)CCO	Alkaloids			false	npclassifier.gnps2.org@2026-09-07
GZPVAWHDCVFCAB-APSGCZIASA-N	CCCCCCCCCCCCCCC(=O)N[C@@H](CCCN)C(=O)N[C@@H](C(C)C)C(=O)N[C@H]1[C@H](OC(=O)[C@@H](NC(=O)[C@@H](NC(=O)[C@@H](NC(=O)[C@@H]2CCCN2C(=O)[C@@H](NC(=O)[C@@H](NC(=O)[C@@H](NC(=O)[C@@H](NC(=O)[C@@H](NC(=O)[C@@H](NC1=O)CCCN)CO)C(C)C)CCCCN)CO)[C@@H](C)CC)C(C)C)CCCCN)[C@@H](C)CC)C	Amino acids and Peptides|Polyketides	Oligopeptides	Cyclic peptides|Depsipeptides|Lipopeptides	false	npclassifier.gnps2.org@2026-09-07
HAEVQUMQPJTONP-FUMNGEBKSA-N	[H]C(=O)N(O)CCC[C@@H](NC(=O)[C@H](CO)NC(=O)[C@@H]1COC(=N1)C1=CC=CC=C1O)C(=O)N1NCCC[C@@H]1C(=O)NCCC(O)=O	Amino acids and Peptides	Oligopeptides|Small peptides	Depsipeptides|Linear peptides|Tripeptides	false	npclassifier.gnps2.org@2026-09-07
HAFVLPSGNZHBMQ-UHFFFAOYSA-N	CCC(C)C(NC(=O)C(CC(O)=O)NC(=O)C(CCCCN)NC(=O)C(CCSC)NC(=O)C(NC(=O)C(CCCCN)NC(=O)C(CO)NC(=O)C(CC(N)=O)NC(=O)C(CCC(O)=O)NC(=O)C(N)CCSC)C(C)C)C=O	Amino acids and Peptides	Oligopeptides		false	npclassifier.gnps2.org@2026-09-07
HARGRIZLPBEAGS-UHFFFAOYSA-N	OC1=C2C(C(C3C(C)(CC/C=C(C)/C)O4)(C/C(C3)=C(C)/C)C4=C(Cl)C2=O)=CC(O)=C1Cl	Terpenoids	Meroterpenoids	Miscellaneous meroterpenoids	false	npclassifier.gnps2.org@2026-09-07
HATJVFBKNDNVNS-MOSHPQCFSA-N	COC1=CC(C/C(=C/NC(C)=O)N(CC(=O)CC2=CC=CC=C2)C(C)=O)=CC2=C1OCO2				false	npclassifier.gnps2.org@2026-09-07
HBECYYFDLZZMPL-WLGLDCGKSA-N	C[C@@]12O[C@]1(C)C(=O)C(=C)[C@H]2C(O)=O	Terpenoids			false	npclassifier.gnps2.org@2026-09-07
HBHJZHOBEKLHMW-SLXQPGMDSA-N	CN[C@H](C(C)C)C(=O)N(C)[C@H](CC(C)C)C(=O)N(C)[C@H](C(C)C)C(=O)N(C)[C@H](C(C)C)C(=O)N(C)[C@H](C(C)C)C(=O)NCCC1=CC=CC=C1	Amino acids and Peptides	Oligopeptides	Linear peptides	false	npclassifier.gnps2.org@2026-09-07
HBMHEGGZNWXZRA-UHFFFAOYSA-N	CC(C)=CCC1=C(C2=CNC3=C2C=CC=C3)C(=O)C(O)=C(C2=C(NC3=C2C=CC=C3)C(C)(C)C=C)C1=O	Alkaloids	Tryptophan alkaloids	Carbazole alkaloids	false	npclassifier.gnps2.org@2026-09-07
HBNFWKSLJKIOTM-UHFFFAOYSA-N	O=C1C2=C(C=C(O)C=C2CCC)C(C3=CC=CC(O)=C31)=O	Polyketides	Polycyclic aromatic polyketides	Anthraquinones and anthrones	false	npclassifier.gnps2.org@2026-09-07
HBQDLHJADJTNRK-LIXMYSHJSA-N	[H][C@]12CS[C@@H](SC)[C@]([H])(N(C)C(=O)[C@H](C)NC(=O)[C@@H](COC(=O)[C@@]3(C[C@@H]3C)N(C)C1=O)NC(=O)C1=C(O)C=C3C=CC=CC3=N1)C(=O)N(C)[C@]1(C[C@@H]1C)C(=O)OC[C@@H](NC(=O)C1=C(O)C=C3C=CC=CC3=N1)C(=O)N[C@@H](C)C(=O)N2C	Amino acids and Peptides|Polyketides	Oligopeptides	Cyclic peptides|Depsipeptides	false	npclassifier.gnps2.org@2026-09-07
HBTVDBLISZYTGP-ONIHXMSRSA-P	C[C@H]([C@H]1C(=O)N[C@@H](C(=O)N[C@H](C(=O)N[C@@H](C(=O)N[C@H](C(=O)NCC(=O)N1)CO)[C@H]([C@@H]2CNC(=[N+]2[C@@H]3[C@H]([C@H]([C@@H]([C@H](O3)O)O)O)O)N)O)[C@H]([C@@H]4C[NH+]=C(N4)N)O)CC5=CC=C(C=C5)O[C@@H]6[C@H]([C@H]([C@@H]([C@H](O6)CO)O[C@@H]7[C@H]([C@H]([C@@H]([C@H](O7)CO)O)OC(=O)CC(C)C)O)O)O)C8=CC=CC=C8	Amino acids and Peptides	Oligopeptides	Cyclic peptides	true	npclassifier.gnps2.org@2026-09-07
HBUNPJGMNVQSBX-UHFFFAOYSA-N	CC(=O)NC1=C2SSC=C2NC1=O	Alkaloids			false	npclassifier.gnps2.org@2026-09-07
HCBVATPLVALITE-MNNWLPMWSA-N	CCCCCCCCCCCCc2c(O)c(C1OC[C@H](O)[C@@H](O)[C@@H]1O)c(CCCCCC(Cl)CCCCCCCCC)cc2OC3O[C@H](C)[C@@H](O)[C@H](O)[C@@H]3O	Polyketides	Alkylresorcinols	Dialkylresorcinols	true	npclassifier.gnps2.org@2026-09-07
HCCZDBLWIXYZAQ-NFUGBNBJSA-N	C[C@H]1CCC(=O)C2=C3O[C@@]4(C)[C@@H](C)C[C@]3(OC2=O)[C@@H](/C=C/C1=O)[C@@H]4O	Polyketides	Macrolides	Spirotetronate macrolides	false	npclassifier.gnps2.org@2026-09-07
HCJMNOSIAGSZBM-UHFFFAOYSA-N	CC1=C(C(=CC=C1)O)C(=O)O	Shikimates and Phenylpropanoids	Phenolic acids (C6-C1)	Simple phenolic acids	false	npclassifier.gnps2.org@2026-09-07
HCKHGXRBMDZKJV-PHEUGNLPSA-N	C/C=C/C[C@H]1C(=O)N[C@H](C(=O)N([C@H](C(=O)N[C@H](C(=O)N[C@H](C(=O)N([C@H](C(=O)N[C@H](C(=O)N1)CC(C)C)CC(C)C)C)C)CC2=CC(=C(C=C2)O)[N+](=O)[O-])CC(C)C)C)CC3=CN(C4=CC=CC=C43)C(C)(C)C=C	Amino acids and Peptides	Oligopeptides	Cyclic peptides|Depsipeptides	false	npclassifier.gnps2.org@2026-09-07
HCKHGXRBMDZKJV-YOHGAQRXSA-N	C/C=C/C[C@H]1C(=O)N[C@H](C(=O)N([C@H](C(=O)N[C@H](C(=O)N[C@H](C(=O)N([C@H](C(=O)NC(C(=O)N1)CC(C)C)CC(C)C)C)C)CC2=CC(=C(C=C2)O)[N+](=O)[O-])CC(C)C)C)CC3=CN(C4=CC=CC=C43)C(C)(C)C=C	Amino acids and Peptides	Oligopeptides	Cyclic peptides|Depsipeptides	false	npclassifier.gnps2.org@2026-09-07
HCSFEHTYSRHQQW-NVQXNPDNSA-N	COC(=O)[C@H](CC1=CC=C(OC)C=C1)N(C)C(=O)CCC=C[C@H](C)CCC(=CCl)CCCC#CBr	Polyketides	Linear polyketides	Open-chain polyketides	false	npclassifier.gnps2.org@2026-09-07
HCZNVGHFFHRIFM-HXKCHMFGSA-N	CC[C@@H](C)[C@H](O)[C@H](C)[C@@H](C\C=C\C=C/C(N)=O)OC(=O)\C=C\C1=CC=CC=C1	Polyketides|Shikimates and Phenylpropanoids	Phenylpropanoids (C6-C3)|Linear polyketides	Cinnamic acids and derivatives|Open-chain polyketides	false	npclassifier.gnps2.org@2026-09-07
HDAJUGGARUFROU-UHFFFAOYSA-J	C(C1C(=C(C2C(O1)NC3=C(N2)C(=O)N=C(N3)N)[S-])[S-])OP(=O)([O-])[O-].O=[Mo+2]=O	Alkaloids	Pseudoalkaloids	pteridine alkaloids	false	npclassifier.gnps2.org@2026-09-07
HDBCLPTUKVHJRE-NHTRHERRSA-N	O=C(N[C@@H](CC(O)=O)C(N[C@H](C1=CC=C(O)C=C1)C(N[C@@H](CC(O)=O)C(NCC(N[C@@H](C(N[C@@H](CCC(O)=O)C(N/C(C(O[C@H](C)[C@@H]2NC([C@H](CO)NC(C(O3)C3CCC)=O)=O)=O)=C\C4=CNC5=C4C=CC=C5)=O)=O)[C@H](OP(O)(O)=O)C(N)=O)=O)=O)=O)=O)[C@H](CC(O)=O)NC([C@@H](CC6=CNC7=C6C=CC=C7)NC2=O)=O	Amino acids and Peptides|Polyketides	Oligopeptides	Cyclic peptides|Depsipeptides	false	npclassifier.gnps2.org@2026-09-07
HDHQZCHIXUUSMK-UHFFFAOYSA-N	OC1=CC(O)=NC2=CC=CC=C12	Alkaloids	Anthranilic acid alkaloids	Quinazoline alkaloids	false	npclassifier.gnps2.org@2026-09-07
HDKBIBICKNYEQO-YADHBBJMSA-N	O=C1[C@@]2(O)N3C(C4=C([C@@]2(O)C(N1C)=O)C5=CC(Cl)=CC=C5N4)=C(OC)C6=CC(O)=C(Cl)C=C63	Alkaloids	Tryptophan alkaloids	Carbazole alkaloids	false	npclassifier.gnps2.org@2026-09-07
HDMUZLQWDPUHND-BUEVIDIWSA-N	[H][C@]12CS[C@H](SC(C)C)[C@]([H])(N(C)C(=O)[C@H](C)NC(=O)[C@@H](COC(=O)[C@@]3(C[C@@H]3C)N(C)C1=O)NC(=O)C1=C(O)C=C3C=CC=CC3=N1)C(=O)N(C)[C@]1(C[C@@H]1C)C(=O)OC[C@@H](NC(=O)C1=C(O)C=C3C=CC=CC3=N1)C(=O)N[C@@H](C)C(=O)N2C	Amino acids and Peptides|Polyketides	Oligopeptides	Cyclic peptides|Depsipeptides	false	npclassifier.gnps2.org@2026-09-07
HDNVYHWHCVTDIV-ZENIWSRCSA-N	C[C@H]1O[C@H](CC[C@@H]1O[C@H]1O[C@H](C)[C@H]([C@H](O)[C@H]1O)N(C)C)N1C=CC(NC(=O)C2=CC=C(NC(=O)[C@@](C)(N)CO)C=C2)=NC1=O	Carbohydrates	Nucleosides	Pyrimidine nucleos(t)ides	true	npclassifier.gnps2.org@2026-09-07
HDPPSWUQDQXSJU-UHFFFAOYSA-N	O=C(OC(CCCCCC(O)C(N)=O)CCCCCC)C(CC=C1)N1C(C2=C(O)C=CC=C2)=O	Alkaloids			false	npclassifier.gnps2.org@2026-09-07
HDSWTZRUKHSYDF-UHFFFAOYSA-N	COC(=O)C1=C(C2=CNC3=CC=C(Cl)C=C23)C(C2=CNC3=CC=C(Cl)C=C23)=C(N1C)C(=O)OC	Alkaloids	Tryptophan alkaloids	Simple indole alkaloids	false	npclassifier.gnps2.org@2026-09-07
HDVZQRCXBXHORW-IAJMOZIHSA-N	CC=C(NC(=O)N[C@@H](CC1=CC=CC=C1)C(=O)O)C(=O)N[C@@H](CO)C(=O)NC(=CC)C(=O)N[C@@H](CCCN=C(N)N)C(=O)N1CCC[C@H]1C1=NC(C(=O)N[C@@H](CCSC)C(=O)O[C@@H](CC(=O)O)[C@@H]2CCCN2C(=O)[C@@H](N)[C@@H](C)CC)=CS1	Amino acids and Peptides	Oligopeptides	Linear peptides	false	npclassifier.gnps2.org@2026-09-07
HDZUUVQEDFZKAX-JOLUUEAESA-N	CC1C/C=C\C(=O)C2C(O2)CC([C@H](C3=CC(=CC(=C3C(=O)O1)O)OC)O)O	Polyketides	Macrolides	Zearalenones	false	npclassifier.gnps2.org@2026-09-07
HDZZVAMISRMYHH-KCGFPETGSA-N	C1=CN(C2=NC=NC(=C21)N)[C@H]3[C@@H]([C@@H]([C@H](O3)CO)O)O	Carbohydrates	Nucleosides	Purine nucleos(t)ides|Pyrimidine nucleos(t)ides	false	npclassifier.gnps2.org@2026-09-07
HEAKELJCVBVEKW-LBEIPMMNSA-N	CC(C)[C@H](NC(=O)N[C@@H]1CCCCNC(=O)[C@@H](CC2=CC=CC=C2)NC(=O)[C@@H](C)N(C)C(=O)[C@@H](CC2=C[NH]C3=CC=CC=C23)NC(=O)[C@@H](C(C)C)NC1=O)C(=O)O	Amino acids and Peptides	Oligopeptides	Anabaenopeptins|Cyclic peptides	false	npclassifier.gnps2.org@2026-09-07
HELPZWNRUYNCJQ-KLBOBXLXSA-N	CN(C)C1=C2C(N([C@H]3[C@H](O)[C@H](NC(/C(C)=C/C4=CC=C(O[C@@H]([C@@H](O)[C@H]/5O)OC5=C(CO[C@@H]6[C@@H](O)[C@@H](OC)[C@H](OC)[C@@H](C)O6)/OC)C=C4)=O)[C@@H](CO)O3)C=N2)=NC=N1				true	npclassifier.gnps2.org@2026-09-07
HELPZWNRUYNCJQ-WYPDLKSPSA-N	C[C@@H]1[C@H]([C@@H]([C@@H]([C@H](O1)OC/C(=C/2\[C@H]([C@@H]([C@@H](O2)OC3=CC=C(C=C3)/C=C(\C)/C(=O)N[C@@H]4[C@H](O[C@H]([C@@H]4O)N5C=NC6=C5N=CN=C6N(C)C)CO)O)O)/OC)O)OC)OC				true	npclassifier.gnps2.org@2026-09-07
HEMSJKZDHNSSEW-UHFFFAOYSA-N	CC1=CC(=CC(=C1C(=O)OC2=CC(=C(C(=C2)C)C(=O)O)O)O)O	Polyketides	Aromatic polyketides	Depsides	false	npclassifier.gnps2.org@2026-09-07
HEOCGAUXAHXHLX-XSJMJMTMSA-N	CCCCCC[C@H]1CN([C@H]2C=CC(=C/C=C/C(=O)O)[C@@]23[C@@H]1O3)O	Polyketides			false	npclassifier.gnps2.org@2026-09-07
HEOKDDVDVGNHMR-DAUCKHFQSA-N	CC(C)=CC(=O)N/C=C/C(C)=C/[C@@H](C)[C@H]1C/C(C)=C/C=C/CC[C@H](OC(N)=O)[C@@H](O)/C=C/[C@@H](O)CCC/C=C/C(=O)O1	Polyketides	Macrolides	Polyene macrolides	false	npclassifier.gnps2.org@2026-09-07
HEOKDDVDVGNHMR-YRFNEGEBSA-N	CC(C)=CC(=O)N/C=C/C(C)=C\[C@@H](C)[C@H]1C/C(C)=C/C=C/CC[C@H](OC(N)=O)[C@@H](O)/C=C/[C@@H](O)CCC/C=C/C(=O)O1	Polyketides	Macrolides	Polyene macrolides	false	npclassifier.gnps2.org@2026-09-07
HESVZGILGUVLGU-UPRFKEATSA-N	O=C1[C@@H]2O[C@](C3=C1)(OC2(C)C)CC[C@]([C@@]3(O)[C@@H](OC([C@H](CC(C)C)N(C)C)=O)C4)(C)[C@@]([C@]4([H])C5)(C)C6=C5C7=CC=CC=C7N6	Alkaloids|Terpenoids	Tryptophan alkaloids	Indole-Diterpenoid alkaloids (Penitrems)	false	npclassifier.gnps2.org@2026-09-07
HEVQETJMABIWCC-ITFSNNRVSA-N	C[C@@H]1[C@H](N=C(O1)/C=C/C2=CC=CN2)/C=C(\C)/C=C/C=C/C=C/C=C/C=C(\C)/C(=O)NC(CC(=O)N)C(=O)O	Alkaloids|Amino acids and Peptides|Polyketides	Peptide alkaloids|Linear polyketides	DKXanthenes and derivatives|Simple amide alkaloids	false	npclassifier.gnps2.org@2026-09-07
HFLKNINDVFJPQT-UHFFFAOYSA-N	CC1(COC(C(C1NC)O)OC2C(CC(C(C2O)OC3C(C(C(C(O3)CO)O)O)N)N)N)O	Carbohydrates	Polyols	Amino cyclitols	true	npclassifier.gnps2.org@2026-09-07
HFMDLUQUEXNBOP-UHFFFAOYSA-N	CCC(C)CCCCC(=O)NC(CCN)C(=O)NC(C(C)O)C(=O)NC(CCN)C(=O)NC1CCNC(=O)C(NC(=O)C(NC(=O)C(NC(=O)C(NC(=O)C(NC(=O)C(NC1=O)CCN)CC2=CC=CC=C2)CC(C)C)CCN)CCN)C(C)O.OS(=O)(=O)O	Amino acids and Peptides	Oligopeptides	Cyclic peptides|Lipopeptides	false	npclassifier.gnps2.org@2026-09-07
HFNMIOGEGCXSJX-AZMABVKQSA-N	[H][C@]12\C=C/C=C(C)/[C@@]3([H])[C@H](O)[C@H](O)C=C[C@]3([H])\C=C(C)\[C@@]1([H])[C@]1([H])[C@@H](O)C[C@@H](CC=CC=CC)N1C2=O	Amino acids and Peptides|Polyketides	Macrolides	Macrolide lactams	false	npclassifier.gnps2.org@2026-09-07
HFSFSKBQIGXUEY-UHFFFAOYSA-N	CC(=C)C#CC1=C(C=CC(=C1)C(=O)O)O	Terpenoids	Meroterpenoids	Miscellaneous meroterpenoids	false	npclassifier.gnps2.org@2026-09-07
HFYDOTADGGGDKX-AZTFEWJKSA-N	NC(C(C([C@]12O[C@H]3CC[C@H](O[C@H]4CC[C@H](O)[C@@H](C)O4)[C@@H](C)O3)=O)=C(O)[C@H](O[C@H]5CC[C@H](O[C@H]6CC[C@H](O[C@H]7CC[C@H](O[C@H]8CC[C@H](OC(CC(O)=O)=O)[C@H](C)O8)[C@H](C)O7)[C@H](C)O6)[C@@H](C)O5)C2CC9=CC%10=C(C(C=C(OC)C%10=O)=O)C(O)=C9C1=O)=O	Polyketides	Polycyclic aromatic polyketides	Angucyclines	true	npclassifier.gnps2.org@2026-09-07
HFZOLZVOTSSKSM-WSZRMNBISA-N	CC[C@H](C)C1=C2N=C3OC=CC=C[C@]3(OC)C(=O)N2[C@@H](CC2=CC=CC=C2)C(=O)N1	Alkaloids|Amino acids and Peptides	Peptide alkaloids	Other indole diketopiperazine alkaloids	false	npclassifier.gnps2.org@2026-09-07
HGDVFZDJXDLEKR-UHFFFAOYSA-N	CCC1C(=O)C2(C)CC(C)=CCC(OC(=O)CC1(O)O2)C(C)C(O)C(C)CC(C)=CC(C)C(O)C(C)C(=O)CC	Polyketides	Linear polyketides	Open-chain polyketides	true	npclassifier.gnps2.org@2026-09-07
HGDYHOGWEAAXCS-UHFFFAOYSA-N	CN(C=O)C1=C2SCSC=C2NC1=O	Alkaloids|Amino acids and Peptides			false	npclassifier.gnps2.org@2026-09-07
HGLRJWFVXKHIAO-UHFFFAOYSA-N	Nc1ccc(cc1)-c1nc2cc(ccc2o1)C(=O)Nc1cc(ccc1O)C(O)=O	Alkaloids			false	npclassifier.gnps2.org@2026-09-07
HGSOUJPIFSDBKJ-OUYMFVGOSA-N	CC(C1=CC=CC=C1)C(C(=O)OC(/C=C/C=C\C=C\C(=O)O)C2(CO2)C)NC(=O)C	Alkaloids	Peptide alkaloids	Simple amide alkaloids	false	npclassifier.gnps2.org@2026-09-07
HGWCKYGOWQEYSJ-JBWZRHCTSA-N	CCCCCCCCCCCCCCCC(=O)N(C)[C@H](CO)C(=O)N[C@H](C)C(=O)NCC(=O)N(C)[C@H]1C2=CC(=C(C=C2)O)C3=C(C=CC(=C3)C[C@H](NC(=O)[C@@H](NC1=O)C)C(=O)O)O	Amino acids and Peptides	Oligopeptides	Cyclic peptides|Depsipeptides|Linear peptides|Lipopeptides	false	npclassifier.gnps2.org@2026-09-07
HGYAROLWFFFLIE-UHFFFAOYSA-N	COC(=O)C1=C2C(=CC=C1)OC3=C(C=C(C=C3)Cl)C(=O)N2	Polyketides	Aromatic polyketides	Depsidones	false	npclassifier.gnps2.org@2026-09-07
HHJKLMAAAQXSLU-UHFFFAOYSA-N	CC(C(C(O)C1=C(O)C=CC(C(O)=O)=C1)=O)C	Shikimates and Phenylpropanoids	Phenolic acids (C6-C1)	Simple phenolic acids	false	npclassifier.gnps2.org@2026-09-07
HHLSDNCZICXJDV-MSOLQXFVSA-N	C=C(C)[C@@H](O)[C@@H](O)C1=C(OC)C2=C(C=C1)OC1=C(C=C(C)C=C1O)COC2=O	Polyketides	Aromatic polyketides	Depsidones	false	npclassifier.gnps2.org@2026-09-07
HHLSDNCZICXJDV-ROUUACIJSA-N	CC1=CC(=C2C(=C1)COC(=O)C3=C(O2)C=CC(=C3OC)[C@@H]([C@H](C(=C)C)O)O)O	Polyketides	Aromatic polyketides	Depsidones	false	npclassifier.gnps2.org@2026-09-07
HHNCNWIXXAQVNZ-UHFFFAOYSA-N	O=C(C(C=CC1=C2C(OC)=C(Cl)C(CCl)=C1)=C2C3=O)C4=C3C(O)=C(C(OC5(OC)C)=O)C5=C4O	Polyketides	Polycyclic aromatic polyketides	Angucyclines	false	npclassifier.gnps2.org@2026-09-07
HHQKNFDAEDTRJK-LIOWZGMGSA-N	CCC(=O)[C@@H](C)[C@H]([C@H](C)C[C@@H](C)[C@@H]1[C@@H](C[C@H](/C=C/[C@@H](CCC/C=C(/[C@@H]2C(=CC[C@@](O2)(CC(=O)O1)O)C)\C)O[C@H]3C[C@H]([C@@H]([C@H](O3)C)O)OC(=O)N)C)C)O	Polyketides	Macrolides	Avermectins	true	npclassifier.gnps2.org@2026-09-07
HICYMWUYYSBFIZ-IQIHRNMLSA-N	C[C@@H]1[C@@H](C[C@H](C[C@@H](C[C@H](C[C@@H](C[C@H](CC=C(C=CC(=O)O[C@@H](CC=CCCCCCC[C@H](CCC[C@H](CCC[C@H](CC=C[C@H]1O)O)O)O)[C@@H](C)[C@@H](CCCCC[C@@H](C)O)O)C)O)O)O)O)O)O	Polyketides	Macrolides	Polyene macrolides	false	npclassifier.gnps2.org@2026-09-07
HIQQTBOXDUIOIH-NYWBANMMSA-N	CCC(C)C(O)/C=C/C(C)=C/C=C/C(C)CC(C)C(O1)CC(O)C(C)/C=C/C=C/C(C)C/C=C(C)/C(O)/C=C/CC(O)C(C)/C=C/C1=O	Polyketides	Macrolides	Polyene macrolides	false	npclassifier.gnps2.org@2026-09-07
HIYAVKIYRIFSCZ-CYEMHPAKSA-N	C[C@@H]1CC[C@]2([C@@H](C[C@H]([C@H](O2)[C@H](C)C(=O)C3=CC=CN3)C)C)O[C@@H]1CC4=NC5=C(O4)C=CC(=C5C(=O)O)NC	Polyketides	Polyethers	Polyether ionophores	false	npclassifier.gnps2.org@2026-09-07
HIYSWASSDOXZLC-HKOYGPOVSA-N	CCCCCCCCCCCC1=CC=C(N1)\C=C1\N=C(C=C1OC)C1=CC=CN1	Alkaloids	Proline alkaloids	Prodigiosins	false	npclassifier.gnps2.org@2026-09-07
HIYSWASSDOXZLC-UHFFFAOYSA-N	CCCCCCCCCCCC1=CC=C(N1)C=C2C(=CC(=N2)C3=CC=CN3)OC	Alkaloids	Proline alkaloids	Prodigiosins	false	npclassifier.gnps2.org@2026-09-07
HIZAPXXWZHIWBZ-XXUROBRHSA-N	O=C(C)/C=C1OC2=C(C(O[C@H](CC(OC)=O)C3)=C\1)C3=CC4=C2C(O)=CC=C4	Shikimates and Phenylpropanoids			false	npclassifier.gnps2.org@2026-09-07
HJBLIOPGIUXVFY-BKYGNCNMSA-N	CCCCCC[C@H]([C@@H]1CC(N[C@@H](C(C)C)C(N[C@@H](CC2=CC=CC=C2)C(N[C@H]([C@@H](CC)C)C(O1)=O)=O)=O)=O)C	Amino acids and Peptides|Polyketides	Oligopeptides	Cyclic peptides|Depsipeptides|Lipopeptides	false	npclassifier.gnps2.org@2026-09-07
HJCZOTBHYAPUHT-FFMZNCFZSA-N	CO[C@@H](\C=C\CC\C=C\C(O)=O)[C@@H](O)[C@H](C)\C=C(/C)[C@@H](O)[C@H](C)C(=O)CCCC1CC(=O)NC(=O)C1	Alkaloids	Lysine alkaloids	Piperidine alkaloids	false	npclassifier.gnps2.org@2026-09-07
HJCZOTBHYAPUHT-XHOLQODBSA-N	COC(\C=C\CC\C=C\C(O)=O)C(O)C(C)\C=C(/C)C(O)C(C)C(=O)CCCC1CC(=O)NC(=O)C1	Alkaloids	Lysine alkaloids	Piperidine alkaloids	false	npclassifier.gnps2.org@2026-09-07
HJEQLHSAFDJJPU-UHFFFAOYSA-N	COC1(C)N(CCC2=CC=CC=C2)C(=O)C2=CC3=C(C(=O)N21)N(C)C1=CC=CC=C31	Alkaloids	Tryptophan alkaloids	Carbazole alkaloids	false	npclassifier.gnps2.org@2026-09-07
HJHLJUOSUXPSSA-LXZINMRSSA-N	C1[C@H](NC(=O)[C@@H](NC(=O)[C@@H](NC(=O)[C@@H](NC(=O)CNC(=O)[C@@H](NC(=O)[C@@H](NC(=O)[C@@H](NC(=O)[C@@H](NC1=O)CO)CC2=CC=C(C=C2)O)CC3=CN=CN3)CC4=CNC5=CC=CC=C54)CC(=O)O)CC6=CC=C(C=C6)O)CC7=CN=CN7)C(=O)N[C@@H](CC8=CNC9=CC=CC=C98)C(=O)N[C@@H](CC1=CN=CN1)C(=O)N[C@@H](CC1=CN=CN1)C(=O)NCC(=O)N[C@@H](CC1=CNC2=CC=CC=C21)C(=O)N[C@@H](CC1=CC=C(C=C1)O)C(=O)NCC(=O)N[C@@H](CC1=CNC2=CC=CC=C21)C(=O)N[C@@H](CC1=CNC2=CC=CC=C21)C(=O)N[C@@H](CC(=O)O)C(=O)N[C@@H](CC(=O)O)C(=O)O	Amino acids and Peptides	Oligopeptides	RiPPs-Lasso peptides	false	npclassifier.gnps2.org@2026-09-07
HJLKBBUYCJLBEN-UHFFFAOYSA-N	OC1=C(C(C(C(O)=C(C=CC2=C3C(O)=C(C(O)=O)C(CCCCC)=C2)C3=C4)=C4C5(C)O)=O)C5=CC(O)=C1	Polyketides	Polycyclic aromatic polyketides	Benastatins and derivatives	false	npclassifier.gnps2.org@2026-09-07
HJYYPODYNSCCOU-ODRIEIDWSA-N	C[C@H]1/C=C/C=C(\C(=O)NC2=CC(=C3C(=C2O)C(=C(C4=C3C(=O)[C@](O4)(O/C=C/[C@@H]([C@H]([C@H]([C@@H]([C@@H]([C@@H]([C@H]1O)C)O)C)OC(=O)C)C)OC)C)C)O)O)/C	Polyketides	Macrolides	Ansa macrolides	false	npclassifier.gnps2.org@2026-09-07
HKBVCNIYXAXHCW-RJZLBLBSSA-N	CCC(=O)/C(=C/C=C/CCC1=CC(=CC(=C1)O)NC(=O)C)/C	Alkaloids	Peptide alkaloids	Simple amide alkaloids	false	npclassifier.gnps2.org@2026-09-07
HKDUHJNLZOVWHW-UHFFFAOYSA-N	OC1=CC=C(CC(C(O)=O)NC(C2N(C(C(NC(C3CC(C)CN3C(CC(CCCCCCC(Cl)Cl)N)=O)=O)CCC4=CC=C(O)C=C4)=O)CCC2)=O)C=C1	Amino acids and Peptides	Oligopeptides	Linear peptides|Lipopeptides|Microginins	false	npclassifier.gnps2.org@2026-09-07
HKGLETKFBVSBOX-GDLZYMKVSA-N	C[C@@]12CC3=C(C(=C4C(=C3)C=CC5=C4C(=C6C(=C5O)OC7=CC(=C(C=C7C6=O)OC)OC)O)O)C(=O)N1CCO2	Polyketides	Polycyclic aromatic polyketides	Ericamycins	false	npclassifier.gnps2.org@2026-09-07
HKJGXZQUAMKOKS-GIEQTFEPSA-N	CC([C@]1([C@H]2[C@@]([C@H](O1)O)(C3=C(O2)NC=C(C3=O)C4=CC=CC=C4)C)C)O	Alkaloids			true	npclassifier.gnps2.org@2026-09-07
HKJGXZQUAMKOKS-HMCFAXLDSA-N	CC([C@]1([C@H]2[C@@]([C@@H](O1)O)(C3=C(O2)NC=C(C3=O)C4=CC=CC=C4)C)C)O	Alkaloids			true	npclassifier.gnps2.org@2026-09-07
HKLDUJXJTQJSEJ-OLXNOMCWSA-N	[H][C@]12CC[C@H](C)\C=C(C)\C[C@@H](C)C[C@H](C)[C@]3(O)OC4=C(C)C(=O)C(O)=C(C4=C3)[C@]([H])(O1)[C@H](C)[C@@H](O)[C@H]2C	Polyketides	Macrolides	Ansa macrolides	true	npclassifier.gnps2.org@2026-09-07
HKLWUXDZILHGOB-DSXPNFDZSA-N	C\C=C\C=C1/C=CC2=C1C(=O)CCN2	Alkaloids	Lysine alkaloids	Piperidine alkaloids	false	npclassifier.gnps2.org@2026-09-07
HKMDGBLVBSZZGX-QANDYNDUSA-N	COC1=CC=CC2=C1[C@@H](O)C1=C(SC3=C4C(=C5C(=O)C[C@](C)(O)CC5=C3)[C@@H](O)C3=C(C(OC)=CC=C3)[C@H]4O)C=C3C[C@@](C)(O)CC(=O)C3=C1C2=O	Polyketides	Polycyclic aromatic polyketides	Angucyclines	false	npclassifier.gnps2.org@2026-09-07
HKMUGCUFXWTNSP-UHFFFAOYSA-N	CC1=CC(=O)N2COC3=C2C1=CC4=C3N(C(=O)C=C4CO)C	Alkaloids	Tryptophan alkaloids|Anthranilic acid alkaloids	Quinoline alkaloids	false	npclassifier.gnps2.org@2026-09-07
HKSZLNNOFSGOKW-FYTWVXJKSA-N	C[C@@]12[C@@H]([C@@H](C[C@@H](O1)N3C4=CC=CC=C4C5=C6C(=C7C8=CC=CC=C8N2C7=C53)CNC6=O)NC)OC	Alkaloids	Tryptophan alkaloids	Carbazole alkaloids	false	npclassifier.gnps2.org@2026-09-07
HKSZLNNOFSGOKW-UHFFFAOYSA-N	CNC1CC2OC(C)(C1OC)N1C3=CC=CC=C3C3=C4CNC(=O)C4=C4C5=C(C=CC=C5)N2C4=C13	Alkaloids	Tryptophan alkaloids	Carbazole alkaloids	false	npclassifier.gnps2.org@2026-09-07
HLICYXJNAMINIS-XRMWKQQBSA-N	O[C@@H]([C@H](N1C(NC(C=C1)=O)=O)O/2)CC2=C\NC([C@@H](NC([C@H](C)NC(N[C@@H](CC3=CC=CC=C3)C(O)=O)=O)=O)[C@@H](N(C)C([C@H](CC4=CC=CC(O)=C4)N)=O)C)=O	Amino acids and Peptides	Oligopeptides	Linear peptides	false	npclassifier.gnps2.org@2026-09-07
HLMIGMDSLGMUPV-ZGNIOFJSSA-N	CC(O[C@@H]1CCC)=CC(C1=C2O)=CC3=C2C(C([C@@]4([H])O[C@@](CO[C@H]5O)([H])[C@@]5([H])O4)=CC3=O)=O	Polyketides	Naphthalenes	Naphthoquinones	true	npclassifier.gnps2.org@2026-09-07
HLOPMQJRUIOMJO-ZPYNKGFJSA-N	CO\C=C\[C@H](N)C(O)=O	Amino acids and Peptides	Small peptides	Aminoacids	false	npclassifier.gnps2.org@2026-09-07
HLSBKABOQXRVQW-ICZSIEETSA-N	[H][C@]1(N=C[C@@H](NC(=O)[C@@H](CC2=CC=CC=C2)NC(=O)[C@@H](NC(=O)[C@@H](CC2=CC=CC=C2)NC(=O)[C@@H](CC(C)C)NC(=O)[C@@H](CC(C)C)NC1=O)C(C)C)C(C)C)[C@@H](C)O	Amino acids and Peptides	Oligopeptides	Cyclic peptides	false	npclassifier.gnps2.org@2026-09-07
HLYMRXUSGGFLEA-CTXXGXLOSA-N	C/C=C/C[C@H](C)C[C@H](C)C(=O)C1=C(O)C(C2=CC=C(O)C=C2)=CNC1=O	Alkaloids	Nicotinic acid alkaloids	Pyridine alkaloids	false	npclassifier.gnps2.org@2026-09-07
HMSYAPGFKGSXAJ-PAHGNTJYSA-N	CC[C@H](C(=O)NC/C=C/C=C(\C)/[C@H]([C@@H](C)[C@H]1[C@H]([C@H]([C@H](O1)/C=C/C=C/C=C(\C)/C(=O)C2=C(C=CNC2=O)O)O)O)OC)[C@@]3([C@@H]([C@@H](C([C@@H](O3)/C=C/C=C\C)(C)C)O)O)O	Amino acids and Peptides|Polyketides	Linear polyketides	Elfamycins	true	npclassifier.gnps2.org@2026-09-07
HMWKYWYROANUEN-OUBBJWQNSA-N	C[C@@H](O)[C@@H](NC(=O)CNC(=O)[C@@H]1COC(C2=CC=CC=C2O)=N1)C(=O)N(C)[C@@H](CCCNO)C(=O)N[C@@H](CCCN)C(=O)N[C@@H](CCCN(O)C=O)C(=O)O	Amino acids and Peptides	Oligopeptides	Linear peptides|Lipopeptides	false	npclassifier.gnps2.org@2026-09-07
HMXRHVCZYGEXRQ-JYMVZIKVSA-N	CC(C)C[C@@H]1NC(=O)[C@@H](CC2=CC=CC=C2)NC(=O)[C@H](CCC(N)=O)NC(=O)[C@@H](CO)NC(=O)[C@H](CCCCN)NC(=O)[C@@H](CC2=CC=CC=C2)NC1=O	Amino acids and Peptides	Oligopeptides	Cyclic peptides	false	npclassifier.gnps2.org@2026-09-07
HMYZVRMPGSOKSO-BDAKNGLRSA-N	CCCC[C@H]1OC(C([C@@H](C(O)=O)C1)=C)=O	Fatty acids	Fatty acyls	Paraconic acids and derivatives	false	npclassifier.gnps2.org@2026-09-07
HNAPWDKFUSLFFE-UHFFFAOYSA-N	CCCCCCCCCCCC1CC(=O)NC(C(=O)NC(C(=O)NC(C(=O)NC(C(=O)N2CCCC2C(=O)NC(C(=O)NC(C(=O)N1)CO)CC(=O)N)CCC(=O)N)CC(=O)N)CC3=CC=C(C=C3)O)CC(=O)N	Amino acids and Peptides	Oligopeptides	Cyclic peptides	false	npclassifier.gnps2.org@2026-09-07
HNCRYQHQHRDJJG-LBFJABFZSA-N	O=C(OC(/C=C/C(O)CC(CCCC(C(C1O)C)O)O)C)CC2(O)OC(C[C@H](O[C@@H]3O[C@H](C)[C@@H](O)[C@H](N(C)C)[C@H]3O)C2C)C(C)C(O)/C(C)=C/C=C/CC(O)C(C)C(O)CCCC(O)CC(O)/C(C)=C/C(C(O)C(O)CCC(C)CC(O)CC(O)C(C)CC1)CCCC(C)C	Polyketides	Macrolides	Oligomycins|Polyene macrolides	true	npclassifier.gnps2.org@2026-09-07
HNFCMZRTSDWBCX-FFVXNQHYSA-N	C/C=C(\NC(=O)/C(=C\C)NC(=O)CNC(=O)C(NC(=O)C(CC1=C[NH]C2=CC=CC=C12)NC(=O)C(C)NC1CC2(CSCC(C(=O)O)NC(=O)C(CC(N)=O)NC(=O)C(CC(N)=O)NC2=O)NC(=O)C(C(C)CC)NC(=O)/C(=C/C)NC1=O)C(C)C)C(=O)N/C(=C/C)C(=O)NC(C(=O)N/C(=C/C)C(=O)NC(CC1=C[NH]C2=CC=CC=C12)C(=O)N/C(=C/C)C(=O)N/C(=C\C)C(=O)N/C(=C/C)C(=O)NC(C(=O)N/C(=C/C)C(=O)NC(C)C(=O)N(C)C)C(C)CC)C(C)C	Amino acids and Peptides|Polyketides	Oligopeptides	RiPPs-Lanthipeptides	false	npclassifier.gnps2.org@2026-09-07
HNJSPDJKLKPYKX-RUZDIDTESA-N	COC(=O)C1=C2C3=C(NC4=CC=C(Cl)C=C34)[C@@]3(CN(C)C4=CC=C(Cl)C=C34)C2=C(N1)C(=O)OC	Alkaloids	Tryptophan alkaloids		false	npclassifier.gnps2.org@2026-09-07
HNLYCKPDQJMNHD-OQYJSSGXSA-N	C/C1=C2CCC(C)[C@]([H])\2CC[C+](C)C3C[C@](CC[C@@H]4C(C)C)(C)[C@@]4([H])CC13	Terpenoids	Diterpenoids	Fusicoccane diterpenoids	false	npclassifier.gnps2.org@2026-09-07
HNPIAKGZUJZKED-UHFFFAOYSA-N	O=C1C=C(O)C=C(C2=CC(O)=CC(O)=C2)O1	Shikimates and Phenylpropanoids			false	npclassifier.gnps2.org@2026-09-07
HNSRCWWMQWCNGW-YCUXMAJDSA-N	CC1=CC2C(CCC(C2O)O)C(C1CCC(C)C(/C(=C/CC(/C=C/C(C)C(/C=C/CC(/C(=C/CC(CC3CCCN3C(=N)N)O)/C)O)O)O)/C)O)(C)/C(=C\4/C(=O)CNC4=O)/O	Amino acids and Peptides|Polyketides	Cyclic polyketides	3-Decalinoyltetramic acids	false	npclassifier.gnps2.org@2026-09-07
HOBULLUHJKDCFY-YBOMPZLVSA-N	CC(C)C[C@@H]1NC(=O)[C@@H](NC(=O)[C@H](CC(C)C)NC(=O)[C@H](CO)NC(=O)[C@@H](NC(=O)[C@@H](NC(=O)[C@@H]2CCCN2C(=O)CNC(=O)[C@@H](CCC(=O)N)NC(=O)C(C)C(CC(O)CCCCC)OC(=O)[C@@H]2CCCN2C1=O)C(C)C)Cc1ccc(cc1)O[C@H]1OC[C@@H](OC(C)=O)[C@H](O)[C@H]1O)[C@@H](C)O	Amino acids and Peptides|Polyketides	Oligopeptides	Cyclic peptides|Depsipeptides|Lipopeptides	true	npclassifier.gnps2.org@2026-09-07
HOHFUOUUBIGTHJ-DCCNVSEVSA-N	CCCC(O)C[C@@H]1CC(=O)N[C@@H]([C@H](C)CC)C(=O)N[C@H](C(O)C(C)C)C(=O)N[C@@H](CCOC(N)=O)C(=O)N[C@H](CC(C)C)C(=O)N[C@@H](CCC(N)=O)C(=O)N(C)[C@@H]([C@@H](C)CC)C(=O)N[C@H](C(O)CO)C(=O)N[C@H](C(C)C)C(=O)N2CCC[C@H]2C(=O)N[C@H](CC2=CC=C(O)C=C2)C(=O)N[C@@H]([C@@H](C)O)C(=O)N1	Amino acids and Peptides	Oligopeptides	Cyclic peptides	false	npclassifier.gnps2.org@2026-09-07
HPAIKUJKASWMKP-UHFFFAOYSA-N	OC1=C(CCCCCCCCCCCCCC(C)C)C=C(OCCC(CC/C=C(C)/C)C)C=C1OC	Polyketides	Aromatic polyketides	Catechols with side chains	false	npclassifier.gnps2.org@2026-09-07
HPDAHGRYYHSHHB-VQIIKMDRSA-N	CC(C)OC1=C(C=CC(=C1)C(=O)O)NC(=O)C2=C(C(=C(C=C2)NC(=O)C3=CC=C(C=C3)NC(=O)[C@H]([C@@H](C(=O)N)OC)NC(=O)C4=CC=C(C=C4)NC(=O)C5=CC=C(C=C5)[N+](=O)[O-])OC(C)C)O	Alkaloids|Amino acids and Peptides	Oligopeptides|Peptide alkaloids	Linear peptides|Simple amide alkaloids	false	npclassifier.gnps2.org@2026-09-07
HPFBDDHVNYWUGF-MFMLGXQFSA-N	C[C@@]12CC[C@@H](C([C@H]1CC[C@@H]3C2=CC[C@](C3)(C)C=C)(C)C)O	Terpenoids	Diterpenoids	Pimarane and Isopimarane diterpenoids	false	npclassifier.gnps2.org@2026-09-07
HPIOIUSFXDCSLD-KEVLTHRLSA-N	CCCCC(=O)CCCCCCCCC[C@H](C)[C@@H]1[C@H](C(=O)N[C@H](C(=O)N/C(=C/C)/C(=O)N[C@H](C(=O)N[C@H](C(=O)N[C@H](C(=O)NCC(=O)N[C@H](C(=O)N([C@H](C(=O)N2CCC[C@H]2C(=O)N1)CC(=O)N)C)[C@H](C)OC)CCC(=O)N)C(C)C)[C@H](C)O)C(C)C)O	Amino acids and Peptides	Oligopeptides	Cyclic peptides	false	npclassifier.gnps2.org@2026-09-07
HPJIGCCEYVHLSS-KNHRAITDSA-N	CCCCCCC[C@H](O)CC(=O)N[C@H](CC(C)C)C(=O)N[C@H](CCC(=O)O)C(=O)N[C@H]1C(=O)N[C@H](CC(C)C)C(=O)N[C@H](CC(C)C)C(=O)N[C@H](CO)C(=O)N[C@@H](CC(C)C)C(=O)N[C@H](CCC(N)=O)C(=O)N[C@@H](CC(C)C)C(=O)N[C@@H]([C@@H](C)CC)C(=O)N[C@@H](CCC(=O)O)C(=O)O[C@@H]1C	Amino acids and Peptides|Polyketides	Oligopeptides	Cyclic peptides|Depsipeptides|Lipopeptides	false	npclassifier.gnps2.org@2026-09-07
HPNSFSBZBAHARI-RUDMXATFSA-N	COC1=C(C\C=C(/C)CCC(O)=O)C(O)=C2C(=O)OCC2=C1C	Polyketides	Cyclic polyketides	Phthalide derivatives	false	npclassifier.gnps2.org@2026-09-07
HPSKOYMKFAIFRZ-AUPXWIRCSA-N	CC[C@@](C)(NC(=O)[C@H](CC(C)C)NC(=O)CNC(=O)C(C)(C)NC(=O)C(C)(C)NC(=O)C(C)(C)NC(=O)C(C)(C)NC(=O)[C@H](CC1=CC=CC=C1)NC(C)=O)C(=O)NC(C)(C)C(=O)N1C[C@H](O)C[C@H]1C(=O)NC(CCC(N)=O)C(=O)N[C@](C)(CC)C(=O)N1C[C@H](O)C[C@H]1C(=O)NC(C)(C)C(=O)N[C@H](CO)CC1=CC=CC=C1	Amino acids and Peptides	Oligopeptides	Linear peptides	false	npclassifier.gnps2.org@2026-09-07
HPWPAVYRWILWSZ-ACFKMXJHSA-N	C[C@@H](C(C(O)=O)=C1)C[C@@]2(C(O)=C(O3)C(O2)=O)[C@@H]1C=CCCCC[C@@H]4C=C[C@@]([C@@H](O[C@@H]5C[C@H](O)[C@@H](O[C@H]6O[C@@H](C)[C@H](O)[C@@H](OC(C7=C(C)C(Cl)=CC=C7OC)=O)C6)[C@@H](C)O5)CCC8)([H])[C@]8([H])[C@@H]4C3=O	Polyketides	Macrolides	Spirotetronate macrolides	true	npclassifier.gnps2.org@2026-09-07
HQFFZMGHAJTRBU-SPRVDHHQSA-N	O=C(CNC([C@](O)(C)C1=O)=O)NC(/C=C/C(N(C)CC(O[C@@H](CCCCCCCCCCCC(C)C)[C@@H]1C)=O)=O)=C	Amino acids and Peptides|Polyketides	Oligopeptides	Cyclic peptides|Depsipeptides|Lipopeptides	false	npclassifier.gnps2.org@2026-09-07
HQOGCJMIKOPZEW-NQIVYENRSA-N	O=C(N[C@](C(N[C@](C1=CC=C(O)C=C1)([H])C(N([C@H](C(N[C@]2([H])[C@@H](C)O)=O)CC3=CC=CC=C3)C)=O)=O)([H])[C@H](CC)C)[C@H]([C@@H](C)OC([C@H](CO[H])NC2=O)=O)NC([C@@H]([C@@H](C(C)C)O)C)=O	Amino acids and Peptides|Polyketides	Oligopeptides	Cyclic peptides|Depsipeptides	false	npclassifier.gnps2.org@2026-09-07
HQPIKMNKCMXJQC-ONEGZZNKSA-N	CO\C=C\C(=O)C1=NC2=C3C(C=NC3=C(N)C=C2NC(C)=O)=C1	Alkaloids	Anthranilic acid alkaloids		false	npclassifier.gnps2.org@2026-09-07
HQUPTJOAWSKGJC-UHFFFAOYSA-N	CCCCCCCCCC(O)CC(=O)NC(CC(C)C)C(=O)NC(CC(=O)O)C(=O)NC1C(=O)NC(CC(C)C)C(=O)NC(CC(C)C)C(=O)NC(CO)C(=O)NC(CC(C)C)C(=O)NC(C(C)CC)C(=O)OC1C	Amino acids and Peptides|Polyketides	Oligopeptides	Cyclic peptides|Depsipeptides|Lipopeptides	false	npclassifier.gnps2.org@2026-09-07
HRAPIHJIKATMEB-GWVUBWKVSA-N	CC1CNC(=O)\C=C(/O)\C=C\C(\C)=C\C=C\C(O)C(O)C(O)C(=O)\C=C/C=C/C(/C)=C/C=C/C=C/1	Amino acids and Peptides|Polyketides	Macrolides	Macrolide lactams	false	npclassifier.gnps2.org@2026-09-07
HRGFAEUWEMDRRZ-QLRHZSCISA-N	N[C@@H]1C2=CC=C(OS(O)(=O)=O)C(OC3=CC(=CC(O)=C3)[C@@H]3NC(=O)[C@@H](CC4=CC(Cl)=C(OC5=C(O)C6=CC(=C5)[C@@H](NC3=O)C(=O)N[C@@H]3C5=CC(Cl)=C(O)C(=C5)C5=C(O)C=C(O)C=C5[C@H](NC(=O)[C@@H](NC3=O)[C@H](O)C3=CC=C(O6)C(Cl)=C3)C(O)=O)C=C4)NC1=O)=C2	Amino acids and Peptides	Oligopeptides	Cyclic peptides|Vancomycins and Teicoplanins	false	npclassifier.gnps2.org@2026-09-07
HRHXOJYXAMLRQF-MDZDMXLPSA-N	CCC(C)C(\O)=C1/C(=O)OC(C)C(C)C1=O	Polyketides	Cyclic polyketides		false	npclassifier.gnps2.org@2026-09-07
HRHXOJYXAMLRQF-UHFFFAOYSA-N	CCC(C)C(=C1C(=O)C(C(OC1=O)C)C)O	Polyketides	Cyclic polyketides		false	npclassifier.gnps2.org@2026-09-07
HRPBVTJJLYDCOZ-XPZISPLRSA-N	C[C@@]1(CO)[C@H](O)CC[C@@]2(C)[C@@]1([H])CC[C@]3([H])[C@]2(CC[C@@]4(C)O)C[C@@]4([H])C3	Terpenoids	Diterpenoids	Aphidicolane diterpenoids|Tetracyclic diterpenoids	false	npclassifier.gnps2.org@2026-09-07
HRWPMELFEHBAIH-UHFFFAOYSA-N	COC1=C2C(O)CC3=CC4=C(C(=O)OC(C)C4)C(O)=C3C2=C(O)C2=C1C(=O)C1=C(C=CC=C1O)C2=O	Polyketides	Polycyclic aromatic polyketides	Pradimicins	false	npclassifier.gnps2.org@2026-09-07
HSAYNVFLMRITQH-BRZSWXGTSA-N	C[C@H](O1)C2=C(O)C(C([C@@H]3C[C@@]4(OC(C)=O)C5=C3C(O)=C(C(C(O)=C(CC(O)CC(O)=O)C6=O)=O)C6=C5O)=O)=C4C=C2C[C@@H]1CC(O)=O	Polyketides	Naphthalenes	Bisnaphthalenes|Naphthoquinones	false	npclassifier.gnps2.org@2026-09-07
HSMURMHPOJWFAE-UHFFFAOYSA-N	CC(NC(CC(OC(CNC1=O)=O)C(C)CCCCCCCCCCCC)=O)C(NC(CCC(O)=O)C(NC(CC(N)=O)C(NC(CO)C(NC(CO)C(NC(C(NC1C(O)C)=O)CO)=O)=O)=O)=O)=O	Amino acids and Peptides|Polyketides	Oligopeptides	Cyclic peptides|Depsipeptides|Lipopeptides	false	npclassifier.gnps2.org@2026-09-07
HSRXNKIXELDMBE-BIYDSLDMSA-N	CCCC[C@@H]1CCCCC[C@H](C2=CC(=C([C@H](CCCCC[C@H](C3=CC(=C1C(=C3)O)O)C)CCCCO)C(=C2)O)O)C	Polyketides	Alkylresorcinols	Dialkylresorcinols	false	npclassifier.gnps2.org@2026-09-07
HSVRTPZWHMWONP-JUEDDRGBSA-N	[H][C@]12C[C@]3([H])C(=O)C4=C(C(=O)NC(C)=C4)C(=O)[C@]3(O)C3=C(O)C4=C(OC5=C(C=CC(Cl)=C5OC)C4=O)C(OCO1)=C23	Polyketides	Polycyclic aromatic polyketides	Ericamycins	false	npclassifier.gnps2.org@2026-09-07
HTCPEWKHGGGJBI-UHFFFAOYSA-N	COC1=CC=C(C(O)=O)C(=O)C1=[N+]=[N-]				false	npclassifier.gnps2.org@2026-09-07
HTJBNTQHOIDYCU-UHFFFAOYSA-N	COC1=C(C2=C3C4=C(C(CCC5)=N3)C5CCCCC2C4C(C)C)NC(C6=CC=CN6)=C1	Alkaloids	Proline alkaloids	Prodigiosins	false	npclassifier.gnps2.org@2026-09-07
HTPODFYRHLWACU-GNLQXBSVSA-N	CCCCCCCCCC[C@@H](C)[C@@H]1CC(=O)N[C@H]([C@@H](C)O)C(=O)N[C@@H](C)C(=O)N[C@H](C)C(=O)N[C@@H](CCC(N)=O)C(=O)N[C@H](CC2=CC=C(O)C=C2)C(=O)N[C@@H]([C@@H](C)CC)C(=O)O1	Amino acids and Peptides|Polyketides	Oligopeptides	Cyclic peptides|Depsipeptides|Lipopeptides	false	npclassifier.gnps2.org@2026-09-07
HTXMLHOTNKOVND-UHFFFAOYSA-N	CC=C(CO)C1=CC(OC)=C(C)C(=O)O1	Polyketides	Cyclic polyketides	2-pyrone derivatives	false	npclassifier.gnps2.org@2026-09-07
HUHJHKWRVBMICA-DTQAZKPQSA-N	C/C(=C\COc1cccc2c1nc1cccc(c1[n+]2[O-])O)/CCC=C(C)C	Alkaloids	Tryptophan alkaloids|Anthranilic acid alkaloids	Phenazine alkaloids|Quinoline alkaloids	false	npclassifier.gnps2.org@2026-09-07
HUIPLTJKSZEWPF-UHFFFAOYSA-N	CC1=C(C=C(C2=C1OC3=C(C=C(C=C3)Cl)C(=O)N2)C(=O)OC)Cl	Polyketides	Aromatic polyketides	Depsidones	false	npclassifier.gnps2.org@2026-09-07
HUKYPYXOBINMND-HYUJHOPRSA-N	CC[C@H]1OC(=O)[C@H](C)[C@@H](O[C@@H]2O[C@H](C)C[C@@H]([C@H]2O)N(C)C)[C@@H](C)C[C@@H](C)C(=O)\C=C\[C@]1(C)O	Polyketides	Macrolides	Erythromycins	true	npclassifier.gnps2.org@2026-09-07
HVDWUEDXQDMWCX-CPGSKVSJSA-N	COC1=CC(=O)O[C@H]([C@H]1C)C1=COC(=N1)C(\C)=C\C1=CC=C(Cl)N1	Alkaloids			false	npclassifier.gnps2.org@2026-09-07
HVHQPPAFOWCAJP-LPYYGHOJSA-N	CC[C@H]([C@@H](C)[C@@H]([C@@H](C)[C@@H]([C@@H](C)[C@@H]1[C@H]([C@@H]2[C@H](O2)[C@@H](CCC[C@@H](C[C@H](C[C@@H]3C[C@@H]([C@H]([C@](O3)([C@H]([C@H]([C@@H](CCCC[C@H](C[C@H](C/C=C/C(=O)O1)O)O)C)O)O)O)O)OS(=O)(=O)O)OC(=O)CC(=O)O)O)O)C)O)O)O[C@@H]4C[C@H]([C@H]([C@@H](O4)C)OC)OC(=O)C5=CC(=C(C=C5)NC)O[C@@H]6CC[C@@H]([C@H](O6)C)O	Polyketides	Macrolides	Macrolide lactones	true	npclassifier.gnps2.org@2026-09-07
HVTYOEKGTBJUJS-LGQNIYRXSA-N	CC[C@H](C)[C@H]1NC(=O)[C@@H](NC(=O)[C@H](C)[C@H](O)C(C)C)[C@@H](C)OC(=O)[C@H](COC(=O)CNC(=O)\C=C\C(\C)=C\C)NC(=O)[C@H](NC(=O)[C@H](CC2=CC=CC=C2)N(C)C(=O)[C@@H](NC1=O)C1=CC=C(OC)C=C1)[C@@H](C)O	Amino acids and Peptides|Polyketides	Oligopeptides	Cyclic peptides|Depsipeptides	false	npclassifier.gnps2.org@2026-09-07
HVYFVLAUKMGKHL-FYWRMAATSA-N	CC1C(C(=O)N2CCCCC2C(=O)NC(C(=O)NC(C(=O)NCC(=O)NC(C(=O)NCC(=O)NC(C(=O)NC(C(=O)N3CCCC3C(=O)N1)C(C)C)C(C)N)CC(=O)O)CC(=O)O)C(C)C(=O)O)NC(=O)C(CC(=O)N)NC(=O)C/C=C/CCCCCCCC(C)C	Amino acids and Peptides	Oligopeptides	Cyclic peptides|Depsipeptides	false	npclassifier.gnps2.org@2026-09-07
HVYURUAVHZAISJ-NVDQEQGNSA-N	CCC/C=C\C1=CC=CC=C1/C=C/C(=O)N[C@@H]([C@H](C)O)C(=O)N(C)/C(=C/C2=CC=C(C=C2)O)/C(=O)N[C@@H](CC(C)C)C(=O)N[C@H](CC3=CC=CC=C3)C(=O)N[C@@H](C(C)O)C(=O)N[C@@H](CC(=O)N)C(=O)O	Amino acids and Peptides	Oligopeptides	Linear peptides	false	npclassifier.gnps2.org@2026-09-07
HWBJYDDVFLLLIR-DTQAZKPQSA-N	CC1=[N+](C2=CC=CC=C2C(=C1C/C=C(\C)/CCC=C(C)C)OC)[O-]	Alkaloids	Tryptophan alkaloids|Anthranilic acid alkaloids	Quinoline alkaloids	false	npclassifier.gnps2.org@2026-09-07
HWBSGLPTDQMCRK-UHFFFAOYSA-N	COC(=O)C1=C2C(=CC=C1)OC3=CC=CC=C3C(=O)N2	Polyketides	Aromatic polyketides	Depsidones	false	npclassifier.gnps2.org@2026-09-07
HWCIETDQUHYHGQ-UHFFFAOYSA-N	CCCC(=O)OCN(C(CC(OC(C)=O)C1=NC(=CS1)C(=O)NC(CC(C)C(O)=O)CC1=CC=C(O)C=C1)C(C)C)C(=O)C(NC(=O)C1CCCCN1C)C(C)CC	Amino acids and Peptides	Oligopeptides	Linear peptides	false	npclassifier.gnps2.org@2026-09-07
HWLALZIEGGFXKV-ILWXQJJWSA-N	C[C@H]1C[C@@H]([C@@H]([C@@H]2[C@@H]1[C@]3([C@@H](C=C2)/C(=C\C[C@@H](/C(=C/[C@@H]4C=C([C@@H](C[C@@]45C(=O)C(=C(O5)O)C3=O)C)CO)/C)O[C@H]6C[C@]([C@H]([C@H](O6)C)NC(=O)OC)(C)[N+](=O)[O-])/C)C)O[C@H]7C[C@H]([C@H]([C@@H](O7)C)O)O[C@H]8C[C@H]([C@H]([C@@H](O8)C)O[C@@H]9C[C@H]([C@H]([C@@H](O9)C)OC)O)O[C@H]1C[C@H]([C@H]([C@@H](O1)C)O)O)C	Polyketides	Macrolides	Spirotetronate macrolides	true	npclassifier.gnps2.org@2026-09-07
HWLJLKDUPPGOEO-YNCHCJFZSA-N	CC(C)CC(N/C(C(N[C@H](C(N(C)[C@@H](C)C(N[C@H](C(C)C)C(N[C@H](C(C)C)C(N[C@H](C1=CC=C(O)C=C1)CC(N[C@H](C(C)C)C(N/C(C(N[C@H](CCCNC(N)=N)C(N[C@@H](C(C)C)C(N[C@H](C(C)C)C(N/C(C(N[C@H](C)C(N[C@H](C(C)(O)C)C(NCCCCNC(N)=N)=O)=O)=O)=C(CC)\C)=O)=O)=O)=O)=C(C)\C)=O)=O)=O)=O)=O)=O)C)=O)=C(C)\C)=O	Amino acids and Peptides	Oligopeptides	Linear peptides	false	npclassifier.gnps2.org@2026-09-07
HWLYZRWDCDSFFO-VIJQBOBYSA-N	C=C1C2C(=O)[C@]3(C)C[C@@H]4C(=O)OC[C@]14[C@@]1(CC[C@H]4C(C)(C)OC(=O)C=C[C@]4(C)[C@H]21)C3	Polyketides|Terpenoids	Meroterpenoids	Tetraketide meroterpenoids	false	npclassifier.gnps2.org@2026-09-07
HWQJAFBCCSCJPX-UHFFFAOYSA-N	CCCCCCCCCC(=O)NC1COC(=O)C(COC(=O)C(COC(=O)C(COC1=O)NC(=O)C1=CC=CC(O)=C1O)NC(=O)C1=CC=CC(O)=C1O)NC(=O)C1=CC=CC(O)=C1O	Polyketides			false	npclassifier.gnps2.org@2026-09-07
HWSQVPGTQUYLEQ-KHGBAPSLSA-N	CC[C@@H](C)\C=C\C1=CC2=C(Cl)C(=O)[C@@]3(C)OC(=O)C(C(=O)[C@@H](C)[C@@H](C)O)=C3C2=CO1	Polyketides	Chromanes	Azaphilones	false	npclassifier.gnps2.org@2026-09-07
HXCHCVDVKSCDHU-IXTZGUNISA-N	CCN[C@H]1CO[C@H](C[C@@H]1OC)O[C@@H]2[C@H]([C@@H]([C@H](OC2O[C@H]3C#C/C=C\C#C[C@]\4(CC(=O)C(=C3/C4=C\CSSSC)NC(=O)OC)O)C)NO[C@H]5C[C@@H]([C@@H]([C@H](O5)C)SC(=O)C6=C(C(=C(C(=C6OC)OC)O[C@H]7[C@@H]([C@@H]([C@H]([C@@H](O7)C)O)OC)O)I)C)O)O	Polyketides	Macrolides	Enediynes	true	npclassifier.gnps2.org@2026-09-07
HXCSJGHKDZKLKV-KCTIBYJUSA-N	CO[C@H]1C[C@](C)(O)[C@H](C(=O)OC)C2=C1C(O)=C1C(=O)C3=C(O)C=C4C(O[C@@H]5O[C@@]4(C)[C@H](O)[C@H]([C@@H]5O)N(C)C)=C3C(=O)C1=C2	Polyketides	Polycyclic aromatic polyketides	Anthracyclines	false	npclassifier.gnps2.org@2026-09-07
HXFWPNXPSPZSFJ-KFUBJHMNSA-N	[H][C@@]12CCCNN1C(=O)[C@]([H])(NC(=O)[C@@H](CC1=CC=C(OC)C=C1)NC(=O)[C@@H](NC(=O)[C@@H](NC=O)[C@H](C)CC)[C@@H](C)OC(=O)[C@H](C(C)C)N(C)C(=O)[C@H](CC(C)C)NC2=O)[C@@H](C)CC	Amino acids and Peptides|Polyketides	Oligopeptides	Cyclic peptides|Depsipeptides	false	npclassifier.gnps2.org@2026-09-07
HXKIEUQACANSNK-SBCHTQRNSA-N	C[C@@H]1O[C@H](CC[C@@H]1O)O[C@@H]1C[C@H](O[C@H]2CC[C@H](O[C@@H]3C[C@H](O[C@H]4CC[C@H](O[C@@]5(C)CC(=O)[C@]6(O)C7=C(OC8=C(C=CC([C@H]9C[C@@H](O)[C@H](O[C@H]%10C[C@H](O)C(O[C@H]%11CC[C@H](O[C@@H]%12O[C@@H](C)C(=O)C=C%12)[C@H](C)O%11)[C@H](C)O%10)[C@@H](C)O9)=C8O)C7=O)C=C[C@]6(O)C5)O[C@H]4C)O[C@H](C)[C@H]3O)O[C@H]2C)O[C@H](C)[C@H]1O	Polyketides	Polycyclic aromatic polyketides	Angucyclines	true	npclassifier.gnps2.org@2026-09-07
HXUJSZUFTCICIQ-HDBYJYEHSA-N	CCCCCCC[C@H](O)CC(=O)N[C@H](CC(C)C)C(=O)N[C@H](CC(=O)O)C(=O)N[C@H]1C(=O)N[C@H](CC(C)C)C(=O)N[C@H](CC(C)C)C(=O)N[C@H](CO)C(=O)N[C@@H](CC(C)C)C(=O)N[C@H](CCC(N)=O)C(=O)N[C@@H](CC(C)C)C(=O)N[C@@H](CC(C)C)C(=O)N[C@@H](CCC(=O)O)C(=O)O[C@@H]1C	Amino acids and Peptides|Polyketides	Oligopeptides	Cyclic peptides|Depsipeptides|Lipopeptides	false	npclassifier.gnps2.org@2026-09-07
HXVHPQPZTZUTEG-YPRJHNCXSA-N	C[C@H]1CC[C@@]2([H])[C@](C=C[C@H]([C@@H](/C=C/C(C)=O)[C@@H]3C(N([C@@H](C(O)=O)CO)C)=O)[C@]2(C)C3=O)([H])C1	Polyketides	Cyclic polyketides	Decalins with side chains	false	npclassifier.gnps2.org@2026-09-07
HYFCXAHBKNCCNL-LXCHMAMZSA-N	CC[C@H](C)[C@@H](C(N1C[C@@H](/C=C\C)C[C@H]1C2=O)=O)NC([C@H]([C@@H](C3=CC=CC=C3)C)NC([C@H](NC([C@H]([C@H](C)C4=CC=CC=C4)NC([C@@H]([C@@H](C)O2)NC([C@H](CC(C)C)NC(C5=CC=C(Cl)N5O)=O)=O)=O)=O)C[C@H]6[C@H]([N+]([O-])=O)C6)=O)=O	Amino acids and Peptides|Polyketides	Oligopeptides	Cyclic peptides|Depsipeptides	false	npclassifier.gnps2.org@2026-09-07
HYJDKTCLVOVFBX-AJKNKOHSSA-N	C/C=C1/NC(=O)[C@H](CO)NC(=O)C[C@@H](CCCCC)NC(=O)CNC(=O)[C@@H]2C[C@@H](O)CN2C(=O)[C@@H](CC2=CC=CC=C2)NC(=O)[C@H]([C@@H](C)CC)NC(=O)[C@@H](CC(C)C)NC(=O)[C@@H](CC2=CC=C(O)C=C2)NC(=O)[C@H](CO)NC(=O)[C@@H]2CCCN2C1=O	Amino acids and Peptides	Oligopeptides	Cyclic peptides	false	npclassifier.gnps2.org@2026-09-07
HYMKQHFHDVAFGQ-OZAMFLKISA-N	CC1C2C(=O)CC3(C(O3)C(C)C(=O)OC)C(O2)(OC1C(C)/C=C(\C)/C=C/C(=C4C(=O)CNC4=O)O)C	Polyketides	Linear polyketides	3-oligoenoyltetramic acids	false	npclassifier.gnps2.org@2026-09-07
HYUVPCPBEOBIGN-MISYRCLQSA-N	CC1=CC[C@@]2(CC[C@]3(CCC(=C3[C@H]2CC1)C(C)C)C)C	Terpenoids	Diterpenoids	Cyathane diterpenoids	false	npclassifier.gnps2.org@2026-09-07
HYYDZRXDSYTIEH-MQTRCCAJSA-N	C/C=C(/C(=O)O[C@@H]1[C@H](OC([C@@H]([C@@H]1O[C@@H]2C[C@H]([C@H]([C@H](O2)C)O)OC)O)C3(CC(=O)C(=C(C3=O)C(=O)O)N)O)COC(=O)C)\N=C=S	Carbohydrates	Saccharides	Paulomycins and derivatives	true	npclassifier.gnps2.org@2026-09-07
HZHLPFLQTJCCHS-HFAMINCGSA-N	CCC(=O)CCCCCCCCC[C@H](C)[C@@H]1[C@H](C(=O)N[C@H](C(=O)N/C(=C/C)/C(=O)N[C@H](C(=O)N/C(=C/C)/C(=O)N[C@H](C(=O)N[C@@H](C(=O)N[C@H](C(=O)N([C@H](C(=O)N2CCC[C@H]2C(=O)N1)CC(=O)N)C)[C@@H](C)O)C)CC(=O)N)CC(=O)N)C(C)C)O	Amino acids and Peptides	Oligopeptides	Cyclic peptides	false	npclassifier.gnps2.org@2026-09-07
HZJYMSYXRSCXPH-GZTJUZNOSA-N	CC1/C=C(/C(=O)C2=C3C(=CC(=C2O)C)C(=O)C4=C(C3=O)OC(CN4)(C(=O)C(C1OC(=O)C5=C(C(=CC(=N5)C(=O)NC6=C(OC7=C(C6=O)C=CC(=C7)OC)O)OC8CC(C(C(O8)C)OC)(C)[N+](=O)[O-])O)O)C)\C	Alkaloids	Nicotinic acid alkaloids	Pyridine alkaloids	true	npclassifier.gnps2.org@2026-09-07
HZLMUDOBOCVXQT-YOQBUGDQSA-N	COC[C@H]1O[C@@H](O[C@@H]2OC[C@@H]3O[C@@]4(OC[C@@](O)([C@H](C)OC)[C@@H]5OCO[C@H]54)O[C@H]3[C@H]2OC)[C@@H](OC)[C@@H](O)[C@@H]1O[C@@H]1O[C@H](C)[C@H](OC)[C@H](O[C@H]2C[C@@]3(C)O[C@@]4(C[C@@H](O)[C@H](O[C@H]5C[C@@H](O[C@H]6C[C@](C)([N+](=O)[O-])[C@@H](OC)[C@H](C)O6)[C@H](OC(=O)C6=C(C)C(Cl)=C(O)C(Cl)=C6OC)[C@@H](C)O5)[C@@H](C)O4)O[C@@H]3[C@@H](C)O2)[C@H]1O	Carbohydrates	Saccharides	Orthosomycins	true	npclassifier.gnps2.org@2026-09-07
HZOLEYOVBYTDAS-LUHVKKMXSA-N	C=CC(C)(C)[C@]12C[C@@H]3C(=O)O[C@H](CC4=CC=CC=C4)C(=O)N3[C@H]1N(C)C1=CC=CC=C12	Alkaloids|Amino acids and Peptides	Peptide alkaloids	Other indole diketopiperazine alkaloids	false	npclassifier.gnps2.org@2026-09-07
HZQBTVDHJQJQOP-PYFBZWTESA-N	CCCCC[C@H](CC(N[C@@H](C(N[C@@H](C(O[C@H](CCCCC)CC1=O)=O)CC(C)C)=O)CO)=O)OC([C@H](CO)NC([C@@H](CC(C)C)N1)=O)=O	Amino acids and Peptides|Polyketides	Oligopeptides	Cyclic peptides|Depsipeptides|Lipopeptides	false	npclassifier.gnps2.org@2026-09-07
HZVUHVJYPOXVRG-IVQJDYIOSA-N	C/C=C(\C)/C=C(\C)/CC(C)C1C(C(C/C=C\C=C\C(CC(C(C2=NC(=CS2)/C=C(/C(=O)O1)\C)CO)O)O)O)O				false	npclassifier.gnps2.org@2026-09-07
HZZVJAQRINQKSD-INJCQMSSSA-N	OC\C=C1\O[C@@H]2CC(=O)N2[C@H]1C(O)=O	Amino acids and Peptides	β-lactams|Small peptides	Aminoacids|Clavams	false	npclassifier.gnps2.org@2026-09-07
HZZVJAQRINQKSD-PBFISZAISA-N	C1[C@@H]2N(C1=O)[C@H](/C(=C/CO)/O2)C(=O)O	Amino acids and Peptides	β-lactams|Small peptides	Aminoacids|Clavams	false	npclassifier.gnps2.org@2026-09-07
IAAPVNQZSBLWKH-BFLHYJCASA-N	OC(/C=C\C=C/C=C/C)=O	Fatty acids	Fatty Acids and Conjugates	Unsaturated fatty acids	false	npclassifier.gnps2.org@2026-09-07
IAAUFTNAVRJTIR-UHFFFAOYSA-N	CC(C#CC1=C(C(OC)=CC(C(O)=O)=C1)O)=C	Terpenoids	Meroterpenoids	Miscellaneous meroterpenoids	false	npclassifier.gnps2.org@2026-09-07
IAEFGGKMOTXDSA-DGKNJCPKSA-N	CC1(CC1)[C@@H]2C(=O)O[C@H](C(=O)N3[C@@H](CCCN3)C(=O)N[C@H](C(=O)N[C@@H](C(=O)N4[C@@H](C[C@@]5([C@H]4NC6=C5C=CC(=C6Cl)Cl)O)C(=O)N2)[C@H](CC(=O)O)O)COC)C(C)(C)C	Amino acids and Peptides|Polyketides	Oligopeptides	Cyclic peptides|Depsipeptides	false	npclassifier.gnps2.org@2026-09-07
IAEFGGKMOTXDSA-QLXFUGDFSA-N	CC1(CC1)[C@@H]2C(=O)O[C@H](C(=O)N3[C@@H](CCCN3)C(=O)N[C@H](C(=O)N[C@@H](C(=O)N4[C@@H](C[C@@]5([C@H]4NC6=C5C=CC(=C6Cl)Cl)O)C(=O)N2)[C@@H](CC(=O)O)O)COC)C(C)(C)C	Amino acids and Peptides|Polyketides	Oligopeptides	Cyclic peptides|Depsipeptides	false	npclassifier.gnps2.org@2026-09-07
IAIWBAHUWORDTI-WMZOPIPTSA-N	CN1[C@H](C(=O)N[C@H](C1=O)CC2=CC=CC=C2)CC3=CNC4=C3C(=CC=C4)[N+](=O)[O-]	Amino acids and Peptides	Small peptides	Dipeptides	false	npclassifier.gnps2.org@2026-09-07
IAOJBNMFQKDFKR-UHFFFAOYSA-N	CC1=CC(O)=C2C(=O)OC3=C(O)C4=C(C(=O)O)C=CC=C4OC3C2=C1Cl	Polyketides	Aromatic polyketides	Depsidones	false	npclassifier.gnps2.org@2026-09-07
IAWMODONDSIOEK-VIFPVBQESA-N	C[C@H]1CC2=C(C(=O)C1)C3=C(C=C2)C(=O)C4=C(C=CC(=C4C3=O)O)OC	Polyketides	Polycyclic aromatic polyketides	Angucyclines	false	npclassifier.gnps2.org@2026-09-07
IAYNRQBEAXFHSB-RJGXRXQPSA-N	CC(=O)N(C)[C@H]1[C@@H](C2=CN(C3=CC=CC=C32)C(=O)C4=CC=CC=C4NC(=O)[C@@H]5CCCN5C1=O)O	Alkaloids	Anthranilic acid alkaloids	Benzodiazepine alkaloids	false	npclassifier.gnps2.org@2026-09-07
IBCVKWTVTFWXRD-UHFFFAOYSA-N	COC1=C(CO)C(O)=C(C=O)C(CCO)=C1	Polyketides			false	npclassifier.gnps2.org@2026-09-07
IBEDDHUHZBDXGB-UHFFFAOYSA-N	CCC(C)C(NC(=O)C1CCCCN1C)C(=O)N(COC(=O)CC(C)C)C(CC(OC(C)=O)C1=NC(=CS1)C(=O)NC(CC(C)C(O)=O)CC1=CC=C(O)C=C1)C(C)C	Amino acids and Peptides	Oligopeptides	Linear peptides	false	npclassifier.gnps2.org@2026-09-07
IBOGMHPJDKMKDZ-GJZGRUSLSA-N	NC1=NC2=C([NH]C(OC3=CC=C4C=C3OC3=CC=C(C=C3)C[C@H]3CN[C@H](CN3)C4)=N2)C(=O)[NH]1	Alkaloids	Tetramate alkaloids	Pyrazine and Piperazine alkaloids	false	npclassifier.gnps2.org@2026-09-07
IBPQKXCUPSWGFW-HNSCFVPZSA-N	C[C@H]1OC(=O)[C@H](CCCN(O)C=O)NC(=O)[C@H](CCCN)NC(=O)[C@H](CCCNO)N(C)C(=O)[C@@H]1NC(=O)CCNC(=O)[C@@H]1COC(C2=CC=CC=C2O)=N1	Amino acids and Peptides|Polyketides	Oligopeptides	Cyclic peptides|Depsipeptides|Lipopeptides	false	npclassifier.gnps2.org@2026-09-07
ICHIUSBXAKDGBC-JMAUXVECSA-N	CC[C@H](C)[C@@H]1NC(=O)[C@@H](C(C)C)N(C)C(=O)[C@H](CC2=C[NH]C3=CC=CC=C23)NC(=O)CN(C)C(=O)[C@H]([C@@H](C)CC)N(C)C(=O)[C@@H](C(C)C)NC(=O)CNC(=O)[C@@H](C(C)C)N(C)C(=O)[C@H]([C@@H](C)CC)N(C)C(=O)CN(C)C(=O)[C@H]([C@@H](C)O)N(C)C(=O)[C@@H](C(C)C)N(C)C1=O	Amino acids and Peptides	Oligopeptides	Cyclic peptides	false	npclassifier.gnps2.org@2026-09-07
ICPWKXYVIFCCOW-UHFFFAOYSA-N	COC1C(C)OC(OC(=O)CC(C)CC(=O)OC(CCCCCCCCCCC(C)C)CC(=O)OC2CN(C)C(C(OC3OC(CN)C(O)C3O)C3OC(C(OS(O)(=O)=O)C3O)N3C=CC(=O)NC3=O)C(=O)N(C)C2C(O)=O)C(OC)C1OC	Carbohydrates	Nucleosides	Pyrimidine nucleos(t)ides	true	npclassifier.gnps2.org@2026-09-07
ICRSVVBHIOAZHM-ORLNCPKUSA-N	C[C@H]1CCCC[C@@H](C[C@@H](C[C@@H](OC(=O)C[C@]2(C[C@@H]([C@@H]([C@H](O2)[C@H]([C@@H]([C@H](/C=C\C=C(\[C@H]([C@@H]([C@@H](C[C@H]([C@H](CC[C@@H](C[C@H](C[C@@H](/C=C/C=C\C[C@H](CC(=O)C[C@H](/C=C/C=C\C=C/C[C@@H](C[C@@H](CC1)O)O)O)O)O)O)O)C)O)O)C)O)/C)C)O)C)C)O)O)/C=C/C=C/[C@H](C)CC[C@H](C3=C(C(=O)C=C(C3=O)O)SC)OC)O)O	Polyketides	Macrolides	Polyene macrolides	true	npclassifier.gnps2.org@2026-09-07
ICVOQXUSMXDGEX-UHFFFAOYSA-N	CCC(C)CCC(=O)C1=C(C)C(O)=C2C(=O)C(=O)C3C(O)=CC=CC3C2=C1	Polyketides			false	npclassifier.gnps2.org@2026-09-07
ICZVDXDXJQCDOJ-UHFFFAOYSA-N	CC1=C(C=C2C(=C1OC)CNC2=O)O	Alkaloids	Pseudoalkaloids	Isoindole alkaloids	false	npclassifier.gnps2.org@2026-09-07
IDBIFFKSXLYUOT-UHFFFAOYSA-N	CN1C=C(NC(=O)C2=CC(NC(=O)CNC(N)=N)=CN2C)C=C1C(=O)NCCC(N)=N	Alkaloids	Peptide alkaloids	Simple amide alkaloids	false	npclassifier.gnps2.org@2026-09-07
IDDKYWGBXFPXSV-JLVGNTQSSA-N	O=C(CNC([C@](O)(C)C1=O)=O)NC(/C=C/C(N(C)CC(O[C@@H](CCCCCCCCCCCCCC)[C@@H]1C)=O)=O)=C	Amino acids and Peptides|Polyketides	Oligopeptides	Cyclic peptides|Depsipeptides|Lipopeptides	false	npclassifier.gnps2.org@2026-09-07
IDGRYIRJIFKTAN-HTJQZXIKSA-N	CC(=O)OC[C@]12[C@H](O)C(=O)C(C)=C[C@H]1O[C@@H]1[C@H](O)C[C@@]2(C)[C@]12CO2	Terpenoids	Sesquiterpenoids	Trichothecane sesquiterpenoids	false	npclassifier.gnps2.org@2026-09-07
IDQDOHKLXZSZIG-VQJCRCMASA-N	CC[C@H]1NC(=O)CNC(=O)[C@](C)(C(C)=O)NC(=O)[C@H](CC2=CNC3=C2C(OC)=CC=C3)NC(=O)C2=CSC(=N2)[C@@H](C)NC(=O)CN(C)C(=O)/C(=C/CO)NC1=O	Amino acids and Peptides	Oligopeptides	Cyclic peptides	false	npclassifier.gnps2.org@2026-09-07
IDRYSCOQVVUBIJ-PPGFLMPOSA-N	CC[C@H]1OC(=O)[C@H](C)[C@@H](O[C@H]2C[C@@](C)(OC)[C@@H](O)[C@H](C)O2)[C@H](C)[C@@H](O[C@@H]2O[C@H](C)C[C@@H]([C@H]2O)N(C)C)[C@](C)(O)C[C@@H](C)C(=O)[C@H](C)[C@@H](O)[C@H]1C	Polyketides	Macrolides	Erythromycins	true	npclassifier.gnps2.org@2026-09-07
IEFDGMYAIUSBCB-XFQUWVNJSA-N	CC[C@H](C)[C@@H]1NC(=O)[C@H](CC(C)C)NC(=O)[C@H](CSSC[C@H](NC(=O)[C@H](CC2=CC=CC=C2)NC1=O)C(O)=O)NC(=O)[C@H](CCC(N)=O)NC(=O)[C@H](CCCCN)NC(=O)[C@H](CC(N)=O)NC(=O)[C@H](CC1=CC=C(O)C=C1)NC(=O)[C@@H]1CCC(=O)NCC(=O)NCC(=O)NCC(=O)NCC(=O)N[C@@H](CCCNC(N)=N)C(=O)NCC(=O)N[C@@H](CC2=CC=C(O)C=C2)C(=O)N1	Amino acids and Peptides	Oligopeptides	Cyclic peptides|RiPPs-Lasso peptides	false	npclassifier.gnps2.org@2026-09-07
IEFYCSJEOWDFHY-UHFFFAOYSA-N	CCCC(CC(CCC)=C)=C	Fatty acids			false	npclassifier.gnps2.org@2026-09-07
IEINAOONOAUQPK-XKRAJOFMSA-N	C[C@]12CCCC([C@@H]1CCC(=C)[C@@H]2C[C@]34[C@H](O3)C(=O)C(=CC4=O)CO)(C)C	Polyketides|Terpenoids	Meroterpenoids	Tetraketide meroterpenoids	false	npclassifier.gnps2.org@2026-09-07
IEKCRWAFVYJECW-TYVWEWQESA-N	CO[C@H]1C(NC(=O)[C@@H](CC2=CNC3=CC=CC=C23)N(C)C(=O)[C@H](C)NC(=O)[C@@H](C)CC(C)=C[C@H](C)[C@@H](C)OC1=O)C1=CC=C(O)C=C1	Amino acids and Peptides|Polyketides	Oligopeptides	Cyclic peptides|Depsipeptides	false	npclassifier.gnps2.org@2026-09-07
IEOJIRDILUIJKB-YCPJBFQXSA-N	O/C(CCCCCCCCC)=C(C(N1[C@@]2([H])CCC1)=O)/C2=O	Amino acids and Peptides|Polyketides	Linear polyketides		false	npclassifier.gnps2.org@2026-09-07
IFASIJVLMUACLJ-OOAOULESSA-N	C/C=C([C@H]1[C@@H](/C=C/C=C([C@@H](O)[C@H](CO)C)\C)[C@]2([H])CC=C(C)C[C@@]2([H])[C@H]3[C@]1(C)O3)\C	Polyketides	Cyclic polyketides	Decalins with side chains	false	npclassifier.gnps2.org@2026-09-07
IFFMOWIJJAFQJN-HINBXAKRSA-N	OC1=C2C(=O)OC(\C=C\C=C\C3=CC=CC=C3)=CC2=CC=C1	Shikimates and Phenylpropanoids	Coumarins	Isocoumarins	false	npclassifier.gnps2.org@2026-09-07
IFMKNIBYCZVNTE-GHMZBOCLSA-N	C[C@@H]1[C@H](OC2=C(C1=O)C(=C3C(=C2)C(=C(C=C3O)O)C4=C5C=C6C(=C(C=C(O6)C)O)C(=C5C(=CC4=O)O)O)O)C	Polyketides	Naphthalenes	Bisnaphthalenes	false	npclassifier.gnps2.org@2026-09-07
IFMRYYCIFWWPAK-VNTMZGSJSA-N	CC(=O)N[C@@H](CCCN(O)C=O)C(=O)N[C@H](CCCN=C(N)N)C(=O)N(O)CCC[C@H]1NC(=O)[C@H](CCCN(O)C=O)NC1=O	Amino acids and Peptides	Oligopeptides	Linear peptides	false	npclassifier.gnps2.org@2026-09-07
IGQLDUYTWDABFK-UHFFFAOYSA-N	CC1=CC2=C(C=C1N(C)C)N(C3=NC(=O)NC(=O)C3=N2)CC(C(C(CO)O)O)O	Alkaloids	Pseudoalkaloids	pteridine alkaloids	false	npclassifier.gnps2.org@2026-09-07
IGQXNKDXMPSELX-BIAKFKOBSA-N	O=C1CCC(O)(C(O)=O)N1[C@@H](C)C(NCCOC(C[C@](C(O)=O)(O)CC(O)=O)=O)=O	Amino acids and Peptides			false	npclassifier.gnps2.org@2026-09-07
IHIARQAFKOOAQT-OAQYLSRUSA-N	CNC(=O)[C@]1(O)C2=C(NC3=C2C=C(Cl)C=C3)C2=C(OC)C3=C(C=CC(Cl)=C3)N2C1=O	Alkaloids	Tryptophan alkaloids	Carbazole alkaloids	false	npclassifier.gnps2.org@2026-09-07
IHJVJWQYVQWURS-HKALDPMFSA-N	C[C@@H]1NC(=O)C(CC2=CNC3=C2C=CC=C3CC=C(C)C)NC1=O	Alkaloids|Amino acids and Peptides	Peptide alkaloids	Indole diketopiperazine alkaloids (L-Trp, L-Ala)	false	npclassifier.gnps2.org@2026-09-07
IHUHIFKVCBIAMM-QDSRYJPQSA-N	CN1C(=O)SC2=C1C(C1=CC=CC=C1)=C(O[C@@H]1O[C@@H]([C@@H](O)[C@H](O)[C@H]1O)C(O)=O)C(O)=C2C1=CC=CC=C1	Shikimates and Phenylpropanoids	Terphenyls	p-Terphenyls	true	npclassifier.gnps2.org@2026-09-07
IHVXCLXQTOSBMJ-FINQWCIQSA-N	[H][C@]1(NC(=O)[C@@](C)(O)[C@@]2(O)CC[C@H](C[C@@H](C)CC)[C@@H](CC)O2)[C@@H](OC(=O)[C@]([H])(C(C)C)N(O)C(=O)[C@H]2N(CC[C@@]2(C)O)C(=O)[C@H]2C[C@@H](O)CNN2C(=O)[C@H](C)N(O)C(=O)[C@H]2CCCNN2C1=O)C(C)C	Amino acids and Peptides|Polyketides	Oligopeptides	Cyclic peptides|Depsipeptides	true	npclassifier.gnps2.org@2026-09-07
IHWQOSNPTRXOEB-UPYCPYLXSA-N	C[C@@H]1C[C@@H]2C3C[C@H]4/C=C/C(=C5C(=O)[C@H](CCCNC(=O)/C=C\C[C@@H]4C3[C@@H]6[C@@H](C2C1[C@H](C)OC)O6)NC5=O)O	Amino acids and Peptides|Polyketides	Macrolides	Macrocyclic tetramic acids	false	npclassifier.gnps2.org@2026-09-07
IHZPBBLBWDEMKS-PDEVRGGCSA-N	C[C@@]1(CSC(=N1)C[C@@H]([C@@H]2CS[C@@H](N2)[C@H]3CSC(=N3)C4=CC=CC=C4O)O)C(=O)O	Alkaloids	Serine alkaloids	Thiazole alkaloids	false	npclassifier.gnps2.org@2026-09-07
IIAGTWVBMJDMAG-ZSUMOKISSA-N	CCCC(O)C(O)C(=O)N[C@@H](CO)C(=O)N[C@@H]([C@@H](C)O)C(=O)N[C@@H](CC1=CNC2=C1C=CC=C2)C(=O)N[C@@H](CC(O)=O)C(=O)N[C@@H](CC(O)=O)C(=O)N[C@@H](C(=O)N[C@@H](CC(O)=O)C(=O)NCC(=O)N[C@H](C(O)CON)C(=O)N[C@@H](CCC(O)=O)C(=O)N[C@@H](CC1=CNC2=C1C=CC=C2)C(O)=O)C1=CC=C(O)C=C1	Amino acids and Peptides	Oligopeptides	Linear peptides	false	npclassifier.gnps2.org@2026-09-07
IICWYULLSXTOGT-RBZQAINGSA-N	CCCCCCCCCCCCCC(N[C@H](CC(C)C)C(N[C@@H](C)C(N[C@H](CCCNC(N)=O)C(N)=O)=O)=O)=O	Fatty acids	Fatty amides	N-acyl amines	false	npclassifier.gnps2.org@2026-09-07
IIKCGQWDQVJPMD-UHFFFAOYSA-N	CC1CC(=O)C2=C(O1)C=C3C(=C2O)C(=CC(=C3C4=C5C=C6C(=C(C=C(O6)C)O)C(=C5C(=CC4=O)O)O)O)O	Polyketides	Naphthalenes	Bisnaphthalenes	false	npclassifier.gnps2.org@2026-09-07
IILFLSBOKMRRSB-ZAOZOUAOSA-N	C[C@H](CO)C1CC[C@@]2(C)C/C=C(C)/CC/C=C(C)/CC[C@H](O)/C(C)=C/CC21	Terpenoids	Diterpenoids	Cembrane diterpenoids|Dolabellane diterpenoids	false	npclassifier.gnps2.org@2026-09-07
IIPVSGPTPPURBD-HAOIVFDCSA-N	CCCCCCCC(=O)C1=C2C=C3C=C(OC=C3C(=O)[C@]2(C)OC1=O)\C=C\C	Polyketides	Chromanes	Azaphilones	false	npclassifier.gnps2.org@2026-09-07
IIQOUDJDCRTCJY-MBNYWOFBSA-N	CCC1=CC(=O)[C@@]2([C@@H]1CC=C(C[C@@H]2O)C)C	Terpenoids	Sesquiterpenoids	Daucane sesquiterpenoids	false	npclassifier.gnps2.org@2026-09-07
IISFMDXWSLAHAO-JVWXHALYSA-N	CC(=O)[C@H]1[C@@H]2C=C[C@@H]3/C=C/C=C/C(=O)NCCC[C@@H]4NC(=O)C(=C(O)/C=C/C=C/[C@@H]3[C@H]2C[C@H]1C)C4=O	Amino acids and Peptides|Polyketides	Macrolides	Macrocyclic tetramic acids	false	npclassifier.gnps2.org@2026-09-07
IIWPVOMPFBBVBL-UHFFFAOYSA-N	COC(=O)C1=C2C(=C(C=C1)O)NC3=C(C(=CC(=O)C3=N2)O)C=O	Alkaloids	Anthranilic acid alkaloids	Phenazine alkaloids	false	npclassifier.gnps2.org@2026-09-07
IJASURGZDJYQGF-UBZSBTAVSA-N	C=C1C[C@](OC)([C@H](O)C(=O)NC2OCO[C@H]3[C@@H]2O[C@H](CC(O)CO)C(C)(C)[C@@H]3OC)O[C@H](C)[C@@H]1C	Polyketides	Linear polyketides	Open-chain polyketides	true	npclassifier.gnps2.org@2026-09-07
IJEJDCXOVNHHAX-CMWLGVBASA-N	CC(=C)[C@H]1C[C@@H](Cl)[C@@](C)(C=C)[C@H]([N+]#[C-])[C@@H]1C1=CNC2=C1C=CC=C2	Alkaloids	Tryptophan alkaloids	Hapalindole alkaloids|Simple indole alkaloids	false	npclassifier.gnps2.org@2026-09-07
IJKDECQEZBZGBZ-HRUAGVTDSA-N	CCCCCCC[C@@H](O)CC(=O)NCC(=O)N[C@@H](C(=O)N[C@@H](CO)C(=O)N[C@@H](C(=O)N[C@H](CCCN(O)N=O)C(=O)N[C@@H](C)C(=O)N[C@H](CCCN(O)N=O)C(=O)O)[C@@H](C)O)[C@@H](O)C(=O)O	Amino acids and Peptides	Oligopeptides	Linear peptides|Lipopeptides	false	npclassifier.gnps2.org@2026-09-07
IJODRMYZNYTFTC-UHFFFAOYSA-N	C1=C(C=C(C(=C1Cl)O)C(=O)C2=C(C(=C(N2)Cl)Cl)Cl)Cl	Alkaloids	Proline alkaloids	Pyrrole alkaloids	false	npclassifier.gnps2.org@2026-09-07
IJSNCWAAHIVVGJ-XVMARJQXSA-N	C[C@@H]([C@H]([C@](C)(CC=O)N)O)O	Carbohydrates	Aminosugars and aminoglycosides	Aminosugars	false	npclassifier.gnps2.org@2026-09-07
IJZRVDQHULAERX-NVQXNPDNSA-N	C#CCCCC(=CCl)CC[C@@H](C)C=CCCC(=O)N(C)[C@@H](CC1=CC=C(OC)C=C1)C(=O)OC	Polyketides	Linear polyketides	Open-chain polyketides	false	npclassifier.gnps2.org@2026-09-07
IKCYQZGLTBAIOD-UHFFFAOYSA-N	NCCCCNC(=O)C(CCCCNC(=O)C1=C(O)C(O)=CC=C1)NC(=O)C1=C(O)C(O)=CC=C1	Alkaloids	Ornithine alkaloids	Polyamines	false	npclassifier.gnps2.org@2026-09-07
IKGQCCPKYXSKJK-UHFFFAOYSA-N	OC1=CC=C(CC(C(O)=O)NC(C2N(C(C(NC(C3CCCN3C(CC(CCCCCCC([H])[H])N)=O)=O)CCC4=CC=C(O)C=C4)=O)CCC2)=O)C=C1	Amino acids and Peptides	Oligopeptides	Linear peptides|Lipopeptides|Microginins	false	npclassifier.gnps2.org@2026-09-07
IKMBHYDVZYDFLO-CUDJSNFSSA-N	CC[C@H](C)[C@@H]1NC(=O)[C@H](CC2=CC=CC=C2)NC(=O)CNC(=O)C[C@@H](C(=O)N[C@H](C(=O)N[C@@H](CC2=CC=CC=C2)C(=O)NCC(=O)N[C@@H](CC2=CN=C[NH]2)C(=O)N[C@@H](CC2=CC=C(O)C=C2)C(=O)NCC(=O)NCC(=O)O)[C@@H](C)CC)NC(=O)[C@H](CCCCN)NC(=O)CNC(=O)[C@H](CC2=C[NH]C3=CC=CC=C23)NC(=O)CNC1=O	Amino acids and Peptides	Oligopeptides	RiPPs-Lasso peptides	false	npclassifier.gnps2.org@2026-09-07
IKMDAJQFLYGHII-UHFFFAOYSA-N	Cc1c(c(n2c(cnc2c1Br)CSCCO)C)Br	Alkaloids			false	npclassifier.gnps2.org@2026-09-07
IKRSTJGYJNFCFV-UHFFFAOYSA-N	OC(C1N(C(C(NC(C2CCCN2C(CC(CCCCCCC([H])[H])N)=O)=O)CCC3=CC=C(O)C=C3)=O)CCC1)=O	Amino acids and Peptides	Oligopeptides	Linear peptides|Lipopeptides	false	npclassifier.gnps2.org@2026-09-07
IKZMQODPBFEJGI-KCFSDCCJSA-N	CCCCCCCCC[C@@H](O)CC(=O)N[C@@H](CC(C)C)C(=O)N[C@@H](CC(C)C)C(=O)N[C@H](CCC(N)=O)C(=O)N[C@@H](CC(C)C)C(=O)N[C@H](CO)C(=O)N[C@H](C(=O)N[C@H](CC(C)C)C(=O)N[C@@H](CC(C)C)C(=O)O)[C@@H](C)CC	Amino acids and Peptides	Oligopeptides	Linear peptides	false	npclassifier.gnps2.org@2026-09-07
ILERJFNLFYIAKP-FUOCDPTESA-N	CCC1=C[C@H]2C[C@@H]3[C@@H]([C@H]2[C@@H]1CO)CC[C@H]\4[C@H]3C/C=C\C(=O)NCCC[C@H]5C(=O)C(=C(/C=C4)O)C(=O)N5	Amino acids and Peptides|Polyketides	Macrolides	Macrocyclic tetramic acids	false	npclassifier.gnps2.org@2026-09-07
ILFKIASPGGMGOF-CUJSTGIPSA-N	CC[C@@](C)(NC(=O)[C@H](CC(C)C)NC(=O)CNC(=O)C(C)(C)NC(=O)C(C)(C)NC(=O)C(C)(C)NC(=O)C(C)(C)NC(=O)[C@@H](NC(C)=O)C(C)C)C(=O)NC(C)(C)C(=O)N1C[C@H](O)C[C@H]1C(=O)NC(CCC(N)=O)C(=O)N[C@](C)(CC)C(=O)N1C[C@H](O)C[C@H]1C(=O)NC(C)(C)C(=O)N[C@H](CO)CC1=CC=CC=C1	Amino acids and Peptides	Oligopeptides	Linear peptides|Peptaibols	false	npclassifier.gnps2.org@2026-09-07
ILXKQRDNVWVVRS-JPAFITIJSA-N	O=C(N(C)[C@@H](CC(C)C)C(N[C@@H](C(C)C)C(N[C@H]([C@@H](C)O)C(N[C@@H](C)C(C1(OC1)C)=O)=O)=O)=O)CCCCCC(C)C	Amino acids and Peptides	Oligopeptides|Small peptides	Linear peptides|Tripeptides	false	npclassifier.gnps2.org@2026-09-07
ILZBYZQNJIYYNP-TUWFYMLYSA-N	CCC(C)C(=O)O[C@H]1[C@H]2[C@](O2)(C(=O)C3=CC(=C4C5=C(C=CC=C5O)C(=O)C4=C13)O)C	Polyketides	Polycyclic aromatic polyketides	Angucyclines	false	npclassifier.gnps2.org@2026-09-07
IMDZUSRGYMHNJZ-DAPLHNFJSA-N	C[C@H]1[C@H](CC[C@@H](O1)OC23C(=O)C(C(CC2(C(=CC4=C3C(=O)C5=C(C4=O)C(=CC=C5)O)S[C@@H]6[C@H]([C@@H]([C@H](O[C@@H]6O[C@@H]7[C@@H]([C@H]([C@@H]([C@H](O7)CO)O)O)O)CO)O)O)O)(C)O)O)O	Polyketides	Polycyclic aromatic polyketides	Angucyclines|Anthraquinones and anthrones	true	npclassifier.gnps2.org@2026-09-07
IMLJRZZCCDBCEP-UHFFFAOYSA-N	CC1(C)CCC=C(C2=CC=C(C(O)=O)C=C2)C1O	Terpenoids			false	npclassifier.gnps2.org@2026-09-07
IMNRJRPWAJLJKF-WMZOPIPTSA-N	O=C1C2=C(C(O)=CC(O)=C2)N[C@@H](C3=CNC4=C3C=CC=C4)[C@@]5([H])N1CCC5	Alkaloids	Anthranilic acid alkaloids	Benzodiazepine alkaloids	false	npclassifier.gnps2.org@2026-09-07
IMORFARNICQOLW-MALXFZROSA-N	C[C@]12C(=O)N3[C@@H]4[C@@](C[C@@]3(C(=O)N1C)SS2)(C5=CC=CC=C5N4)C67[C@@H]([C@]89C(=O)N([C@](C(=O)N8[C@H]6NC1=CC=CC=C71)(SS9)C)C)O	Alkaloids|Amino acids and Peptides	Peptide alkaloids	Indole diketopiperazine alkaloids (L-Trp, L-Ala)	false	npclassifier.gnps2.org@2026-09-07
IMQSIXYSKPIGPD-YQRUMEKGSA-N	CCCCC[C@H]([C@@H]1[C@H](C[C@H](C[C@H](C[C@H](C[C@H](C[C@H](C[C@@H](/C(=C/C=C/C=C/C=C/C=C/[C@@H]([C@H](OC1=O)C)O)/C)O)O)O)O)O)O)O)O	Polyketides	Macrolides	Polyene macrolides	false	npclassifier.gnps2.org@2026-09-07
IMXKHFILKMPFGB-DIFJVPAQSA-N	C=C1C(=O)N[C@@H](C)C(=O)N(C)[C@@H](C)C(=O)N[C@@H]([C@H](OC(=O)[C@@H](NC(=O)CC)[C@H](O)C(C)C)C(C)C)C(=O)N(C)[C@@H]([C@@H](C)OC)C(=O)O[C@H](C(C)C)[C@@H](NC(C)=O)C(=O)O[C@H](CC2=CC=CC=C2)C(=O)N1C	Amino acids and Peptides|Polyketides	Oligopeptides	Cyclic peptides|Depsipeptides	false	npclassifier.gnps2.org@2026-09-07
IMXKHFILKMPFGB-ZWYWTTNJSA-N	CCC(=O)N[C@@H]([C@@H](C(C)C)O)C(=O)O[C@@H]([C@H]1C(=O)N([C@H](C(=O)O[C@@H]([C@@H](C(=O)O[C@@H](C(=O)N(C(=C)C(=O)N[C@H](C(=O)N([C@H](C(=O)N1)C)C)C)C)CC2=CC=CC=C2)NC(=O)C)C(C)C)[C@@H](C)OC)C)C(C)C	Amino acids and Peptides|Polyketides	Oligopeptides	Cyclic peptides|Depsipeptides	false	npclassifier.gnps2.org@2026-09-07
INDHOTAYTXVPSZ-VIFPVBQESA-N	C[C@H]1CC2=CC(=C3C(=C2C(=O)C1)C(=O)C4=C(C3=O)C(=CC=C4)OC)O	Polyketides	Polycyclic aromatic polyketides	Angucyclines	false	npclassifier.gnps2.org@2026-09-07
INFZKNGDHJIHQW-LDDRKRPBSA-N	CC1C\C=C\C=C\C=C(/C)\C=C\C=C\C=C\[C@H](O)C[C@H](O)C(O)[C@H](O)C(C)\C=C\C=C\C(=O)N1	Amino acids and Peptides|Polyketides	Macrolides	Macrolide lactams	false	npclassifier.gnps2.org@2026-09-07
IOBWMUZXCVXZEC-NFPJALKISA-N	CO[C@H]1[C@H](O[C@H]2C[C@H](O)[C@@H](O)[C@H](C)O2)C2=C(C=C3C(=O)C4=C(C(O)=CC(OC)=C4)C(=O)C3=C2O)C(=O)[C@@]1(C)O	Polyketides	Polycyclic aromatic polyketides	Angucyclines|Anthraquinones and anthrones	true	npclassifier.gnps2.org@2026-09-07
IOQJCTXUSYHBRM-UHFFFAOYSA-N	O=C1OC(=CC(O)=C1CCCCCCCCCCC(C)C)CC(C)C	Polyketides	Cyclic polyketides	2-pyrone derivatives	false	npclassifier.gnps2.org@2026-09-07
IOYVXXQKVQKQIG-UHFFFAOYSA-N	CC(=C1CCC23C1CCC(C(C2)OC3)(C(=O)O)O)C	Terpenoids	Sesquiterpenoids	Daucane sesquiterpenoids	false	npclassifier.gnps2.org@2026-09-07
IPHITBYESVEIQT-OQOKJIHQSA-N	CCCC[C@@H](C)[C@@H](OC(=O)C[C@@H](CC(=O)O)C(=O)O)[C@H](C[C@@H](C)C[C@H](O)CCCC[C@@H](O)C[C@H](O)CN)OC(=O)C[C@@H](CC(=O)O)C(=O)O	Polyketides	Linear polyketides	Open-chain polyketides	false	npclassifier.gnps2.org@2026-09-07
IPNWRFDCQUHSRD-JOLOJFPGSA-N	CCCCCCC/C(O)=C1\C(=O)[C@@H]2CCCCN2C1=O	Alkaloids|Amino acids and Peptides|Polyketides			false	npclassifier.gnps2.org@2026-09-07
IPQFTLZJZZJBFU-FOQVSZDDSA-N	O[C@H](CCCCCCCC/C=C/CCC[C@H]1C)[C@H](O)[C@@H](O2)[C@H]2[C@@H](O)C/C=C/C(O1)=O	Fatty acids|Polyketides	Macrolides		false	npclassifier.gnps2.org@2026-09-07
IPQOAJQXCZEYLK-UHFFFAOYSA-N	C(C1C(=C(C(=O)N1)C(=O)CC(C(=O)O)(C(=O)O)NC(=O)C(CO)N)O)N	Amino acids and Peptides	Small peptides	Dipeptides	false	npclassifier.gnps2.org@2026-09-07
IPSPUQFSLMOERD-UHFFFAOYSA-N	CCC(C)C1C(=O)OC(C(C(=O)NC(C(=O)NC2CCC(N(C2=O)C(C(=O)N(C(C(=O)N1)CC3=CC=CC=C3)C)C(C)CC)O)CCC4=CC=C(C=C4)O)NC(=O)C(CCC5=CC=C(C=C5)O)NC(=O)C(COS(=O)(=O)O)OC)C	Amino acids and Peptides|Polyketides	Oligopeptides	Ahp-containing cyclodepsipeptides|Cyclic peptides|Depsipeptides	false	npclassifier.gnps2.org@2026-09-07
IPZGNBNNEDCXBK-KWKAUDIHSA-N	CC1C(C(=O)NC(C(=O)NC(C(=O)NC(C(=O)NC(C(=O)NC(C(=O)NC(C(=O)NC(C(=O)NC(C(=O)NC(C(=O)NC(C(=O)NC(C(=O)NCC(=O)NC(C(=O)NC(C(=O)NC(C(=O)O1)C2=CC=C(C=C2)O)C)CC3CN=C(N3)N)C4=CC(=C(C(=C4)Cl)O)Cl)CO)C5=CC=C(C=C5)O)CC6CN=C(N6)N)CCCNC(=O)N)C(C)O)C7=CC=C(C=C7)O)C8=CC=C(C=C8)O)C(C)O)CCCN)C9=CC=C(C=C9)O)NC(=O)C(CC(=O)O)NC(=O)/C=C/C=C/CCCCC(C)C	Amino acids and Peptides|Polyketides	Oligopeptides	Cyclic peptides|Depsipeptides	false	npclassifier.gnps2.org@2026-09-07
IQIGYVQQRKFGLN-HSYVCWSSSA-N	CN1[C@H](C(=O)N2[C@H](C1=O)C[C@@]3([C@H]2NC4=CC=CC=C43)[C@@]56C[C@H]7C(=O)N([C@H](C(=O)N7[C@@H]5NC8=CC=CC=C68)CC9=CC=CC=C9)C)CC1=CC=CC=C1	Amino acids and Peptides	Oligopeptides	Cyclic peptides	false	npclassifier.gnps2.org@2026-09-07
IQKCBJLWCVXJOG-CXUHLZMHSA-N	CC(C)(C=C)C12C=C(C(=O)N\3C1(NC4=CC=CC=C24)NC(=O)/C3=C\C5=CN=CN5)O	Alkaloids	Histidine alkaloids	Imidazole alkaloids	false	npclassifier.gnps2.org@2026-09-07
IQKSHFZTCNUYOT-UHFFFAOYSA-N	C1CC(C)(C)CC(C2CC=C(C(=O)O)CC2)=C1	Terpenoids	Sesquiterpenoids	Bicyclogermacrane sesquiterpenoids	false	npclassifier.gnps2.org@2026-09-07
IQLRDTYLDFKBLR-KJURRLFSSA-N	[H][C@@]12C[C@@H](C)CC[C@@]1([H])[C@]1(C)C(=O)C3=C(O)[C@@]4(C[C@@H](C[C@@H](C)O)C(CO)=C[C@@]4(C)C\C=C\[C@@H](C)[C@]1([H])C=C2)OC3=O	Amino acids and Peptides|Polyketides	Macrolides	Spirotetronate macrolides	false	npclassifier.gnps2.org@2026-09-07
IQMGJYUXYHZXJF-ANHCEPLNSA-N	[H]N[C@@H](CC1=CC=CC=C1)C(N/C(C(N[C@@H]2C(N[C@@H](CC3=CN=CN3)C(NC(C(N[C@H](C(N[C@@H](CSC2)C(N[C@@H]4C(N5CCC[C@H]5C(NCC(N[C@@H](CSCC4)C(N[C@]([C@@H](C)CC)([H])C(N[C@@H]6C(NCC(N[C@H](C(N[C@H](C(N[C@@H](CCSC)C(NCC(N[C@@H](CSCC6)C(N[C@@H](CC7=CN=CN7)C(N[C@]([C@@H](C)CC)([H])C(N[C@H](C(N[C@@H]8C(N[C@]([C@@H](C)CC)([H])C(NCC(N[C@@H](CSC8)C(N[C@H](C(N[C@H](C(N[C@@H](CC9=CN=CN9)C(N[C@]([C@@H](C)CC)([H])C(N[C@H](C(N[C@]([H])(C(NC(C(N[C@H](C(O)=O)CCCCN)=O)=C)=O)[C@H](CC)C)=O)CC%10=CN=CN%10)=O)=O)=O)C(C)C)=O)CC(N)=O)=O)=O)=O)=O)=O)CCC(N)=O)=O)=O)=O)=O)=O)=O)CC(C)C)=O)C(C)C)=O)=O)=O)=O)=O)=O)=O)=O)=O)CC(C)C)=O)=C)=O)=O)=O)=C\C)=O	Amino acids and Peptides	Oligopeptides	RiPPs-Lanthipeptides	false	npclassifier.gnps2.org@2026-09-07
IQPCVCCHGSBSRI-UCWKTGAJSA-N	N[C@@H](CCCNC(N)=N)C(N[C@H](CC(C)C)C(N[C@@H](CCCNC(N)=N)C(N[C@@H](CCCNC(N)=N)C(N[C@H](CCCNC(N)=N)C(NCCC1=CC=CC=C1)=O)=O)=O)=O)=O	Alkaloids	Ornithine alkaloids		false	npclassifier.gnps2.org@2026-09-07
IQVNREJWRXOHEO-UHFFFAOYSA-N	CC(C)(C=C)C12CC3N(C1NC1=CC=CC=C21)C(=O)C(CC1=CN=CN1)NC3=O	Alkaloids|Amino acids and Peptides	Peptide alkaloids	Other indole diketopiperazine alkaloids	false	npclassifier.gnps2.org@2026-09-07
IRCLZBUBOWPFCH-ONJZCGHCSA-N	[H][C@@]12CC3=C(C(O)=C4C(O)=C(C)C=CC4=C3C)C(=O)[C@]1(O)C(=O)C(C(C)=O)=C(O)[C@@H]2N	Polyketides	Polycyclic aromatic polyketides	Tetracyclines	false	npclassifier.gnps2.org@2026-09-07
IRTHRFHLWVUXGK-KDZXLANOSA-N	C[C@H]1[C@@H]([C@H]([C@H]([C@@H](O1)O[C@@H]2[C@H]([C@@H]([C@H](O[C@H]2OC3=C4C=C5C=C3OC6=C(C=C(C=C6)[C@H]([C@H]7C(=O)N[C@@H](C8=C(C(=CC(=C8)O)O[C@@H]9[C@H]([C@H]([C@@H]([C@H](O9)CO)O)O)O)C1=C(C=CC(=C1)[C@H](C(=O)N7)NC(=O)[C@@H]5NC(=O)[C@@H](NC(=O)[C@@H]([C@@H](C1=CC=C(O4)C=C1)O)NC(=O)C(=O)C1=CC(=C(C=C1)O)Cl)CC1=CC=CC=C1)O)C(=O)O)O[C@H]1C[C@@H]([C@H]([C@@H](O1)C)OC)N)Cl)CO)O)O)O)O)O	Amino acids and Peptides	Oligopeptides	Vancomycins and Teicoplanins	true	npclassifier.gnps2.org@2026-09-07
ISBIDCLRYLGPPC-UHFFFAOYSA-N	CC(OC(=O)CCCCC(Cl)CCCCCC(Cl)Cl)C(=O)O	Fatty acids	Fatty esters	Fatty acid estolides	false	npclassifier.gnps2.org@2026-09-07
ISFVAVZOVOHZSB-IUWWWGALSA-N	CCCC[C@H]1CCCC[C@@H]([C@H](C2=CC(=C([C@H](CCCC[C@@H]([C@H](C3=CC(=C1C(=C3)O)O)OC(=O)C)C)CCCC)C(=C2)O)O)OC(=O)C)C	Polyketides	Alkylresorcinols	Dialkylresorcinols	false	npclassifier.gnps2.org@2026-09-07
ISJFQHRNXXQEGT-VYCLUTOCSA-N	CCC(C)C1C/C=C/C=C\C=C/C=C\C=C\C(CC2C(C(CC(O2)(CC(C(CCC(=O)CC(CC(=O)O1)O)O)O)O)O)C(=O)O)O[C@H]3[C@H]([C@H]([C@@H]([C@H](O3)C)O)N)O	Polyketides	Macrolides	Polyene macrolides	true	npclassifier.gnps2.org@2026-09-07
ISPOIRCRAAHBEV-GETZNYBYSA-N	CC(=O)OC[C@]1(CCC[C@]2([C@H]1[C@@H](CC3=C2COC3=O)OC(=O)C4=CC=CC=C4)COC(=O)C)C	Terpenoids	Sesquiterpenoids	Drimane sesquiterpenoids	false	npclassifier.gnps2.org@2026-09-07
ISZJBAVZNJEEDI-BWQAWQPQSA-N	C[C@@H]1[C@@H]2[C@@H](C[C@@H](O1)C3=C(C4=C(C=C3)C(=O)C5=C(C4=O)C=C6C(=CC(=CC6=C5O)C)O)O)O[C@H]7CC(=O)[C@@H](O[C@@H]7O2)C	Polyketides	Polycyclic aromatic polyketides	Angucyclines	false	npclassifier.gnps2.org@2026-09-07
ISZXEMUWHQLLTC-GZSUCXPKSA-N	COC(C(C)O)C(C)C1OC1(C)CC(C)\C=C\C=C(/C)[C@@H]1OC(CC(O)=O)CC[C@H]1C	Polyketides	Linear polyketides	Open-chain polyketides	false	npclassifier.gnps2.org@2026-09-07
ITBNIRGMDWCANJ-UHFFFAOYSA-N	CC(C(CC1=C(O)C=CC(C(O)=O)=C1)=O)C	Shikimates and Phenylpropanoids	Phenolic acids (C6-C1)	Simple phenolic acids	false	npclassifier.gnps2.org@2026-09-07
ITDNZOGHXSEHSE-UHFFFAOYSA-N	CC1=CC(=C(C(=C1C=O)O)CC=C(C)C)O	Polyketides|Terpenoids	Meroterpenoids		false	npclassifier.gnps2.org@2026-09-07
ITJJIMKGOLMIJY-BNFZFUHLSA-N	CCCCC\C=C\C=C\C1=C(O)C(=O)C2=C(O1)C(=C)N(C)C2=O	Polyketides			false	npclassifier.gnps2.org@2026-09-07
ITMXZWXSZNBZAO-HZAQMHFWSA-N	CC1=C(C(=CC(=C1Cl)OC)OC)C2=CC(=C(C3=C2C(=O)[C@@]4([C@H](C3)C(C5=C(C4=O)C(=CC(=C5Cl)O)O)(C)C)O)Cl)OC	Polyketides	Polycyclic aromatic polyketides	Fasamycins and derivatives	false	npclassifier.gnps2.org@2026-09-07
ITSGAQYTKYPNTH-SPNOXEBBSA-N	CCC(OC1CC(C)(O)C(OC2CCC(OC(=O)C(C)C(O)C3=CC4=C(C=C3)C(=O)C(C)=CC4=O)C(C)O2)C(C)O1)C(C)C(O)C(C)C(O)C(C)C1OC(=O)\C=C\C(C)C(O)CC(O)CCCC(O)CCC(C)C(O)C(=O)C2(O)CC(O)CC(CC(O)CC(O)CC(O)CCCC(O)\C=C\C1C)O2	Polyketides	Macrolides	Macrolide lactones|Polyene macrolides	true	npclassifier.gnps2.org@2026-09-07
ITXQTTPWGBFRNK-GIDUJCDVSA-N	C1=CC=C2C(=C1)C(=CN2)CC3C(=O)N/C(=C/C4=CN=CN4)/C(=O)N3	Alkaloids	Histidine alkaloids	Imidazole alkaloids	false	npclassifier.gnps2.org@2026-09-07
IUBVSPMUTLUQHL-VXGBXAGGSA-N	CC(C)C(=O)N[C@H](CO)[C@H](O)C1=CC=C([N+](=O)[O-])C=C1	Alkaloids	Pseudoalkaloids	Phenylalanine-derived alkaloids	false	npclassifier.gnps2.org@2026-09-07
IUDYVLGONCYFPN-PLKRWIMUSA-N	C[C@H]1CCCC[C@H](CCCC(Br)Br)C2=C(O)C=C(C=C2O)[C@H](OC(N)=O)[C@@H](C)CCCC[C@H](CCCC(Br)Br)C2=C(O)C=C(C=C2O)[C@@H]1O	Polyketides	Alkylresorcinols	Dialkylresorcinols	false	npclassifier.gnps2.org@2026-09-07
IULWUAQSTAXVGS-YTXTXJHMSA-N	O=C1C(C)(OC(CC(C)O)=O)C(C(C2OC(/C=C/C=C/C)=C3)(O2)C3=C1)=O	Polyketides	Chromanes	Azaphilones	false	npclassifier.gnps2.org@2026-09-07
IUNGBSYMDFEAMS-KPRONASWSA-N	CC1=C(C(=O)C(=C(O1)OC)C[C@H]2C(=C)CC[C@H]3[C@]2(CC[C@@H]([C@]3(C)CCC(C)(C)O)O)C)C(=O)OC	Polyketides|Terpenoids	Meroterpenoids|Cyclic polyketides	4-pyrone derivatives|Triketide meroterpenoids	false	npclassifier.gnps2.org@2026-09-07
IUPCWCLVECYZRV-JEAVYTLSSA-N	CCC1OC(=O)CC(O)C(C)C(O[C@@H]2O[C@H](C)C[C@@H]([C@H]2O)N(C)C)C(CC=O)CC(C)C(=O)\C=C\C2(C)OC2C1C	Polyketides	Macrolides	Tylosins	true	npclassifier.gnps2.org@2026-09-07
IUPCWCLVECYZRV-JZMZINANSA-N	CC[C@H]1OC(=O)C[C@@H](O)[C@H](C)[C@@H](O[C@@H]2O[C@H](C)C[C@H](N(C)C)[C@H]2O)[C@@H](CC=O)C[C@@H](C)C(=O)/C=C/[C@]2(C)O[C@H]2[C@@H]1C	Polyketides	Macrolides	Tylosins	true	npclassifier.gnps2.org@2026-09-07
IUQWHBUMCWSQIM-OXNIXSIASA-N	C1[C@@H]([C@H]([C@@H]([C@H]([C@@H]1NC(=O)C(CCN)O)O)O[C@H]2[C@@H](C([C@H](O2)CO)O)O)O[C@@H]3[C@@H]([C@H]([C@@H]([C@H](O3)CN)O)O)N)N.O.O.OS(=O)(=O)O.OS(=O)(=O)O	Carbohydrates	Polyols	Amino cyclitols	true	npclassifier.gnps2.org@2026-09-07
IURQCOHKGOZHQD-QLXFUGDFSA-N	CC1(CC1)[C@@H]2C(=O)O[C@H](C(=O)N3[C@@H](CCC=N3)C(=O)N[C@H](C(=O)N[C@@H](C(=O)N4[C@@H](C[C@@]5([C@H]4NC6=C5C=CC(=C6Cl)Cl)O)C(=O)N2)[C@@H](CC(=O)O)O)COC)C(C)(C)C	Amino acids and Peptides|Polyketides	Oligopeptides	Cyclic peptides|Depsipeptides	false	npclassifier.gnps2.org@2026-09-07
IUZCDJYHMMWBBE-UHFFFAOYSA-N	CCC(C)C1=CN=C(C(=O)N1O)CC(C)C	Alkaloids|Amino acids and Peptides	Tetramate alkaloids|Peptide alkaloids	Pyrazine and Piperazine alkaloids	false	npclassifier.gnps2.org@2026-09-07
IVFXTQLBVDABOI-DVYWRAFASA-N	C[C@@H](\C=C(/C)[C@@H]1OC(=O)\C=C\CC\C=C\C[C@@H](O)[C@@H]1C)C(=O)C[C@H](O)CC1CC(=O)NC(=O)C1	Alkaloids	Lysine alkaloids	Piperidine alkaloids	false	npclassifier.gnps2.org@2026-09-07
IVHGKKQKWPIHDE-XSJMJMTMSA-N	CCCCCC[C@H]1CN[C@H]2C=CC(=C/C=C/C(=O)O)[C@@]23[C@@H]1O3	Alkaloids|Polyketides			false	npclassifier.gnps2.org@2026-09-07
IVHSBKKKCDBQDC-IPFCJIHFSA-N	O=C(C1=CC=CC(O[C@H]2[C@H](OC)[C@@H](OC)[C@H](OC)[C@@H](C)O2)=C1O3)C4=C3C(O)=C(CCC5=C6C(O)=C7C(C[C@@](C)(OC[C@]8([H])C(O)=O)N8C7=O)=C5)C6=C4O	Polyketides	Polycyclic aromatic polyketides	Ericamycins	true	npclassifier.gnps2.org@2026-09-07
IVLRLNXBYCZYPV-MDWZMJQESA-N	CCC(CC)CC1=C(OC(C1=O)(CC)O)/C(=C/C)/CC	Polyketides	Linear polyketides	Open-chain polyketides	true	npclassifier.gnps2.org@2026-09-07
IVOWOAHANFIDGS-DABURXIFSA-N	O[C@@H](C/C=C/C(O1)=O)[C@@H]2[C@H](O2)[C@H](O)CCCCCCCCCCCCCC[C@H]1C	Fatty acids	Fatty esters	Lactones	false	npclassifier.gnps2.org@2026-09-07
IVSYCEJVUROPTN-MUAGAFCWSA-N	CCC/C=C\C1=CC=CC=C1/C=C/C(N[C@H](C(N(C)/C(C(N[C@@H](CC(C)C)C(N[C@H](CC2=CC=CC=C2)C(N[C@@H]([C@@H](O)C)C(O)=O)=O)=O)=O)=C/C3=CC=C(O)C=C3)=O)[C@H](C)O)=O	Amino acids and Peptides	Oligopeptides	Linear peptides	false	npclassifier.gnps2.org@2026-09-07
IVTGJGOYPCEGPH-MHDGFBEUSA-N	CC(CO)=C1CC(C)(C)C[C@@H]2[C@@H]1C[C@@H](O)[C@@H]2C	Terpenoids	Sesquiterpenoids	Protoilludane sesquiterpenoids	false	npclassifier.gnps2.org@2026-09-07
IWBADCVFZDCUTN-DTRFTOPNSA-N	CC\C=C\C(OC(N)=O)C(Cl)C(O)CC(=O)C(O)C(O)C(C)C(\Cl)=C\C=C\C=C(/C)\C=C\C=C\C(=O)O[C@@H]1C[C@H](CC[C@@H]1O)C(O)=O	Polyketides	Linear polyketides	Open-chain polyketides	false	npclassifier.gnps2.org@2026-09-07
IWIWVHVOMWICKF-AKHDSKFASA-N	C[C@]12O[C@H]1[C@H](O)c1c([C@H]2O)cc(O)c2-c3c(OC)cccc3C(=O)c12	Polyketides	Polycyclic aromatic polyketides	Angucyclines	false	npclassifier.gnps2.org@2026-09-07
IWIZOMWAHIZTOM-ZQWJTRQNSA-N	CCCCCCCCC(CCCCCC1=CC(=C(C(=C1)O[C@H]2[C@@H]([C@H]([C@@H](CO2)O)O)O)CCCCCC(CCCCCC)Cl)O)Cl	Polyketides	Alkylresorcinols	Dialkylresorcinols	true	npclassifier.gnps2.org@2026-09-07
IWQFYWITNQDEGF-CCCCNFCVSA-N	C[C@H]1[C@@]([C@@H](C[C@@H](O1)O[C@@H]2C3=C([C@@H]4C[C@]2(OC45C=C6CCN=C6N5)C)C(=C7C(=C3)C(=O)C8=C(C7=O)C=CC=C8O)O)O)(C(=O)C)O	Polyketides	Polycyclic aromatic polyketides	Anthracyclines	true	npclassifier.gnps2.org@2026-09-07
IWWYEUSBHSDVOX-CLWJZODNSA-N	[H][C@](C)(CC)[C@]([H])(NC(=O)[C@@H]1CCCNN1C(=O)[C@H](CCCCC)CC(=O)NO)C(=O)CC	Amino acids and Peptides	Small peptides		false	npclassifier.gnps2.org@2026-09-07
IXBQSRWSVIBXNC-HSKGSTCASA-N	CO[C@@H](CC1=CC=CC=C1)[C@@H](C)\C=C(/C)\C=C\[C@@H]1NC(=O)[C@H](CCCNC(N)=N)NC(=O)[C@@H](C)[C@@H](NC(=O)\C(=C\C)N(C)C(=O)CC[C@@H](NC(=O)[C@H]1C)C(O)=O)C(O)=O	Amino acids and Peptides	Oligopeptides	Cyclic peptides|Microcystins	false	npclassifier.gnps2.org@2026-09-07
IXBQSRWSVIBXNC-OEWCFBRQSA-N	C/C=C\1/C(=O)N[C@H]([C@H](C(=O)N[C@@H](C(=O)N[C@@H]([C@@H](C(=O)N[C@H](CCC(=O)N1C)C(=O)O)C)/C=C/C(=C/[C@H](C)[C@H](CC2=CC=CC=C2)OC)/C)CCCN=C(N)N)C)C(=O)O	Amino acids and Peptides	Oligopeptides	Cyclic peptides|Microcystins	false	npclassifier.gnps2.org@2026-09-07
IXGDDEOWMDCTSR-RMNLLOOMSA-N	CC[C@@](C)(NC(=O)[C@H](CC(C)C)NC(=O)CNC(=O)C(C)(C)NC(=O)C(C)(C)NC(=O)C(C)(C)NC(=O)C(C)(C)NC(=O)[C@H](CC(C)C)NC(C)=O)C(=O)NC(C)(C)C(=O)N1C[C@H](O)C[C@H]1C(=O)NC(CCC(N)=O)C(=O)N[C@](C)(CC)C(=O)N1C[C@H](O)C[C@H]1C(=O)NC(C)(C)C(=O)N[C@H](CO)CC1=CC=CC=C1	Amino acids and Peptides	Oligopeptides	Linear peptides|Peptaibols	false	npclassifier.gnps2.org@2026-09-07
IXORZMNAPKEEDV-QTWFBFKQSA-N	CC12[C@H](C=C[C@@]3([C@@H]1[C@@H]([C@]45[C@H]3CC[C@](C4)(C(=C)C5)O)C(=O)O)OC2=O)O	Terpenoids	Diterpenoids	Gibberellins	false	npclassifier.gnps2.org@2026-09-07
IXXSEHJMHZWUOA-AVAAIMMPSA-N	C/C=C(/C(=O)NCC(=O)N[C@@H](CCCN=C(N)N)C(=O)N1CCC[C@H]1C1=NC(C(=O)N[C@@H](CCC(N)=O)C(=O)O)=CS1)N1C(=O)N[C@@H](CC2=CC=C(O)C=C2)C1=O	Amino acids and Peptides	Oligopeptides	Cyclic peptides	false	npclassifier.gnps2.org@2026-09-07
IYJBOHVRSOTPCF-VIHVJORWSA-N	C[C@@H]1[C@H](N=C(O1)/C=C/C2=CC=CN2)/C=C/C=C/C=C/C=C/C=C/C=C(\C)/C(=O)NC(CC(=O)N)C(=O)O	Alkaloids|Amino acids and Peptides|Polyketides	Peptide alkaloids|Linear polyketides	DKXanthenes and derivatives|Simple amide alkaloids	false	npclassifier.gnps2.org@2026-09-07
IYNDWBXTRNUZEP-SZODUKSCSA-N	CC[C@H](C)[C@@H](CC(=O)[C@H](C)NC(=O)CCCN)C(=O)N[C@H](CO)C(=O)N[C@@H](C(=O)N[C@H](CO)C(=O)N[C@H](CC(C)C)C(=O)N[C@H](CO)CC(C)C)C(C)C	Amino acids and Peptides	Oligopeptides	Linear peptides	false	npclassifier.gnps2.org@2026-09-07
IZICQJAGBLBAMJ-MNOZRKQQSA-N	COC1=C(C)C(=O)C(C)=C(O1)C1C\C(CO1)=C\C(\C)=C\C(\C)=C\C(\C)=C\C1=CC=C(C=C1)N(=O)=O	Polyketides	Cyclic polyketides	4-pyrone derivatives	false	npclassifier.gnps2.org@2026-09-07
IZKRCWBRNWQJCU-BCRPXBTMSA-N	C[C@H]([C@@H](OC(C)=O)C(=O)\C=C(/C)CCC=C(C)C)[C@@]1(C)CCC2=C1[C@@H](O)C[C@H]1C(C)(C)[C@@H](CC[C@]21C)OC(C)=O	Terpenoids	Triterpenoids	Lanostane, Tirucallane and Euphane triterpenoids	false	npclassifier.gnps2.org@2026-09-07
IZOPWWYKURDOPQ-UQFFWAJQSA-N	C/C=C/1\C(=O)N2CCCC[C@H]2C(=O)N[C@H](C(=O)N([C@H](C(=O)OC[C@@H](C(=O)N[C@H](C(=O)N[C@@H](C(=O)N3CCC[C@H]3C4=N[C@@H](CS4)C(=O)N1)CC(C)C)C)O)C(C)C)C)[C@@H](C)O	Amino acids and Peptides|Polyketides	Oligopeptides	Cyclic peptides|Depsipeptides	false	npclassifier.gnps2.org@2026-09-07
IZQUHJWJDZNBAZ-ZLQXIAIFSA-N	CCCC(O)C[C@@H]1CC(=O)N[C@@H]([C@H](C)CC)C(=O)N[C@H](C(O)C(C)C)C(=O)N[C@@H](CCOC(N)=O)C(=O)N[C@H](CC(C)C)C(=O)N[C@@H](CCC(N)=O)C(=O)N(C)[C@@H]([C@@H](C)CC)C(=O)N[C@H](C(O)CO)C(=O)N[C@H](C(C)C)C(=O)N2CC(C)[C@H](O)[C@H]2C(=O)N[C@H](CC2=CC=C(O)C=C2)C(=O)N[C@@H]([C@@H](C)O)C(=O)N1	Amino acids and Peptides	Oligopeptides	Cyclic peptides	false	npclassifier.gnps2.org@2026-09-07
IZSKWNSKICNTCU-KBXWAUECSA-N	CC(CCCCCCCC(CCCCCCCC(CCCCCCCC(CCCCCCCC(CCNC(CC(C1CCCN1C(C2NC(C(NC(C(CC(NC2C)=O)NC([C@@H](NC(CC(C(O)=O)N)=O)Cc3ccccc3)=O)=O)CC(N)=O)=O)=O)O)=O)O)N)N)N)N	Amino acids and Peptides	Oligopeptides	Lipopeptides	false	npclassifier.gnps2.org@2026-09-07
IZWAXTFKQJBRQO-PKTZIBPZSA-N	COC1=C2N(C3=CC=CC=C13)[C@]1(O)C(=O)N(C)C(=O)[C@]1(O)C1=C2N(C)C2=CC=C(Cl)C=C12	Alkaloids	Tryptophan alkaloids	Carboline alkaloids	false	npclassifier.gnps2.org@2026-09-07
JABIVGVZVGGTIK-NKLLTJERSA-N	C[C@@](O1)([H])C[C@@H](OC)[C@H](C)C1(O)CC2=NC(/C=C([C@@]3([H])[C@H](C)[C@@H](OC(/C=C\C4)=O)C[C@](C/C=C(C)/C5=NC([C@]6([H])C[C@@H](O)[C@H](O)[C@@](C[C@H](O)C[C@@H](O)[C@H](/C=C/[C@@]7([H])O[C@@]4([H])[C@@H](C)[C@H](O)C7)O[C@]8([H])O[C@@](CO)([H])[C@@H](O)[C@H](O)[C@H]8O)([H])O6)=CO5)([H])O3)\C)=CO2	Polyketides	Macrolides	Avermectins	true	npclassifier.gnps2.org@2026-09-07
JARYYMUOCXVXNK-CSLFJTBJSA-N	C1[C@@H]([C@H]([C@@H]([C@H]([C@H]1N[C@H]2C=C([C@H]([C@@H]([C@H]2O)O)O)CO)O)O)O[C@H]3[C@@H]([C@H]([C@@H]([C@H](O3)CO)O)O)O)CO	Carbohydrates	Polyols	Amino cyclitols	true	npclassifier.gnps2.org@2026-09-07
JARYYMUOCXVXNK-KIMQLNGNSA-N	C1[C@@H]([C@H]([C@@H](C([C@H]1N[C@H]2C=C([C@H]([C@@H]([C@H]2O)O)O)CO)O)O)O[C@H]3C(C([C@@H](C(O3)CO)O)O)O)CO	Carbohydrates	Polyols	Amino cyclitols	true	npclassifier.gnps2.org@2026-09-07
JAXBFJVZLAUHTD-AZUAARDMSA-N	[H][C@@]23CCc1c(ccc(C)c1CC)[C@@]2(C)CCC[C@@]3(C)C	Terpenoids	Diterpenoids	Cleistanthane diterpenoids	false	npclassifier.gnps2.org@2026-09-07
JAZBEHYOTPTENJ-JLNKQSITSA-N	CC/C=C\C/C=C\C/C=C\C/C=C\C/C=C\CCCC(=O)O	Fatty acids	Fatty Acids and Conjugates	Unsaturated fatty acids	false	npclassifier.gnps2.org@2026-09-07
JBIMWARAATZDME-YKWSONSWSA-N	CO/C(C)=C/C1=C2C(=O)C[C@@H](O)CC2=C(C(=O)C(=O)C2=CC=CC=C2)O1	Shikimates and Phenylpropanoids	Flavonoids	Chalcones	false	npclassifier.gnps2.org@2026-09-07
JBMBADLYKKSXRS-LDHHCIQZSA-N	C[C@H]1[C@H]([C@H]([C@H]([C@@H](O1)OC(C(C2=NC(=CS2)C3=NC(=CS3)C(=O)NCCCNCCCCN)O)NC(=O)[C@@H]([C@@H](C)O)NC(=O)C[C@@H]([C@@H](C)NC(=O)[C@H](C(C4=CN=CN4)O[C@H]5[C@H]([C@@H]([C@H]([C@@H](O5)CO)O)O)O[C@@H]6[C@H]([C@@H]([C@@H]([C@H](O6)CO)O)OC(=O)N)O)NC(=O)C7=C(C(=NC(=N7)[C@H](CC(=O)N)NC[C@H](C(=O)N)N)N)C)O)O)O)N	Amino acids and Peptides	Oligopeptides	Bleomycins|Linear peptides	true	npclassifier.gnps2.org@2026-09-07
JBUCAUPBQQHNRS-UHFFFAOYSA-N	CC1=CC(=C2C(=CC3=C(C(=O)C=C(C3=C2O)O)C4=C5C=C6C(=C(C=C(O6)C)O)C(=C5C(=CC4=O)O)O)O1)O	Polyketides	Naphthalenes	Bisnaphthalenes	false	npclassifier.gnps2.org@2026-09-07
JBUHSCUDVQFUJD-IPPPMHIGSA-N	C[C@]12CC[C@@H]([C@@]([C@@H]1CCC3=CC4=C(C=C23)C5=C(N4)C=CC(=C5)S(=O)(=O)N6C7=CC=CC=C7C8=C6C=C9CC[C@@H]1[C@@](C9=C8)(CC[C@@H]([C@@]1(C)C(=O)O)O)C)(C)C(=O)O)O	Alkaloids	Tryptophan alkaloids	Carbazole alkaloids	false	npclassifier.gnps2.org@2026-09-07
JBYNVIURIJPAEN-OBAPVSJKSA-N	O=C(CC(C)C)N[C@H](C(O[C@@H](CC(O)=O)[C@]1([H])CCCN1C([C@@H](N)C(C)CO)=O)=O)CC2=CC=CC=C2	Amino acids and Peptides	Small peptides	Tripeptides	false	npclassifier.gnps2.org@2026-09-07
JCAIWDXKLCEQEO-ATPOGHATSA-N	C/C(=C\COP(=O)(O)OP(=O)(O)O)/CC[C@H]1C(=C)CC[C@@H]2[C@@]1(CCCC2(C)C)C	Terpenoids	Diterpenoids	Labdane diterpenoids	false	npclassifier.gnps2.org@2026-09-07
JCCCGICXZGLIKZ-OEMYMMPLSA-N	O[C@H](CCCCCCCC/C=C/CCC[C@H]1C)C/C=C/[C@@H](O)C/C=C/C(O1)=O	Fatty acids|Polyketides	Macrolides		false	npclassifier.gnps2.org@2026-09-07
JCDDKPVUVBDMHS-YYMQPOIQSA-N	C[C@@H]1C[C@H](/C=C/CCCC(=O)CC2=C(C(=CC(=C2Cl)O)O)C(=O)O1)O	Polyketides	Macrolides	Zearalenones	false	npclassifier.gnps2.org@2026-09-07
JCDGNOFNRKMOLC-UHFFFAOYSA-N	NC(CC1=CNC2=C1C=CC=C2)C(NC(CCCCN)C(NC(CSCC(C(NC(C5C)C(N4C(C(NC([H])C(NC(CS5)C(NC(C(C)C)C(NC(C6C)C(NC([H])C(NC(CC(C)C)C(NC(CC(C)C)C(NC(CCC(N)=O)C(NC(C(NC(CS6)C(NC(CC7=CC=CC=C7)C(NC(CC(C)C)C(NC(CCC(N)=O)C(NC(C8C)C(NC(C(CC)C)C(NC(C9C)C(NC(CS8)C(NC(CC(N)=O)C(NC(CS9)C(NC(CCCCN)C(NC(C(CC)C)C(NC(C(NC(CCCCN)C(O)=O)=O)=C)=O)=O)=O)=O)=O)=O)=O)=O)=O)=O)=O)=O)=O)=CC)=O)=O)=O)=O)=O)=O)=O)=O)=O)CCC4)=O)=O)NC3=O)C(NC(CCC(O)=O)C(NC(C(NC3C(C)C)=O)=C)=O)=O)=O)=O	Amino acids and Peptides	Oligopeptides	RiPPs-Lanthipeptides	false	npclassifier.gnps2.org@2026-09-07
JCLPEMGCTLBLJE-XPGKHFPBSA-N	C1C[C@@H](C(=O)OC[C@@H](C(=O)N(C1)O)NC(=O)CNC(=O)CNC(=O)[C@@H](CCCN=C(N)N)NC(=O)C2=C(C(=CC=C2)O)O)NC(=O)CNC(=O)CNC(=O)[C@@H](CCCN=C(N)N)NC(=O)C3=C(C(=CC=C3)O)O	Amino acids and Peptides	Small peptides	Tripeptides	false	npclassifier.gnps2.org@2026-09-07
JCTRJRHLGOKMCF-RIYZIHGNSA-N	COC1=CC(\C=N\O)=NC(=C1)C1=NC=CC=C1	Alkaloids	Nicotinic acid alkaloids	Pyridine alkaloids	false	npclassifier.gnps2.org@2026-09-07
JDAAFOFFPRLIAC-UHFFFAOYSA-N	CC(=O)NC1=CC(N)=C2N=CC3=C2C1=NC(=C3)C(=O)CCO	Alkaloids	Anthranilic acid alkaloids	Phenoxazine alkaloids	false	npclassifier.gnps2.org@2026-09-07
JDBMOJWYGWGAIH-DZBCAUDPSA-N	C/C(=C\1/CC[C@@]2([C@@H]1CC=C(C[C@@H]2O)CO)C)/C(=O)O	Terpenoids	Sesquiterpenoids	Eudesmane sesquiterpenoids	false	npclassifier.gnps2.org@2026-09-07
JDFAAVDOFRZZDM-UHFFFAOYSA-N	OC1=C(C(C2=C(CC(O3)=CC(O)=CC3=O)C=CC=C2O)=O)C(CC)=CC(O)=C1	Polyketides	Polycyclic aromatic polyketides	Angucyclines	false	npclassifier.gnps2.org@2026-09-07
JDHBTAMRRVLZRQ-IKASBTCNSA-N	C[C@@H]1CC[C@@H]2[C@@H]1C[C@@]3([C@@H]4C[C@]2([C@]3(C(=C4)C(C)C)C(=O)O)C(=O)O)CO	Terpenoids	Diterpenoids	Tetracyclic diterpenoids	false	npclassifier.gnps2.org@2026-09-07
JDHISTLPUACCFK-IYMJAPOQSA-N	C/C(=C/C(=O)N(CCCC1C(=O)NC(C(=O)N1)CCCN(C(=O)/C=C(/C)\CCOC(=O)C(CCCN(C(=O)/C=C(\C)/CCO)[O-])N(C)C)[O-])[O-])/CCO.[Fe+3]	Alkaloids			false	npclassifier.gnps2.org@2026-09-07
JDIQMZJCZUMKHX-SBEPJQGCSA-N	CC[C@@H](C)[C@@H](NC(=O)[C@H](O)CC1=CC=C(O)C(Br)=C1)C(=O)N1[C@H]2C[C@@H](CC[C@H]2C[C@H]1C(=O)NCCCCNC(N)=N)OS(O)(=O)=O	Amino acids and Peptides	Oligopeptides	Aeruginosins|Linear peptides	false	npclassifier.gnps2.org@2026-09-07
JDUWHZOLEDOQSR-JKPSMKLGSA-N	CC(=C)[C@@H]1[C@@H]([C@@H]2[C@@]3(O2)[C@@H](O1)CC[C@]4([C@]3(CC[C@@H]5[C@@]4(C6=C7[C@H]5OC([C@H]8C[C@H]9[C@@]8(C1=C7C(=CC(=C1CC9=C)Cl)N6)O)(C)C)C)O)C)O	Alkaloids|Terpenoids	Tryptophan alkaloids	Indole-Diterpenoid alkaloids (Penitrems)	false	npclassifier.gnps2.org@2026-09-07
JDWQKEDNYPBKTN-UHFFFAOYSA-N	[C-]#[N+]C(C)CC(=O)NCC1CCC(NC(=O)CC(C)[N+]#[C-])C(O)O1	Alkaloids			true	npclassifier.gnps2.org@2026-09-07
JEAKQFBLRLFHPL-UHFFFAOYSA-N	CCCCCCCCCCC1=NC(=CC2=CC=C(O)C=C2)C(=O)O1	Polyketides	Aromatic polyketides	Catechols with side chains	false	npclassifier.gnps2.org@2026-09-07
JEMVIRAQUIJOCL-XURVNGJNSA-N	C[C@@H]1O[C@H](CC[C@@H]1O[C@H]1CCC(=O)[C@H](C)O1)O[C@@H]1[C@@H](C)O[C@H](C[C@H]1O)C1=CC=C2C(=O)C3=C(C=C[C@]4(O)C[C@](C)(CC(=O)[C@]34O)O[C@H]3CC[C@H](O[C@H]4CCC(=O)[C@H](C)O4)[C@H](C)O3)C(=O)C2=C1O	Polyketides	Polycyclic aromatic polyketides	Angucyclines	true	npclassifier.gnps2.org@2026-09-07
JENXRARIASYFRK-LXTLSNALSA-N	CC(C)CCCCC[C@@H](N)CC(=O)N[C@H](CC(N)=O)C(=O)N[C@@H]([C@@H](O)C(N)=O)C(=O)N[C@H]([C@@H](O)C1=CC=CC=C1)C(O)=O	Amino acids and Peptides	Oligopeptides	Linear peptides	false	npclassifier.gnps2.org@2026-09-07
JEQRSDJVWOFRBQ-ILLDPMRGSA-N	C[C@H]([C@@H](C(=O)O)NC(=O)C1=CC2=C(C=C1)O[C@@]([C@H](C2)O)(C)CCC=C(C)C)O	Polyketides			false	npclassifier.gnps2.org@2026-09-07
JESMSCGUTIEROV-UHFFFAOYSA-N	CC(C)C1CCC2(CO2)C3C1C=C(COC3=O)C(=O)O	Terpenoids	Sesquiterpenoids	Cadinane sesquiterpenoids	false	npclassifier.gnps2.org@2026-09-07
JEVSPJYINMJRET-KFSKHFNISA-N	C=C(NC(=O)C(=C)NC(=O)C1=NC2=C(C=C1)C1=NC(=CS1)C(=O)N[C@@H]([C@@H](C)O)C(=O)N/C(=C\C)C1=NC(=C(C)O1)C(=O)NC(=C)C(=O)N[C@@H](C(C)C)C(=O)NC(=C)C1=NC(=C(C)O1)C(=O)NC(=C)C(=O)NC(=C)C1=NC2=CO1)C(=O)O	Amino acids and Peptides	Oligopeptides	Cyclic peptides|RiPPs-Thiopeptides	false	npclassifier.gnps2.org@2026-09-07
JEZFFKVMFCDTRK-PWNWUBCNSA-N	C[C@@]12[C@@H](OC(=O)C(C1CC[C@]34C2CCC(C3)[C@]5(C4O5)C)(C)C)O	Terpenoids	Diterpenoids	Kaurane and Phyllocladane diterpenoids	true	npclassifier.gnps2.org@2026-09-07
JFCZKYSQJFCXMV-PUEBJXPXSA-N	C/C=C(\C)/CC(C)(C(C(C(=O)NC(C(C)C)C(=O)O[C@H](/C=C/C=C\C=C\C(=O)O)[C@@]1(CO1)C)O)O)O	Polyketides	Linear polyketides	Open-chain polyketides	false	npclassifier.gnps2.org@2026-09-07
JFGZTRUDLAEIRJ-CQBLZTSBSA-N	C[C@@H](\C=C(/C)[C@@H]1OC(=O)\C=C\CC\C=C\[C@@H](O)C[C@@H]1C)C(=O)C[C@H](O)CC1CC(=O)NC(=O)C1	Alkaloids	Lysine alkaloids	Piperidine alkaloids	false	npclassifier.gnps2.org@2026-09-07
JFKYKQNFSATCFS-UHFFFAOYSA-N	CC(C)=CCN1C2=CC=CC(C(O)=O)=C2N=C2C(CC=C(C)C)=CC(=O)C=C12	Alkaloids	Anthranilic acid alkaloids	Phenazine alkaloids	false	npclassifier.gnps2.org@2026-09-07
JFONHXNWLVUYOJ-XGSMPJOYSA-N	CC(OC(=O)[C@@H](N)CCCN(O)C=O)[C@H](NC(=O)C1=C(O)C(O)=CC=C1)C(=O)N[C@@H](CCCN(O)C=O)C(O)=O	Amino acids and Peptides|Polyketides	Oligopeptides|Small peptides	Depsipeptides|Linear peptides|Tripeptides	false	npclassifier.gnps2.org@2026-09-07
JFOVHZPBEYQQMH-LJWNLINESA-N	CC(C)CCCCCCCCCC(=O)N[C@@H](CCCN(O)C=O)C(=O)N[C@@H](CO)C(=O)N(O)CCC[C@@H]1NC(=O)[C@H](CCCN(O)C=O)NC1=O	Amino acids and Peptides	Oligopeptides	Linear peptides|Lipopeptides	false	npclassifier.gnps2.org@2026-09-07
JGGHZZDYVUZKDW-JVZLEVGOSA-N	CC[C@H](C)[C@@H](C(=O)NC(=C)S)NC(=O)[C@H](CS)NC(=O)[C@H](CCC(=O)O)NC(=O)C(=C)NC(=O)[C@H](CC)NC(=O)[C@H](CC(C)C)NC(=O)[C@@H](CC)NC(=O)[C@H](CS)NC(=O)[C@H](C(C)C)NC(=O)CNC(=O)CNC(=O)CNC(=O)CNC(=O)[C@@H]1CCCN1C(=O)[C@H](CC(C)C)NC(=O)[C@@H](CC)NC(=O)[C@H](CC2=CC=CC=C2)NC(=O)[C@@H](CC)NC(=O)[C@H](CS)N	Amino acids and Peptides	Oligopeptides	RiPPs-Lanthipeptides	false	npclassifier.gnps2.org@2026-09-07
JGQBYBXYRUCBQY-UHFFFAOYSA-N	CC1CC(=O)C2=C(O1)C=C3C(=C2O)C(=CC(=C3C4=C(C=C(C5=C(C6=C(C=C54)OC(CC6=O)C)O)O)O)O)O	Polyketides	Naphthalenes	Bisnaphthalenes	false	npclassifier.gnps2.org@2026-09-07
JGQLEDVVHJKAFB-IBGZPJMESA-N	CCCCCCCCCCCC(=O)N[C@@H](CC1=CC(C)=C(O)C=C1)C(=O)O	Fatty acids	Fatty amides	N-acyl amines	false	npclassifier.gnps2.org@2026-09-07
JGWQTBBYPIXQNM-XUYNYAPBSA-N	C[C@@H]1[C@@H](/C=C/C=C/C=C/C=C/C=C/C=C/C=C/C=C(C(NC(C(O)=O)CC(N)=O)=O)\C)N=C(/C=C/C2=CC=CN2)O1	Alkaloids|Amino acids and Peptides|Polyketides	Peptide alkaloids|Linear polyketides	DKXanthenes and derivatives|Simple amide alkaloids	false	npclassifier.gnps2.org@2026-09-07
JHAMGSNGNSSQAG-QAEPOIJJSA-N	C[C@H]1/C=C/C=C/C=C/[C@H](C[C@H](C[C@@H]2C[C@@H]([C@H]([C@@](O2)(C[C@@H](CCCCCC(=O)O[C@@H]1C[C@H]([C@H](C)[C@H]([C@@H](C)[C@H](CC(C)C)O[C@H]3C[C@H]([C@@H]([C@H](O3)C)O)O[C@H]4C[C@H]([C@@H]([C@H](O4)C)O)O)O)O)O)O)C)O)O[C@H]5C[C@H]([C@@H]([C@H](O5)C)O)O)O	Polyketides	Macrolides	Macrolide lactones	true	npclassifier.gnps2.org@2026-09-07
JHAQMJWHVDTRJM-QCOCLPGKSA-N	CCC(C)[C@@H]1NC(=O)[C@H](NC(=O)CNC(=O)[C@H](CC(O)=O)NC(=O)CNC(=O)[C@H](CC(O)=O)NC(=O)CNC(=O)C2CCCCN2C(=O)[C@H](CNC(=O)[C@@H]2CCCN2C1=O)NC(=O)[C@H](CC(O)=O)NC(=O)\C=C\CCCCCCCCCC(C)C)C(C)O	Amino acids and Peptides	Oligopeptides	Cyclic peptides|Depsipeptides	false	npclassifier.gnps2.org@2026-09-07
JHMLNOXMSHURLQ-YEFHWUCQSA-N	CC(C)=CCC\C(C)=C\CC\C(C)=C\CC1=C(C)NC2=CC=CC=C2C1=O	Alkaloids	Tryptophan alkaloids|Anthranilic acid alkaloids	Quinoline alkaloids	false	npclassifier.gnps2.org@2026-09-07
JHYVWAMMAMCUIR-UHFFFAOYSA-N	CC(C)(C(O)C1CSC(N1)C1CSC(=N1)C1=CC=CC=C1O)C1=NC(C)(CS1)C(O)=O	Alkaloids	Serine alkaloids	Thiazole alkaloids	false	npclassifier.gnps2.org@2026-09-07
JIEMCPGFAXNCQW-BFHPBESDSA-N	CC(O)C(C)\C=C\CC1COC(C(O)C(\C)=C\C(=O)OCCCCCCCC(=O)NC2=C3SSC=C3NC2=O)C(O)C1O	Polyketides	Linear polyketides	Open-chain polyketides	false	npclassifier.gnps2.org@2026-09-07
JIGFNJJXFZTDHE-LLQWEQGGSA-N	O=CC(CC1=CC=C(O)C=C1)NC([C@H](CC(C)C)NC([C@H](CC(C)C)NC(C)=O)=O)=O	Amino acids and Peptides	Small peptides	Tripeptides	false	npclassifier.gnps2.org@2026-09-07
JIHJWZNIMIENRY-UDJPLWHASA-N	CCCCCCCCC[C@@H](O)CC(=O)NCC(=O)N[C@@H](C(=O)N[C@H]1COC(=O)[C@@H](CCCN(O)N=O)NC(=O)[C@H](C)NC(=O)[C@@H](CCCN(O)N=O)NC(=O)[C@@H]([C@@H](C)O)NC1=O)[C@@H](O)C(=O)O	Amino acids and Peptides|Polyketides	Oligopeptides	Cyclic peptides|Depsipeptides|Lipopeptides	false	npclassifier.gnps2.org@2026-09-07
JIJATTFJYJZEBT-MDDNAQDNSA-N	[H][C@]1(OC(=O)C(C)(C)[C@@H](O)[C@@H](CC2=CC=CC=C2)OC(=O)[C@@H](OC(=O)[C@@H](NC(=O)C2=C(O)C(NC=O)=CC=C2)[C@H](C)OC1=O)C(C)C)[C@@H](C)CC	Amino acids and Peptides|Polyketides	Macrolides	Antimycins	false	npclassifier.gnps2.org@2026-09-07
JIJATTFJYJZEBT-UHFFFAOYSA-N	CCC(C)C1C(=O)OC(C(C(=O)OC(C(=O)OC(C(C(C(=O)O1)(C)C)O)CC2=CC=CC=C2)C(C)C)NC(=O)C3=C(C(=CC=C3)NC=O)O)C	Amino acids and Peptides|Polyketides	Macrolides	Antimycins	false	npclassifier.gnps2.org@2026-09-07
JIJJRIRNXFXAGS-ZEBVBCIMSA-L	CC(O[C@@H]1CCC)=CC(C1=C2O)=CC3=C2C(C([C@]4([H])O[C@H](COP([O-])([O-])=O)[C@@H](O)[C@H]4O)=CC3=O)=O	Polyketides	Naphthalenes	Naphthoquinones	false	npclassifier.gnps2.org@2026-09-07
JJGZGELTZPACID-OTLJHNKQSA-N	CN1[C@@H](CC2=CC=C(OC3=CC4=CC(=C3O)C3=CC5=C(C=C3)C(C[C@@H](NC(=O)C(=O)C3=CC(Cl)=C(O)C(Cl)=C3)C(=O)N[C@H](C3=CC(Cl)=C(O)C(Cl)=C3)C(=O)N[C@H]4C(=O)N[C@H](C3=CC(Cl)=C(O)C(Cl)=C3)C1=O)=CN5)C=C2)C(=O)N[C@@H](C(O)=O)C1=CC=C(O)C=C1	Amino acids and Peptides	Oligopeptides	Vancomycins and Teicoplanins	false	npclassifier.gnps2.org@2026-09-07
JJJQWDUIVZHYMQ-HKBOAZHASA-N	N=C(N)NCCC[C@H](NC(=N)N)C(=O)N[C@@H](Cc1ccccc1)C(=O)C[C@@H](Cc2ccccc2)C(=O)O	Amino acids and Peptides	Small peptides	Tripeptides	false	npclassifier.gnps2.org@2026-09-07
JJJQWDUIVZHYMQ-QHAWAJNXSA-N	N=C(N)NCCC[C@H](NC(=N)N)C(=O)N[C@H](Cc1ccccc1)C(=O)C[C@@H](Cc2ccccc2)C(=O)O	Amino acids and Peptides	Small peptides	Tripeptides	false	npclassifier.gnps2.org@2026-09-07
JJNOOOPGJKEVQC-IBGZPJMESA-N	CCCCCCCCCCCC(=O)N[C@@H](Cc1ccc(O)cc1)C(O)O				false	npclassifier.gnps2.org@2026-09-07
JJOLHRYZQSDLSA-IBGZPJMESA-N	C[C@@]1(O)CC(=O)C2=C3C(=O)C4=C(C(O)=CC=C4)C(=O)C3=C(O)C=C2C1	Polyketides	Polycyclic aromatic polyketides	Angucyclines	false	npclassifier.gnps2.org@2026-09-07
JJOSOKMLZZVGKD-INVWQFOESA-N	C[C@@H](C(=O)OC(=O)[C@H](CC1CCC(=O)[C@H]2[C@@H]1O2)N)N	Amino acids and Peptides	Small peptides	Dipeptides	false	npclassifier.gnps2.org@2026-09-07
JJPKARAEIBOESM-UHFFFAOYSA-N	CCCCCCCCCCCC1=C(C2=NC(C(=O)NCC(=O)NCC(=O)NC(C(=O)NCC(=O)NC(CO)C(O)C(=O)O)C(O)C(=O)O)CO2)C(O)=CC=C1	Amino acids and Peptides	Oligopeptides	Linear peptides|Lipopeptides	false	npclassifier.gnps2.org@2026-09-07
JKQXZKUSFCKOGQ-QAYBQHTQSA-N	CC1=C(C(C[C@@H](C1)O)(C)C)/C=C/C(=C/C=C/C(=C/C=C/C=C(/C=C/C=C(/C=C/C2=C(C[C@H](CC2(C)C)O)C)\C)\C)/C)/C	Terpenoids	Carotenoids (C40)	Carotenoids (C40, β-β)	false	npclassifier.gnps2.org@2026-09-07
JLDCSWRYRVBFRU-GHVJWSGMSA-N	CCC(C)/C=C/C(=O)N1CC(CC1C(=O)NC(CC(C)CC(CC(=O)CC)O)C(=O)NC(C(C(C)C)O)C(=O)NC(C)(C)C(=O)NC(CC(C)C)C(=O)NC(CC(C)C)C(=O)NC(C)(C)C(=O)NC(C)(C)C(=O)NCCC(=O)NC(C)CNC)C	Amino acids and Peptides	Oligopeptides	Peptaibols	false	npclassifier.gnps2.org@2026-09-07
JLIDBLDQVAYHNE-LXGGSRJLSA-N	CC1=CC(=O)CC(C1(/C=C/C(=C\C(=O)O)/C)O)(C)C	Terpenoids	Apocarotenoids	Apocarotenoids(ε-)	false	npclassifier.gnps2.org@2026-09-07
JLPUXFOGCDVKGO-TUAOUCFPSA-N	C[C@H]1CCC[C@@]2([C@@]1(CCCC2)O)C	Terpenoids	Sesquiterpenoids	Eudesmane sesquiterpenoids|Noreudesmane sesquiterpenoids	false	npclassifier.gnps2.org@2026-09-07
JLSQXYITDXJTKL-UHFFFAOYSA-N	COC1=C(C2=C(C(=C1)O)C(=O)C(=C(O2)C3=C(C(=CC=C3)Cl)O)OC)OC	Shikimates and Phenylpropanoids	Flavonoids	Flavonols	false	npclassifier.gnps2.org@2026-09-07
JLSVDPQAIKFBTO-OMCRQDLASA-N	C[C@@H]1[C@]([C@H]([C@](O1)(C)/C=C(\C)/C=C/C=C/C=C/C2=C(C(=CC(=O)O2)OC)C)O)(C)O	Polyketides	Linear polyketides	Linear polyenes	false	npclassifier.gnps2.org@2026-09-07
JMBWSLLYZATHBO-UHFFFAOYSA-N	C[N+](C1)(C)CC2=C1C3=C(C4=C2C5=C(C=CC=C5)N4)NC6=CC=CC=C63	Alkaloids	Tryptophan alkaloids	Carbazole alkaloids|Carboline alkaloids	false	npclassifier.gnps2.org@2026-09-07
JMLWBWKKDGTTAS-KOLCDFICSA-N	CC1=C(C(O)=O)[C@]([H])([C@H](O)CCCCCC)OC1=O	Polyketides	Linear polyketides	Acetogenins	false	npclassifier.gnps2.org@2026-09-07
JMMMWKAJHBCSAV-XZBFPPINSA-N	C[C@@H](\C=C(/C)[C@@H]1OC(=O)\C=C\CC\C=C\CC[C@@H]1C)C(=O)C[C@H](O)CC1CC(=O)NC(=O)C1	Alkaloids	Lysine alkaloids	Piperidine alkaloids	false	npclassifier.gnps2.org@2026-09-07
JMSMUKSEAVWMLS-DILUDIFQSA-N	CC(C)C/C=C/C=C/C1=CC=CC=C1/C=C/C(=O)N[C@H](C)C(=O)N[C@@H]1COC(=O)[C@H]([C@H](C)C(=O)O)NC(=O)[C@H](CNC(=O)[C@@H](N)C(C)C)NC(=O)[C@H](C(C)C)NC(=O)[C@@H](CC(C)C)NC1=O	Amino acids and Peptides|Polyketides	Oligopeptides	Cyclic peptides|Depsipeptides	false	npclassifier.gnps2.org@2026-09-07
JMSMUKSEAVWMLS-NRIHHCDJSA-N	CC(C)C/C=C/C=C\C1=CC=CC=C1/C=C/C(=O)N[C@H](C)C(=O)N[C@@H]1COC(=O)[C@H]([C@H](C)C(=O)O)NC(=O)[C@H](CNC(=O)[C@@H](N)C(C)C)NC(=O)[C@H](C(C)C)NC(=O)[C@@H](CC(C)C)NC1=O	Amino acids and Peptides|Polyketides	Oligopeptides	Cyclic peptides|Depsipeptides	false	npclassifier.gnps2.org@2026-09-07
JNDQPDZQDHPEAE-WCVIEGAVSA-N	[H][C@@]12C\C(O[C@@]11C(C)=C[C@]3([H])O[C@]4([H])CC(=O)C=C(C)[C@@]5([H])CC[C@@]1([C@@H](OC(C)=O)O2)[C@]3([H])[C@]45C)=C(/C)C(C)=O	Terpenoids	Diterpenoids	Breviane diterpenoids	true	npclassifier.gnps2.org@2026-09-07
JNDQPDZQDHPEAE-WTAVCZOCSA-N	CC1=C[C@](O2)([H])[C@@]3([H])[C@]4([C@]15[C@@](C/C(O5)=C(C)\C(C)=O)([H])O[C@H]4OC(C)=O)CC[C@]6([H])[C@]3(C)[C@]2([H])CC(C=C6C)=O	Terpenoids	Diterpenoids	Breviane diterpenoids	true	npclassifier.gnps2.org@2026-09-07
JNEGMBHBUAJRSX-SHUHUVMISA-N	CC1=C(C(=O)C2=C(C1=O)C[C@H]3[C@H]4C5=C(C[C@H](N4C)[C@@H](N3[C@H]2CNC(=O)C(=O)C)C#N)C(=O)C(=C(C5=O)OC)C)OC	Alkaloids	Tyrosine alkaloids	Tetrahydroisoquinoline alkaloids	false	npclassifier.gnps2.org@2026-09-07
JNHPMJVSUJKCKH-KCCNSQSLSA-N	C[C@]12CC[C@]34C(=CC(=O)[C@H](O3)C(O4)(C)C)[C@@]1([C@H](C[C@@H]5[C@@]2(C6=C(C5)C7=CC=CC=C7N6)C)O)O	Alkaloids|Terpenoids	Tryptophan alkaloids	Indole-Diterpenoid alkaloids (Penitrems)	false	npclassifier.gnps2.org@2026-09-07
JNIIDKODPGHQSS-CGLFUZANSA-N	O=C(N[C@@H](CNC(C[C@H](N)CCCN)=O)C(N/C(C(N[C@@H]([C@H]1CCN=C(N)N1)C(NC[C@H](N)C(N2)=O)=O)=O)=C\NC(N)=O)=O)[C@@H]2CO	Amino acids and Peptides	Oligopeptides	Cyclic peptides	false	npclassifier.gnps2.org@2026-09-07
JNKVBUQSDAHKDQ-FPMQLFDZSA-N	CC/C=C(\C)/[C@H]([C@@H](C)C(=O)NCC(=O)[C@@H](C)[C@H]([C@@H](C)C(=O)O)O)O	Polyketides	Linear polyketides	Open-chain polyketides	false	npclassifier.gnps2.org@2026-09-07
JNVNDKPCJMURLX-KRCBVYEFSA-N	CC(C)CCCCCCCCCCCC(=O)N[C@@H](CCCN(O)C=O)C(=O)N[C@@H](CO)C(=O)N(O)CCC[C@@H]1NC(=O)[C@H](CCCN(O)C=O)NC1=O	Amino acids and Peptides	Oligopeptides	Linear peptides|Lipopeptides	false	npclassifier.gnps2.org@2026-09-07
JOGGBCLHHSIJBJ-MGUFQOSJSA-N	CC(C=C)(N[C@H](C(N[C@H](C(N1CCC[C@H]1C(N[C@H](C(C)C)C2=NC=C(C(OC)=O)S2)=O)=O)CC3=CC=CC=C3)=O)CC4=CC=CC=C4)C	Amino acids and Peptides	Oligopeptides|Small peptides	RiPPs-Cyanobactins|Tripeptides	false	npclassifier.gnps2.org@2026-09-07
JOTXNJQBWBCEHD-UHFFFAOYSA-N	C1C(C2(C(C(OC(C2O1)N3C=NC4=CN=C(N=C43)N)C(C(=O)O)NC(=O)C(CCCN=C(N)N)N)O)O)O	Carbohydrates	Nucleosides	Purine nucleos(t)ides	false	npclassifier.gnps2.org@2026-09-07
JOZRZQMZAIQZPI-MAANMWGLSA-N	C[C@@H]1C[C@]2([C@@H](C=C1C)/C=C/C(=O)O)C(=C(C(=O)O2)C(=O)[C@@H](C)CC(=O)C)O	Polyketides			false	npclassifier.gnps2.org@2026-09-07
JPBZVOIXIPLNNZ-UHFFFAOYSA-N	CCCCCCCC1=CC(=O)C(O)(CCCCCC)O1	Polyketides			true	npclassifier.gnps2.org@2026-09-07
JPGWTZORMBTNMF-UHFFFAOYSA-N	OC1=CC=CC(O)=C1C(=O)C1=CC(Cl)=C(Cl)N1	Alkaloids	Proline alkaloids	Pyrrole alkaloids	false	npclassifier.gnps2.org@2026-09-07
JPJWIAYMFHOJRY-YWZLYKJASA-N	CC(C)[C@H]1C(=O)N[C@@H](CC2=CNC3=C(C=CC(=C23)N1C)C(C)(C)C=C)CO	Alkaloids	Tryptophan alkaloids		false	npclassifier.gnps2.org@2026-09-07
JPLKQMQCWCMVJA-UHFFFAOYSA-N	CCCCCCCCCC1=NC(=CC2=CC=C(O)C=C2)C(=O)O1	Polyketides	Aromatic polyketides	Catechols with side chains	false	npclassifier.gnps2.org@2026-09-07
JPPZZIRKTBZEAJ-JLBIYAHBSA-N	CO[C@H]1[C@H](O)[C@@H](O)[C@@H](C=C1CO)N1C(Cl)=CC2=C1OC1=C(C(O)=C(Cl)C=C1C)C2=O	Carbohydrates	Polyols	Amino cyclitols	false	npclassifier.gnps2.org@2026-09-07
JPTGQNMDWMSVSF-DUENCVSESA-N	[H][C@]12C[C@H](C)O[C@]3(N=C(C[C@H]3OC)C3=CC=CN3)[C@]1([H])C1=CC=C(CCCCCCC2)N1	Alkaloids	Proline alkaloids	Prodigiosins	false	npclassifier.gnps2.org@2026-09-07
JPTGQNMDWMSVSF-UHFFFAOYSA-N	COC1CC(=NC11OC(C)CC2CCCCCCCC3=CC=C(N3)C12)C1=CC=CN1	Alkaloids	Proline alkaloids	Prodigiosins	false	npclassifier.gnps2.org@2026-09-07
JPYWPHBUMZRLPO-JDCCHMEXSA-N	CCC(C)CCCC/C=C/C=C/C(=O)NC(CC(=O)O)C(=O)NC1C(OC(=O)C(NC(=O)C(NC(=O)C(NC(=O)CNC(=O)C(NC(=O)C(NC(=O)C(NC(=O)C(NC(=O)C(NC(=O)C(NC(=O)C(NC(=O)C(NC(=O)C(NC(=O)C(NC(=O)C(NC1=O)C2=CC=C(C=C2)O)CCCN)C(C)O)C3=CC=C(C=C3)O)C4=CC=C(C=C4)O)C(C)O)CCCNC(=O)N)CC5CN=C(N5)N)C6=CC=C(C=C6)O)CO)C7=CC(=C(C(=C7)Cl)O)Cl)CC8CN=C(N8)N)C)C9=CC=C(C=C9)O)C	Amino acids and Peptides|Polyketides	Oligopeptides	Cyclic peptides|Depsipeptides	false	npclassifier.gnps2.org@2026-09-07
JQAGFGHSXWGRJE-CSQDBYODSA-N	COC1=C(C2=C(CC(N3[C@@H]2N[C@H](C3=O)CC4=CNC5=CC=CC=C54)C(=O)N[C@@H](CC(CO)CO)C(=O)O)C(=C1O)O)O	Alkaloids			false	npclassifier.gnps2.org@2026-09-07
JQFBTQXBHCKSHR-KLJDGLGGSA-N	CC(C)(C=C)N[C@@H](CC1=CC=CC=C1)C(=O)N[C@@H](CC2=CC=CC=C2)C(=O)N3CCC[C@H]3C4=NC(=CS4)C(=O)OC	Amino acids and Peptides	Oligopeptides|Small peptides	RiPPs-Cyanobactins|Tripeptides	false	npclassifier.gnps2.org@2026-09-07
JQJZJLLBOLNQAF-UHFFFAOYSA-N	CC1=C(C(=C(C(=C1Cl)O)CC=C(C)C)O)C=O	Polyketides|Terpenoids	Meroterpenoids		false	npclassifier.gnps2.org@2026-09-07
JQMACDQCTNFQMM-QAOHEUSVSA-N	[H][C@@]1(OC(=O)[C@H](C)[C@@H](O[C@H]2C[C@@](C)(OC)[C@H](OC(C)=O)[C@H](C)O2)[C@H](C)[C@@H](O[C@@H]2O[C@H](C)C[C@H](OC)[C@H]2O)[C@@H](C)C[C@](C)(O)C(=O)[C@H](C)[C@@H](OC(C)=O)[C@H]1C)[C@@H](C)[C@H](C)O	Polyketides	Macrolides	Erythromycins	true	npclassifier.gnps2.org@2026-09-07
JQMYMZZLIOIXEO-SREVYHEPSA-N	[C-]#[N+]/C=C\C1=CNC2=CC=CC=C21	Alkaloids	Tryptophan alkaloids	Simple indole alkaloids	false	npclassifier.gnps2.org@2026-09-07
JQNYNWGLYMUUFW-VWYCJHECSA-N	C=C(C(O)=O)[C@H]1[C@H]([C@H](OC1=O)CCCCCC)O	Fatty acids	Fatty Acids and Conjugates		false	npclassifier.gnps2.org@2026-09-07
JQWFRQJTZVLPIQ-HSIBCVILSA-N	O=C(N[C@H](C(N[C@H](C(C)C)C(N[C@@H](C(C)C)C(N[C@H](C)C(NCCC1=O)=O)=O)=O)=O)C(C)C)[C@@H]([C@H](OC([C@@H](NC([C@@H]2N1CCC2)=O)C(C)C)=O)C)NC([C@H]([C@H](C)CC)NC([C@@H](CC(C)C)NC([C@H](C(C)C)NC([C@@H](C)NC([C@H]3N(C(CCC)=O)CCC3)=O)=O)=O)=O)=O	Amino acids and Peptides|Polyketides	Oligopeptides	Cyclic peptides|Depsipeptides	false	npclassifier.gnps2.org@2026-09-07
JRBUGAHICHRVSG-NGOZIHSBSA-N	COC1=CC(C[C@H]2CN[C@@H](CC3=CC=CC=C3)CN2C(=O)/C=C/C2=CC=CC=C2)=CC(OC)=C1O	Alkaloids|Shikimates and Phenylpropanoids			false	npclassifier.gnps2.org@2026-09-07
JRCMJKKALYUURJ-OVYBONNASA-N	CC[C@@]1(O)C[C@H](O[C@H]2C[C@@H]([C@H](O[C@H]3C[C@H](O)[C@H](O[C@H]4CC[C@H](O)[C@H](C)O4)[C@H](C)O3)[C@H](C)O2)N(C)C)C2=C(O)C3=C(C(O)=C2[C@H]1O[C@H]1C[C@@H]([C@H](O[C@H]2CC[C@H](O[C@H]4CC[C@H](O)[C@H](C)O4)[C@H](C)O2)[C@H](C)O1)N(C)C)C(=O)C1=C(C(O)=CC=C1)C3=O	Polyketides	Polycyclic aromatic polyketides	Anthracyclines	true	npclassifier.gnps2.org@2026-09-07
JRGSONPJAHDIGK-WBPJKTCNSA-N	O=C(CNC([C@](O)(C)C1=O)=O)NC(/C=C/C(N(C)CC(O[C@@H](CCCCCCCCCCCCC)[C@@H]1C)=O)=O)=C	Amino acids and Peptides|Polyketides	Oligopeptides	Cyclic peptides|Depsipeptides|Lipopeptides	false	npclassifier.gnps2.org@2026-09-07
JSAUIHANVAFONR-UHFFFAOYSA-O	OCC(CCC[NH3+])NC(CC(O)CCCCCCCCCCCCC)=O	Fatty acids	Sphingolipids		false	npclassifier.gnps2.org@2026-09-07
JSCQSBGXKRTPHZ-SYKZHUKTSA-N	C/C(=C/C=C/C1=CC=CC=C1)/C(=C\OC)/C(=O)OC	Polyketides	Aromatic polyketides	Strobilurins and derivatives	false	npclassifier.gnps2.org@2026-09-07
JSKKCLMEHALYSC-KPJJIACZSA-N	OC1=CC(OC(/C(C)=C/C=C/C(O)C(O)/C(C)=C/C)=C1)=O	Polyketides	Cyclic polyketides	2-pyrone derivatives	false	npclassifier.gnps2.org@2026-09-07
JSNIAKPKPNJUEP-UHUGAYFASA-N	C[C@@H]1C[C@H]2C(=O)N[C@H](C(=O)N([C@H](C(=O)N3CCC[C@H]3C(=O)N([C@H](C(=O)NCC(=O)OC([C@@H](C(=O)N[C@H](C(=O)N2C1)CC(C)C)N(C)C(=O)[C@@H]4C[C@H](CN4C(=O)[C@H](C(C)C)N(C)C(=O)C)C)C)CC(C)C)C)C(C)C)C)CC(C)C	Amino acids and Peptides|Polyketides	Oligopeptides	Cyclic peptides|Depsipeptides	false	npclassifier.gnps2.org@2026-09-07
JSPPQWVTDRBUIB-VGPDEBLWSA-N	CC[C@H](O)[C@H](C)\C=C(/C)\C=C\[C@]1(O)[C@@H](C)C[C@@H](CC)C(=O)[C@@H]1C	Polyketides	Linear polyketides	Open-chain polyketides	false	npclassifier.gnps2.org@2026-09-07
JSSFRHLBNRCOAQ-KGAWMYLDSA-N	C/C=C/C=C/C(=C\1/C(=C(C(=O)[C@@](C1=O)(C)O)C)O)/O	Polyketides	Aromatic polyketides	Sorbicilinoids	false	npclassifier.gnps2.org@2026-09-07
JSVLNARHSWZARV-FOOXNAEUSA-N	COC1=C(C)C(=O)OC([C@]2(C)O[C@H]2/C(C)=C/C(C)=C/[C@]2(C)O[C@H](C)[C@@]3(C)O[C@@H]23)=C1C	Polyketides	Cyclic polyketides		false	npclassifier.gnps2.org@2026-09-07
JSVPJXYQXDNLRD-NSCUIBACSA-N	COC[C@@H]1N(O)C(=O)[C@H]2CCCNN2C(=O)[C@@H](NC(=O)[C@](C)(O)[C@]2(O)CC[C@@H](CC(C)C)[C@H](C)O2)[C@@H](OC(=O)[C@@H](C)N(O)C(=O)[C@@H]2CCCNN2C(=O)CNC1=O)C(C)C	Amino acids and Peptides|Polyketides	Oligopeptides	Cyclic peptides|Depsipeptides	true	npclassifier.gnps2.org@2026-09-07
JSZUQPCUWLSQDN-JMSZFDLWSA-N	C/C=C/C[C@H]1C(=O)N[C@H](C(=O)N([C@H](C(=O)N[C@H](C(=O)N[C@H](C(=O)N([C@H]2C[C@@H]([C@@H](N(C2=O)[C@H](C(=O)N1)CC(C)C)O)C)C)C)CC3=CC(=C(C=C3)O)[N+](=O)[O-])CC(C)C)C)CC4=CN(C5=CC=CC=C54)C(C)(C)[C@H]6CO6	Amino acids and Peptides|Polyketides	Oligopeptides	Cyclic peptides|Depsipeptides	false	npclassifier.gnps2.org@2026-09-07
JSZUQPCUWLSQDN-NVYHBLSCSA-N	C/C=C/C[C@H]1C(=O)N[C@H](C(=O)N([C@H](C(=O)N[C@H](C(=O)N[C@H](C(=O)N([C@H]2C[C@@H]([C@H](N(C2=O)[C@H](C(=O)N1)CC(C)C)O)C)C)C)CC3=CC(=C(C=C3)O)[N+](=O)[O-])CC(C)C)C)CC4=CN(C5=CC=CC=C54)C(C)(C)[C@H]6CO6	Amino acids and Peptides|Polyketides	Oligopeptides	Cyclic peptides|Depsipeptides	false	npclassifier.gnps2.org@2026-09-07
JTFGPTHCAAUOQL-RNPLJHCFSA-N	CC[C@@H](CO)[C@H]1[C@](C)(O)[C@@]2(O)/C(=C/O)C(=O)[C@]1(C)[C@@H]1[C@@H]2C[C@](C)(O)C[C@H]1C	Polyketides	Cyclic polyketides	Decalins with side chains	false	npclassifier.gnps2.org@2026-09-07
JTJJJLSLKZFEPJ-WSHSOXHMSA-N	CON1C2=C(C=CC=C2)[C@]2(C=C(O)C(=O)N3\C(=C\C4=CNC=N4)C(=O)N[C@]123)C(C)(C)C=C	Alkaloids	Histidine alkaloids	Imidazole alkaloids	false	npclassifier.gnps2.org@2026-09-07
JTKYOBYUSHXUCL-SVZHJGFXSA-N	CC[C@H](C)[C@H]1N(C)C(=O)[C@@H](CC(N)=O)NC(=O)[C@@H](NC(=O)[C@@H](CC(O)=O)NC(=O)CNC(=O)[C@H](C)[C@H](O)[C@@H](NC(=O)[C@H](CCC(N)=O)NC(=O)[C@H](NC(=O)CC(N)C[C@H](O)[C@@H](NC(=O)[C@@H](O)CC2=CC=CC=C2)[C@H](O)C2=CC=C(OC)C=C2)[C@@H](C)O)[C@@H](C)OC1=O)C(C)C	Amino acids and Peptides|Polyketides	Oligopeptides	Cyclic peptides|Depsipeptides	false	npclassifier.gnps2.org@2026-09-07
JTOKYIBTLUQVQV-QRVTZXGZSA-N	C/C=C/C[C@@H](C)[C@H]([C@H]1C(=O)N[C@H](C(=O)N(CC(=O)N([C@H](C(=O)N[C@H](C(=O)N([C@H](C(=O)N[C@H](C(=O)N[C@@H](C(=O)N([C@H](C(=O)N([C@H](C(=O)N([C@H](C(=O)N1C)C(C)C)C)CC(C)C)C)CC(C)C)C)C)C)CC(C)C)C)C(C)C)CC(C)C)C)C)[C@@H](C)O)O	Amino acids and Peptides	Oligopeptides	Cyclic peptides|Peptaibols	false	npclassifier.gnps2.org@2026-09-07
JTXSSZYKSHIXRS-UHFFFAOYSA-N	CCCCCC1=CC(=O)NC2=C1C(=O)C3=C(C2=O)NC(=O)C=C3CCCCC	Alkaloids	Tryptophan alkaloids		false	npclassifier.gnps2.org@2026-09-07
JUCMRFKOKIZVPS-OAHLLOKOSA-N	C[C@@]1(CC(C2=C1C(=C(C=C2)CO)CO)(C)C)CO	Terpenoids	Sesquiterpenoids	Botryane sesquiterpenoids	false	npclassifier.gnps2.org@2026-09-07
JUHALZHBXHSBMH-LPHIXDDYSA-N	C[C@]12CC[C@@H]([C@@]([C@@H]1CCC3=CC4=C(C=C23)C5=C(N4)C=CC(=C5)S(=O)(=O)C6=C7C(=CC8=C6CC[C@@H]9[C@@]8(CC[C@@H]([C@@]9(C)C(=O)O)O)C)C1=CC=CC=C1N7)(C)C(=O)O)O	Alkaloids	Tryptophan alkaloids	Carbazole alkaloids	false	npclassifier.gnps2.org@2026-09-07
JUHSPAYJBZKQRH-IBWPONKNSA-N	CC(C)C[C@@H](NC(=O)[C@H](O)CC1=CC=CC=C1)C(=O)N1[C@H]2C[C@@H](CC[C@H]2C[C@H]1C(=O)NCCCCNC(N)=N)O[C@H]1OC[C@@H](O)[C@H](O)[C@H]1O	Amino acids and Peptides	Oligopeptides	Aeruginosins|Linear peptides|Lipopeptides	true	npclassifier.gnps2.org@2026-09-07
JUKANPGZTHRFAE-YXAPNRSXSA-N	CC[C@H](C)[C@@H]1NC(=O)[C@H](CC(C)C)NC(=O)[C@H](CSSC[C@H](NC(=O)[C@H](CC2=CC3=CC=CC=C3N2)NC1=O)C(=O)N[C@@H](CC(O)=O)C(O)=O)NC(=O)[C@H](CCCNC(N)=N)NC(=O)[C@@H](NC(=O)CNC(=O)[C@@H]1CCCN1C(=O)[C@@H]1CCC(=O)NCC(=O)NC(CO)C(=O)NC(CCCNC(N)=N)C(=O)NCC(=O)N[C@@H](CC2=CC3=CC=CC=C3N2)C(=O)NCC(=O)N[C@@H](CC2=CC=CC=C2)C(=O)N1)C(C)C	Amino acids and Peptides	Oligopeptides	Cyclic peptides|RiPPs-Lasso peptides	false	npclassifier.gnps2.org@2026-09-07
JUQBDFIDSAAWNW-UHFFFAOYSA-N	CC(C)(O)CCCCCCCCCCCCC1=CC(O)=CC(O)=C1	Polyketides	Aromatic polyketides	Catechols with side chains	false	npclassifier.gnps2.org@2026-09-07
JVVRVIOSZWLSED-LPXHXMFQSA-N	O=C(N[C@](C(N[C@@](C1=CC=C(O)C=C1)([H])C(N([C@H](C(N[C@]2([H])[C@@H](C)O)=O)CC3=CC=CC=C3)C)=O)=O)([H])[C@H](CC)C)[C@H]([C@@H](C)OC([C@H](COC(CNC(/C=C/C(C)=C/C)=O)=O)NC2=O)=O)NC([C@@H]([C@@H](C(C)C)O)C)=O	Amino acids and Peptides|Polyketides	Oligopeptides	Cyclic peptides|Depsipeptides	false	npclassifier.gnps2.org@2026-09-07
JVWQBHWCFLLGBX-TWNLSQFPSA-N	C\C(\C=C\C1=CC=CC(=O)O1)=C/C=C/C1=CC=CC=C1	Polyketides	Cyclic polyketides	2-pyrone derivatives	false	npclassifier.gnps2.org@2026-09-07
JWACXIROMWTVRE-ZEQRLZLVSA-N	CN[C@@H](C(C)C)C(=O)N(C)[C@@H](CC1=CC=CC=C1)C(=O)NCCC1=CNC2=CC=CC=C12	Amino acids and Peptides	Small peptides	Dipeptides	false	npclassifier.gnps2.org@2026-09-07
JWLGWSSOSJPSNF-UHFFFAOYSA-N	COC1=CC(CNC(C)=O)=CC2=CC(C3=CC=C(O)C=C3)=C3C(=O)C4=C(C=CC=C4O)C(=O)C3=C12	Polyketides	Polycyclic aromatic polyketides	Angucyclines	false	npclassifier.gnps2.org@2026-09-07
JWOGUUIOCYMBPV-LQJYRIKDSA-N	[H][C@]12CCCCN1C(=O)[C@@H](NC(=O)[C@H](CC1=CN(OC)C3=C1C=CC=C3)NC(=O)[C@H](CCCCCC(=O)CC)NC2=O)C(C)CC	Amino acids and Peptides	Oligopeptides	Cyclic peptides	false	npclassifier.gnps2.org@2026-09-07
JWTGUCIHAAELTO-MUQPRCLGSA-N	C/C(C)=C/CC/C(C)=C/CC1=NC=C(C[C@@H](C(N[C@@H](CCC(O)=O)C(N[C@@H](CCC(O)=O)C(N[C@@H]([C@H](CC)C)C(N2CCC[C@H]2C(N[C@H](C(N[C@@H](CC3=CC=C(O)C=C3)C(N4CCCC45)=O)=O)CCCNC(N)=N)=O)=O)=O)=O)=O)NC5=O)N1	Amino acids and Peptides	Oligopeptides	Cyclic peptides	false	npclassifier.gnps2.org@2026-09-07
JWWAHGUHYLWQCQ-UHZBFKKDSA-N	CC(C)C[C@H]1OC(=O)[C@@H](NC(=O)[C@@H](OC(=O)[C@@H](C)NC(=O)[C@@H](CC(C)C)OC(=O)[C@@H](NC(=O)[C@@H](OC(=O)[C@@H](C)NC(=O)[C@@H](CC(C)C)OC(=O)[C@@H](NC(=O)[C@@H](OC(=O)[C@@H](C)NC1=O)C(C)C)C(C)C)C(C)C)C(C)C)C(C)C)C(C)C	Amino acids and Peptides|Polyketides	Oligopeptides	Cyclic peptides|Depsipeptides	false	npclassifier.gnps2.org@2026-09-07
JWWKBOBMBFAOAR-LLVKDONJSA-N	CC(=O)N[C@@H](CO)CC(=O)C1=C(N)C2=C(C=C1)OC(C)(C)C=C2	Alkaloids	Peptide alkaloids	Simple amide alkaloids	false	npclassifier.gnps2.org@2026-09-07
JXJDQKCOJBAPQM-UHFFFAOYSA-N	N#CC1=C(N2C(Br)=C(Br)C3=C2C=CC(Br)=C3)NC4=C(Br)C=C(Br)C=C41	Alkaloids			false	npclassifier.gnps2.org@2026-09-07
JXNCVINFWDAYCA-UHFFFAOYSA-N	CC(=O)CC(O)C1=C(O)C2=C(C=C1O)C(=O)C1=C(C(O)=CC(O)=C1)C2=O	Polyketides	Polycyclic aromatic polyketides	Anthraquinones and anthrones	false	npclassifier.gnps2.org@2026-09-07
JXUQPNLBWOOGRB-HAIQEQOSSA-N	C/C=C1\NC(=O)[C@@H](C)NC(=O)CNC(=O)[C@](C)(C(C)=O)NC(=O)[C@H](CC2=CNC3=C2C(OC)=CC=C3)NC(=O)C2=CSC(=N2)[C@@H](C)NC(=O)CN(C)C1=O	Amino acids and Peptides	Oligopeptides	Cyclic peptides	false	npclassifier.gnps2.org@2026-09-07
JYHIHHYYXXKTTJ-VPIXAGKESA-N	CO/N=C/C=C\C(=O)N/C=C/CC1CC(=O)OC(C)/C=C/C(O)/C(C)=C\CC2=C(C(=O)O1)C(O)=CC=C2	Polyketides	Macrolides	Zearalenones	false	npclassifier.gnps2.org@2026-09-07
JYMSLMAIEGCNCF-MBLQLIRUSA-N	C[C@@H]1[C@H](C[C@@H]2[C@]3(CC[C@@H]([C@@]([C@@H]3CC[C@@]2([C@H]1/C(=C/O)/C=O)C)(C)COC(=O)C4=C(C=CC(=C4)Cl)NC)O)C)OC	Terpenoids			false	npclassifier.gnps2.org@2026-09-07
JYQBRRHPVQLUCY-ZJPHBKLHSA-N	COC1=C(C[C@@H](NC(=O)[C@H](CO)NC(=O)[C@@H](NC(=O)[C@H](CC(C)C)NC(=O)[C@@H](CC2=CC=C(O)C=C2)NC(=O)[C@H](CC2=CC=C(O)C=C2)NC(C)=O)[C@@H](O)C(=O)O)C(=O)N[C@@H](CC(C)C)C(=O)NCC(=O)O)C=CC(O)=C1	Amino acids and Peptides	Oligopeptides	Linear peptides	false	npclassifier.gnps2.org@2026-09-07
JYSBHGIINWQTOH-JHTNTUONSA-N	C[C@H]1C(=O)NCC(=O)N[C@H](C(=O)N[C@@H](CC(=O)N[C@H](C(=O)N[C@H](C(=O)NCC(=O)N[C@H](C(=O)N1)CC(C)C)CC(C)C)CC(C)C)C(=O)N[C@@H](CCCNC(=O)N)C(=O)N[C@@H](CC(C)C)C(=O)N[C@@H](C(C)C)C(=O)N[C@@H](CC(C)C)C(=O)N[C@@H](CO)C(=O)N[C@@H](CCCCN)C(=O)N[C@@H](CC(=O)N)C(=O)O)CC(=O)N	Amino acids and Peptides|Polyketides	Oligopeptides	Cyclic peptides|Depsipeptides|Lipopeptides	false	npclassifier.gnps2.org@2026-09-07
JYUWJUDWHAUBBT-SQDQPZCFSA-N	CC[C@H](C)[C@H](NC(=O)C1=C(C)OC(=N1)C(=C)NC(=O)[C@@H](NC(=O)C1=C(C)OC(=N1)[C@H](C)NC(C)=O)C(C)C)C(=O)N[C@@H](CC(C)C)C1=NC(=CS1)C(=O)N[C@@H](CO)C(=O)NCC(=O)NCC1=NC(C(=O)N[C@@H](CC(C)C)C(=O)NC(=C)C2=NC(=CO2)C(=O)N[C@@H](C)C(=O)NCC2=NC(=CS2)C(=O)N[C@@H](C(C)C)C(O)=O)=C(C)O1	Amino acids and Peptides	Oligopeptides	Linear peptides	false	npclassifier.gnps2.org@2026-09-07
JYWWPHYMIDPOPT-YOUMKCDSSA-N	O=C(O)/C=C/C=C/C=C\\C1CC1C1CC1C1CC1C1CC1C1CC1C1CC1C	Fatty acids	Fatty Acids and Conjugates	Carbocyclic fatty acids	false	npclassifier.gnps2.org@2026-09-07
JYYJQJKNUQRQSW-YIZRAAEISA-N	CC(=O)NC1=CC(=O)[C@]2(CO)O[C@@H]2[C@H]1O	Carbohydrates	Polyols	Amino cyclitols	false	npclassifier.gnps2.org@2026-09-07
JYZGDIADQSQUAG-DKLZGWCZSA-N	[H][C@@]12CC[C@](O)(COC)\C1=C\[C@@]1([H])[C@H](C)C(=O)C(C(C)C)=C1C[C@H](O)[C@@H]2C	Terpenoids	Diterpenoids	Fusicoccane diterpenoids	false	npclassifier.gnps2.org@2026-09-07
JZFPQWDFMPNUFU-KIVCGTBSSA-N	O=C(OC(/C=C/C(O)CC(CCCC(C(C1O)C)O)O)C)CC2(O)OC(C[C@H](O[C@@H]3O[C@H](C)[C@@H](O)[C@H](N(C)C)[C@H]3O)C2C)C(C)C(O)/C(C)=C/C=C/CC(O)C(C)C(O)CCCC(O)CC(O)/C(C)=C/C(C(O)C(O)CCC(C)CC(O)CC(O)C(C)CC1)CCCCC(C)C	Polyketides	Macrolides	Oligomycins|Polyene macrolides	true	npclassifier.gnps2.org@2026-09-07
JZIMOTIFZOTFPM-OJDRRNJJSA-N	C/C=C(\C=C(C)\C=C\C=C\C=C(/C)C(=O)[C@H]1C[C@H](CO)NC1=O)C(=O)OC	Alkaloids	Tetramate alkaloids	Simple tetramate alkaloids	false	npclassifier.gnps2.org@2026-09-07
JZNOMYDYVVIEOB-BFGPAELMSA-M	O=S([O-])(O[C@H]([C@@H]([C@H](O1)CN)O)[C@@H]1O[C@@H]([C@@H]2N(C[C@@H]([C@H](N(C2=O)C)C(O)=O)OC(C[C@@H](OC(C[C@@H](CC(O)=O)C)=O)CCCCCC/C=C\CCCCCCCC)=O)C)[C@@H](O[C@H]3N(C(N4)=O)C=CC4=O)[C@H]([C@H]3O)O)=O	Carbohydrates	Nucleosides	Pyrimidine nucleos(t)ides	true	npclassifier.gnps2.org@2026-09-07
JZQMGUCXHBUSAJ-VMOCJBJQSA-N	CCCCCCCC(=O)N[C@@H](C(C)C)C(=O)N[C@@H](CC1=CC=CC=C1)C(=O)N[C@@H](CCC(O)=O)C(=O)N[C@@H]([C@@H](C)CC)C(=O)N[C@@H](C)C(O)=O	Amino acids and Peptides	Oligopeptides	Linear peptides	false	npclassifier.gnps2.org@2026-09-07
JZRZUVUPQOWUMF-CMDGGOBGSA-N	Cc1cc(O)c(Oc2c(C(OC3)=O)c(OC)c(/C=C/C(C)(OC)C)cc2)c3c1	Polyketides	Aromatic polyketides	Depsidones	false	npclassifier.gnps2.org@2026-09-07
JZTJQNQPTZNAOD-UHFFFAOYSA-N	CC1=CC(O)=C(Cl)C2=C1C1OC(C)(CC3=C1C(O)=C1C(=O)C4=C(C(Cl)=C(O)C=C4O)C(C)(C)C1=C3)O2	Polyketides	Polycyclic aromatic polyketides	Fasamycins and derivatives	false	npclassifier.gnps2.org@2026-09-07
JZUVOAOWVXOKMW-BRUGUNMHSA-N	CC(CCC/C=C/C(C)C/C=C/CCCN(C)C(=N)N)/C=C(\C)/C(C(C)/C=C/C=C/C=C/C=C/C=C(\C)/C(=O)NC1=C(CCC1=O)O)O[C@H]2[C@@H]([C@H]([C@@H]([C@H](O2)C(=O)O)O)O)O	Polyketides	Linear polyketides	Open-chain polyketides	true	npclassifier.gnps2.org@2026-09-07
JZUVZIYGKYSJHT-JFCKRRLISA-N	C[C@@H]1[C@@H](C(=O)N[C@H](C(=O)N[C@H](C(=O)N[C@H](C(=O)N2CCC[C@H]2C(=O)N[C@H]3COC(=O)C[C@H](NC(=O)[C@@H](NC(=O)[C@H](CC(=O)O1)NC3=O)CO)C(=O)N[C@@H](CCC(=O)O)C(=O)O)CC4=CC=C(C=C4)O)CCCN=C(N)N)CCSC)NC(=O)[C@H](C)NC(=O)[C@H](CC5=CC=CC=C5)N	Amino acids and Peptides|Polyketides	Oligopeptides	Cyclic peptides|Depsipeptides	false	npclassifier.gnps2.org@2026-09-07
KAAWANRWHLWZFV-RPWUZVMVSA-N	[H][C@]12N(C)C3=CC=C(Cl)C=C3[C@@]1(C)C1=CN(C)C(C)=C1C1=C2NC2=CC=C(Cl)C=C12	Alkaloids	Tryptophan alkaloids		false	npclassifier.gnps2.org@2026-09-07
KAFRRCNQGFIZFI-WKKVWVOWSA-N	CCCCCCCCCCCCCC(=O)N[C@@H](CCCN=C(N)N)[C@@H](O)[C@H](C)C(=O)N[C@H](C(=O)N[C@H](CO)C(=O)N1CCC[C@H]1C(=O)N[C@@H](CCCN(O)C(C)=O)C(=O)N[C@@H](CCCN(O)C(C)=O)C(=O)O)[C@H](O)C(=O)O	Amino acids and Peptides	Oligopeptides	Linear peptides|Lipopeptides	false	npclassifier.gnps2.org@2026-09-07
KALZIAHHFBESNS-MDYWKTFMSA-N	CC(C)C[C@@H]1NC(=O)[C@@H]2CC(=O)O[C@H](C)[C@H](NC(=O)[C@H](CC3=C[NH]C4=CC=CC=C34)NC(=O)[C@@H]3CCCN3C(=O)[C@@H](NC(=O)[C@H](CCC(=O)O)NC(=O)[C@@H](NC(=O)CNC(=O)[C@H](CCC(=O)O)NC(=O)[C@@H](N)[C@@H](C)O)[C@@H](C)O)C(C)C)C(=O)N[C@@H](CC3=CC=C(O)C=C3)C(=O)N[C@H]3CCCCNC(=O)C[C@@H](C(=O)N[C@@H](CCCNC(=N)N)C(=O)O)NC(=O)[C@H](CCC(=O)OC[C@H](NC(=O)[C@@H]4CCCC4C(=O)[C@H](CC4=CC=CC=C4)NC3=O)C(=O)N2)NC1=O	Amino acids and Peptides	Oligopeptides	Cyclic peptides|Depsipeptides|RiPPs-Lanthipeptides	false	npclassifier.gnps2.org@2026-09-07
KAPDWNVKXTVBBX-BPQGHQGNSA-N	CC[C@H](C)[C@H]1C(=O)NCC(=O)N[C@H](C(=O)NCC(=O)N[C@H](C(=O)N[C@@H](CC(=O)NCC(=O)N[C@H](C(=O)N1)CC2=CC=CC=C2)C(=O)N[C@@H]([C@@H](C)CC)C(=O)N[C@@H](CC3=CC=CC=C3)C(=O)NCC(=O)N[C@@H](CC4=CN=CN4)C(=O)N[C@@H](CC5=CC=C(C=C5)O)C(=O)N[C@@H](CO)C(=O)NCC(=O)NCC(=O)O)CC(=O)N)CC6=CNC7=CC=CC=C76	Amino acids and Peptides	Oligopeptides	RiPPs-Lasso peptides	false	npclassifier.gnps2.org@2026-09-07
KAZLTNBVAYOUNF-MUAMBBPCSA-N	[H][C@@]1(CCCC=C1)[C@H](O)[C@@]12NC(=O)[C@H](CCCCCC)[C@]1(C)OC2=O	Amino acids and Peptides	γ-lactam-β-lactones	Salinosporamides	false	npclassifier.gnps2.org@2026-09-07
KBBUEZJJDXGHRS-ZFIFVKQDSA-N	[H][C@@]12CC[C@@]3(C)C[C@]1(C=CC([C@]2(CCC(NC4=C(C(C(O)=O)=CC=C4O)O)=O)C)=O)C=C3	Terpenoids	Diterpenoids	Platensimycin and Platencins	false	npclassifier.gnps2.org@2026-09-07
KBDSJBWFONCQMR-NROGLJKMSA-N	CC1=C(O)[C@H](CC(C)C)N(C(=O)[C@@H](NC(=O)[C@@H](CN(C)C)NC(=O)C/C=C/CCC(=O)CC(C)C)C(C)C)C1=O	Amino acids and Peptides	Oligopeptides	Linear peptides	false	npclassifier.gnps2.org@2026-09-07
KBHMEHLJSZMEMI-KSYZLYKTSA-N	C1=NC2=C(NN=C2C(=N1)N)[C@H]3[C@@H]([C@@H]([C@H](O3)CO)O)O	Alkaloids	Pseudoalkaloids		false	npclassifier.gnps2.org@2026-09-07
KBLIZSDCRBAEQD-UHFFFAOYSA-N	O=C1OC(CC(C)C)=CC(O)=C1CCCCCCCCC(C)C	Polyketides	Cyclic polyketides	2-pyrone derivatives	false	npclassifier.gnps2.org@2026-09-07
KBQGWSPBIGCQSN-ODUIWNOOSA-N	COC1=CC(CC(=O)CN(C(C)=O)[C@H](CNC(=O)/C=C/C2=CC=CC=C2)CC2=CC=CC=C2)=CC2=C1OCO2	Amino acids and Peptides|Shikimates and Phenylpropanoids			false	npclassifier.gnps2.org@2026-09-07
KBYFOBFEVWUAKD-UHFFFAOYSA-N	OC1=CC=C(CC(C(O)=O)NC(C2N(C(C(NC(C3CCCN3C(CC(CCCCCCC(Cl)Cl)N)=O)=O)CCC4=CC=CC=C4)=O)CCC2)=O)C=C1	Amino acids and Peptides	Oligopeptides	Linear peptides|Lipopeptides|Microginins	false	npclassifier.gnps2.org@2026-09-07
KCAIYJDHLVYANU-VPLCAKHXSA-N	C1[C@H]2N(C1=O)C[C@@H](O2)C[C@@H](C(=O)O)N	Amino acids and Peptides	β-lactams	Clavams	false	npclassifier.gnps2.org@2026-09-07
KCIMYTFEDPWDPF-UHFFFAOYSA-N	OC1=CC=C(CC(C(O)=O)NC(C2N(C(C(NC(C3CCCN3C(CC(CCCCCCC([H])[H])N)=O)=O)CCC4=CC=CC=C4)=O)CCC2)=O)C=C1	Amino acids and Peptides	Oligopeptides	Linear peptides|Lipopeptides|Microginins	false	npclassifier.gnps2.org@2026-09-07
KCLJXKIILUZVBN-WREWNJFMSA-N	C[C@@H]1[C@@H](C2=C(C(=CC3=C2C[C@H]4[C@]5(C=CC(=O)C([C@@H]5C[C@@H]([C@@]4(O3)C)O)(C)C)C)O)C(=O)O1)O	Polyketides|Terpenoids	Meroterpenoids	Tetraketide meroterpenoids	false	npclassifier.gnps2.org@2026-09-07
KDHHWXGBNUCREU-HOTGVXAUSA-N	CC(=O)N(CCCC[C@@H](C(=O)O)NC(=O)CC(CC(=O)N[C@@H](CCCCN(C(=O)C)O)C(=O)O)(C(=O)O)O)O	Amino acids and Peptides	Small peptides	Dipeptides	false	npclassifier.gnps2.org@2026-09-07
KDJDXIAMVYNANV-HOONNCOMSA-N	CC[C@H](C)[C@@H](C(N1C[C@@H](/C=C\C)C[C@H]1C2=O)=O)NC([C@H]([C@@H](C3=CC=CC=C3)C)NC([C@H](NC([C@H]([C@H](C)C4=CC=CC=C4)NC([C@@H]([C@@H](C)O2)NC([C@H](C[C@H]5[C@H]([N+]([O-])=O)C5)NC(C6=CC=C(Cl)N6OCC(OCC)=O)=O)=O)=O)=O)C[C@H]7[C@H]([N+]([O-])=O)C7)=O)=O	Amino acids and Peptides|Polyketides	Oligopeptides	Cyclic peptides|Depsipeptides	false	npclassifier.gnps2.org@2026-09-07
KDRVEKPMWVHCOU-UHFFFAOYSA-N	O=C(NC1C(NC(C)C(N(C)C2C(N(C)C3(C(C)C3)C(OC(C)C(NC(C4=NC5=CC=CC=C5C=C4O)=O)C(NC(C)C(N(C)C(C(S(C)=O)SC2)C(N(C)C6(C(C)C6)C(OC1C)=O)=O)=O)=O)=O)=O)=O)=O)C7=NC8=CC=CC=C8C=C7O	Amino acids and Peptides|Polyketides	Oligopeptides	Cyclic peptides|Depsipeptides	false	npclassifier.gnps2.org@2026-09-07
KDVBIWXQJGCQHY-NFUOLKQTSA-N	CN1[C@H]2CS[C@@H]1[C@H]3CS[C@@H](N3C2=O)[C@H]4CSC(=N4)C5=CC=CC=C5O	Alkaloids	Serine alkaloids	Thiazole alkaloids	false	npclassifier.gnps2.org@2026-09-07
KDVBIWXQJGCQHY-XTUVOZTNSA-N	CN1[C@H]2CS[C@@H]1[C@H]3CS[C@H](N3C2=O)[C@H]4CSC(=N4)C5=CC=CC=C5O	Alkaloids	Serine alkaloids	Thiazole alkaloids	false	npclassifier.gnps2.org@2026-09-07
KEGZLFHRZXUETN-KUYIIAQISA-N	CC[C@H](C)[C@H]1C(=O)NCC(=O)N[C@H](C(=O)N[C@@H]2CSSC[C@@H](NC(=O)[C@@H](NC(=O)[C@@H](NC(=O)[C@@H](NC(=O)[C@H](NC(=O)CNC(=O)[C@@H]3CSSC[C@H](C(=O)N[C@H](C(=O)NCC(=O)N1)CC(C)C)NC(=O)C[C@@H](C(=O)N[C@H](C(=O)N[C@H](C(=O)NCC(=O)N3)C)CC4=CC=CC=C4)NC(=O)[C@@H](NC2=O)CC(=O)O)CC5=CC=C(C=C5)O)C)[C@@H](C)CC)C(C)C)C(=O)N[C@@H](CC6=CC=CC=C6)C(=O)N[C@@H](CC7=CC8=CC=CC=C8N7)C(=O)O)CO	Amino acids and Peptides	Oligopeptides	Cyclic peptides	false	npclassifier.gnps2.org@2026-09-07
KEHZWGZVOZXIKE-UHFFFAOYSA-N	CC1=CC2=C(C(=C1)O)OC3=C(O2)C4(C5C(=CC(=O)C5(C(=O)C4=C(C3=O)O)O)C)C	Polyketides	Aromatic polyketides	Depsidones	false	npclassifier.gnps2.org@2026-09-07
KEIIWGOWWWRCLH-VKJAPUTGSA-N	[H]C(C(NC([C@H]1CCCN1C([C@@H](NC([C@@H](NC([C@@H](CC2=CNC=N2)NC(CC3=CC=CC=C3)=O)=O)[C@H](CC)C)=O)C(C)C)=O)=O)CC4=CC=CC=C4)=O	Amino acids and Peptides	Oligopeptides|Small peptides	Linear peptides|Tripeptides	false	npclassifier.gnps2.org@2026-09-07
KEMCQOLILXTXHM-YLQYRENJSA-N	[H]C(C(NC([C@H]1CCCN1C([C@@H](NC([C@@H](NC([C@@H](CC2=CNC=N2)NC(CC(C)C)=O)=O)[C@H](CC)C)=O)C(C)C)=O)=O)CC3=CC=CC=C3)=O	Amino acids and Peptides	Oligopeptides|Small peptides	Linear peptides|Tripeptides	false	npclassifier.gnps2.org@2026-09-07
KESMHGZLKFQCSX-UHFFFAOYSA-N	O=C(C(C)NC(C)=O)N1CCCC1C(NC(C(O)=O)CCCNC(N)=N)=S	Amino acids and Peptides	Small peptides	Tripeptides	false	npclassifier.gnps2.org@2026-09-07
KFIMJAYNUYNRLK-JPLMYYFISA-N	[H]C12OC11C(=O)C(C)=C3OC45C(O)C6=C(C(Cl)=C(C=C6)[C@@]([H])(O)COC(=O)[C@]1([H])OC)C4(OC23O)C([H])(O)CC5([H])O	Polyketides			false	npclassifier.gnps2.org@2026-09-07
KFKOTHCXRDTJMM-UHFFFAOYSA-N	CC1=CC(=O)NC2=C1C(=O)C3=C(C2=O)NC(=O)C=C3CCCCCCCC(C)C	Alkaloids	Tryptophan alkaloids	Quinoline alkaloids	false	npclassifier.gnps2.org@2026-09-07
KFUFLYSBMNNJTF-UNPKUBMASA-N	COC1\C=C\C=C(C)\CC(C)C(O)C(C)\C=C(/C)\C=C(OC)\C(=O)OC1C(C)C(O)C(C)C1(O)CC(OC(=O)\C=C\C(=O)NC2=C(O)CCC2=O)C(C)C(O1)C(C)C	Polyketides	Macrolides	Bafilomycins	true	npclassifier.gnps2.org@2026-09-07
KFUZDFHQEIKECB-UHFFFAOYSA-N	CC1C(=O)c2cc3cccc(c3cc2C(C1(C(=O)O)O)(CCC(C)C)O)O.CC1C(=O)C2=Cc3cccc(c3C(C24C(C1(C(=O)O4)O)(CCC(C)C)O)O)O	Polyketides	Polycyclic aromatic polyketides	Anthraquinones and anthrones	false	npclassifier.gnps2.org@2026-09-07
KGCIBVDLLPYXFL-OFVWMMNVSA-N	CC1(C)[C@@H]2C[C@]34CCCN3C(=O)[C@@]2(C[C@@]11C(=O)N(O)C2=C1C=CC1=C2C=CC(C)(C)O1)NC4=O	Alkaloids|Amino acids and Peptides	Peptide alkaloids	Indole diketopiperazine alkaloids (L-Trp, L-Pro)	false	npclassifier.gnps2.org@2026-09-07
KGDZOMCKCJGCOA-HRUAGVTDSA-N	CCCCCCC[C@@H](O)CC(=O)NCC(=O)N[C@@H](C(=O)N[C@H]1COC(=O)[C@@H](CCC[N+]([O-])=NO)NC(=O)[C@H](C)NC(=O)[C@@H](CCC[N+]([O-])=NO)NC(=O)[C@@H]([C@@H](C)O)NC1=O)[C@@H](O)C(=O)O	Amino acids and Peptides	Oligopeptides	Cyclic peptides|Depsipeptides|Lipopeptides	false	npclassifier.gnps2.org@2026-09-07
KGMJPYKOPYIKIO-FPOVZHCZSA-N	CC(C)C[C@H]1C(=O)NC2=CC=CC=C2C(=O)N3C=C(C[C@@H](C(=O)N1)[N+](=O)[O-])C4=CC=CC=C43	Alkaloids	Anthranilic acid alkaloids	Benzodiazepine alkaloids	false	npclassifier.gnps2.org@2026-09-07
KGVXHJZLIVSWEE-GBICOACTSA-N	CC[C@H]([C@H]1O[C@H](CC1)C[C@@H](N(C)C)CCC)[C@H]2C[C@H]3O[C@@H]([C@H](C(O[C@H](C[C@H]4O[C@H](CC4)[C@@H](C(O2)=O)CC)CCC)=O)CC)CC3	Polyketides	Polyethers	Macrotetrolides	false	npclassifier.gnps2.org@2026-09-07
KGWATBYKCMCFLC-CGRMTHRGSA-N	CC(=C)[C@H]1CC[C@@]([C@@H]([C@@H]1C2=CNC3=CC=CC=C32)[N+]#[C-])(C)C=C	Alkaloids	Tryptophan alkaloids	Hapalindole alkaloids|Simple indole alkaloids	false	npclassifier.gnps2.org@2026-09-07
KGXMXCMQWQZPBV-NNTXTVRGSA-N	C/C=C/CCC(C1=C[C@](C)(O)C(C(C)=C1O)=O)=O	Polyketides	Aromatic polyketides	Sorbicilinoids	false	npclassifier.gnps2.org@2026-09-07
KHXIDNHTRXJJNS-YKGWIAGDSA-N	CC1=CC(=CC(=C1C2=CC(=C(C3=C2C(=O)[C@@]4([C@H](C3)C(C5=C(C4=O)C(=CC(=C5)O)O)(C)C)O)Br)OC)OC)OC	Polyketides	Polycyclic aromatic polyketides	Fasamycins and derivatives	false	npclassifier.gnps2.org@2026-09-07
KISDGNGREAJPQR-OICBGKIFSA-N	CC(C)[C@H]1C(=O)N[C@@H](CC2=CNC3=C(C=CC(=C23)N1C)[C@](C)(CCC=C(C)C)C=C)CO	Alkaloids	Tryptophan alkaloids		false	npclassifier.gnps2.org@2026-09-07
KJDLCCSAVYUQIT-NGFBJTOHSA-N	CC/C=C(/C(=O)N[C@@H](C)/C=C(\C)/C=C(\C)/C=C/C[C@H](C)[C@@H]1[C@H](C[C@H](C(=O)O1)C)C)\OC	Polyketides	Linear polyketides	Open-chain polyketides	false	npclassifier.gnps2.org@2026-09-07
KJDLCCSAVYUQIT-PMQYGEQSSA-N	CC/C=C(OC)/C(N[C@H](/C=C(/C=C(\C=C\C[C@H]([C@H]1[C@H](C)C[C@H](C)C(O1)=O)C)C)C)C)=O	Polyketides	Linear polyketides	Open-chain polyketides	false	npclassifier.gnps2.org@2026-09-07
KJDSWTGPGYBHSG-HXRQOFQASA-N	CCC(C)CCCCCCCCCC[C@H]1CC(=O)N[C@H](C(=O)N[C@@H](C(=O)N[C@@H](C(=O)N[C@H](C(=O)N2CCC[C@@H]2C(=O)N[C@@H](C(=O)N[C@H](C(=O)N1)CC(=O)N)CC(=O)N)CCC(=O)N)CC(=O)N)CC3=CC=C(C=C3)O)CC(=O)O	Amino acids and Peptides	Oligopeptides	Cyclic peptides	false	npclassifier.gnps2.org@2026-09-07
KJFIZWCCFXCMFE-GDBMZVCRSA-N	C/C(=C\COC1C=CC(C[C@]23C(=O)N[C@H](SSS2)C(=O)N3)=CC=1)/C	Alkaloids|Amino acids and Peptides	Peptide alkaloids	Thiodiketopiperazine alkaloids	false	npclassifier.gnps2.org@2026-09-07
KJHICOOTWQEHPN-DVMFOLSNSA-N	[H][C@@]12CC[C@H](C)[C@@]11[C@H](O)C[C@H](C)C1=C[C@@]1(C)CC[C@](C)(C[C@H](O)[C@H](O)[C@@](C)(O)CO)[C@@]21[H]	Terpenoids	Sesterterpenoids	Mangicol-type sesterterpenoids	false	npclassifier.gnps2.org@2026-09-07
KJMSPBOLTGEOGL-DLPOPHBRSA-N	C[C@@H](C(C(O)=O)=C1)C[C@@]2(C(O)=C(O3)C(O2)=O)[C@@H]1C=CCCCC[C@@H]4C=C[C@@]([C@@H](O[C@@H]5C[C@H](O)[C@@H](O[C@H]6O[C@@H](C)[C@H](O)[C@@H](OC(C7=C(C)C=CC=C7OC)=O)C6)[C@@H](C)O5)CCC8)([H])[C@]8([H])[C@@H]4C3=O	Polyketides	Macrolides	Spirotetronate macrolides	true	npclassifier.gnps2.org@2026-09-07
KJPBPENONKNTAB-UHFFFAOYSA-N	CC(C)CC(C1CC2=C(C(=CC=C2)O)C(=O)O1)NC(=O)C(C(C(CCCN=C(N)N)N)O)O	Shikimates and Phenylpropanoids	Coumarins	Isocoumarins	false	npclassifier.gnps2.org@2026-09-07
KKQOCSPYLTUDES-KVBVMKTNSA-N	CC[C@H](C)C[C@H](C)\C=C\C(=O)O[C@@H]1C[C@]2(CCC(=C)[C@@H](OC(C)=O)[C@H](C)CC3=CC=CC=C3)O[C@@]1(C(O)=O)[C@@](O)([C@H](O2)C(O)=O)C(O)=O	Polyketides	Linear polyketides	Open-chain polyketides	false	npclassifier.gnps2.org@2026-09-07
KKRRFZFRCNSVCL-DFBZBFILSA-N	CC(=O)N1CCC[C@H](N)C(=O)N[C@H]2CCCN(O[Fe](O1)ON(CCC[C@H](NC2=O)C(=O)N[C@@H](CO)C(=O)N[C@H]([C@H](O)[C@H]1S[C@H]([C@H](O)[C@H]1O)n1ccc(=O)n(C)c1=O)C(O)=O)C(C)=O)C(C)=O	Amino acids and Peptides	Oligopeptides	Cyclic peptides	false	npclassifier.gnps2.org@2026-09-07
KKUHRVKGTKCZEO-OAQYLSRUSA-N	CNC(=O)[C@]1(O)C2=C(NC3=C2C=C(Cl)C=C3)C2=C(OC)C3=C(C=CC=C3)N2C1=O	Alkaloids	Tryptophan alkaloids	Carbazole alkaloids	false	npclassifier.gnps2.org@2026-09-07
KLGADJPDTCIJLO-JVECKAFRSA-N	CO[C@@H]1C[C@H](C)O[C@H](OC2C(C)CC(C)(O)C(=O)\C=C\C3OC3C(CO[C@@H]3O[C@H](C)[C@@H](O)[C@@H](OC)[C@H]3OC)C(C)OC(=O)\C=C\C2C)[C@H]1O	Polyketides	Macrolides	Tylosins	true	npclassifier.gnps2.org@2026-09-07
KLNNAJPQYUHCLI-OALUTQOASA-N	OC1=C(C(C(CC[C@@](CC(C)=C2)(O)[C@]3(O)C2=O)=C3C4=O)=O)C4=CC=C1	Polyketides	Polycyclic aromatic polyketides	Angucyclines	false	npclassifier.gnps2.org@2026-09-07
KLNNMQFRUBBDKV-DYOGVVGJSA-N	CCCCC1=CC=C(OC1=O)[C@H](C)[C@H](O)C(\C)=C\C\C=C(/C)C\C(C)=C\C(\C)=C\C[C@@H](O)[C@@H](C)[C@H](O)C(\C)=C\C	Polyketides	Linear polyketides	Open-chain polyketides	false	npclassifier.gnps2.org@2026-09-07
KLYVKUZIARCGCI-DDLPPAGCSA-N	O=C(N(C)[C@@H](CC(C)C)C(N[C@@H](C(C)C)C(N[C@H]([C@@H](C)O)C(N[C@@H](C)C(C(O)(CCl)C)=O)=O)=O)=O)CCCCCCC(C)(O)C	Amino acids and Peptides	Oligopeptides	Linear peptides	false	npclassifier.gnps2.org@2026-09-07
KLZCREFEFYCDEX-BNSVXKHESA-K	C/C=C(/C)\CC/C=C(/C)\CC/C=C(/C)\CC/C=C(/C)\CC/C=C(/C)\CC/C=C(/C)\CC/C=C(/C)\CC/C=C(/C)\CC/C=C(\C)/CC/C=C(\C)/CC/C=C(\C)/COP(=O)([O-])OP(=O)([O-])O[C@@H]1[C@@H]([C@H]([C@@H]([C@H](O1)CO)O[C@H]2[C@@H]([C@H]([C@@H]([C@H](O2)CO)O)O[C@@H]3[C@H]([C@H]([C@@H]([C@H](O3)CO)O)O)O[C@H]4[C@@H]([C@H]([C@@H]([C@H](O4)C(=O)[O-])O[C@H]5[C@H]([C@H]([C@@H]([C@H](O5)CO)O)O)O)O)O)O)O)O	Terpenoids	Polyprenols	Bactoprenols	true	npclassifier.gnps2.org@2026-09-07
KMZYINVXZDQCKC-UHFFFAOYSA-N	CC1=CC2=C(C(=C1)OC)C(=O)C3(O2)C(=CC(=O)C=C3OC)C(=O)OC	Polyketides	Aromatic polyketides	Griseofulvins	false	npclassifier.gnps2.org@2026-09-07
KNHVGVOCIWZQPY-UHFFFAOYSA-N	CCCCCCC1=C(O)CC(CCCCC)OC1=O	Polyketides	Cyclic polyketides	2-pyrone derivatives	false	npclassifier.gnps2.org@2026-09-07
KNIWPHSUTGNZST-SSWRVQTPSA-N	C[C@H]([C@H]1C(=O)NCC[C@@H](C(=O)N[C@H](C(=O)N[C@@H](C(=O)N[C@H](C(=O)N[C@H](C(=O)N[C@H](C(=O)N1)CCN)CCN)CC(C)C)CC(C)C)CCN)NC(=O)[C@H](CCN)NC(=O)[C@H]([C@@H](C)O)NC(=O)[C@H](CCN)NC(=O)CCCCC(C)C)O	Amino acids and Peptides	Oligopeptides	Cyclic peptides|Lipopeptides	false	npclassifier.gnps2.org@2026-09-07
KNPRAIKHBOCDJD-JSELGJHASA-N	C/C=C/C=C/C(=O)N[C@@H]([C@H](C)C1=CC=CC=C1)C(=O)O[C@H](C)[C@@H](C)C(=O)O	Polyketides	Linear polyketides		false	npclassifier.gnps2.org@2026-09-07
KNWQXDAHXVUEBB-UKURLVQQSA-M	O=S([O-])(O[C@H]([C@@H]([C@H](O1)CN)O)[C@@H]1O[C@@H]([C@@H]2N(C[C@@H]([C@H](N(C2=O)C)C(O)=O)OC(C[C@@H](OC(C[C@@H](CC(O)=O)C)=O)CCCCCCCCCCCCCC)=O)C)[C@@H](O[C@H]3N(C(N4)=O)C=CC4=O)[C@H]([C@H]3O)O)=O	Carbohydrates	Nucleosides	Pyrimidine nucleos(t)ides	true	npclassifier.gnps2.org@2026-09-07
KNXJPIWWQWMTSD-IUATYZGISA-N	C/C=C(\NC(=O)/C(=C/C1=CC(Cl)=C(O)C(Cl)=C1)OC)C(=O)N[C@@H](CC(C)C)C(=O)N1[C@H](C(=O)N[C@@H](CC(C)C)C(=O)N(O)[C@H](C(=O)N2[C@@H](C)C[C@H]2C(=O)O)C(C)C)C[C@H](OC(C)=O)[C@H]1C	Amino acids and Peptides	Oligopeptides	Linear peptides	false	npclassifier.gnps2.org@2026-09-07
KOHPLTGVBZMVDW-BBTHKVSRSA-N	CC1=C(C(=O)C2=C(C1=O)C[C@@H]3CN4[C@H]([C@H]2N3C)CC5=C([C@@H]4CNC(=O)C(=O)C)C(=O)C(=C(C5=O)C)OC)OC	Alkaloids	Tyrosine alkaloids	Tetrahydroisoquinoline alkaloids	false	npclassifier.gnps2.org@2026-09-07
KOLISZHOJXSQBZ-UONOGXRCSA-N	CCC(=O)NC1=CC(=CC2=C1O[C@@H]([C@H](CC2)O)C=C(C)C(=O)O)O				false	npclassifier.gnps2.org@2026-09-07
KOVXJYRERSJPIQ-UHFFFAOYSA-N	COC1=CC(CC2=CN(C(C)=O)C(CC3=CC=CC=C3)CN2C(C)=O)=CC2=C1OCO2	Alkaloids|Amino acids and Peptides			false	npclassifier.gnps2.org@2026-09-07
KOWVQDYFCAUUBM-CRXOGFNASA-N	CCCCCCCCCCC[C@@H](O)CC(=O)NCC(=O)N[C@@H](C(=O)N[C@@H](CO)C(=O)N[C@@H](C(=O)N[C@H](CCCN(O)N=O)C(=O)N[C@@H](C)C(=O)N[C@H](CCCN(O)N=O)C(=O)O)[C@@H](C)O)[C@@H](O)C(=O)O	Amino acids and Peptides	Oligopeptides	Linear peptides|Lipopeptides	false	npclassifier.gnps2.org@2026-09-07
KOZFSFOOLUUIGY-BLIZRMSTSA-N	[H][C@]12C[C@@](O)(C(=O)OC)[C@](C)(O1)N1C3=C(C=CC=C3)C3=C1C1=C(C4=C(C=CC=C4)N21)C1=C3CNC1=O	Alkaloids	Tryptophan alkaloids	Carbazole alkaloids	false	npclassifier.gnps2.org@2026-09-07
KOZFSFOOLUUIGY-SOLYNIJKSA-N	C[C@@]12[C@](C[C@@H](O1)N3C4=CC=CC=C4C5=C6C(=C7C8=CC=CC=C8N2C7=C53)CNC6=O)(C(=O)OC)O	Alkaloids	Tryptophan alkaloids	Carbazole alkaloids	false	npclassifier.gnps2.org@2026-09-07
KPDHSOBEWRSFCG-DAXZKZPRSA-N	CC(=O)[C@H]1[C@@H]2C=C[C@@H]3/C=C/C=C/C(=O)NCC[C@H](O)[C@@H]4NC(=O)C(=C(O)/C=C/C=C/[C@@H]3[C@H]2C[C@H]1C)C4=O	Amino acids and Peptides|Polyketides	Macrolides	Macrocyclic tetramic acids	false	npclassifier.gnps2.org@2026-09-07
KPJFZDGJKLVKPY-XBAUIOEMSA-N	CN1C(=O)CN2C(=O)[C@H](COC(=O)C3=C4NC(=O)C(O)(CO)OC4=CC=C3)NC(=O)[C@]12CCl	Alkaloids|Amino acids and Peptides			false	npclassifier.gnps2.org@2026-09-07
KPUOKNHMWKNLJE-LIDJKPORSA-N	C[C@H]1C[C@@H]([C@H]2C(=C1)C=C[C@@]([C@]2(C)C(=O)CCO)(C)O)O	Polyketides	Cyclic polyketides	Monacolins and Monacolin derivatives	false	npclassifier.gnps2.org@2026-09-07
KPUUXWUEEITCMH-VTBQRLAPSA-N	C/C/1=C\CC2=CC=C(N2)C3=NC(C(O3)COC(=O)[C@H](CC(=O)OC4C1OC(=O)C4(C)CO)CC(C)C)/C=C/5\C(OC\C5=C(\C)/CCCOC)CC(C)C	Polyketides	Oligopeptides	Depsipeptides	false	npclassifier.gnps2.org@2026-09-07
KPZZVJIBEBNPBQ-UHFFFAOYSA-N	CC1CC2=C(C(=C3C(=C2)CC(C4=C3C(=C5C(=C4OC)C(=O)C6=C(C5=O)C=CC=C6O)O)OC(=O)C)O)C(=O)O1	Polyketides	Polycyclic aromatic polyketides	Pradimicins	false	npclassifier.gnps2.org@2026-09-07
KQGIOFULIYUITH-UHFFFAOYSA-N	COC1(C)N(C=CC2=CC=CC=C2)C(=O)C2=CC3=C(C(=O)N21)N(C)C1=CC=CC=C31	Alkaloids	Tryptophan alkaloids	Carbazole alkaloids	false	npclassifier.gnps2.org@2026-09-07
KQMKBWMQSNKASI-AVSFGBOWSA-N	CC[C@H](C)[C@@H]1NC(=O)[C@@H](CCCNC(N)=N)NC(=O)[C@H](CC(C)C)NC(=O)[C@@H](NC(=O)[C@@H](NC(=O)[C@H](CC(C)C)NC(=O)[C@H](N)CC(C)C)[C@H](OC(=O)[C@H](CO)NC(=O)[C@@H](NC(=O)CNC(=O)[C@@H](NC1=O)[C@H](C)O)[C@H](O)C(N)=O)C1=CC=CC=C1)[C@H](O)C(C)C	Amino acids and Peptides|Polyketides	Oligopeptides	Cyclic peptides|Depsipeptides	false	npclassifier.gnps2.org@2026-09-07
KQNZDYYTLMIZCT-QQRMDHKLSA-N	[H][C@@]12C[C@H](O)C[C@@]1([H])[C@@H](O)\C=C\C(=O)O[C@H](C)CCC\C=C\2	Polyketides	Macrolides	Macrolide lactones	false	npclassifier.gnps2.org@2026-09-07
KQOFVLPGXXYGGX-UHFFFAOYSA-N	OC1=C(C(C2CC)=O)C(CC2(O)C)=CC3=CC=CC(O)=C31	Polyketides	Polycyclic aromatic polyketides	Anthraquinones and anthrones	false	npclassifier.gnps2.org@2026-09-07
KQPFLOCEYZIIRD-ZDUSSCGKSA-N	O=C(NCCCC[C@H](NC(=O)C1=C(O)C(O)=CC=C1)C(=O)O)C1=C(O)C(O)=CC=C1	Alkaloids	Ornithine alkaloids	Polyamines	false	npclassifier.gnps2.org@2026-09-07
KQPSDFXMOKFSTQ-PFJQJRARSA-N	C/C/1=C\CC2=CC=C(N2)C3=NC(C(O3)COC(=O)[C@H](CC(=O)OC4C1OC(=O)C4(C)CO)CC(C)C)/C=C/5\C(OC\C5=C(\C)/C=C/COC)CC(C)C	Polyketides	Oligopeptides	Depsipeptides	false	npclassifier.gnps2.org@2026-09-07
KQQDTKLGLAIGOF-TXPPAELQSA-N	C[C@H]1CCCCC(CCCC(Cl)Cl)C2=C(O)C=C(C=C2O)[C@H](OC(N)=O)[C@@H](C)CCCCC(CCCC(Cl)Cl)C2=C(O)C=C(C=C2O)[C@@H]1OC(N)=O	Polyketides	Alkylresorcinols	Dialkylresorcinols	false	npclassifier.gnps2.org@2026-09-07
KQXDHUJYNAXLNZ-SDCJTGBBSA-N	CC[C@H]([C@@H]1[C@H](C[C@H]([C@@]2(O1)C=C[C@H]([C@]3(O2)CC[C@@](O3)(C)[C@H]4CC[C@@]([C@@H](O4)C)(CC)O)O)C)C)C(=O)[C@@H](C)[C@H]([C@H](C)[C@H]5[C@H](CCC(O5)[C@@H](CC)C(=O)O)C)O	Polyketides	Polyethers	Polyether ionophores	false	npclassifier.gnps2.org@2026-09-07
KQXDHUJYNAXLNZ-UHFFFAOYSA-N	CCC(C1CCC(C)C(O1)C(C)C(O)C(C)C(=O)C(CC)C1OC2(OC3(CCC(C)(O3)C3CCC(O)(CC)C(C)O3)C(O)C=C2)C(C)CC1C)C(O)=O	Polyketides	Polyethers	Polyether ionophores	false	npclassifier.gnps2.org@2026-09-07
KRCPSWOWIGAKSZ-NNPSNHGLSA-N	NCCCCNC(=O)[C@H](CCCN(O)C=O)NC(=O)[C@H](CO)NC(=O)[C@H](NC(=O)[C@H](CCCNO)NC=O)[C@@H](O)C(O)=O	Alkaloids			false	npclassifier.gnps2.org@2026-09-07
KRMWEQCPKUMYBI-DKKFUSLWSA-N	CC(C)[C@H](NC(=O)[C@@H]1CCCN1C(=O)[C@@H](NC(=O)C1=CC=C[NH]1)C(C)C)C(=O)N[C@@H](C(=O)N[C@@H]1C(=O)N[C@H](CO)C(=O)N[C@@H](CC2=CC=C(O)C=C2)C(=O)N[C@@H](CC2=CC=C(O)C=C2)C(=O)O[C@@H]1C)C(C)C	Amino acids and Peptides|Polyketides	Oligopeptides	Cyclic peptides|Depsipeptides	false	npclassifier.gnps2.org@2026-09-07
KSIZLOPUXFSFNR-FHNMVTJESA-N	COC(=O)C[C@H](NC(=O)[C@@H](NC(=O)[C@@H](\N=C1/NCC(=O)N2CC[C@@H](C)[C@H]2C(=O)N[C@@H](C(C)C)C(=O)N[C@H]1C(C)(C)C)C(C)(C)C)[C@@H](C)C1=CC=CC=C1)C1=NC=CS1	Amino acids and Peptides	Oligopeptides	RiPPs-Bottromycins	false	npclassifier.gnps2.org@2026-09-07
KSIZLOPUXFSFNR-XZNJZDOZSA-N	[H][C@@]12[C@H](C)CCN1C(=O)CN\C(=N/[C@H](C(=O)N[C@@H]([C@@H](C)C1=CC=CC=C1)C(=O)N[C@H](CC(=O)OC)C1=NC=CS1)C(C)(C)C)[C@@H](NC(=O)[C@@H](NC2=O)C(C)C)C(C)(C)C	Amino acids and Peptides	Oligopeptides	RiPPs-Bottromycins	false	npclassifier.gnps2.org@2026-09-07
KSPOYQQCANXEDC-WNTLLCOUSA-N	CCC(C)CCCCCCC(=O)N[C@@H]1[C@H]([C@@H]([C@H](O[C@H]1OC2=C3C=C4C=C2OC5=C(C=C(C=C5)[C@H]([C@H]6C(=O)N[C@@H](C7=CC(=CC(=C7C8=C(C=CC(=C8)[C@H](C(=O)N6)NC(=O)[C@@H]4NC(=O)[C@@H]9C1=CC(=CC(=C1)O)OC1=C(C=CC(=C1)[C@H](C(=O)N[C@H](CC1=CC(=C(O3)C=C1)Cl)C(=O)N9)N)O)O)O[C@@H]1[C@H]([C@H]([C@@H]([C@H](O1)CO)O)O)O)O)C(=O)O)O[C@H]1[C@@H]([C@H]([C@@H]([C@H](O1)CO)O)O)NC(=O)C)Cl)CO)O)O	Amino acids and Peptides	Oligopeptides	Vancomycins and Teicoplanins	true	npclassifier.gnps2.org@2026-09-07
KSWWJVWRJTVGFO-OWYHQYBRSA-N	CC1=CC2C(CCC(C)C2O[C@H]2O[C@@H](C)[C@H](O)C(O)[C@@H]2O)C2C(=O)OC(=O)C(C)=C3CC(O)C(C)C3=C2C1/C=C/C=C/C=C(\C)CC(C)CC(O)C(C)C(=O)O	Polyketides			true	npclassifier.gnps2.org@2026-09-07
KTAIGLOGMSQPCG-OQIMMBKLSA-N	C[C@@H]1C(C(=O)[C@]2(O1)C[C@@H]3[C@]([C@@H]2OC(=O)C)(C[C@]45N3C(=O)[C@](N(C4=O)C)(SS5)CO)O)(C)C	Alkaloids|Amino acids and Peptides	Peptide alkaloids	Thiodiketopiperazine alkaloids	false	npclassifier.gnps2.org@2026-09-07
KUCULSZWTQRMBE-UHFFFAOYSA-N	OC1C(O)C(C)OC(OC2=CC(OC)=CC3=CC(OC)=CC(OC)=C23)C1OC	Polyketides	Naphthalenes	Naphthalenes and derivatives	true	npclassifier.gnps2.org@2026-09-07
KUYCNLUJQMRORQ-UHFFFAOYSA-N	C(CCNC(=O)CC(CC(=O)O)(C(=O)O)O)CNC(=O)CC(CC(=O)O)(C(=O)O)O				false	npclassifier.gnps2.org@2026-09-07
KVQANZNUZBQHOF-UHFFFAOYSA-N	CC(C)CCCCCCCCCCCC(OCC(OC(CCCCCCCCCCCC(C)C)=O)COCCCCCCCCCCCCC(C)C)=O	Fatty acids	Glycerolipids	Triacylglycerols	false	npclassifier.gnps2.org@2026-09-07
KVTPRMVXYZKLIG-NCAOFHFGSA-N	C[C@H]1[C@H]2C=C[C@@]3(CO3)[C@](O2)(O[C@@H]1[C@H](C)/C=C(\C)/C=C/C(=C\4/C(=O)[C@@H](N(C4=O)[C@@H]5CC[C@@H]([C@@H](O5)C)O)[C@H](C)C(=O)NC)/O)C	Polyketides	Linear polyketides	3-oligoenoyltetramic acids	true	npclassifier.gnps2.org@2026-09-07
KVVSCMOUFCNCGX-UHFFFAOYSA-N	CCCCCCCCCCCCCCCC1=CC(=CC(=C1)O)O	Polyketides	Aromatic polyketides	Catechols with side chains	false	npclassifier.gnps2.org@2026-09-07
KVYJAWXEQAHJFZ-QPODHFTFSA-N	O=C(CNC([C@](O)(C)C1=O)=O)NC(/C=C/C(N(C)CC(O[C@@H](CCCCCCCCCCCCC(C)C)[C@@H]1C)=O)=O)=C	Amino acids and Peptides|Polyketides	Oligopeptides	Cyclic peptides|Depsipeptides|Lipopeptides	false	npclassifier.gnps2.org@2026-09-07
KWCCJORRKLRCKS-ZNOMNLQXSA-N	CCC1=C([C@@H]2[C@H]3CC[C@@H]4/C=C/C(=C5C(=O)[C@H](CCCNC(=O)/C=C\C[C@H]4[C@@H]3C[C@@H]2C1)NC5=O)O)CO	Amino acids and Peptides|Polyketides	Macrolides	Macrocyclic tetramic acids	false	npclassifier.gnps2.org@2026-09-07
KWDLKNNQGMAHJR-HBWVXJRASA-N	CC[C@H](C)[C@H]1C(=O)NCCCC[C@H](C(=O)N[C@H](C(=O)N[C@H](C(=O)N([C@H](C(=O)N1)CCC2=CC=C(C=C2)O)C)CCC3=CC=C(C=C3)O)C(C)C)NC(=O)N[C@@H](CC4=CC=C(C=C4)O)C(=O)O	Amino acids and Peptides	Oligopeptides	Anabaenopeptins|Cyclic peptides	false	npclassifier.gnps2.org@2026-09-07
KWILGNNWGSNMPA-ZCFIWIBFSA-N	C[C@@H]1CC2=C(C(=CC=C2)O)C(=O)O1	Shikimates and Phenylpropanoids	Coumarins	Isocoumarins	false	npclassifier.gnps2.org@2026-09-07
KWKITCKAXYJDML-RPSOVOHRSA-N	C[C@H]\1CC[C@@H]2[C@@H]([C@@H]([C@H]([C@@H](O2)C3=C(C(=O)C=C4C3=C[C@@](O4)([C@H](C[C@@H](C/C(=C1)/C)C)C)O)O)C)C)C	Polyketides	Macrolides	Ansa macrolides	true	npclassifier.gnps2.org@2026-09-07
KXGCNMMJRFDFNR-WDRJZQOASA-N	C[C@H]1C(=O)N[C@H]2CSSC[C@H]3C(=O)N[C@H](C(=O)N[C@H](C(=O)N[C@@H](CSSC[C@H](NC(=O)CNC(=O)[C@@H](NC2=O)[C@@H](C)O)C(=O)N[C@@H](CC4=CC=C(C=C4)O)C(=O)O)C(=O)N[C@@H](CSSC[C@@H](C(=O)N3)N)C(=O)N[C@H](C(=O)N5CCC[C@H]5C(=O)N1)CC(=O)N)CC6=CC=C(C=C6)O)CCC(=O)O	Amino acids and Peptides	Oligopeptides	Cyclic peptides	false	npclassifier.gnps2.org@2026-09-07
KXMGXXHZDLJDBH-UHLMFRFDSA-N	C[C@@H]1C[C@@H]([C@H]2[C@@H]3[C@@H]4[C@H]([C@@H](C=C([C@@H]4[C@@]2(C1)C)C)C=C)C(=O)C5=C[C@](CC6=CC=C(O3)C=C6)(NC5=O)O)C	Alkaloids|Amino acids and Peptides	Tetramate alkaloids	Pyrrocidine tetramate alkaloids	false	npclassifier.gnps2.org@2026-09-07
KXUJXPZXILTXDA-JHMIWIOGSA-N	CC[C@H](C)[C@@H]1C(=O)N2CCC[C@H]2C(=O)O[C@@H](C[C@H](C[C@@H]([C@@H](C3=N[C@H](CS3)/C=C(/C(=O)N[C@H](C(=O)N([C@H](C(=O)N1C)C)C)CC4=CC=C(C=C4)OC)\C)C)O)C)C(C)(C)C	Amino acids and Peptides|Polyketides	Oligopeptides	Cyclic peptides|Depsipeptides	false	npclassifier.gnps2.org@2026-09-07
KYCHRRLJNLEFOP-SPVQYDFHSA-N	COC(=O)C[C@H](NC(=O)[C@@H](NC(=O)[C@@H](\N=C1/NCC(=O)N2CC[C@@H](C)[C@H]2C(=O)N[C@@H](C)C(=O)N[C@H]1C(C)(C)C)C(C)(C)C)[C@@H](C)C1=CC=CC=C1)C1=NC=CS1	Amino acids and Peptides	Oligopeptides	RiPPs-Bottromycins	false	npclassifier.gnps2.org@2026-09-07
KYHUYMLIVQFXRI-XYUQHQMCSA-N	CC[C@H](C)[C@@H]1[C@H](CC(=O)O[C@H](C(=O)[C@@H](C(=O)N[C@H](C(=O)N2CCC[C@H]2C(=O)N([C@H](C(=O)O[C@@H]([C@@H](C(=O)N1)NC(=O)[C@@H](CC(C)C)N(C)C(=O)[C@@H]3CCCN3C(=O)C(C)O)C)CC4=CC=C(C=C4)OC)C)CC(C)C)C)C(C)C)O	Amino acids and Peptides|Polyketides	Oligopeptides	Cyclic peptides|Depsipeptides	false	npclassifier.gnps2.org@2026-09-07
KYQIWZZDXJQVAY-OBPYKSBLSA-N	C[C@@H]1C[C@@H]2[C@H](CCC3=C(O2)C(=CC(=C3)O)NC(=O)[C@H](C1=O)C)O	Polyketides	Macrolides	Ansa macrolides	false	npclassifier.gnps2.org@2026-09-07
KYSLBCRHXBZYKG-BXXZVTAOSA-N	FC[C@@H](O)[C@@H](O)[C@@H](O)C(O)=O				false	npclassifier.gnps2.org@2026-09-07
KYZNRVQAIZUYOL-XUXGPXDNSA-N	C(=C/C=C/C=C/C=C/C=C/C=C/C)\C=C\C(=O)N(C)[C@H]1[C@@H](C)OC([C@@H](NC(=O)[C@@H](NC([C@@H]2CCCN2C(=O)[C@H](CC(C)C)NC(=O)[C@H](CC(C)C)NC(=O)[C@@H](C)NC1=O)=O)C)CCC(=O)N)=O	Amino acids and Peptides|Polyketides	Oligopeptides	Cyclic peptides|Depsipeptides	false	npclassifier.gnps2.org@2026-09-07
KYZRUJUDPCUPII-CHPVFLAQSA-N	C[C@H](N)C(=O)N[C@@H](CC1=CC=CC(O)=C1)C(=O)N(C)[C@@H](C)[C@H](NC(=O)[C@H](C)NC(=O)N[C@@H](CC1=CC=CC=C1)C(O)=O)C(=O)N\C=C1\C[C@@H](O)[C@@H](O1)N1C=CC(=O)NC1=O	Amino acids and Peptides	Oligopeptides	Linear peptides	false	npclassifier.gnps2.org@2026-09-07
KZTSLHQKWLYYAC-UHFFFAOYSA-N	CCCCCCCCCCCCCCCC(=O)C1=C(O)C(CO)OC1=O	Polyketides	Linear polyketides	3-acyl tetramic acids	false	npclassifier.gnps2.org@2026-09-07
KZVHAGNFWJIOMX-GDKFLGFMSA-N	CO\C(CCNC(=O)CC\C=C\C(C)CC\C(CCCC#C)=C\Cl)=C\C(=O)N1C(C)C=CC1=O	Amino acids and Peptides|Polyketides	Oligopeptides|Linear polyketides	Lipopeptides|Open-chain polyketides	false	npclassifier.gnps2.org@2026-09-07
KZVSASHATZZHHJ-VOVQMDQVSA-N	[H][C@]12CC[C@@]3(C(C)=C4C[C@]5(CC[C@@H]([C@@]5(C[C@]4([C@]13CC[C@@H]2C)[H])[H])C(C)C)C)C	Terpenoids	Diterpenoids	Fusicoccane diterpenoids	false	npclassifier.gnps2.org@2026-09-07
KZXDKUWSAVUSKI-JQIJEIRASA-N	CCC1C(C2C(O2)(/C=C/C(=O)C(CC(C(C(C(CC(=O)O1)O)C)OC3CC(C(C(O3)C)OC4CC(C(C(O4)C)O)(C)O)N(C)C)CC=O)C)C)COC5C(C(C(C(O5)C)O)OC)OC	Polyketides	Macrolides	Tylosins	true	npclassifier.gnps2.org@2026-09-07
LACOKYPQGAPLII-RSHHAGFJSA-N	CC[C@H](C)[C@H]1C(=O)NCC(=O)N[C@@H]([C@H](C(=O)N[C@@H](C(=O)N1)C2=CC(=C(C(=C2Cl)O)C)O)NC(=O)[C@H](C)NC(=O)[C@@H]([C@@H](C)O)NC(=O)CC(=O)C(C)CC(C)C[C@H](C)[C@H]([C@H](C)[C@@H](C(C)O)O)O)C	Amino acids and Peptides|Polyketides	Oligopeptides|Linear polyketides	Cyclic peptides|Open-chain polyketides	false	npclassifier.gnps2.org@2026-09-07
LAHOZMDSUWLRDY-JNEPIJITSA-N	CCC(C(=O)O)C(=O)O[C@H]1[C@@]2([C@@H](O2)C(=O)C3=C(C4=C(C=CC(=C4O)C5=C(C6=C(C=C5)O[C@]7([C@H]([C@@]8([C@@H](O8)C(=O)C7=C6O)C)OC(=O)CC(=O)O)C)O)O[C@@]13C)O)C	Polyketides	Xanthones	Methyl xanthones	false	npclassifier.gnps2.org@2026-09-07
LAJRJVDLKYGLOO-NLISZJEWSA-N	C[C@@H]1C[C@H](C)[C@H](CC2=CN=CO2)OC(=O)\C(C)=C/[C@H](C)C[C@H](C)[C@H](CC2=CN=CO2)OC(=O)\C(C)=C/1	Polyketides			false	npclassifier.gnps2.org@2026-09-07
LAJXCUNOQSHRJO-ZYGJITOWSA-N	C[C@H]1C/C=C/[C@H]2[C@H]3[C@](O3)([C@H]([C@@H]4[C@]2(C(=O)N[C@H]4CC5=CC=CC=C5)OC(=O)O/C=C/[C@@](C1=O)(C)O)C)C	Alkaloids	Pseudoalkaloids	Cytochalasan alkaloids	false	npclassifier.gnps2.org@2026-09-07
LAKRHXMXFOPKER-DEEVKCKXSA-N	CC[C@H](C)[C@H]1C(=O)N([C@H](C(=O)N[C@@H](C(=O)N[C@H](CC(=O)O[C@@H]([C@@H](C(=O)N1)NC(=O)C(=NNC2=C(C=C(C=C2)O)C(=O)OCCCCCCCCCC(C)C)C)C3=CC=CC=C3)C)CC4=CNC5=C4C=CC=C5OC)[C@H](C6=CC=CC=C6)O)C	Amino acids and Peptides	Oligopeptides	Cyclic peptides|Depsipeptides	false	npclassifier.gnps2.org@2026-09-07
LAWKVNVCUPIOMG-HWWYPGLISA-N	CC[C@H](C)[C@@H](C(=O)N[C@H](CCC(=O)O)C(=O)N[C@H](CC)C(=O)N[C@H](C)C(=O)N[C@@H](C(C)C)C(=O)N[C@H](CC1=CNC2=CC=CC=C21)C(=O)NCC(=O)N[C@H](CO)C(=O)N[C@H](C)C(=O)NCC(=O)N[C@H](CC)C(=O)N[C@@H](C(C)C)C(=O)N[C@@H]([C@@H](C)CC)C(=O)N[C@H](C)C(=O)N[C@@H](C)C(=O)N[C@H](C)C(=O)O)NC(=O)[C@@H](CC)NC(=O)[C@H](CC(C)C)NC(=O)[C@@H](C)N	Amino acids and Peptides	Oligopeptides	RiPPs-Lasso peptides	false	npclassifier.gnps2.org@2026-09-07
LBDGYJHTIPQOAB-LBOZPAGCSA-N	CC\C(\C=C\C1=CC=CC(=O)O1)=C/C=C/C1=CC=C(O)C=C1	Polyketides	Cyclic polyketides	2-pyrone derivatives	false	npclassifier.gnps2.org@2026-09-07
LBSJJNAMGVDGCU-UHFFFAOYSA-N	C/C(C)=C/CC1=C(O)C=CC(C(O)=O)=C1	Shikimates and Phenylpropanoids	Phenolic acids (C6-C1)	Shikimic acids and derivatives|Simple phenolic acids	false	npclassifier.gnps2.org@2026-09-07
LBSWBOAXOOJWCI-UHFFFAOYSA-N	COC1=C2N=C3C=CC=C(O)C3=NC2=C(CC=C(C)C)C=C1	Alkaloids	Anthranilic acid alkaloids	Phenazine alkaloids	false	npclassifier.gnps2.org@2026-09-07
LCADVYTXPLBAGB-AUQKUMLUSA-N	CC(CCC1=CC=CC=C1)/C=C(\C)/C(C(C)/C=C(\C)/C=C/C=C\C=C\C=C(/C)\C(=O)NC(C)CO)O	Polyketides	Linear polyketides	Open-chain polyketides	false	npclassifier.gnps2.org@2026-09-07
LCADVYTXPLBAGB-MBJKUHNJSA-N	C[C@@H](CO)NC(=O)C(\C)=C\C=C\C=C\C=C\C(\C)=C\[C@@H](C)[C@@H](O)C(\C)=C\[C@@H](C)CCC1=CC=CC=C1	Polyketides	Linear polyketides	Open-chain polyketides	false	npclassifier.gnps2.org@2026-09-07
LCGVYJIPTMONMW-HQMBRXMRSA-N	CC(C)C[C@@H]1NC(=O)[C@@H]2CC(=O)O[C@H](C)[C@H](NC(=O)[C@H](CC3=C[NH]C4=CC=CC=C34)NC(=O)[C@@H]3CCCN3C(=O)[C@@H](N)C(C)C)C(=O)N[C@@H](CC3=CC=C(O)C=C3)C(=O)N[C@H]3CCCCNC(=O)C[C@@H](C(=O)N[C@@H](CCCNC(=N)N)C(=O)O)NC(=O)[C@H](CCC(=O)OC[C@H](NC(=O)[C@@H]4CCCC4C(=O)[C@H](CC4=CC=CC=C4)NC3=O)C(=O)N2)NC1=O	Amino acids and Peptides	Oligopeptides	Cyclic peptides|Depsipeptides	false	npclassifier.gnps2.org@2026-09-07
LCIIOYPBHIZBOD-JMVBYTIWSA-N	CC(C)\C=C1/NC(=O)\C(NC1=O)=C\C1=CC=CC=C1	Alkaloids|Amino acids and Peptides	Peptide alkaloids|Small peptides	Dipeptides|Simple diketopiperazine alkaloids	false	npclassifier.gnps2.org@2026-09-07
LCMJOFQQLFEPAV-OCUNWQBESA-N	O[C@H](CCCCCCCC/C=C/CCC[C@H]1C)C/C=C/[C@@H](OP(OCCN)(O)=O)C/C=C/C(O1)=O	Polyketides	Macrolides	Macrolide lactones	false	npclassifier.gnps2.org@2026-09-07
LDEUYUHPIUIRLG-NBFTVFEHSA-N	CC(C)CCC[C@@H]1NC(=O)CNC(=O)[C@@H](CC2=C[NH]C3=CC=CC=C23)NC(=O)[C@H]([C@H](O)CC(=O)O)NC(=O)[C@@H](CCCN)NC(=O)[C@@H](C(C)C)NC1=O	Amino acids and Peptides	Oligopeptides	Cyclic peptides	false	npclassifier.gnps2.org@2026-09-07
LDEUYUHPIUIRLG-NKLJQFBCSA-N	CC(C)CCC[C@@H]1NC(=O)CNC(=O)[C@@H](CC2=C[NH]C3=CC=CC=C23)NC(=O)[C@H]([C@H](O)CC(=O)O)NC(=O)[C@@H](CCCN)NC(=O)[C@H](C(C)C)NC1=O	Amino acids and Peptides	Oligopeptides	Cyclic peptides	false	npclassifier.gnps2.org@2026-09-07
LDQFIYNIQYYGSV-YADHBBJMSA-N	[H][C@]12N(C)C3=CC=C(Cl)C=C3[C@@]1(C)C1=CNC=C1C1=C2NC2=CC=C(Cl)C=C12	Alkaloids	Tryptophan alkaloids	Pyrroloquinoline alkaloids	false	npclassifier.gnps2.org@2026-09-07
LDUVDGXPXDRENL-UHFFFAOYSA-N	CCC1(CC(C2=C(C3=C(C(=C2C1)O)C(=O)C4=C(C3=O)C=CC=C4O)O)OC5CC(C(C(O5)C)OC6CCC(C(O6)C)OC7CCC(C(O7)C)O)N(C)C)OC8CC(C(C(O8)C)O)N(C)C	Polyketides	Polycyclic aromatic polyketides	Anthracyclines	true	npclassifier.gnps2.org@2026-09-07
LDYZAOFAJYXPFY-LVIJEMCTSA-N	CC(C)[C@H](O)[C@@H](NC(=O)[C@H](C)NC(=O)[C@@H](CS(O)(=O)=O)NC(=O)[C@@H](NC(=O)CC1=CC=CC=C1)C(C)C)C(=O)NCC(=O)N[C@H](C)C(=O)N[C@@H](CC1=CC=CC=C1)C(O)=O	Amino acids and Peptides	Oligopeptides	Linear peptides	false	npclassifier.gnps2.org@2026-09-07
LECQGLMXQFRCBO-RGHMRBNJSA-N	CC(=O)N(O)CCC[C@H](NC(=O)[C@H](CCCN)NC(=O)[C@H](CCCNO)N(C)C(=O)[C@H](NC(=O)CCNC(=O)[C@@H]1COC(C2=CC=CC=C2O)=N1)[C@@H](C)O)C(=O)O	Amino acids and Peptides	Oligopeptides	Linear peptides|Lipopeptides	false	npclassifier.gnps2.org@2026-09-07
LEKBQPKGXGFBAN-UHFFFAOYSA-N	CC(C)CCCC1CC(=O)NC(CO)C(=O)NC(C(O)C(N)=O)C(=O)NC(CO)C(=O)NCC(=O)N(C)C(CC2=CC=CC=C2)C(=O)NC(CC(C)C)C(=O)NC(CCCN)C(=O)NC(CCC(O)=O)C(=O)NC(CC(N)=O)C(=O)NC(CC2=CNC3=C2C=CC=C3)C(=O)NC(CCCN)C(=O)N(C)C(C(C)C)C(=O)O1	Amino acids and Peptides|Polyketides	Oligopeptides	Cyclic peptides|Depsipeptides|Lipopeptides	false	npclassifier.gnps2.org@2026-09-07
LEKPXUJAHHIWPQ-JUSKRKDISA-N	CC(C)CCCCC[C@H](CC(=O)N[C@H](CC(N)=O)C(=O)N[C@@H]([C@@H](O)C(N)=O)C(=O)N[C@H](CC1=CC=CC=C1)C(O)=O)NC[C@@]1(O)OC[C@@H](O)[C@@H](O)[C@@H]1O	Amino acids and Peptides	Oligopeptides	Linear peptides	true	npclassifier.gnps2.org@2026-09-07
LEODRKCPDOGTPF-BGZBNVMXSA-N	CC[C@H](C)[C@H](N)C(=O)N\C(=C/C)C(=O)N[C@H]1CSC[C@@H]2NC(=O)[C@@H](NC(=O)[C@@H]3CSCC[C@H](NC(=O)[C@H](CSC[C@@H]4NC(=O)CNC(=O)[C@H](CSC[C@@H]5NC(=O)[C@H](CC6=CN=CN6)NC(=O)[C@H](CSC[C@H](NC5=O)C(=O)N5CCC[C@H]5C(=O)NCC(O)=O)NC4=O)NC(=O)CNC(=O)CNC(=O)CNC(=O)[C@H](CCC(O)=O)NC2=O)NC(=O)[C@H](CC2=CNC4=C2C=CC=C4)NC(=O)C(=C)NC(=O)[C@@H](NC1=O)C(C)C)C(=O)N3)[C@@H](C)O	Amino acids and Peptides	Oligopeptides	RiPPs-Lanthipeptides	false	npclassifier.gnps2.org@2026-09-07
LEWOAKFWNHLJSG-RGNSTYQKSA-N	CC[C@H](C)[C@@H]1NC(=O)[C@@H](CC(O)=O)NC(=O)CNC(=O)[C@H](C)[C@H](O)[C@@H](NC(=O)[C@H](CCC(N)=O)NC(=O)[C@H](NC(=O)CC(N)C[C@H](O)[C@@H](NC(=O)[C@@H](O)CC2=CC=CC=C2)[C@H](O)C2=CC=C(OC)C=C2)[C@@H](C)O)[C@@H](C)OC(=O)[C@@H]([C@@H](C)CC)N(C)C(=O)[C@@H](CC(N)=O)NC1=O	Amino acids and Peptides|Polyketides	Oligopeptides	Cyclic peptides|Depsipeptides	false	npclassifier.gnps2.org@2026-09-07
LEZJVJSLKVKQPP-NKVYNWHTSA-N	C/C=C(/C(=O)N[C@@H](C)C(=O)N[C@@H](CCCN=C(N)N)C(=O)N1CCC[C@H]1C1=NC(C(=O)N[C@@H](CCC(N)=O)C(=O)O)=CS1)N1C(=O)N[C@@H](CC2=CC=C(O)C=C2)C1=O	Amino acids and Peptides	Oligopeptides	Cyclic peptides	false	npclassifier.gnps2.org@2026-09-07
LFAIQJUPDXIDHP-NPNDEIFVSA-N	CC[C@H](C)[C@H]1NC(=O)[C@@H](CC(N)=O)NC(=O)[C@H](NC(=O)/C=C/C2=CC=CC=C2/C=C/C(=O)O[C@@H]2O[C@H](CO)[C@@H](O)[C@H](O)[C@H]2O[C@@H]2O[C@H](CO)[C@@H](O)C(O)[C@H]2O)[C@@H](C)OC(=O)[C@H](CC(C)C)NC(=O)[C@@H](C(C)C)NC(=O)CNC(=O)CNC(=O)[C@@H](C(C)C)NC(=O)[C@H](CC2=CC=CC=C2)NC1=O	Amino acids and Peptides|Polyketides	Oligopeptides	Cyclic peptides|Depsipeptides	true	npclassifier.gnps2.org@2026-09-07
LFDYHAWYVIBCDT-OYKKKHCWSA-N	CC(=CCC1=C(C=CC(=C1)/C=C\2/C(=C(C(=O)O2)C3=CC(=C(C=C3)O)CC=C(C)C)O)O)C	Shikimates and Phenylpropanoids	Diazotetronic acids and derivatives	Pulvinones	false	npclassifier.gnps2.org@2026-09-07
LFJLFBLBXBXDBL-BSOMIQTOSA-N	C[C@@H]1C(=O)c2c(c3C(=O)c4cccc(OC)c4-c3c(O)c2)[C@@H](O)[C@@H]1O	Polyketides	Polycyclic aromatic polyketides	Angucyclines	false	npclassifier.gnps2.org@2026-09-07
LFJQCDVYDGGFCH-UHFFFAOYSA-N	CC(C)C1CCC(=C)C=C1	Terpenoids	Monoterpenoids	Monocyclic monoterpenoids	false	npclassifier.gnps2.org@2026-09-07
LFQLUQFBADBURO-ORQMADFKSA-N	O=C1[C@@H]2O[C@](C3=C1)(OC2(C)C)CC[C@]([C@@]3(O)[C@@H](OC([C@H](CC(C)C)N)=O)C4)(C)[C@@]([C@]4([H])C5)(C)C6=C5C7=CC=CC=C7N6	Alkaloids|Terpenoids	Tryptophan alkaloids	Indole-Diterpenoid alkaloids (Penitrems)	false	npclassifier.gnps2.org@2026-09-07
LFWCXMYKHTWICM-UHFFFAOYSA-N	COC1C(OC(N)=O)C(OC1C(OC1OC(=CC(O)C1O)C(=O)NC1CCCCNC1=O)C(N)=O)N1C=CC(=O)NC1=O	Carbohydrates			true	npclassifier.gnps2.org@2026-09-07
LFYXNXGVLGKVCJ-UHFFFAOYSA-N	CC1(C2CCC1(C(C2)(C)O)C)C	Terpenoids	Monoterpenoids	Camphane monoterpenoids	false	npclassifier.gnps2.org@2026-09-07
LGADTVLEZHICAH-OOPORQSLSA-N	CC(C=CC(=O)O)=CC=CC=CC=CCCC=C[C@H](C)[C@H](O)[C@@H](C)[C@H](O)C=CC=CC=CC=CC=CC[C@H](O)[C@@H](C)C(=O)C[C@H](O)C[C@H](O)C=CC[C@@H](O)C[C@@H](O)CCC[C@@H](O)C[C@H](O)C=CC[C@H](O)C[C@H](O)C[C@H](C)C=CC[C@H](O)CCCN	Fatty acids|Polyketides	Fatty Acids and Conjugates|Linear polyketides	Open-chain polyketides|Unsaturated fatty acids	false	npclassifier.gnps2.org@2026-09-07
LGGBWKYVFUKVSL-BFBGDVCSSA-N	CN1[C@@H]2[C@H](S[C@@]3(C1=O)C[C@@]4([C@@H](C=C[C@H]([C@@H]4ON3C2=O)O)O)O)C5=C(C(=C(C=C5)OC)OC)O	Alkaloids|Amino acids and Peptides	Peptide alkaloids	Thiodiketopiperazine alkaloids	false	npclassifier.gnps2.org@2026-09-07
LGOZWCQQHDTENY-QDBKTOAVSA-N	COC(C)C(NC(=O)C(=C)NC(=O)\C=C\C=C\CCCC1=CC(=O)OC(C1)C(O)NC(=O)C(\C)=C\C(C)NC(=O)\C=C/C=C/C)C(=O)N1C(=O)[C@H](CC2=CNC3=C2C=CC=C3)N(C)C(=O)\C1=C\C	Amino acids and Peptides|Polyketides			false	npclassifier.gnps2.org@2026-09-07
LGVCEIBVKNARBM-BGERDNNASA-N	CC(=O)N1C[C@@H](N(CC1CC2=CC3=C(C(=C2)OC)OCO3)C(=O)C)CC4=CC=CC=C4	Alkaloids|Amino acids and Peptides	Tetramate alkaloids|Peptide alkaloids	Pyrazine and Piperazine alkaloids	false	npclassifier.gnps2.org@2026-09-07
LGXYFQMVMASRAI-UHFFFAOYSA-N	O=C1C2=C(O)C3=C(O)C=C(OC)C=C3C=C2CC(CC(CC(C)=O)=O)(O)C1O	Polyketides	Polycyclic aromatic polyketides	Anthraquinones and anthrones	false	npclassifier.gnps2.org@2026-09-07
LHJPHMKIGRLKDR-YUQKHPEDSA-N	C[C@H]1[C@H](C[C@@H]2C[C@@H](NC3=NC[C@H]1N23)[C@@H](C4=CC(=O)NC(=O)N4)O)OS(=O)(=O)O	Alkaloids	Guanidine alkaloids	Tricyclic guanidine alkaloids	false	npclassifier.gnps2.org@2026-09-07
LHVZFSWCVJDULO-SICKJCSZSA-N	C[C@H]1CC[C@@H]([C@H]([C@H](C[C@H]([C@H](/C=C/[C@H]([C@H](C(=O)O[C@@H]([C@H](/C=C/C=C/[C@H]([C@H]([C@@H](C[C@H](C[C@@H](C[C@@H]2C[C@@H]([C@H]([C@@](O2)(C[C@H]1O)O)O)OC(=O)CC(=O)O)O)OC(=O)CC(=O)O)O)C)O)C)[C@@H](C)C[C@@H](C)CCC/C=C/CCCNC(=NC)N)C)O)C)O)O)C)O	Polyketides	Macrolides	Polyene macrolides	true	npclassifier.gnps2.org@2026-09-07
LHYHMMRYTDARSZ-KBUPBQIOSA-N	CC1=C[C@@H]2[C@H](CC[C@@]([C@@H]2CC1)(C)O)C(C)C	Terpenoids	Sesquiterpenoids	Cadinane sesquiterpenoids	false	npclassifier.gnps2.org@2026-09-07
LIBKJCZUBOETPB-RYUDHWBXSA-N	CC[C@H](C)C[C@H](C)C(=O)C1=C(C(=CNC1=O)C2=CC=C(C=C2)O)O	Alkaloids	Nicotinic acid alkaloids	Pyridine alkaloids	false	npclassifier.gnps2.org@2026-09-07
LIFRIUCFICDNIR-CIEVZJJWSA-N	O=C(CC(C)C)N[C@H](C(O[C@@H](CC(O)=O)[C@]1([H])CCCN1C([C@@H](N)C(C)C)=O)=O)CC2=CC=CC=C2	Amino acids and Peptides	Small peptides		false	npclassifier.gnps2.org@2026-09-07
LINRGYLZOCSTNP-YADHBBJMSA-N	COC1=C2N(C3=C1C=CC(Cl)=C3)[C@]1(O)C(=O)N(C)C(=O)[C@]1(O)C1=C2NC2=C1C=C(Cl)C=C2	Alkaloids	Tryptophan alkaloids	Carbazole alkaloids	false	npclassifier.gnps2.org@2026-09-07
LJLORIMRLLORHA-LNSHLUEESA-N	CCCCCCC(CCCCCC1=CC(=C(C(=C1)O[C@H]2[C@@H]([C@H]([C@@H](CO2)O)O)O)CCCCCC(CCCCCC)Cl)O)Cl	Polyketides	Alkylresorcinols	Dialkylresorcinols	true	npclassifier.gnps2.org@2026-09-07
LJMULVALRTTYIT-ZYHUDNBSSA-N	O=N(C1=CC=C([C@H]([C@H](NC(CC)=O)CO)O)C=C1)=O	Alkaloids	Pseudoalkaloids	Phenylalanine-derived alkaloids	false	npclassifier.gnps2.org@2026-09-07
LJQQFQHBKUKHIS-YQVLDDCJSA-N	CC1C(C(C(C(O1)OC2C#C/C=C/C#CC\3(C(C(=O)C(=C2/C3=C/CSSSC)NC(=O)OC)OC4CC(C(C(O4)C)O)OC(=O)C5=CC(=C(C=C5NC(=O)C(=C)OC)OC)OC)O)OC6CC(C(CO6)NC(C)C)OC)O)NOC7CC(C(C(O7)C)SC)O	Polyketides	Macrolides	Enediynes	true	npclassifier.gnps2.org@2026-09-07
LJVDLJDWXVPUAB-UHFFFAOYSA-N	C1=CC(=C(C(=C1)O)NC(=O)C2=C(C=CC=N2)O)C3=NC4=C(C=CC=C4O3)C(=O)O	Alkaloids			false	npclassifier.gnps2.org@2026-09-07
LJZZMUUGGKWTHZ-SNVBAGLBSA-N	OC1=CC=C(CC(N2)=CN=C([C@H](C)CC)C2=O)C=C1	Alkaloids	Nicotinic acid alkaloids|Tetramate alkaloids|Peptide alkaloids	Pyrazine and Piperazine alkaloids|Pyridine alkaloids	false	npclassifier.gnps2.org@2026-09-07
LKAAHWJXJKOYFO-PEFXTSJUSA-N	CCCCCCC[C@@H](O)CC(=O)NCC(=O)N[C@@H](C(=O)N[C@@H](CO)C(=O)N[C@@H](C(=O)N[C@H](CCCN(O)N=O)C(=O)N[C@@H](CO)C(=O)N[C@H](CCCN(O)N=O)C(=O)O)[C@@H](C)O)[C@@H](O)C(=O)O	Amino acids and Peptides	Oligopeptides	Linear peptides|Lipopeptides	false	npclassifier.gnps2.org@2026-09-07
LKGKHTANQJZVPR-UHFFFAOYSA-N	CCCCCC1=C(C(O)=O)C(O)=C2C(C=CC3=C2C=C2C(=C3O)C(=O)C3=C(O)C=C(O)C=C3C2(C)C)=C1	Polyketides	Polycyclic aromatic polyketides	Benastatins and derivatives	false	npclassifier.gnps2.org@2026-09-07
LKPYTSCQUKSTQT-UHFFFAOYSA-N	CC1CC(=O)C2=C(O1)C=C3C(=C2O)C(=CC(=C3C4=C5C=C6C(=C(C(=C(O6)C)C)O)C(=C5C(=CC4=O)O)O)O)O	Polyketides	Naphthalenes	Bisnaphthalenes	false	npclassifier.gnps2.org@2026-09-07
LKVUYIVBFVLWLC-UHFFFAOYSA-N	CCCCCCC1=NC(CCCC(=O)O)=CC(=O)[NH]1	Alkaloids	Nicotinic acid alkaloids	Pyridine alkaloids	false	npclassifier.gnps2.org@2026-09-07
LKYYYYVANTYGSO-UHFFFAOYSA-N	CC(C)CCCCC1=C(C=C(OC1=O)CC(C)C)O	Polyketides	Cyclic polyketides	2-pyrone derivatives	false	npclassifier.gnps2.org@2026-09-07
LLMKLMMXMOTPRU-YOAXHERRSA-N	C[C@@H]1OC(C2=C(O)C(O)=CC=C2)=N[C@H]1C(=O)NCCCN(CCCNC(=O)C1=C(O)C(O)=CC=C1)C(=O)[C@H]1N=C(C2=C(O)C(O)=CC=C2)O[C@@H]1C	Alkaloids	Ornithine alkaloids	Polyamines	false	npclassifier.gnps2.org@2026-09-07
LLZGZWBVBWCMRA-RHQFVSDJSA-N	CCC(Cl)CCCCCCCCCC(C)C1NC(=O)C2CCCN2C(=O)C(CC(N)=O)N(C)C(=O)C(NC(=O)CNC(=O)C(CCC(N)=O)NC(=O)C(NC(=O)C(NC(=O)\C(NC(=O)C(NC(=O)C1O)C(C)C)=C/C)C(C)O)C(C)O)C(C)OC	Amino acids and Peptides	Oligopeptides	Cyclic peptides	false	npclassifier.gnps2.org@2026-09-07
LMBFAGIMSUYTBN-IIRRRCHSSA-N	CC[C@H](C)[C@H](NC(=O)[C@@H](CC1=CC=CC=C1)NC)C(=O)N[C@@H](CO)C(=O)N[C@H](CCC(N)=O)C(=O)N[C@H]([C@H](C)CC)C(=O)N[C@@H]([C@@H](C)CC)C(=O)N[C@@H](CO)C(=O)N[C@@H]1[C@H](C)OC(=O)[C@@H](NC(=O)[C@H](C[C@H]2CN=C(N)N2)NC(=O)[C@H](C)NC1=O)[C@@H](C)CC	Amino acids and Peptides|Polyketides	Oligopeptides	Cyclic peptides|Depsipeptides	false	npclassifier.gnps2.org@2026-09-07
LMBVXCIECVQZON-HYJPTLHKSA-N	CO/C(=C\C1=CC(Cl)=C(O)C(Cl)=C1)C(=O)N[C@H](C(=O)N[C@@H](CC(C)C)C(=O)N1[C@H](C(=O)N[C@@H](CC(C)C)C(=O)N(O)[C@H](C(=O)N2[C@@H](C)C[C@H]2C(=O)O)C(C)C)C[C@H](OC(C)=O)[C@H]1C)[C@@H](C)O	Amino acids and Peptides	Oligopeptides	Linear peptides	false	npclassifier.gnps2.org@2026-09-07
LMJVXGOFWKVXAW-OXOINMOOSA-N	C1=NC2=C(C(=N1)N)N=CN2[C@H]3[C@@H]([C@H](O3)CO)CO	Carbohydrates	Nucleosides	Purine nucleos(t)ides	false	npclassifier.gnps2.org@2026-09-07
LMKYKYILQNHPKH-PXVQWCDCSA-N	C[C@H](OC([C@H]([C@H]1CCCCCCC)C)=O)C(N([C@@H](CC2=CC=CC=C2)[C@@H](CC(O1)=O)O)C)=O	Amino acids and Peptides|Polyketides	Oligopeptides	Depsipeptides|Lipopeptides	false	npclassifier.gnps2.org@2026-09-07
LMSXLLMHAAGBSJ-UHFFFAOYSA-N	CC(C#CC1=C(C(O)=CC(C(O)=O)=C1)O)=C	Terpenoids	Meroterpenoids	Miscellaneous meroterpenoids	false	npclassifier.gnps2.org@2026-09-07
LMWDPSXUGSTACD-NUVVKISZSA-N	CC[C@H](O)C[C@H]1OC(=O)[C@@H](CC2=CC=CC=C2)NC(=O)C2=CSC(=N2)[C@@H](NC(=O)\C(C)=C\[C@H]1C)C(C)C	Amino acids and Peptides|Polyketides	Oligopeptides	Depsipeptides	false	npclassifier.gnps2.org@2026-09-07
LMZKBENCPGVRBB-JWHGVWHJSA-N	CC[C@H](C)[C@@H](C(N1C[C@@H](/C=C\C)C[C@H]1C2=O)=O)NC([C@H]([C@@H](C3=CC=CC=C3)C)NC([C@H](NC([C@H]([C@H](C)C4=CC=CC=C4)NC([C@@H]([C@@H](C)O2)NC([C@H](C[C@H]5[C@H]([N+]([O-])=O)C5)NC(C6=CC=CN6O)=O)=O)=O)=O)C[C@H]7[C@H]([N+]([O-])=O)C7)=O)=O	Amino acids and Peptides|Polyketides	Oligopeptides	Cyclic peptides|Depsipeptides	false	npclassifier.gnps2.org@2026-09-07
LNDXRPIAVUVECK-VQVSLIPMSA-N	O=C1C(C(O)=C2[C@@H](C[C@@H](O[C@H]3C[C@]([C@H](O[C@@H]4O[C@@H]([C@H](CC4)OC(N)=O)C)[C@@H](C)O3)(C)O)[C@@H]5O)O[C@@H]5C)=C(C=C2)C(C6=C1[C@H](O)[C@H](OC(C)=O)[C@]([C@H](OC(C)=O)C(C)=C7)(O)[C@@]6(O)[C@@]7([H])O[C@H](C[C@@H](OC)[C@@H]8O)O[C@H]8C)=O	Polyketides	Polycyclic aromatic polyketides	Angucyclines	true	npclassifier.gnps2.org@2026-09-07
LNHWUFUMZSBRBY-VJLWFCMXSA-N	[H][C@]12C(=O)O[C@H](C)[C@@H](C)[C@@]1(O)O[C@]1(C)C(=O)C(Cl)=C3C=C(OC=C3[C@]21[H])\C=C\[C@H](C)[C@@H](C)O	Polyketides	Chromanes	Azaphilones	true	npclassifier.gnps2.org@2026-09-07
LNISAMDQAWTXQV-DUFIIWHPSA-N	CC(=O)O[C@@H]1C[C@@H](O)[C@H]2O[C@@H]3C=C(C)C(=O)[C@@H](O)[C@]3(CO)[C@]1(C)[C@@]21CO1	Terpenoids	Sesquiterpenoids	Trichothecane sesquiterpenoids	false	npclassifier.gnps2.org@2026-09-07
LNQYORFYYXHXPB-KNYYYOTRSA-N	CCC/C=C\C1=CC=CC=C1/C=C/C(=O)N[C@@H](CO)C(=O)N(C)/C(=C/C2=CC=C(C=C2)O)/C(=O)N[C@@H](CC(C)C)C(=O)N[C@H](CC3=CC=CC=C3)C(=O)N[C@@H](C(C)O)C(=O)N[C@@H](CC(=O)N)C(=O)O	Amino acids and Peptides	Oligopeptides	Linear peptides	false	npclassifier.gnps2.org@2026-09-07
LNRXFFGKAKWQCV-DJKRDFIDSA-N	[H]C12CC(N(C(=O)[C@H](NC(=O)C(O)CC3=CC(Cl)=C(O)C=C3)[C@H](C)CC)C1([H])CC(CC2)OS(O)(=O)=O)C(=O)NCCCCNC(N)=N	Amino acids and Peptides	Oligopeptides	Aeruginosins|Linear peptides	false	npclassifier.gnps2.org@2026-09-07
LOACSEHFEBFOBM-ZTDMCRSFSA-N	CC(NC(CCCNC(N)=N)C(NC(CC(N)=O)C(NC1C(NC(C(NC(C(NC(C(N2C(C(N[C@@H](COC(CCC3NC(C(N4)CC5=CNC6=CC=CC=C56)=O)=O)C(NC(CC(OC1C)=O)C4=O)=O)=O)CCC2)=O)CC(C=C7)=CC=C7O)=O)CCCCNC(CCC(NC3=O)C(NC(CC8=CC=C(O)C=C8)C(O)=O)=O)=O)=O)CC(C)C)=O)=O)=O)=O	Amino acids and Peptides	Oligopeptides	Cyclic peptides|Depsipeptides	false	npclassifier.gnps2.org@2026-09-07
LOIXDLJXZACZEY-PLKRWIMUSA-N	C[C@H]1CCCC[C@H](CCCC(Cl)Cl)C2=C(O)C=C(C=C2O)[C@H](OC(N)=O)[C@@H](C)CCCC[C@H](CCCC(Cl)Cl)C2=C(O)C=C(C=C2O)[C@@H]1O	Polyketides	Alkylresorcinols	Dialkylresorcinols	false	npclassifier.gnps2.org@2026-09-07
LOJYSDVKJYYIKK-BCMMWQDXSA-N	CCCCCCCC(=O)N[C@@H](C)C(=O)N[C@@H](CC1=CC=CC=C1)C(=O)N[C@@H](CCC(O)=O)C(=O)N[C@@H]([C@@H](C)CC)C(=O)N[C@@H](C)C(=O)N[C@@H]([C@@H](C)CC)C(O)=O	Amino acids and Peptides	Oligopeptides	Linear peptides|Lipopeptides	false	npclassifier.gnps2.org@2026-09-07
LONZXPSSYXJXOI-QMMMGPOBSA-N	CC(C)[C@H](NC(=O)NCCCC(=O)O)C(O)O	Alkaloids			false	npclassifier.gnps2.org@2026-09-07
LOOAMPJDSIVZQC-IEZWGBDMSA-N	CCC1=CC(=O)[C@@]2(C1=CC=C(C[C@@H]2OC(=O)[C@@H]3CCCN3)C)C	Terpenoids	Sesquiterpenoids	Daucane sesquiterpenoids	false	npclassifier.gnps2.org@2026-09-07
LPGQEQIUSHQVNJ-FNWLGHLBSA-N	C[C@@H]1[C@@H](C(=O)N([C@H](C(=O)N[C@H](C(=O)N([C@H](C(=O)N[C@H](C(=O)N([C@H](C(=O)N([C@H](C(=O)N[C@H](C(=O)N[C@H](C(=O)N[C@H](C(=O)O1)C(C)C)[C@@H](C2=CC=CC=C2)O)C(C)C)CC3=CNC4=C3C(=CC=C4)OC)C)C(C)C)C)C(C)C)CC(C)C)C)C(C)C)[C@@H](C)O)C)NC(=O)[C@H](C(C)C)NC(=O)[C@H](C(C)C)NC	Amino acids and Peptides|Polyketides	Oligopeptides	Cyclic peptides|Depsipeptides	false	npclassifier.gnps2.org@2026-09-07
LPMXORSOJRRADU-WMZOPIPTSA-N	O=C1C2=C(C(O)=CC=C2)N[C@@H](C3=CNC4=C3C=CC=C4)[C@@]5([H])N1C=CC5	Alkaloids	Anthranilic acid alkaloids	Benzodiazepine alkaloids	false	npclassifier.gnps2.org@2026-09-07
LPWDCGVTZOZWBF-UHFFFAOYSA-N	CCCCCCCC(=O)N(O)CCCNC(=O)CC(O)(CC(=O)NCCCN(O)C(C)=O)C(=O)O	Alkaloids	Ornithine alkaloids	Polyamines	false	npclassifier.gnps2.org@2026-09-07
LPXQRXLUHJKZIE-UHFFFAOYSA-N	C12=NNN=C1N=C(NC2=O)N	Alkaloids	Pseudoalkaloids	pteridine alkaloids	false	npclassifier.gnps2.org@2026-09-07
LQDCHAOARKZZQM-QWEVHVQISA-N	C1C[C@H]2C(=O)N3[C@@H](C[C@@]4([C@H]3NC5=CC=CC=C54)C6=CC7=C(C=C6)NC=C7C[C@H]8C(=O)N9CCC[C@H]9C(=O)N8)C(=O)N2C1	Amino acids and Peptides	Oligopeptides	Cyclic peptides	false	npclassifier.gnps2.org@2026-09-07
LQFPDTISEHAMNQ-JRSQRZRGSA-N	OC([C@@H](C)C[C@H](C(/C(C)=C/[C@H](C)[C@H]1O[C@]2(O[C@](C)([C@@H]3O[C@]4(O[C@@H]([C@H]5O[C@](CO)(O)[C@H](C)C[C@@H]5C)C[C@@H]4C)[C@H](C)CC3)CC2)[C@H](C)[C@H](O[C@@H]6O[C@H](C)[C@@H](OC)CC6)C1)=O)C)=O	Polyketides	Polyethers	Polyether ionophores	true	npclassifier.gnps2.org@2026-09-07
LQLBUPVHKUILGJ-LKAQEJCWSA-N	CC[C@H](C)[C@H]1C(=O)O[C@@H]([C@@H](C(=O)N[C@H](C(=O)N[C@H]2CC[C@H](N(C2=O)[C@H](C(=O)N([C@H](C(=O)N1)CC3=CC=CC=C3)C)[C@@H](C)CC)O)CCCN=C(N)N)NC(=O)[C@@H](COS(=O)(=O)O)O)C	Amino acids and Peptides|Polyketides	Oligopeptides	Ahp-containing cyclodepsipeptides|Cyclic peptides|Depsipeptides	false	npclassifier.gnps2.org@2026-09-07
LQNGOIZVRFNQLO-UHFFFAOYSA-N	COC(=O)C1=CC2=CC(CCC3=CC4=C(O3)C(=O)C3=C(O)C(OC)=CC(OC)=C3C4=O)=C(O)C(O)=C2C(=O)O1	Shikimates and Phenylpropanoids	Coumarins	Isocoumarins	false	npclassifier.gnps2.org@2026-09-07
LQODMRGEPSZUMF-WKFOYEEWSA-N	OC([C@H]1O[C@@H](O[C@H]2[C@](C(O)=O)(C)C(CC[C@]3(C)C4CC=C5[C@@]3(C)CC[C@]6(C(O[C@H]7[C@H](O[C@H]8[C@H](O)[C@H](O)[C@@H](O[C@H]9C[C@H](CO)[C@@H](O)[C@H](O)[C@H]9O)[C@H](C)O8)[C@@H](O)[C@@H](O)[C@@H](C)O7)=O)C5CC(C)(C)CC6)[C@]4(C)C[C@@H]2O)[C@H](O)[C@@H](O[C@H]%10[C@H](O)[C@@H](O)[C@H](O)CO%10)[C@@H]1O)=O	Terpenoids	Triterpenoids	Oleanane triterpenoids	true	npclassifier.gnps2.org@2026-09-07
LQPRYCPJOYXBHP-UHFFFAOYSA-N	CCCCCCCCCCCC(NC(C(O)C(O)=O)C(NC(CO)C(NC(C(O)C(O)=O)C(NC(C(C)O)C(NC(CO)C(NC1CCCN(O)C1=O)=O)=O)=O)=O)=O)=O	Amino acids and Peptides	Oligopeptides	Linear peptides|Lipopeptides	false	npclassifier.gnps2.org@2026-09-07
LQVPMUGBAJMPEB-NKHATCEVSA-N	CCCCCCCC(=O)N[C@@H](C(C)C)C(=O)N[C@@H](CC1=CC=CC=C1)C(=O)N[C@@H](CCC(O)=O)C(=O)N[C@@H]([C@@H](C)CC)C(=O)N[C@@H](C)C(=O)N[C@H](C(C)C)C(O)=O	Amino acids and Peptides	Oligopeptides	Linear peptides	false	npclassifier.gnps2.org@2026-09-07
LREDECYEGMWOAR-UHFFFAOYSA-N	NC(=O)C1=CC2=C(NC3=C2C=CC(Cl)=C3)S1	Alkaloids	Tryptophan alkaloids	Carboline alkaloids	false	npclassifier.gnps2.org@2026-09-07
LRTJMINIVSPVMX-ZVJWTWILSA-N	CO[C@@H](\C=C\C1=CSC(=N1)C1=CSC(=N1)C(C)C)[C@@H](C)C(\OC)=C/C(=O)OC	Amino acids and Peptides|Polyketides	Linear polyketides	Melithiazole and Myxothiazole derivatives	false	npclassifier.gnps2.org@2026-09-07
LRTOBDZIFJXUDR-UHFFFAOYSA-N	C(C1C(=O)C(=CC(C=1C)=O)OC)CCCCCCCCCCCC(C)C	Polyketides|Terpenoids	Meroterpenoids	Prenyl quinone meroterpenoids	false	npclassifier.gnps2.org@2026-09-07
LRVJUCBWMNTDLP-UHFFFAOYSA-N	CC1=C(O)C(=O)C2=C(C=C(O)C3=C2C(=O)C2=CC=CC(O)=C2C3=O)C1=O	Polyketides	Polycyclic aromatic polyketides	Angucyclines	false	npclassifier.gnps2.org@2026-09-07
LRVQAPVXSPHVLF-QCBQRGATSA-N	C1C[C@@H](C(=O)N(C1)O)NC(=O)[C@H](CO)NC(=O)[C@@H](CCCCN)NC(=O)[C@H](CC2=CN=CN2)NC(=O)[C@@H]3COC(=N3)C4=CC=CC=C4O	Amino acids and Peptides	Oligopeptides|Small peptides	Linear peptides|Tripeptides	false	npclassifier.gnps2.org@2026-09-07
LRWRQTMTYVZKQW-WWDNQWNISA-N	CC[C@@H]1[C@@]([C@@H]([C@H](C(=O)[C@@H](C[C@@]([C@@H]([C@H]([C@@H]([C@H](C(=O)O1)C)O[C@H]2C[C@@]([C@H]([C@@H](O2)C)O)(C)O)C)O[C@H]3[C@@H]([C@H](C[C@H](O3)C)N(C)C)O)(C)O[C@H]4C[C@H]([C@H]([C@@H](O4)C)O)N(C)C)C)C)O)(C)O	Polyketides	Macrolides	Erythromycins	true	npclassifier.gnps2.org@2026-09-07
LRYJDVGVDHAXOE-DMSXIOHISA-N	CCCCCCCCCCCCCCCCCC(OC(=O)[C@H](CCCCN(O)C=O)NC(=O)[C@H]1N=C(C2=CC=CC=C2O)O[C@@H]1C)C(C)C(=O)N[C@@H]1CCCCN(O)C1=O	Amino acids and Peptides|Polyketides	Oligopeptides	Depsipeptides|Linear peptides|Lipopeptides	false	npclassifier.gnps2.org@2026-09-07
LRYMXYNLAMRRTH-CIWZQKDMSA-N	CC[C@H](C)[C@@H]1NC(=O)[C@@H](N)CC2=CC(=C(O)C=C2)C2=C(O)C3=CC(=C2)C[C@H](NC1=O)C(=O)N[C@H](C(=O)O)CC1=CC=C(C=C1)O3	Amino acids and Peptides	Oligopeptides	Cyclic peptides	false	npclassifier.gnps2.org@2026-09-07
LTBCQBSAWAZBDF-MLTZYSBQSA-N	NC1=NC=NC2=C1N=CN2[C@@H]1O[C@](F)(COS(N)(=O)=O)[C@@H](O)[C@H]1O	Carbohydrates	Nucleosides	Purine nucleos(t)ides	true	npclassifier.gnps2.org@2026-09-07
LTCFBVUSILPMGG-BRSLXYMHSA-N	[H][C@]12C[C@@]3([H])[C@@]1(O)C1=C(CC2=C)C=CC2=C1C1=C(N2)[C@@]2(C)[C@@]([H])(CC[C@@]4(O)[C@@]56O[C@@H]5[C@@H](O)[C@H](O[C@@]6([H])CC[C@]24C)C(C)=C)[C@]1([H])OC3(C)C	Alkaloids|Terpenoids	Tryptophan alkaloids	Indole-Diterpenoid alkaloids (Penitrems)	false	npclassifier.gnps2.org@2026-09-07
LTIOSJQYEGEEHY-BLVKFPJESA-N	C[C@@H]1C(=O)N[C@@](C2=NC3=C(C=CC=CO3)C(=O)N12)(CC4=CC=CC=C4)O	Alkaloids|Amino acids and Peptides	Peptide alkaloids	Other indole diketopiperazine alkaloids	false	npclassifier.gnps2.org@2026-09-07
LTKGSCNZLUASHU-UHFFFAOYSA-N	CCCCC(C)C(C(CC(C)CC(CCCCCCC(CN)O)O)OC(=O)CC(CC(=O)O)C(=O)O)OC(=O)CC(CC(=O)O)C(=O)O	Polyketides	Linear polyketides	Open-chain polyketides	false	npclassifier.gnps2.org@2026-09-07
LTSFUUJKRVARPQ-AHFUWGOOSA-N	C[C@H](CO)C1[C@@H](O)[C@@H](O)[C@@]2(C)C/C=C(C)/CC/C=C(C)/CC[C@H](O)/C(C)=C/CC21	Terpenoids	Diterpenoids	Dolabellane diterpenoids	false	npclassifier.gnps2.org@2026-09-07
LUBKKVGXMXTXOZ-UHFFFAOYSA-N	CC1=C(C2=C(C(=C1Cl)O)C(=O)C3(O2)C(=CC(=O)C=C3OC)C(=O)OC)Cl	Polyketides	Aromatic polyketides	Griseofulvins	false	npclassifier.gnps2.org@2026-09-07
LUEYTMPPCOCKBX-ODRFWBCESA-N	C[C@H]1CC1C2=N[C@@H](CS2)/C=C\CC/C=C/C=C(\C)/CC[C@H](CC=C)OC	Polyketides	Linear polyketides	Open-chain polyketides	false	npclassifier.gnps2.org@2026-09-07
LUEYTMPPCOCKBX-RLAAQAFRSA-N	CO[C@H](CC\C(C)=C\C=C\CC\C=C/[C@H]1CSC(=N1)[C@@H]1C[C@@H]1C)CC=C	Polyketides	Linear polyketides	Open-chain polyketides	false	npclassifier.gnps2.org@2026-09-07
LULQRLKBANNSOX-AFCHNXSNSA-N	[H][C@]12CC[C@@]3(C)[C@H](C4=C(O)C(=O)OC4O)C(C)=CC[C@@]3([H])[C@]1(C)[C@@H](O)C[C@@H](OC(C)=O)C2(CO[C@H]1CC[C@@H](OC)[C@H](C)O1)COC(=O)C1=CC=C(C)N1	Polyketides|Terpenoids			true	npclassifier.gnps2.org@2026-09-07
LURGILDDCOKZRE-QNNCKDESSA-N	[H][C@@]12CCCNN1C(=O)[C@]([H])(NC(=O)[C@@H](CC1=CC=C(OC)C=C1)NC(=O)[C@@H](NC(=O)[C@@H](NC=O)C(C)C)[C@@H](C)OC(=O)[C@H](C(C)C)N(C)C(=O)[C@H](CC(C)C)NC2=O)[C@@H](C)CC	Amino acids and Peptides|Polyketides	Oligopeptides	Cyclic peptides|Depsipeptides	false	npclassifier.gnps2.org@2026-09-07
LUYIOBWFMDELAR-NMJWYASFSA-N	O=C(N[C@@H](CC(O)=O)C(N[C@H](C1=CC=C(O)C=C1)C(N[C@@H](CC(O)=O)C(NCC(N[C@@H](C(N[C@@H](CCC(O)=O)C(N[C@@H](CC2=CNC3=C2C=CC=C3)C(O[C@H](C)[C@@H]4NC([C@H](CO)NC(C(O5)C5CCC)=O)=O)=O)=O)=O)[C@H](OP(O)(O)=O)C(N)=O)=O)=O)=O)=O)[C@H](CC(O)=O)NC([C@@H](CC6=CNC7=C6C=CC=C7)NC4=O)=O	Amino acids and Peptides|Polyketides	Oligopeptides	Cyclic peptides|Depsipeptides	false	npclassifier.gnps2.org@2026-09-07
LVCBUCRONSGDKJ-IZQVJZSSSA-N	C/C/1=C\CC2=CC=C(N2)C3=NC(C(O3)COC(=O)/C(=C/C(=O)OC4C1OC(=O)C4(C)CO)/CC(C)C)/C=C/5\C(OC\C5=C(\C)/CCCOC)CC(C)C	Polyketides			false	npclassifier.gnps2.org@2026-09-07
LVFPFIWBRYXLNE-CCNIBDGSSA-N	[H]C([H])CCC[C@H]1CCCC[C@H](C)[C@@H](O)C2=CC(O)=C([C@@H](CCCC(Br)Br)CCCC[C@H](C)[C@@H](OC(N)=O)C3=CC(O)=C1C(O)=C3)C(O)=C2	Polyketides	Alkylresorcinols	Dialkylresorcinols	false	npclassifier.gnps2.org@2026-09-07
LVHBHZANLOWSRM-UHFFFAOYSA-N	C=C(CC(=O)O)C(=O)O	Fatty acids	Fatty Acids and Conjugates	Dicarboxylic acids	false	npclassifier.gnps2.org@2026-09-07
LVWCJJGPEHPHJN-UHFFFAOYSA-N	CNC1C(CC(C(C1O)OC2C(CCC(O2)CN)N)N)OC	Carbohydrates	Polyols	Amino cyclitols	true	npclassifier.gnps2.org@2026-09-07
LWFZKXMCJDHBNJ-SLKDEOFASA-N	CCCCCCCC(CCCCCC1=CC(=C(C(=C1)O[C@H]2[C@@H]([C@H]([C@@H](CO2)O)O)O)CCCCCC(CCCCCC)Cl)O)(Cl)Cl	Polyketides	Alkylresorcinols	Dialkylresorcinols	true	npclassifier.gnps2.org@2026-09-07
LWIXNFAKHCDVEC-VOEDOTINSA-N	CCCCCCC1CC(=O)CCCC(O)C\C(O)=C2/C(CC(O[C@H]3C[C@H](OC)[C@H](O)[C@@H](C)O3)C2=O)\C=C(/C)\C=C/C=C\C(=O)N1	Amino acids and Peptides|Polyketides	Macrolides	Macrolide lactams	true	npclassifier.gnps2.org@2026-09-07
LWKFDGQRSRTLMH-CBGTVWSLSA-N	CC1=CC(=O)[C@H]2C3=CC=CC4=C3[C@H]3[C@@H]1[C@@H]2CN3C1=C2C4=C3C=CC(O)=CC3=C3SC(=O)C(=C32)C=C1				false	npclassifier.gnps2.org@2026-09-07
LWKICZFLUHYJAT-UHFFFAOYSA-N	CC1CC11N(C)C(=O)C2CSSCC(N(C)C(=O)C(C)NC(=O)C(COC1=O)NC(=O)C1=NC3=C(C=CC=C3)C=C1O)C(=O)N(C)C1(CC1C)C(=O)OCC(NC(=O)C1=NC3=C(C=CC=C3)C=C1O)C(=O)NC(C)C(=O)N2C	Amino acids and Peptides|Polyketides	Oligopeptides	Cyclic peptides|Depsipeptides	false	npclassifier.gnps2.org@2026-09-07
LXKDFTDVRVLXFY-UHFFFAOYSA-N	CC(C)=CCCC(C)=CCCC(C)=CCCC(C)=CCCC(C)=CCCC(C)=CCCC(C)=CCCC(C)=CCC1=C(C)C(=O)C2=C(C=CC=C2)C1=O	Terpenoids	Meroterpenoids	Prenyl quinone meroterpenoids	false	npclassifier.gnps2.org@2026-09-07
LXMNWKJHYOZUQL-UHFFFAOYSA-N	C1=C(C=C(C(=C1C2=C(C(=C(N2)Br)Br)Br)O)Br)Br	Shikimates and Phenylpropanoids	Diphenyl ethers (DPEs)	Marine-bacterial DPEs	false	npclassifier.gnps2.org@2026-09-07
LXMYRBNIOWEKPA-UHFFFAOYSA-N	CC(C)C1(O)CC(=O)C2=C3C(=O)C4=C(C(=O)C3=C(O)C=C2C1)C(O)=CC=C4	Polyketides	Polycyclic aromatic polyketides	Angucyclines|Anthraquinones and anthrones	false	npclassifier.gnps2.org@2026-09-07
LXNCWECCTQQXPQ-ZJUUUORDSA-N	NC(=N)NCCC[C@@H](NC(=O)C1=CC=CC(O)=C1O)C(=O)N[C@@H](CO)C(O)=O	Amino acids and Peptides	Small peptides	Dipeptides	false	npclassifier.gnps2.org@2026-09-07
LXOSXNJTQRTDJG-IKGSVZLMSA-N	O=C1C2=CSC(C3=C(C4=CSC(C5=CSC([C@@H](NC([C@H](CC6=CC=C(O)C=C6)NC(C7=CSC([C@H]([C@H](O)C8=CC=CC=C8)NC(C9=C(C)SC([C@H](CC(N)=O)N1)=N9)=O)=N7)=O)=O)[C@H](C)C%10CO%10)=N5)=N4)N=C(C%11=NC(C(NC(C(NC(C(N[C@@H](C)C(O)=O)=O)=C)=O)=C)=O)=CS%11)C=C3)=N2	Amino acids and Peptides	Oligopeptides	Cyclic peptides|RiPPs-Thiopeptides	false	npclassifier.gnps2.org@2026-09-07
LXWBXEWUSAABOA-YQIDSGEHSA-N	CO[C@]1(NC(=O)CCCC(N)C(O)=O)C2SCC(COC(N)=O)=C(N2C1=O)C(O)=O	Amino acids and Peptides	β-lactams	Cephalosporins|Cephamycins	false	npclassifier.gnps2.org@2026-09-07
LXYAQYDBAYTWEV-WLLWKZKDSA-N	CC(C)C[C@H](NC(=O)CNC(=O)[C@H](CC(N)=O)NC(=O)[C@H](CCCCN)NC(=O)[C@H](CO)NC(=O)[C@@H]1CC(=O)NCC(=O)N[C@@H](CC2=CC=C(O)C=C2)C(=O)NCC(=O)N[C@@H](CC(N)=O)C(=O)N[C@@H](C)C(=O)N[C@@H](CC2=CNC3=CC=CC=C23)C(=O)N1)C(=O)N[C@@H](CC1=CC=CC=C1)C(=O)O	Amino acids and Peptides	Oligopeptides	Cyclic peptides|RiPPs-Lasso peptides	false	npclassifier.gnps2.org@2026-09-07
LYCKQMCCONKVPQ-CXGOSFSJSA-N	C[C@@]1([C@@H](C[C@H]2[C@@]3([C@@]1([C@@H]4[C@@H](O4)C(C5=C3C6=C(C2(C)C)C=CC=C6N5)(C)C)[N+]#[C-])O)Cl)C=C	Alkaloids	Tryptophan alkaloids	Hapalindole alkaloids	false	npclassifier.gnps2.org@2026-09-07
LYDLCIJXMDSHBW-DLPGASAZSA-N	CC[C@@H](O)C(C)/C=C/C=C/C=C(\C)/[C@]1(C)C2CC[C@@H](O)[C@H](C)C=2C2C(=O)NC(=C)C=2[C@@]1([H])C(O)=O	Polyketides			false	npclassifier.gnps2.org@2026-09-07
LYUCHIIJQVXUQP-NBWCBLLSSA-N	CC[C@H](C)[C@H](NC(=O)[C@@H](NC(=O)C1OC(=O)C1C(C)C)C(C)C)C(O)=O	Amino acids and Peptides	Small peptides	Dipeptides	false	npclassifier.gnps2.org@2026-09-07
LYUGICBKRYXVHJ-UHFFFAOYSA-N	C=CCNC(CCC(=O)C=[N+]=[N-])C(=O)NC(CCC(=O)C=[N+]=[N-])C(=O)O	Amino acids and Peptides	Small peptides		false	npclassifier.gnps2.org@2026-09-07
LZKYOIUQAOXDOE-KXPMJRMKSA-N	CCCCCCCCCCCC(=O)N[C@H](C(=O)N[C@@H](CO)C(=O)N[C@H](CO)C(=O)N[C@H]1CCCNC(=O)[C@@H](CCCN(O)N=O)NC(=O)CNC(=O)[C@H](CCC(N)=O)NC(=O)[C@@H](CCCN(O)N=O)NC1=O)[C@@H](O)C(=O)O	Amino acids and Peptides	Oligopeptides	Cyclic peptides|Depsipeptides|Lipopeptides	false	npclassifier.gnps2.org@2026-09-07
LZMVCENJBDTSPS-VFHZWBAFSA-N	CCCCCCCCCCCCCC1=CC(=C(C(=C1)O[C@H]2[C@@H]([C@H]([C@@H](CO2)O)O)O)CCCCCC(CCCCCC)Cl)O	Polyketides	Alkylresorcinols	Dialkylresorcinols	true	npclassifier.gnps2.org@2026-09-07
LZOGQRAIPFZIRV-PPRVBKARSA-N	CN[C@@H]1C2=CC(OC3=CC([C@H]4C(N[C@@H]5C6=CC(OC7=CC=C(C=C7)C[C@@H](NC1=O)C(N4)=O)=C(O[C@H]8[C@H](NC(CCCCCCCCCCC)=O)[C@@H](O)[C@H](O)[C@@H](CO)O8)C(OC9=C(Cl)C=C(C(O)C%10C(N[C@H](C(O)=O)C%11=C(C(O[C@@H]%12[C@@H](O)[C@@H](O)[C@H](O)[C@@H](CO)O%12)=CC(O)=C%11)C%13=CC([C@@H](NC5=O)C(N%10)=O)=CC=C%13)=O)C=C9)=C6)=O)=C(Cl)C(O)=C3)=C(O)C=C2	Amino acids and Peptides	Oligopeptides	Vancomycins and Teicoplanins	true	npclassifier.gnps2.org@2026-09-07
LZVAVELRNPTDSM-FNORWQNLSA-N	O=C(O1)C(/C=C/CC)=C2C1=C(CCC)C(C(OC3=O)=O)=C3CC2	Polyketides	Cyclic polyketides	Nonadrides	false	npclassifier.gnps2.org@2026-09-07
LZVVUUWVABZKAU-FWEHEUNISA-N	CC(C)CCCCCCCCC(=O)N[C@@H](CCCN(O)C=O)C(=O)N[C@@H](CO)C(=O)N(O)CCC[C@@H]1NC(=O)[C@H](CCCN(O)C=O)NC1=O	Amino acids and Peptides	Oligopeptides	Linear peptides|Lipopeptides	false	npclassifier.gnps2.org@2026-09-07
MAEOWCPXCUFIRS-UHFFFAOYSA-N	CC(C)CCCCC(=O)C1=CC(CCCC(=O)O)=NO1	Fatty acids	Fatty Acids and Conjugates	Branched fatty acids	false	npclassifier.gnps2.org@2026-09-07
MAWRMNHXMWZATN-UHFFFAOYSA-N	OC1=CC=CC=C1C(=O)C1=C(N2C(Cl)=C(Cl)C=C2C(=O)C2=CC(Cl)=CC=C2O)C(Cl)=C(Cl)N1	Alkaloids	Proline alkaloids	Pyrrole alkaloids	false	npclassifier.gnps2.org@2026-09-07
MBENBNLUEFQFSL-BFKPYXRSSA-N	CCCCCC[C@H](C)C[C@H](C)[C@H]1OC(=O)[C@H](C)NC(=O)[C@H](C)NC(=O)[C@H](CC(C)C)NC(=O)[C@@H](NC(=O)CNC(=O)[C@@H]1C)C(C)C	Amino acids and Peptides|Polyketides	Oligopeptides	Cyclic peptides|Depsipeptides|Lipopeptides	false	npclassifier.gnps2.org@2026-09-07
MBHVNAKPTPFWNG-MYFMSEKESA-N	C[C@@H]1C[C@@H]([C@@H]2[C@@]3([C@H]1COC(=O)[C@]3(CC2(C)C)C)O)OC(=O)C	Terpenoids	Sesquiterpenoids	Presilphiperfolane and Probotryane sesquiterpenoids	false	npclassifier.gnps2.org@2026-09-07
MBMQEIFVQACCCH-QBODLPLBSA-N	C[C@H]1CCCC(=O)CCC/C=C/C2=C(C(=CC(=C2)O)O)C(=O)O1	Polyketides	Macrolides	Zearalenones	false	npclassifier.gnps2.org@2026-09-07
MBNLEZMNFKCZCT-LASRUHJTSA-N	CC(C)[C@H]1C(=O)N[C@H](C(=O)N[C@H](C(=O)N[C@H](C(=O)N[C@H](C(=O)N2CCC[C@H]2C(=O)N[C@H](C(=O)N[C@H](C(=O)NCC(=O)N1)CO)CCSC)CC(=O)N)CC3=CC=C(C=C3)O)CC4=CC=C(C=C4)OC/C=C(/C)\CCC=C(C)C)CC(=O)O	Amino acids and Peptides	Oligopeptides	Cyclic peptides	false	npclassifier.gnps2.org@2026-09-07
MBPWQYMDPQWNIL-RYUDHWBXSA-N	COC(=O)[C@@H]1C[C@@H](CN1CN2C(=S)OC(=N2)C3=CC(=CC=C3)Br)O	Alkaloids			false	npclassifier.gnps2.org@2026-09-07
MCAHMSDENAOJFZ-BVXDHVRPSA-N	CO[C@H]1C[C@H](C)[C@@H](OC)C2=CC(=O)C=C(NC(=O)\C(C)=C\C=C/[C@H](OC)[C@@H](OC(N)=O)\C(C)=C\[C@H](C)[C@H]1OC)C2=O	Polyketides	Macrolides	Ansa macrolides	false	npclassifier.gnps2.org@2026-09-07
MCAPWUBVQVASDE-MMMJEWCYSA-N	CC1=C(C)[C@@H](O)[C@@H]2/C=C/C[C@H](C)/C=C(\C)[C@H](O)[C@H](O)CC[C@H](O)[C@]23C(=O)N[C@@H](CC2=C[NH]C4=CC=CC=C24)C13	Alkaloids	Pseudoalkaloids	Cytochalasan alkaloids	false	npclassifier.gnps2.org@2026-09-07
MCDSLJCOWVFKEL-YBKKMURLSA-N	CC1C(CCC(O1)OC2CCC(OC2C)C3=C(C4=C(C=C3)C(=O)C5=C(C4=O)C=C[C@]6([C@@]5(C(=O)C[C@](C6)(C)OC7C=CC(=O)C(O7)C)O)O)O)O	Polyketides	Polycyclic aromatic polyketides	Angucyclines	true	npclassifier.gnps2.org@2026-09-07
MCGMBKWXTCCVNV-CNLWIZLKSA-N	CON1C(=C)C2=C([C@H](O)[C@@H](O)[C@@H](O2)\C=C\C=C\C)C1=O	Alkaloids	Miscellaneous alkaloids	Miscellaneous alkaloids	false	npclassifier.gnps2.org@2026-09-07
MCHNUYTWURIGNT-UHFFFAOYSA-N	Oc3cccc2C(=O)c1cc(cc(OC)c1C(=O)c23)OC	Polyketides	Polycyclic aromatic polyketides	Anthraquinones and anthrones	false	npclassifier.gnps2.org@2026-09-07
MCNBCMMOFDOVFQ-KPWZZBQESA-N	C=C1OC(O)C(C(O)C(OC)C2C(/C=C(\CO)C3CCC(C)C(/C(C)=C/CC4OC(C)(C5CCC(C(O)CC)O5)CC4C)O3)CC(C)C(O)C2CO)C1=O	Polyketides	Polyethers	Polyether ionophores	true	npclassifier.gnps2.org@2026-09-07
MCNRUMCJJMMKCH-UHFFFAOYSA-N	NC(CC1=CNC2=C1C=CC=C2)C(NC(CCCCN)C(NC(CSCC(C(NC(C5C)C(N4C(C(NC([H])C(NC(CS5)C(NC(C(C)C)C(NC(C6C)C(NC([H])C(NC(C(C)C)C(NC(CC(C)C)C(NC(CCC(N)=O)C(NC(C(NC(CS6)C(NC(CC7=CC=CC=C7)C(NC(CC(C)C)C(NC(CCC(N)=O)C(NC(C8C)C(NC(C(CC)C)C(NC(C9C)C(NC(CS8)C(NC(CC(N)=O)C(NC(CS9)C(NC(CC%10=CNC=N%10)C(NC(C(CC)C)C(NC(C(NC(CCCCN)C(O)=O)=O)=C)=O)=O)=O)=O)=O)=O)=O)=O)=O)=O)=O)=O)=O)=CC)=O)=O)=O)=O)=O)=O)=O)=O)=O)CCC4)=O)=O)NC3=O)C(NC(CCC(O)=O)C(NC(C(NC3C(C)C)=O)=C)=O)=O)=O)=O	Amino acids and Peptides	Oligopeptides	RiPPs-Lanthipeptides	false	npclassifier.gnps2.org@2026-09-07
MCROUBPJZPOSSF-KNZUXZTQSA-N	CC1=CC=CC(C)C(O)C(C)C(O)CCC=CC(C)C(O)C=CC(C)C(O)C(C)=CC(O[C@H]2O[C@H](CO)[C@@H](O)[C@H](O)[C@@H]2O)C(O)C(C)C(O)CC(O)CC(O)C(C)C(O)C(C)C(O)CC(O)CC(O)C=CCC(C(C)C(O)CCCN)OC1=O	Polyketides	Macrolides	Polyene macrolides	true	npclassifier.gnps2.org@2026-09-07
MDBSKEKVSGDWLT-WYMLVPIESA-N	CCC(C)CCCCC/C=C/CC(=O)NC(CC(=O)N)C(=O)NC1C(NC(=O)C2CCCN2C(=O)C(NC(=O)C(NC(=O)CNC(=O)C(NC(=O)CNC(=O)C(NC(=O)C(NC(=O)C3CCCCN3C1=O)C(C)C(=O)O)CC(=O)O)CC(=O)O)C(C)N)C(C)C)C	Amino acids and Peptides|Polyketides	Oligopeptides	Cyclic peptides|Depsipeptides	false	npclassifier.gnps2.org@2026-09-07
MDPFIHREEGWODX-ZJVYMTFOSA-N	C/C=C/1\CO[C@@H]([C@]2([C@@H]1OC3=C2C(=O)C(=CN3)C4=CC=CC=C4)C)O	Alkaloids	Nicotinic acid alkaloids	Pyridine alkaloids	true	npclassifier.gnps2.org@2026-09-07
MDRCUWLNUYOITI-BVYJMRFYSA-N	C[C@H](NC(=O)[C@H]1[C@@H](O)[C@@H](O)C=NN1C(=O)CO)C(=O)N1NC[C@@H](Cl)C[C@@H]1C(=O)N1NCCC[C@H]1C(=O)N[C@@](C)(CO)C(=O)O	Amino acids and Peptides	Oligopeptides	Linear peptides	false	npclassifier.gnps2.org@2026-09-07
MDUGEFRGUDVHQH-UHFFFAOYSA-N	CC1=CC(O)=CC2=C1C1OC(C)(CC3=C1C(O)=C1C(=O)C4=C(C=C(O)C=C4O)C(C)(C)C1=C3)O2	Polyketides	Polycyclic aromatic polyketides	Fasamycins and derivatives	false	npclassifier.gnps2.org@2026-09-07
MDUGEFRGUDVHQH-XNMGPUDCSA-N	CC1=CC(=CC2=C1[C@@H]3C4=C(C[C@@](O3)(O2)C)C=C5C(=C4O)C(=O)C6=C(C=C(C=C6C5(C)C)O)O)O	Polyketides	Polycyclic aromatic polyketides	Fasamycins and derivatives	false	npclassifier.gnps2.org@2026-09-07
MEBIEOPXFPLSPF-AKKMNRGHSA-N	CC[C@H]1O[C@H](CC=C1C)C(\C)=C\[C@H](C)\C=C\[C@H]1CC(OC)=C(CO)C(=O)O1	Polyketides	Linear polyketides	Open-chain polyketides	false	npclassifier.gnps2.org@2026-09-07
MESNVWVVXFZXAZ-OVUMEKFMSA-N	CO[C@H]1[C@@H](CO)O[C@@H](N2C3=C(C=CC=C3Cl)C3=C4C(=O)NC(=O)C4=C4C5=CC(O[C@@H]6C[C@@H](O)[C@@H](N(C)C)CO6)=C(O)C(Cl)=C5NC4=C32)[C@H](O)[C@H]1O	Alkaloids	Tryptophan alkaloids	Carbazole alkaloids	true	npclassifier.gnps2.org@2026-09-07
MEYZYGMYMLNUHJ-HFMVIZMTSA-N	CC(C)CCCCCCCCC/C=C/C(=O)N[C@@H]1[C@H]([C@H]([C@H](O[C@H]1O[C@H]2[C@H]([C@@H]([C@H]([C@@H](O2)CO)O)O)NC(=O)C)C[C@H]([C@@H]3[C@H]([C@H]([C@@H](O3)N4C=CC(=O)NC4=O)O)O)O)O)O	Carbohydrates	Nucleosides	Pyrimidine nucleos(t)ides	true	npclassifier.gnps2.org@2026-09-07
MFEPAAMYDYMBSN-XHPQRKPJSA-N	CSCCC(NC(=O)NC(CC1=CC=CC(O)=C1)C(O)=O)C(=O)NC(C(C)N(C)C(=O)C1CC2=CC(O)=CC=C2CN1)C(=O)N\C=C1\CC(O)C(O1)N1CCC(=O)NC1=O	Amino acids and Peptides	Oligopeptides	Linear peptides	true	npclassifier.gnps2.org@2026-09-07
MFKULZXCVOJWPJ-TUMYTAPPSA-N	CCC1C(C(C(/C=C\C=C/C=C\C=C/C=C\C(C[C@H]2[C@@]([C@H](C[C@](O2)(C[C@H](C[C@H]([C@@H](CCC(=O)O1)O)O)O)O)O)(C)O)O[C@H]3[C@H]([C@H]([C@@H]([C@H](O3)C)O)O)O)C)[C@H]4C[C@H]([C@H]([C@@H](O4)C)OC)O)C	Polyketides	Macrolides	Polyene macrolides	true	npclassifier.gnps2.org@2026-09-07
MFMJBJLUIRYLLE-CTVFDYKESA-N	CCC[C@H]1[C@@H]([C@@H]2CC[C@@H](O2)[C@@H](C(=O)O[C@H]([C@@H]([C@@H]3CC[C@@H](O3)[C@H](C(=O)O1)CC)C)[C@H](CC)[C@H]4CC[C@H](O4)C[C@@H](CCC)N(C)C)C)C	Polyketides	Polyethers	Macrotetrolides	false	npclassifier.gnps2.org@2026-09-07
MFOUCDNLAFNKML-SVLWDWOGSA-N	C[C@@H]1C[C@@H]([C@@H]2[C@@]3([C@H]1C(=O)OC[C@]3(CC2(C)C)C)O)OC(=O)C	Terpenoids	Sesquiterpenoids	Presilphiperfolane and Probotryane sesquiterpenoids	false	npclassifier.gnps2.org@2026-09-07
MFPKKZSDAGOGCM-WZCLLJMXSA-N	CC1=CC(=O)[C@H]2C3=CC=CC4=C3[C@H]3[C@@H]1[C@@H]2CN3C1=C2C4=C3C=C[C@@H](O)[C@H](O)C3=C3SC(=O)C(=C32)C=C1	Polyketides	Polycyclic aromatic polyketides		false	npclassifier.gnps2.org@2026-09-07
MFQKLNRDQFKCIX-IFENHQAWSA-N	CC(=O)N[C@H](CSC[C@@H](O)/C1=N/OC(=O)C[C@@]2([C@@]3(C(=O)O)CO3)CC[C@@](C)(SC[C@@H](NC(C)=O)C(=O)O)[C@H](CC(=O)/C=C/C=C\C3=COC1=N3)S2)C(=O)O				false	npclassifier.gnps2.org@2026-09-07
MFRLYJDZURPKEB-UHFFFAOYSA-N	CC(=CC1=C(C2=C(C=C1)C(=O)C3=C(C2=O)C=CC(=C3OC)OC)O)CC(=O)N	Polyketides	Polycyclic aromatic polyketides	Anthraquinones and anthrones	false	npclassifier.gnps2.org@2026-09-07
MFURXTOJWOOSEM-UHFFFAOYSA-N	OC1OC(=O)C(=C1CC1=CC=CC=C1)C1=CC=CC=C1	Shikimates and Phenylpropanoids	Diazotetronic acids and derivatives	Pulvinones	true	npclassifier.gnps2.org@2026-09-07
MFXAGCQVWGPEJH-LRSLUSHPSA-N	[H][C@@](CC(C)C)(NC(=O)[C@]([H])(CCC(N)=O)NC(=O)[C@]([H])(CC(N)=O)NC(=O)C[C@H](O)CCCCCCCCC)C=O	Amino acids and Peptides	Oligopeptides	Lipopeptides	false	npclassifier.gnps2.org@2026-09-07
MGGRDOJGYXQAGY-JBBKKQAGSA-N	C[C@H]1[C@@H](NC(=O)C(NC(=O)[C@H]([C@@H](NC(=O)[C@@H](NC(=O)[C@H](NC(=O)C(=C)N(C(=O)CC[C@@H](NC1=O)C(=O)O)C)C)CC(C)C)C(=O)O)C)(C)C)/C=C/C(=C/[C@H](C)[C@H](CC2=CC=CC=C2)OC)/C	Amino acids and Peptides	Oligopeptides	Cyclic peptides|Microcystins	false	npclassifier.gnps2.org@2026-09-07
MGOHJFNPHUCXQI-GXZBMJRDSA-N	CCCCCC\C=C/CC(=O)N[C@@H](CO)C(=O)N[C@@H](C(C)C)C(=O)N[C@@H](CO)[C@@H](O)CC(=O)N[C@@H](C(C)C)C(=O)N[C@H]1COC(=O)[C@H](CC2=CC=C(O)C=C2)N(C)C(=O)[C@@H](NC(=O)\C=C\1)C(C)C	Amino acids and Peptides|Polyketides	Oligopeptides	Cyclic peptides|Depsipeptides|Lipopeptides	false	npclassifier.gnps2.org@2026-09-07
MGRJONRALKLFBS-UGDGHGPHSA-N	CC(C)[C@@H]1CC[C@@]2(C)C/C=C(C)/CC/C=C(C)/CC[C@H](O)/C(C)=C/CC21	Terpenoids	Diterpenoids	Dolabellane diterpenoids	false	npclassifier.gnps2.org@2026-09-07
MGYSOSIDALEBDU-KOYWNODBSA-N	O[C@H]([C@@H](CO)O[C@@H](OCCCCCC(O)CCCC(O)C/C=C/CCCCCCCCCC(CC(/C(O)=C1C(N(C[C@H](O)C2)[C@]2([H])C/1=O)=O)C)C)[C@H]3O)[C@@H]3O	Amino acids and Peptides|Polyketides	Linear polyketides	3-acyl tetramic acids	true	npclassifier.gnps2.org@2026-09-07
MHBQQDNEPQYCOS-CBQPQWBASA-N	C[C@H]1C(=O)N[C@H](C(=O)N/C(=C\NC(=O)N)/C(=O)N[C@H](C(=O)NC[C@@H](C(=O)N1)N)[C@H]2CCN=C(N2)N)CN	Amino acids and Peptides	Oligopeptides	Cyclic peptides	false	npclassifier.gnps2.org@2026-09-07
MHEUVENJAVJAKO-FCONBKKXSA-N	CC(C1=C(O)[C@@H]2C3[C@H](C(C)(C)N2C1=O)CC4=C5[C@@]3([H])C(NC5=CC=C4)=O)=O	Alkaloids|Amino acids and Peptides	Tetramate alkaloids	Cyclopiazonic acid-tpye tetramate alkaloids	false	npclassifier.gnps2.org@2026-09-07
MHISYGKJUDXSQZ-ABKVRGIESA-N	CC(=O)[C@H]1[C@@H]2C=C[C@@H]3[C@@H](C/C=C\C(N)=O)[C@H](/C=C/C(O)=C4C(=O)N[C@@H](CCC(=O)O)C4=O)C[C@@H]3[C@H]2C[C@H]1C	Polyketides	Cyclic polyketides	Decalins with side chains	false	npclassifier.gnps2.org@2026-09-07
MHMRAFONCSQAIA-UHFFFAOYSA-N	CN1C(=O)C(NC(C)=O)=C2SSC=C12	Alkaloids			false	npclassifier.gnps2.org@2026-09-07
MHOOPNKRBMHHEC-RIAPOHOLSA-N	C\C=C\C1=CC(=O)[C@@H](O)[C@H]1O				false	npclassifier.gnps2.org@2026-09-07
MHWVTRIHXIJYOF-JEGFTUTRSA-N	C=C(COC(=O)CCCCC/C=C/C=C/C(=O)O)C(C)C(=O)C(OC)C(O)CC1CC(=O)NC(=O)C1	Alkaloids	Lysine alkaloids	Piperidine alkaloids	false	npclassifier.gnps2.org@2026-09-07
MHXKMAAKEHGISP-MROKOONJSA-N	[H][C@]12CC(C)=CC[C@]1([H])[C@@]1([H])\C(O)=C\C(=O)[C@@H](C)C(=O)O[C@H](C)\C=C\C=C/[C@@H](C)[C@@]1([H])C=C2	Polyketides	Macrolides	Macrolide lactams	false	npclassifier.gnps2.org@2026-09-07
MIFYHUACUWQUKT-GTQWGBSQSA-N	[H][C@]12SC(C)(C)[C@@H](N1C(=O)[C@H]2NC(=O)CCC[C@H](N)C(O)=O)C(O)=O	Amino acids and Peptides	β-lactams	Penicillins	false	npclassifier.gnps2.org@2026-09-07
MIIGOBPMKCUKCU-RSSLBOJYSA-N	C[C@H]1/C=C/C=C/C=C\[C@H](C[C@H](C[C@@H]2C[C@@H]([C@H]([C@@](O2)(C[C@@H](CCCCCC(=O)O[C@@H]1C[C@H]([C@H](C)[C@H]([C@@H](C)[C@H](CC(C)C)O[C@H]3C[C@H]([C@@H]([C@H](O3)C)O)O[C@H]4C[C@H]([C@@H]([C@H](O4)C)O)O)O)O)O)O)C)O)O[C@H]5C[C@H]([C@@H]([C@H](O5)C)O)OC)O	Polyketides	Macrolides	Macrolide lactones	true	npclassifier.gnps2.org@2026-09-07
MIIGOBPMKCUKCU-UUWDPZELSA-N	C[C@H]1/C=C/C=C/C=C/[C@H](C[C@H](C[C@@H]2C[C@@H]([C@H]([C@@](O2)(C[C@@H](CCCCCC(=O)O[C@@H]1C[C@H]([C@H](C)[C@H]([C@@H](C)[C@H](CC(C)C)O[C@H]3C[C@H]([C@@H]([C@H](O3)C)O)O[C@H]4C[C@H]([C@@H]([C@H](O4)C)O)O)O)O)O)O)C)O)O[C@H]5C[C@H]([C@@H]([C@H](O5)C)O)OC)O	Polyketides	Macrolides	Macrolide lactones	true	npclassifier.gnps2.org@2026-09-07
MIIWISWSCMVZHG-UHFFFAOYSA-N	C1(=C(NC(=C1Br)Br)Br)Br	Alkaloids			false	npclassifier.gnps2.org@2026-09-07
MINDHVHHQZYEEK-HBBNESRFSA-N	C[C@H](O)[C@H](C)[C@@H]1O[C@H]1C[C@H]1CO[C@@H](C\C(C)=C\C(=O)OCCCCCCCCC(O)=O)[C@H](O)[C@@H]1O	Polyketides	Linear polyketides	Open-chain polyketides	false	npclassifier.gnps2.org@2026-09-07
MITIRDUVDFDKHI-CFTAYRILSA-N	C/C=C/C[C@H]1C(=O)N[C@H](C(=O)N([C@H](C(=O)N[C@H](C(=O)N[C@H](C(=O)N([C@H](C(=O)N[C@H](C(=O)N1)CC(C)C)CC(C)C)C)C)CC2=CC(=C(C=C2)O)[N+](=O)[O-])CC(C)C)C)CC3=CN(C4=CC=CC=C43)C(C)(C)[C@H]5CO5	Amino acids and Peptides	Oligopeptides	Cyclic peptides	false	npclassifier.gnps2.org@2026-09-07
MIUUXMLKAKRFMK-PCBFYWCHSA-N	CC[C@H](C)[C@@H]1NC(=O)[C@@H](NC(=O)[C@H](CC2=C[NH]C3=CC=CC=C23)NC(=O)[C@@H](CCCN)NC(=O)CNC(=O)[C@H](CCCN)NC(=O)[C@@H](CCCN)NC(=O)[C@@H](CC2=C[NH]C3=CC=CC=C23)NC(=O)[C@@H](CC2=CC=C(O)C=C2)NC(=O)[C@@H](CO)NC(=O)CCCCCC(C)C)[C@@H](C)OC(=O)CNC(=O)CNC(=O)[C@H](CC(N)=O)NC1=O	Amino acids and Peptides|Polyketides	Oligopeptides	Cyclic peptides|Depsipeptides|Lipopeptides	false	npclassifier.gnps2.org@2026-09-07
MIVWVMMAZAALNA-IJLUTSLNSA-N	[H][C@]1([C@H](O)CCCCCCC)[C@H](CO)COC1=O	Polyketides			false	npclassifier.gnps2.org@2026-09-07
MJANQOPHKCQYSL-DIMVSIEISA-N	[H][C@]12CC3=CC4=C(C(=O)C=C(OC)C4=O)C(O)=C3C(=O)[C@@]1(O[C@H]1CC[C@H](O[C@H]3CC[C@H](O)[C@@H](C)O3)[C@@H](C)O1)C(=O)C(C(N)=O)=C(O)[C@@H]2O[C@H]1CC[C@H](O[C@H]2CC[C@H](O[C@H]3CC[C@H](O[C@H]4CC[C@H](OC(=O)C(C)C(O)=O)[C@H](C)O4)[C@H](C)O3)[C@H](C)O2)[C@@H](C)O1	Polyketides	Polycyclic aromatic polyketides	Angucyclines	true	npclassifier.gnps2.org@2026-09-07
MJPHEGDACGCSGU-AWEZNQCLSA-N	O=C([C@H](CC(C)C)N)OCC1=CC=C(OC)C2=NC3=C(C(O)=O)C=CC=C3N=C21	Alkaloids	Anthranilic acid alkaloids	Phenazine alkaloids	false	npclassifier.gnps2.org@2026-09-07
MJQUEDHRCUIRLF-YFQOKXJGSA-N	CCC/C=C/C=C/C(=O)O[C@H]1/C(=C/C(=O)OC)/C[C@H]2C[C@@H](OC(=O)C[C@@H](C[C@@H]3CC(C([C@@](O3)(C[C@@H]4C/C(=C/C(=O)OC)/C[C@@H](O4)/C=C/C([C@@]1(O2)O)(C)C)O)(C)C)OC(=O)C)O)[C@@H](C)O	Polyketides	Macrolides	Bryostatins	true	npclassifier.gnps2.org@2026-09-07
MJUWVAFFSWEHNC-VQVTYTSYSA-N	CC([C@]1([H])[C@H](C(O)=O)[C@@H](C(O)=O)NC1)=C	Amino acids and Peptides	Small peptides	Aminoacids	false	npclassifier.gnps2.org@2026-09-07
MJXKYYQJGOCUNE-KBACZRJDSA-N	CC[C@H](C)[C@@H](C(=O)N[C@@H](CC(C)C)C(=O)N1CCC[C@H]1C(=O)O)NC(=O)[C@H](C(C)C)NC(=O)[C@H](CC(=O)N)NC(=O)[C@H](CO)NC(=O)[C@H](CC2=CN=CN2)NC(=O)CNC(=O)[C@H](C(C)C)NC(=O)[C@H](CC3=CNC4=CC=CC=C43)NC(=O)[C@@H]5CCC(=O)NCC(=O)N[C@H](C(=O)N[C@H](C(=O)N[C@H](C(=O)N[C@H](C(=O)N[C@H](C(=O)N[C@H](C(=O)N5)CCCNC(=N)N)CC6=CC=C(C=C6)O)C(C)C)CC(C)C)CCC(=O)N)CO	Amino acids and Peptides	Oligopeptides	Cyclic peptides|Depsipeptides|RiPPs-Lasso peptides	false	npclassifier.gnps2.org@2026-09-07
MKPXKUVNBNOJOI-UHFFFAOYSA-N	Oc3cccc2C(=O)c1cc(O)cc(OC)c1C(=O)c23	Polyketides	Polycyclic aromatic polyketides	Anthraquinones and anthrones	false	npclassifier.gnps2.org@2026-09-07
MLBROOJXUZKDHY-PKPICYNOSA-N	C[C@@H]1[C@H]2C(=O)NCC3=NC(=CS3)C(=O)N[C@H](C4=N[C@@H](CS4)C(=O)N[C@H](C(=N2)O1)CC5=CC=CC=C5)CCSC	Amino acids and Peptides	Oligopeptides	Cyclic peptides	false	npclassifier.gnps2.org@2026-09-07
MMFMMXXZYTWNGM-ZZSWZHNPSA-N	CCC[C@H]1[C@@H]([C@@H]2CC[C@@H](O2)[C@@H](C(=O)O[C@H]([C@@H]([C@@H]3CC[C@@H](O3)[C@H](C(=O)O1)C)C)[C@H](C)[C@H]4CC[C@H](O4)C[C@@H](CCC)N(C)C)C)C	Polyketides	Polyethers	Macrotetrolides	false	npclassifier.gnps2.org@2026-09-07
MMNOSSIKVRRNRZ-MJVHAFATSA-N	CCCCC1CCCC[C@H](C)[C@@H](OC(N)=O)C2=CC(O)=C(C(CCCC)CCCC[C@H](C)[C@@H](OC(N)=O)C3=CC(O)=C1C(O)=C3)C(O)=C2	Polyketides	Alkylresorcinols	Dialkylresorcinols	false	npclassifier.gnps2.org@2026-09-07
MMPMJMJQRDAXEQ-QUMGSSFMSA-N	C1=CC(=C(C(=C1)O)O)C(=O)N[C@H](CCCN=C(N)N)C(=O)NCC(=O)NCC(=O)N[C@@H](CCCN(C(=O)[C@H](CO)NC(=O)CNC(=O)CNC(=O)[C@@H](CCCN=C(N)N)NC(=O)C2=C(C(=CC=C2)O)O)O)C(=O)N	Amino acids and Peptides	Oligopeptides		false	npclassifier.gnps2.org@2026-09-07
MNIVLQOKRHODTM-UHFFFAOYSA-N	CC(C)C(=O)C(CC1=CNC2=C1C=CC=C2)OC(C)=O	Alkaloids	Tryptophan alkaloids	Simple indole alkaloids	false	npclassifier.gnps2.org@2026-09-07
MNMRSBPSTNMOQK-MAUBWLBLSA-N	CCCCCCC(C)CC/C=C(\C)/C=C/C(=O)C(C)CCC1C(C(=O)NC(=C)C(=O)NCC(C(=O)NC(C(=O)O1)CCC(=O)N)C)C	Amino acids and Peptides|Polyketides	Oligopeptides	Cyclic peptides|Depsipeptides|Lipopeptides	false	npclassifier.gnps2.org@2026-09-07
MNNFKQAYXGEKFA-MJBFILCRSA-N	CC1(CCCC2(C3C1[C@@H](C2(CC3)C)O)C)C	Terpenoids	Sesquiterpenoids	Longibornane sesquiterpenoids	false	npclassifier.gnps2.org@2026-09-07
MNULEGDCPYONBU-WMBHJXFZSA-N	CC[C@H]\1CC[C@@H]2[C@@H]([C@@H]([C@H]([C@@]3(O2)CC[C@H]([C@H](O3)C[C@H](C)O)C)C)OC(=O)/C=C/[C@H]([C@@H]([C@H](C(=O)[C@H]([C@@H]([C@H](C(=O)[C@@]([C@@H]([C@H](C/C=C/C=C1)C)O)(C)O)C)O)C)C)O)C)C	Polyketides	Macrolides	Oligomycins	false	npclassifier.gnps2.org@2026-09-07
MOBOUQJWGBVNCR-NQYJQULFSA-N	C[C@H](C(=O)N[C@]1(CN(C1=O)S(=O)(=O)O)OC)NC(=O)CC[C@H](C(=O)O)N	Amino acids and Peptides	Oligopeptides	Linear peptides	false	npclassifier.gnps2.org@2026-09-07
MOIJZGIUQNRPTH-BPLLCVTGSA-N	CC(/C=C(\C)/C=C/C(=O)NC)C(=O)C1=CC=C(C=C1)N(C)C	Alkaloids	Peptide alkaloids	Simple amide alkaloids	false	npclassifier.gnps2.org@2026-09-07
MONDIPJFMDTDAR-ARKFDTLDSA-N	CC[C@H]1C[C@H]2C[C@H]3/C=C/C=C/C(=O)NCCC[C@H]4C(=O)C(=C(/C=C/C=C/C[C@@H]3[C@H]2[C@@H]1C)O)C(=O)N4	Amino acids and Peptides|Polyketides	Macrolides	Macrocyclic tetramic acids	false	npclassifier.gnps2.org@2026-09-07
MPFVYQZRZAOSRX-UHFFFAOYSA-N	O=C(NC(C(NC(C(NC(C(NC(C(NC(C(O1)=O)CO)=O)CC(C)C)=O)C(C)C)=O)CCN)=O)CC(C)C)C(NC(C(CCN)NC(C(C(CC)C)NC(C(CCN)NC(CC1C(C)C)=O)=O)=O)=O)CC2=CC=CC=C2	Amino acids and Peptides|Polyketides	Oligopeptides	Cyclic peptides|Depsipeptides|Lipopeptides	false	npclassifier.gnps2.org@2026-09-07
MPGIDXBHXRMMSY-UHFFFAOYSA-N	CCCCCC1=NN(C(=O)CCO)OC(CCCCC)C1	Alkaloids			false	npclassifier.gnps2.org@2026-09-07
MPPYMLNQFAPEHU-WICFQGSQSA-N	CC(CC(O)C(C)C(O)=O)C\C(C)=C\C=C\C=C\C1C(C)=CC2C(CCC(C)C2O[C@H]2O[C@@H](C)[C@H](O)C(=O)[C@@H]2O)C2\C1=C1\C(C)C(O)C\C\1=C(C)\C(=O)OC2=O	Polyketides			true	npclassifier.gnps2.org@2026-09-07
MPRXTWVPYGPZSF-LVHWZTDZSA-N	CC(C)=CC(=O)[C@@H]1O[C@@H]1/C=C/CC(=O)N[C@H](CN(C)C)C(=O)N[C@H](C(=O)N[C@@H](CC(C)C)C(=O)C(C)Cl)C(C)C	Amino acids and Peptides	Small peptides	Tripeptides	false	npclassifier.gnps2.org@2026-09-07
MQGFYNRGFWXAKA-IQEGOQEASA-N	C/C=C/1\C2=NC(=CS2)C(=O)NC(C3=NC(=CS3)C(=O)NC(C4=NC(=CS4)C5=C(C=CC(=N5)C6=NC(=CS6)C7=NC(=CS7)C(=O)N/C(=C/C)/C(=O)NCC(C)O)C8=NC(=CS8)C(=O)NC(C(=O)N1)C(C)O)C(C)O)C(C)C	Amino acids and Peptides	Oligopeptides	RiPPs-Thiopeptides	false	npclassifier.gnps2.org@2026-09-07
MQHLQFQBKDBYFD-XQKRVCAYSA-N	OC1=CC(OC(/C(C)=C/C=C/C=C/C(O)(C)C(O)C)=C1)=O	Polyketides	Cyclic polyketides	2-pyrone derivatives	false	npclassifier.gnps2.org@2026-09-07
MQIAICAGVFTAAN-ZIYJYRAWSA-N	CC[C@H](C)[C@@H]1C2=NC(=CS2)C(=O)N[C@H](C3=N[C@@H]([C@H](O3)C)C(=O)N[C@H](C4=NC(=CO4)C(=O)N1)C(C)C)C	Amino acids and Peptides	Oligopeptides	Cyclic peptides	false	npclassifier.gnps2.org@2026-09-07
MQNNRPUVAMHCCO-FNORWQNLSA-N	CC1=CC=C(OC1=O)/C(=C/C(=O)O)/C	Polyketides|Terpenoids	Cyclic polyketides|Monoterpenoids	2-pyrone derivatives|Acyclic monoterpenoids	false	npclassifier.gnps2.org@2026-09-07
MQWDKYHFGBWGQZ-FUYXLQTNSA-N	C/C=C\1/C2=NC(=CS2)C(=O)NC3CC(C(=O)OCC4=C5C(=C(C(=O)SCC(C6=NC(=CS6)C7=N/C(=C\8/NC(=CS8)C(=O)NC(=C)C(=O)N)/C(=O)C=C7C9=NC(=CS9)C(=O)NC(C(=O)N1)C(C)O)NC(=O)C1=CSC3=N1)NC5=CC=C4)C)O	Amino acids and Peptides	Oligopeptides	Cyclic peptides	false	npclassifier.gnps2.org@2026-09-07
MQWDKYHFGBWGQZ-MQVPCCJGSA-N	C/C=C\1/C2=NC(=CS2)C(=O)NC3CC(C(=O)OCC4=C5C(=C(C(=O)SCC(C6=NC(=CS6)C7=N/C(=C/8\NC(=CS8)C(=O)NC(=C)C(=O)N)/C(=O)C=C7C9=NC(=CS9)C(=O)NC(C(=O)N1)C(C)O)NC(=O)C1=CSC3=N1)NC5=CC=C4)C)O	Amino acids and Peptides	Oligopeptides	Cyclic peptides	false	npclassifier.gnps2.org@2026-09-07
MQXYWDPDLKUSFB-HOOXQTDMSA-N	C[C@H](CCCCC(C)CCC[C@@H](C)CCCC(C)CCC=C(C)C)CCC[C@H](C)CCC[C@H](C)CCCC(C)(C)O[C@@H]1[C@@H]([C@H]([C@@H]([C@H](O1)CO)O)O)O	Terpenoids			true	npclassifier.gnps2.org@2026-09-07
MQYXUWHLBZFQQO-QGTGJCAVSA-N	CC(=C)[C@@H]1CC[C@]2([C@H]1[C@H]3CC[C@@H]4[C@]5(CC[C@@H](C([C@@H]5CC[C@]4([C@@]3(CC2)C)C)(C)C)O)C)C	Terpenoids	Triterpenoids	Lupane triterpenoids	false	npclassifier.gnps2.org@2026-09-07
MQZIGYBFDRPAKN-UWFIBFSHSA-N	C\C(\C=C\C=C(/C)\C=C\C1=C(C)C(=O)[C@@H](O)CC1(C)C)=C/C=C/C=C(\C)/C=C/C=C(\C)/C=C/C1=C(C)C(=O)[C@@H](O)CC1(C)C	Terpenoids	Carotenoids (C40)	Carotenoids (C40, β-β)	false	npclassifier.gnps2.org@2026-09-07
MRTUFVRJHFZVOT-FEOMAPOYSA-N	C/C(=C/C=C/C=C/CC1=CN=CO1)/[C@H](C(C)(C)C(=O)N)O	Polyketides			false	npclassifier.gnps2.org@2026-09-07
MRTUFVRJHFZVOT-FJOYPXEJSA-N	C\C(=C\C=C/C=C/CC1=CN=CO1)[C@@H](O)C(C)(C)C(N)=O	Polyketides			false	npclassifier.gnps2.org@2026-09-07
MSBVJZQLFJGRSQ-UHFFFAOYSA-N	CC(O)CCCCCCCCCCCCCC1=CC(O)=CC(O)=C1	Polyketides	Aromatic polyketides	Catechols with side chains	false	npclassifier.gnps2.org@2026-09-07
MSKFOQCDNOFJAT-SOFYXZRVSA-N	CC(C)C\1CCC2(/C1=C\CC(C3C(CC(C3C2)CO)O)(C)O)C	Terpenoids	Diterpenoids	Fusicoccane diterpenoids	false	npclassifier.gnps2.org@2026-09-07
MSLRDZDDYDCKDD-BHQPUTRGSA-N	CC1=CC(=C2C(=C1)C(=C(C3=C2C(=O)C4=C3C(=CC=C4)O)O)[C@H]5[C@H]6[C@](O6)(C(=O)C7=CC(=C8C9=C(C=CC=C9O)C(=O)C8=C57)O)C)O	Polyketides	Polycyclic aromatic polyketides	Angucyclines	false	npclassifier.gnps2.org@2026-09-07
MSZITYUGWBXQOC-BTSGJVQSSA-N	CC1=C(C=C(C2=C1C[C@@H](OC2=O)[C@H](C)[C@H](C[C@@H]3C(C(=O)C[C@H](O3)[C@@H](NC(=O)[C@H]([C@H](CC(=C)C)OC)O)OC)(C)C)O)O)O	Polyketides|Shikimates and Phenylpropanoids			false	npclassifier.gnps2.org@2026-09-07
MTFOIHQNFFXXRF-XXBLPORFSA-N	C=C/C(C)=C/C[C@@H]1[C@@]2(C)CCCC(C)(C)[C@@H]2C[C@H](O)[C@@]1(O)[C@@H](O)SC[C@H](NC(C)=O)C(=O)O	Terpenoids	Diterpenoids	Labdane diterpenoids	false	npclassifier.gnps2.org@2026-09-07
MTKXZQFBKJNJJF-MJLJTCNBSA-N	CC[C@H](C)[C@@H]1NC(=O)[C@H](CCSC[C@@H]2NC(=O)[C@@H](NC(=O)[C@@H](NC(=O)[C@H](CCSC[C@H](NC(=O)[C@H](C)NC2=O)C(=O)N[C@@H](CCCNC(N)=N)C(O)=O)NC(=O)CNC(=O)[C@H](CS)NC(=O)[C@H](CCC(O)=O)NC1=O)[C@@H](C)CC)[C@@H](C)CC)NC(=O)[C@H](CC(C)C)NC(=O)C(\NC(=O)[C@@H]1CSC[C@H](NC(=O)[C@@H](N)CO)C(=O)N[C@@H](CO)C(=O)NCC(=O)N[C@@H](CC2=CNC3=C2C=CC=C3)C(=O)N[C@@H](CC(C)C)C(=O)N1)=C\C	Amino acids and Peptides	Oligopeptides	RiPPs-Lanthipeptides	false	npclassifier.gnps2.org@2026-09-07
MTWUAQLAECPDDC-BKZVCSFGSA-N	C/C=C1/NC(=O)[C@H](CO)NC(=O)C[C@@H](CCCCC)NC(=O)CNC(=O)[C@@H]2CCCN2C(=O)[C@@H](CC2=CC=CC=C2)NC(=O)[C@H]([C@@H](C)CC)NC(=O)[C@@H](CC(C)C)NC(=O)[C@@H](CC2=CC=C(O)C=C2)NC(=O)[C@H](CO)NC(=O)[C@@H]2CCCN2C1=O	Amino acids and Peptides	Oligopeptides	Cyclic peptides	false	npclassifier.gnps2.org@2026-09-07
MUAOHYJGHYFDSA-UHFFFAOYSA-N	CCCCC1CC=CC=CC=CC=CC(OC2OC(C)C(O)C(N)C2O)CC2OC(O)(CC(O)CC3OC3C=CC(=O)O1)CC(O)C2C(=O)O	Polyketides	Macrolides	Polyene macrolides	true	npclassifier.gnps2.org@2026-09-07
MULDYIFYASLLHX-ZETCQYMHSA-N	CSCC[C@H](NC(=O)NCCCC(=O)O)C(=O)O	Amino acids and Peptides	Small peptides	Dipeptides	false	npclassifier.gnps2.org@2026-09-07
MUNUJAJWLPOQBH-UHFFFAOYSA-N	COC1=CC=CC2=C1C(=O)C1=C(C2=O)C2=C(C=C1)C(O)C(C)CC2=O	Polyketides	Polycyclic aromatic polyketides	Angucyclines	false	npclassifier.gnps2.org@2026-09-07
MUWOPMUWBVOVID-XPKNVKJBSA-N	COC1=CC(=O)OC(CC2CC(OC)C(C)C(O)(CNC(=O)CCC=C[C@H](C)CCC(=CCl)CCCC#CBr)O2)C1	Polyketides	Linear polyketides	Open-chain polyketides	true	npclassifier.gnps2.org@2026-09-07
MVJNDIREPSFGOU-ZNDPEOOZSA-N	O=C(NCC(NCC(O)=O)=O)C1=CSC(C2=CSC(C3=CSC(C4=CSC(C5=CSC([C@@H]6CCCN6C([C@@H](NC(C7=C(C)OC(C8=C(C)OC(C9=CSC(C%10=COC(C%11=CSC([C@@H](N(C)C)CCCNC(N)=N)=N%11)=N%10)=N9)=N8)=N7)=O)[C@H](CC)C)=O)=N5)=N4)=N3)=N2)=N1	Amino acids and Peptides	Oligopeptides	RiPPs-Thiopeptides	false	npclassifier.gnps2.org@2026-09-07
MVJQLUWKSUTHBF-UAXIHZNGSA-N	C[C@H](/N=[N+]([O-])/C=C\CCCCCCCCCC(C)CC)C(OC)=O	Alkaloids	Pseudoalkaloids	Azo and Azoxy alkaloids	false	npclassifier.gnps2.org@2026-09-07
MVNNGAYHEUJLNG-UHFFFAOYSA-M	NCCOP([O-])(OCC(OC(CCCCCCCCCCCC(C)C)=O)COCCCCCCCCCCCCC(C)C)=O	Fatty acids	Glycerophospholipids	Glycerophosphoethanolamines	false	npclassifier.gnps2.org@2026-09-07
MVQRYDYJIKZJCP-KHPPLWFESA-N	O=C(NC(C(NC(C(NC(C(NC(C(O)=O)CCCN(O)C(C)=O)=O)CO)=O)CCCN(O)C(C)=O)=O)CCCN(O)C(C)=O)CCCCCCC/C=C\CCCCCC	Amino acids and Peptides	Oligopeptides	Linear peptides|Lipopeptides	false	npclassifier.gnps2.org@2026-09-07
MVSIZSYJQDRVAV-LJIRPTLYSA-N	[H][C@]12C[C@H](O)[C@@H](O)[C@](O)(CC(O)C(C)CCC(O)CC(O)CC(O)C\C=C\C(=O)OC(C(C)C(O)C(C)C(O)C(C)C(C)O[C@@H]3C[C@@H](OC(=O)CCCC)[C@@H](O)[C@@H](C)O3)C(C)C3OC3C(O)CCCC(CC(O)C1)OC(=O)CC(O)=O)O2	Polyketides	Macrolides	Macrolide lactones	true	npclassifier.gnps2.org@2026-09-07
MWADPICVQSLLSV-GSJUHUDTSA-N	CC1=CC=CC=C1/C=C/C(=O)N[C@H]1C(=O)N[C@H](CC2=CC=CC=C2)C(=O)N[C@@H](CC(C)C)C(=O)N[C@H](CC2=CC=C(O)C=C2)C(=O)N[C@H](CCCCN)C(=O)N[C@@H]([C@@H](O)C(C)C)C(=O)N[C@@H](CO)C(=O)N[C@@H](CC2=CC=C(O)C=C2)C(=O)N[C@H]([C@@H](C)O)C(=O)N[C@@H](C(O)C(C)C)CO[C@@H]1C	Amino acids and Peptides|Polyketides	Oligopeptides	Cyclic peptides|Depsipeptides	false	npclassifier.gnps2.org@2026-09-07
MWDPPGCTEBRUNT-QUJGBNPVSA-N	CO[C@@H](C[C@@H]1OC(=O)C[C@@H](O)C[C@@H](OC)C=CC=CC[C@H](OC)C2=COC(CC(O)C(C)(C)[C@H](C[C@H](OC)[C@@H](C)CCC(=O)[C@H](C)[C@@H](C\C=C\N(C)C=O)OC)OC(=O)C[C@@H](O)C[C@@H](OC)C=CC=CC[C@H](OC)C3=COC(CC(O)C1(C)C)=N3)=N2)[C@@H](C)CCC(=O)[C@H](C)[C@@H](C\C=C\N(C)C=O)OC	Polyketides	Macrolides		false	npclassifier.gnps2.org@2026-09-07
MWFRKHPRXPSWNT-QNPWSHAKSA-N	CC[C@H]1OC(=O)[C@H](C)[C@@H](O[C@H]2C[C@@](C)(O)[C@@H](O)[C@H](C)O2)[C@H](C)[C@@H](O[C@@H]2O[C@H](C)C[C@@H]([C@H]2O)N(C)C)[C@](C)(O)C[C@@H](C)C(=O)[C@H](C)[C@@H](O)[C@]1(C)O	Polyketides	Macrolides	Erythromycins	true	npclassifier.gnps2.org@2026-09-07
MWUJXBWFBABTFB-RERDJVLRSA-N	C[C@H](CC)[C@@H](C(N[C@@H](CO)C(N1[C@H](C(N[C@@H](C)C(N[C@@H](CC(C)C)C(N[C@@H](CC(C)C)C(N[C@@H](C)C(N[C@@H](CO)C(N[C@@H](CC(C)C)C(N[C@H](C(N)=O)C(C)C)=O)=O)=O)=O)=O)=O)=O)CCC1)=O)=O)NC	Amino acids and Peptides	Oligopeptides	Linear peptides	false	npclassifier.gnps2.org@2026-09-07
MXCMXGBEQPSSNS-UHFFFAOYSA-N	CN(C=O)C1=C2C(=CSS2(=O)=O)NC1=O	Alkaloids			false	npclassifier.gnps2.org@2026-09-07
MXEZBPCVRNMVLQ-QMMMGPOBSA-N	O=C1OC(C[C@@H](O)C)=CC2=CC(OC)=CC(OC)=C21	Shikimates and Phenylpropanoids	Coumarins	Isocoumarins	false	npclassifier.gnps2.org@2026-09-07
MXFCSYMIJBEZOP-AFIPBVKSSA-N	NC(C(C([C@]12O[C@H]3CC[C@H](O[C@H]4CC[C@H](O)[C@@H](C)O4)[C@@H](C)O3)=O)=C(O)[C@H](O[C@H]5CC[C@H](O[C@H]6CC[C@H](O[C@H]7CC[C@H](O[C@H]8CC[C@H](O)[C@H](C)O8)[C@H](C)O7)[C@H](C)O6)[C@@H](C)O5)C2CC9=CC%10=C(C(C=C(OC)C%10=O)=O)C(O)=C9C1=O)=O	Polyketides	Polycyclic aromatic polyketides	Angucyclines	true	npclassifier.gnps2.org@2026-09-07
MXGMZMKTWCNKRS-AOMKIAJQSA-N	CC(C)=CCC1=CC=C(O)C2=C1OC1=C(C2=O)C2=C(OC[C@H]([C@@H]2O)C(C)=C)C(C)=C1	Polyketides	Xanthones	Methyl xanthones	false	npclassifier.gnps2.org@2026-09-07
MXHQABZBXSDAKE-NKVGVWRDSA-N	C[C@@H]1[C@H](N=C(O1)/C=C/C2=CC=CN2)/C=C(\C)/C=C/C=C/C=C/C=C/C=C/C=C(\C)/C(=O)NC(C(C(=O)N)O)C(=O)O	Alkaloids|Amino acids and Peptides|Polyketides	Peptide alkaloids|Linear polyketides	DKXanthenes and derivatives|Simple amide alkaloids	false	npclassifier.gnps2.org@2026-09-07
MXJFACMBSIQIJG-RWIGEKMRSA-N	CCCCCC1CC(=O)N[C@@H](C(C)C)C(=O)N[C@H](C(O)C(C)C)C(=O)N[C@@H](C)C(=O)N[C@H](CC(C)C)C(=O)N[C@@H](CCC(N)=O)C(=O)N(C)[C@@H]([C@@H](C)CC)C(=O)N[C@H](C(O)C(N)=O)C(=O)N[C@H]([C@H](C)O)C(=O)N2CCC[C@H]2C(=O)N[C@H](CC(C)C)C(=O)N[C@@H]([C@@H](C)O)C(=O)N1	Amino acids and Peptides	Oligopeptides	Cyclic peptides	false	npclassifier.gnps2.org@2026-09-07
MXLWQNCWIIZUQT-GHMZBOCLSA-N	C[C@H](CC1=C(C(=C2C(=O)C=C3C4=C5C(=CC(=O)C6=C(C(=C(C(=C56)C1=C42)C[C@@H](C)O)OC)O)OCO3)O)OC)O	Polyketides	Naphthalenes	Bisnaphthalenes	false	npclassifier.gnps2.org@2026-09-07
MXMZCWUTKKOBCT-WENCNXQZSA-N	CCCCCCCCCCCCCO[P@]1(=O)OC[C@@H]2COC(=O)C2=C(O1)CCCC	Fatty acids	Glycerophospholipids	Long-Chain Bicyclic Phosphotriester	false	npclassifier.gnps2.org@2026-09-07
MXWLREHUFSKYRH-CHKOLDIQSA-N	CC[C@@H](C)[C@@H]1NC(=O)[C@H](NC(=O)[C@@H](C)[C@@H](O)C(C)C)[C@H](C)OC(=O)[C@H]2COC(=O)CNC(=O)\C=C/[C@@](O)(CCl)[C@H](C)OC3=CC=C(C=C3)[C@@H](NC1=O)C(=O)N(C)[C@H](CC1=CC=CC=C1)C(=O)N[C@@H]([C@H](C)O)C(=O)N2	Amino acids and Peptides|Polyketides	Oligopeptides	Cyclic peptides|Depsipeptides	false	npclassifier.gnps2.org@2026-09-07
MXXFZXJSHIUFOL-VXKWHMMOSA-N	CN[C@@H](C(C)C)C(N([C@H](C(NCCC1=CC=CC=C1)=O)CC2=CC=CC=C2)C)=O	Amino acids and Peptides	Small peptides	Dipeptides	false	npclassifier.gnps2.org@2026-09-07
MXXHBKLVTYBKIT-WCMIHIHVSA-N	O=C(N[C@H](C(NC(C(N[C@H](C(N[C@H](C(N[C@H]([C@H](C)SC[C@@H](C(N[C@H]([C@H](O)C)C(N[C@@H](C(N1[C@H]2[C@@H](O)CC1)=O)CSC[C@H](NC([C@H](CC(N)=O)NC([C@H](NC(CNC(CNC(CNC2=O)=O)=O)=O)CSC[C@@H](C(N/C=C\SC3)=O)NC4=O)=O)=O)C(N[C@@H]3C(N[C@@H]4CC5=CC=CC=C5)=O)=O)=O)=O)NC6=O)C(N7[C@H](C(NC6)=O)CCC7)=O)=O)CSC8)=O)CC(C)C)=O)=C)=O)CC9=CNC%10=C9C=C(Cl)C=C%10)[C@@H]8NC(/C(NC([C@H](C(C)C)N)=O)=C/C)=O	Amino acids and Peptides	Oligopeptides	RiPPs-Lanthipeptides	false	npclassifier.gnps2.org@2026-09-07
MXYVQGBXMBHBHE-UHFFFAOYSA-N	OC1=C2C(C(C3C(C)(CC/C=C(C)/C)O4)(C/C(C3)=C(C)/C)C4=C([H])C2=O)=CC(O)=C1Cl	Terpenoids	Meroterpenoids	Miscellaneous meroterpenoids	false	npclassifier.gnps2.org@2026-09-07
MXZTWKFKCGVCFQ-UHFFFAOYSA-N	O=C1OC(=CC(O)=C1CCCCCCCC)CC(C)C	Polyketides	Cyclic polyketides	2-pyrone derivatives	false	npclassifier.gnps2.org@2026-09-07
MYLOBISKHDRNEW-USNZOBNTSA-N	CC1=C[C@H]2[C@](C[C@H]3C4[C@]2(CC[C@@H](C4(C)C)OC(=O)C)C(=O)O3)([C@]5([C@@]1(C(=C(C5=O)C)O)C)C(=O)OC)C	Polyketides|Terpenoids	Meroterpenoids	Tetraketide meroterpenoids	false	npclassifier.gnps2.org@2026-09-07
MYPYJXKWCTUITO-LYRMYLQWSA-N	C[C@H]1[C@H]([C@@](C[C@@H](O1)O[C@@H]2[C@H]([C@@H]([C@H](O[C@H]2OC3=C4C=C5C=C3OC6=C(C=C(C=C6)[C@H]([C@H](C(=O)N[C@H](C(=O)N[C@H]5C(=O)N[C@@H]7C8=CC(=C(C=C8)O)C9=C(C=C(C=C9[C@H](NC(=O)[C@H]([C@@H](C1=CC(=C(O4)C=C1)Cl)O)NC7=O)C(=O)O)O)O)CC(=O)N)NC(=O)[C@@H](CC(C)C)NC)O)Cl)CO)O)O)(C)N)O	Amino acids and Peptides	Oligopeptides	Vancomycins and Teicoplanins	true	npclassifier.gnps2.org@2026-09-07
MYQIMJTUIOIEOX-LVWNLLCFSA-N	CC[C@@]1(O)CCC2=C(O)C3=C(C(O)=C2[C@H]1O[C@H]1C[C@@H]([C@H](O[C@H]2C[C@H](O)[C@H](O[C@H]4CC[C@H](O)[C@H](C)O4)[C@H](C)O2)[C@H](C)O1)N(C)C)C(=O)C1=C(C(O)=CC=C1)C3=O	Polyketides	Polycyclic aromatic polyketides	Anthracyclines	true	npclassifier.gnps2.org@2026-09-07
MYTBOIUHMMFVTG-IWSPRGBSSA-N	CC1CC2=C(C(O1)=O)C(O)=C3C(C[C@@H](O)C4=C3C(O)=C5C(C(C6=C(C=CC(O)=C6OC)C5=O)=O)=C4OC)=C2	Polyketides	Polycyclic aromatic polyketides	Pradimicins	false	npclassifier.gnps2.org@2026-09-07
MYXIFLYRMXDIQX-TVHINYTQSA-N	CC[C@@H](C)C[C@@H](C)/C=C(\C)/C=C/C=C/C=C(\C)/C(=C1C(=O)C(=CN(C1=O)O)C2=CC=C(C=C2)O)O	Polyketides	Linear polyketides	3-oligoenoyltetramic acids	false	npclassifier.gnps2.org@2026-09-07
MYXSDRWZZCAXCL-GAGPOGBZSA-N	CC1CCC/C=C/C=C/C(CC(C/C=C\C=C\C(C/C=C/C=C\C(=O)O1)O)O)OC2C(C(C(C(O2)CO)O)O)O	Fatty acids	Fatty esters	Lactones	true	npclassifier.gnps2.org@2026-09-07
MZUNFYMZKTWADX-UHFFFAOYSA-N	OCC(CO)NC(CCCCCCCCCCCCCCC)=O	Fatty acids	Fatty amides	N-acyl amines	false	npclassifier.gnps2.org@2026-09-07
NAHPGFGVWWKSFU-UHFFFAOYSA-N	COC1=C(Br)C=C(C(=O)O)C=C1Br	Shikimates and Phenylpropanoids	Phenolic acids (C6-C1)	Simple phenolic acids	false	npclassifier.gnps2.org@2026-09-07
NAIKIJSSBJHCBL-IPUGVWFUSA-N	CO\C(CCNC(=O)CC\C=C\C(C)CC\C(CCCC#CBr)=C\Cl)=C\C(=O)N1C(C)C=CC1=O	Amino acids and Peptides|Polyketides	Oligopeptides|Linear polyketides	Lipopeptides|Open-chain polyketides	false	npclassifier.gnps2.org@2026-09-07
NAIZDAPNTYQVEE-UHFFFAOYSA-N	CCOC(=O)CC1=CC(=CC2=C1C(=O)CCCCCC(O2)C)O	Polyketides			false	npclassifier.gnps2.org@2026-09-07
NAQRKUYGIYSJOC-FPCCGVNISA-N	O=C(CNC([C@](O)(C)C1=O)=O)NC(/C=C/C(N(C)CC(O[C@@H](CCCCCCCCCCC(C)CC)[C@@H]1C)=O)=O)=C	Amino acids and Peptides|Polyketides	Oligopeptides	Cyclic peptides|Depsipeptides|Lipopeptides	false	npclassifier.gnps2.org@2026-09-07
NASLYKKMYQOOOV-WENCNXQZSA-N	CCCCCCCCCCCCCO[P@]1(=O)OC[C@@H]2COC(=O)C2=C(O1)CC(C)C	Fatty acids	Glycerophospholipids	Long-Chain Bicyclic Phosphotriester	false	npclassifier.gnps2.org@2026-09-07
NBLHOLNNKJBEDC-XOGQCRKLSA-N	CC1=C(N=C(N=C1N)[C@H](CC(=O)N)NC[C@@H](C(=O)N)N)C(=O)N[C@@H]([C@H](C2=CN=CN2)O[C@H]3[C@H]([C@H]([C@@H]([C@@H](O3)CO)O)O)O[C@@H]4[C@H]([C@H]([C@@H]([C@H](O4)CO)O)OC(=O)N)O)C(=O)N[C@H](C)[C@H]([C@H](C)C(=O)N[C@@H]([C@@H](C)O)C(=O)NCCC5=NC(=CS5)C6=NC(=CS6)C(=O)NCCCCN=C(N)N)O	Amino acids and Peptides	Oligopeptides	Bleomycins|Linear peptides	true	npclassifier.gnps2.org@2026-09-07
NBMOVCYIGUDQJE-UHFFFAOYSA-N	C1=CC2=C(C(=C1)O)[N+](=C3C=CC=C(C3=[N+]2[O-])O)[O-]	Alkaloids	Anthranilic acid alkaloids	Phenazine alkaloids	false	npclassifier.gnps2.org@2026-09-07
NBXHNLKXWYUARE-UHFFFAOYSA-N	NCCC(O)CCCCCCCC(N)CCCCCCCC(N)CCCCCCCC(N)CCCCCCCC(C)N	Fatty acids	Sphingolipids	Sphingoid bases	false	npclassifier.gnps2.org@2026-09-07
NCIZAPYSXYPFOU-POWPIGGBSA-N	CO[C@@H](CC1=CC=CC=C1)[C@@H](C)\C=C(/C)\C=C\[C@@H]1NC(=O)[C@H](CCCNC(N)=N)NC(=O)[C@@H](C)[C@@H](NC(=O)[C@H](CC2=CC=CC=C2)NC(=O)[C@@H](C)NC(=O)C(=C)N(C)C(=O)CC[C@@H](NC(=O)[C@H]1C)C(O)=O)C(O)=O	Amino acids and Peptides	Oligopeptides	Cyclic peptides|Microcystins	false	npclassifier.gnps2.org@2026-09-07
NCLKPTJQVKBQEN-YBNREDKZSA-N	CC1=CC[C@@H](O)CC(=O)/C=C/C=C\C=C/C=C/C=C\[C@@H](C)CNC(=O)/C=C\C=C\C=C1	Amino acids and Peptides|Polyketides	Macrolides	Macrolide lactams	false	npclassifier.gnps2.org@2026-09-07
NCWVJEQGGQXPMK-DYGKSLOVSA-N	CC1=C(O)[C@H](CC(C)C)N(C(=O)[C@@H](NC(=O)[C@@H](CN(C)C)NC(=O)C/C=C/[C@H]2O[C@H]2C(=O)CC(C)C)C(C)C)C1=O	Amino acids and Peptides|Polyketides			false	npclassifier.gnps2.org@2026-09-07
NCXMLFZGDNKEPB-FFPOYIOWSA-N	C[C@@H]1C/C=C/C=C/C=C/C=C/[C@@H](C[C@H]2[C@@H]([C@H](C[C@](O2)(C[C@H](C[C@@H]3[C@H](O3)/C=C/C(=O)O1)O)O)O)C(=O)O)O[C@H]4[C@H]([C@H]([C@@H]([C@H](O4)C)O)N)O	Polyketides	Macrolides	Polyene macrolides	true	npclassifier.gnps2.org@2026-09-07
NDLATPRQLJTXJX-OBQOMHFNSA-N	CN([C@H]1[C@@H](C)OC(=O)CC[C@H](NC(=O)[C@H](NC(=O)[C@H]2CCCN2C(=O)[C@H](CC(C)C)NC(=O)[C@@H](NC1=O)C)C)C(=O)N)C(=O)/C=C/C=C/C=C/C=C/C=C/C=C/C=C/C=C/C	Amino acids and Peptides	Oligopeptides	Cyclic peptides	false	npclassifier.gnps2.org@2026-09-07
NDMBRILKNZCXKI-CYTLDYNZSA-N	C[C@@H]1CCC\C=C\C=C\[C@H](O)C[C@@H](O)C\C=C/C=C/[C@H](C\C=C\C=C/C(=O)O1)O[C@@H]1O[C@H](CO)[C@@H](O)[C@H](O)[C@H]1O	Fatty acids	Fatty esters	Lactones	true	npclassifier.gnps2.org@2026-09-07
NDNYFEHDYFDAPS-UHFFFAOYSA-N	CC(C)C1NC(=O)C2=CSC(=N2)C2=C(N=C(C=C2)C(=O)NC(=C)C(=O)NC(=C)C(N)=O)C2=C(C)OC(=N2)C(=C)NC(=O)C(=C)NC(=O)C2=CSC(=N2)C(C)NC(=O)C2=CSC(=N2)C(C)NC(=O)C2=C(C)OC(CNC1=O)=N2	Amino acids and Peptides	Oligopeptides	RiPPs-Thiopeptides	false	npclassifier.gnps2.org@2026-09-07
NDYMFLJVSWDWNK-BLJNRIBASA-N	C/C=C(\C)[C@@H]1C(C)=C[C@]2(C)C[C@H](C)CC[C@H]2[C@@H]1C(=O)C1=C/C(=C/C2=CC=CC=C2)NC1=O	Amino acids and Peptides|Polyketides	Cyclic polyketides	3-Decalinoyltetramic acids	false	npclassifier.gnps2.org@2026-09-07
NEAWGFXMEIEWAS-WIVQCPOBSA-N	C[C@]12CC[C@H](C(C)(C)C(O)=O)[C@@H]1CC[C@@]3([C@@H]2CC[C@@H]4[C@]5(CC[C@@H]([C@](CO)([C@@H]5CC[C@]43C)C)O)C)C	Terpenoids	Triterpenoids	Hopane and Moretane triterpenoids	false	npclassifier.gnps2.org@2026-09-07
NEHSHYOUIWBYSA-UHFFFAOYSA-N	O=C(NC(C)C(NC(CC1=CNC2=C1C=CC=C2)C(O)=O)=O)C(N)CC3=CC=CC=C3	Amino acids and Peptides	Small peptides	Dipeptides|Tripeptides	false	npclassifier.gnps2.org@2026-09-07
NEOMIZJYHXSRLV-ZIITWBKLSA-N	[H][C@]12OCOC3=C1C(=C(O)C1=C3OC3=C(OC)C(Cl)=CC=C3C1=O)C1=C(O)C3=C(C=C1[C@H]2OC)[C@H](O)[C@H](OC)N(C)C3=O	Polyketides	Polycyclic aromatic polyketides	Ericamycins	false	npclassifier.gnps2.org@2026-09-07
NETARJWZTMGMRM-JRTPPQMASA-N	CC[C@H](CO)/C=C(/C)\[C@H]1C[C@@H](C[C@H](C([C@]2([C@H]([C@H](C[C@H](O2)C[C@@H]([C@H](C(=O)O1)O)OC)OC)O)O)(C)C)O)OC	Polyketides	Macrolides	Macrolide lactones	true	npclassifier.gnps2.org@2026-09-07
NEYJIGPAQAKWSI-QBGRRASTSA-N	CC1(C)[C@H]2CC[C@@](C)(C=C)[C@H]([N+]#[C-])[C@@H]2C2=C1NC1=CC=CC=C21	Alkaloids	Tryptophan alkaloids	Hapalindole alkaloids	false	npclassifier.gnps2.org@2026-09-07
NEZJYHIPHBNQKX-LXTDKRKVSA-N	CCCCC/C=C/C=C/C=C/C1=C(CO)[C@@H](O)[C@H]2O[C@H]2[C@@H]1O	Polyketides			false	npclassifier.gnps2.org@2026-09-07
NEZSNYPOAQRZDV-ZXXBMJRBSA-N	C[C@@H]1CC(=O)N(O)CCC[C@@H](NC(C)=O)C(=O)O[C@H](C)CC(=O)N(O)CCC[C@@H](NC(C)=O)C(=O)O[C@H](C)CC(=O)N(O)CCC[C@@H](NC(C)=O)C(=O)O1	Amino acids and Peptides	Oligopeptides	Cyclic peptides	false	npclassifier.gnps2.org@2026-09-07
NFKAZFDQELSTCL-ZOSKEMBGSA-N	CC=C1NC(=O)CNC(=O)[C@H](CC2=CC=CC=C2)NC(=O)[C@H](NC(=O)[C@@H](NC(=O)[C@@H]2CCCC2C(=O)CN)[C@@H](C)CC)[C@H](C)SC[C@@H]2NC(=O)[C@H](NC1=O)[C@H](C)SC[C@@H](C(=O)N1CCC[C@H]1C(=O)N[C@@H]1CSC[C@@H](C(=O)O)NC(=O)[C@H](CO)NC(=O)[C@H](C(C)C)NC(=O)C(=CC)NC(=O)[C@H](CC(N)=O)NC(=O)[C@H](C)NC1=O)NC(=O)[C@@H]1C[C@@H](O)CN1C(=O)C(=CC)NC(=O)CNC(=O)[C@H](CC1=C[NH]C3=CC=CC=C13)NC2=O	Amino acids and Peptides	Oligopeptides	RiPPs-Lanthipeptides	false	npclassifier.gnps2.org@2026-09-07
NFPKVSAWAVSWGF-SVJFMMICSA-N	[H][C@]1(NC(=O)[C@@H](NC(=O)[C@H](CC2=CNC3=CC=CC(OC)=C23)N(C)C(=O)[C@H](C(C)C)N(C)C(=O)[C@@H](NC(=O)[C@H](CC(C)C)N(C)C(=O)[C@@H](NC(=O)[C@]([H])([C@@H](C)O)N(C)C(=O)[C@@H](NC(=O)[C@H]([C@H](C)CC)N(C)C(=O)[C@@H](NC(=O)[C@H](C(C)C)N(C)C)C(C)C)[C@@H](C)OC(=O)[C@@H](NC1=O)C(C)C)C(C)C)C(C)C)C(C)C)[C@H](O)C1=CC=CC=C1	Amino acids and Peptides|Polyketides	Oligopeptides	Cyclic peptides|Depsipeptides	false	npclassifier.gnps2.org@2026-09-07
NFZJAYYORNVZNI-HFEWAROQSA-N	C[C@H]1CC(=O)C2=C(C3=C(C=CC(=C3O)C4=C(C5=C(C=C4)O[C@]6([C@H]([C@H](CC(=O)C6=C5O)C)O)C(=O)OC)O)O[C@]2([C@H]1O)C(=O)OC)O	Polyketides	Xanthones|Polycyclic aromatic polyketides	Anthraquinones and anthrones|Methyl xanthones	false	npclassifier.gnps2.org@2026-09-07
NFZJAYYORNVZNI-PBAWWTFPSA-N	C[C@@H]1CC(=O)C2=C(C3=C(C=CC(=C3O)C4=C(C5=C(C=C4)O[C@]6([C@H]([C@H](CC(=O)C6=C5O)C)O)C(=O)OC)O)O[C@@]2([C@H]1O)C(=O)OC)O	Polyketides	Xanthones|Polycyclic aromatic polyketides	Anthraquinones and anthrones|Methyl xanthones	false	npclassifier.gnps2.org@2026-09-07
NFZJAYYORNVZNI-ZKHWAINJSA-N	C[C@@H]1CC(=O)C2=C(C3=C(C=CC(=C3O)C4=C(C5=C(C=C4)O[C@@]6([C@H]([C@@H](CC(=O)C6=C5O)C)O)C(=O)OC)O)O[C@@]2([C@H]1O)C(=O)OC)O	Polyketides	Xanthones|Polycyclic aromatic polyketides	Anthraquinones and anthrones|Methyl xanthones	false	npclassifier.gnps2.org@2026-09-07
NGAMYGLHRNCUQC-AWPZLMCQSA-N	C[C@@]12CC(=O)O[C@@H]3[C@@]14[C@@H](CC[C@H]4C(C2)(C)C)C(=O)O3	Terpenoids	Sesquiterpenoids	Silphinane sesquiterpenoids	false	npclassifier.gnps2.org@2026-09-07
NGCPBTCWLINIEZ-UHFFFAOYSA-N	OC(C1N(C(C(NC(C2CCCN2C(CC(CCCCCCC([H])Cl)N)=O)=O)CCC3=CC=C(O)C=C3)=O)CCC1)=O	Amino acids and Peptides	Oligopeptides	Linear peptides|Lipopeptides	false	npclassifier.gnps2.org@2026-09-07
NGGMYCMLYOUNGM-CSDLUJIJSA-N	CC(=CC[C@@H]1[C@@](O1)(C)[C@H]2[C@@H]([C@@H](CC[C@]23CO3)OC(=O)/C=C/C=C/C=C/C=C/C(=O)O)OC)C	Polyketides			false	npclassifier.gnps2.org@2026-09-07
NGOSGEYHKQYUTN-XIBKBKGSSA-N	CC[C@@H]1[C@@]([C@@H]([C@H](C(=O)[C@@H](C[C@@]([C@@H]([C@H]([C@@H]([C@H](C(=O)O1)C)O[C@H]2C[C@@]([C@H]([C@@H](O2)C)OC(=O)C)(C)OC(=O)C)C)O[C@H]3[C@@H]([C@H](C[C@H](O3)C)N(C)C)O)(C)O[C@H]4C[C@H]([C@H]([C@@H](O4)C)O)N(C)C)C)C)O)(C)O	Polyketides	Macrolides	Erythromycins	true	npclassifier.gnps2.org@2026-09-07
NGQXSGYVABPUDU-WGFUTBMNSA-N	C/C=C/C=C1C=C[C@]2([H])NCCC[C@@]2\1[H]	Alkaloids	Lysine alkaloids	Piperidine alkaloids	false	npclassifier.gnps2.org@2026-09-07
NGUGHCRMWIKICS-UHFFFAOYSA-N	CC1C(=O)NC(C(=O)OC(C(=O)NC(C(=O)OC(C(=O)NC(C(=O)OC(C(=O)NC(C(=O)O1)C(C)C)C(C)C)C(C)C)C)C(C)C)C(C)C)C(C)C	Amino acids and Peptides|Polyketides	Oligopeptides	Cyclic peptides|Depsipeptides	false	npclassifier.gnps2.org@2026-09-07
NGWSFRIPKNWYAO-SHTIJGAHSA-N	[H][C@](O)([C@@]1([H])CCCC=C1)[C@@]12NC(=O)[C@H](CCCl)[C@]1(C)OC2=O	Amino acids and Peptides	γ-lactam-β-lactones	Salinosporamides	false	npclassifier.gnps2.org@2026-09-07
NHKCCADZVLTPPO-UHFFFAOYSA-N	C1CCNC(=O)CCC(=O)N(CCCCCNC(=O)CCC(=O)N(CCCCCNC(=O)CCC(=O)N(CC1)O)O)O	Amino acids and Peptides	Oligopeptides	Cyclic peptides	false	npclassifier.gnps2.org@2026-09-07
NHLUYCJZUXOUBX-UHFFFAOYSA-N	CCCCCCCCCCCCCCCCCC=C	Fatty acids	Fatty acyls	Hydrocarbons	false	npclassifier.gnps2.org@2026-09-07
NHQJJIBBRBKQQZ-UHFFFAOYSA-N	CC1=C2C(=CO1)C(=O)C3=CC(=C(C(=C3C2=O)O)O)O	Polyketides	Naphthalenes	Naphthoquinones	false	npclassifier.gnps2.org@2026-09-07
NHTPDLFCJGXZFX-UJUWFRPCSA-N	C[C@@H]1[C@H](N=C(O1)/C=C/C2=CC=CN2)/C=C/C=C/C=C/C=C/C=C/C=C(\C)/C(=O)NC(C(C(=O)N)O)C(=O)O	Alkaloids|Amino acids and Peptides|Polyketides	Peptide alkaloids|Linear polyketides	DKXanthenes and derivatives|Simple amide alkaloids	false	npclassifier.gnps2.org@2026-09-07
NIBXHVDVUJEQPO-OFWAVEGMSA-N	CC(C)=CCC\C(C)=C\CC\C(C)=C\CC12O[C@@H]1C(=O)C(COC(=O)CC(C)(O)CC(O)=O)=CC2=O	Terpenoids	Meroterpenoids	Merosesquiterpenoids	false	npclassifier.gnps2.org@2026-09-07
NIGFPOVBJFGJLQ-WQIZZMQYSA-N	O=C(C1=CC=CC(O)=C1O2)C3=C2C([H])=C(CCC4=C5C(O)=C6C(C[C@@](C)(OC[C@]7([H])C(O)=O)N7C6=O)=C4)C5=C3O	Polyketides	Polycyclic aromatic polyketides	Ericamycins	false	npclassifier.gnps2.org@2026-09-07
NIODADNQNLLDEA-MPWFALQJSA-N	CC(C)[C@H]1C(=O)N2[C@@H](CCCN2)C(=O)N[C@H](C(=O)N[C@@H](C(=O)N3[C@@H](C[C@@]4([C@H]3NC5=C4C=CC(=C5Cl)Cl)O)C(=O)N[C@@H](C(=O)O1)C6(CC6)C)[C@@H](CC(=O)O)O)COC	Amino acids and Peptides|Polyketides	Oligopeptides	Cyclic peptides|Depsipeptides	false	npclassifier.gnps2.org@2026-09-07
NIODADNQNLLDEA-PSLRZACRSA-N	CC(C)[C@H]1C(=O)N2[C@@H](CCCN2)C(=O)N[C@H](C(=O)N[C@@H](C(=O)N3[C@@H](C[C@@]4([C@H]3NC5=C4C=CC(=C5Cl)Cl)O)C(=O)N[C@@H](C(=O)O1)C6(CC6)C)[C@H](CC(=O)O)O)COC	Amino acids and Peptides|Polyketides	Oligopeptides	Cyclic peptides|Depsipeptides	false	npclassifier.gnps2.org@2026-09-07
NIQUZFQMNMNAMD-UHFFFAOYSA-N	CCC(C)C(=O)C(=O)NCCC1=CNC2=CC=CC=C12	Alkaloids	Tryptophan alkaloids	Simple indole alkaloids	false	npclassifier.gnps2.org@2026-09-07
NIZXGIRUXUPPCW-UHFFFAOYSA-N	CC1=C(C(=O)C(=O)C(=C1O)C)CO	Polyketides	Aromatic polyketides	Benzoquinones	false	npclassifier.gnps2.org@2026-09-07
NJIOFEXYZOVVKA-UHFFFAOYSA-N	CCCCCC(CC(=O)N(CCCC(C(=O)NC(C(C(=O)O)O)C(=O)NC(CO)C(=O)NC(CCCN(C=O)O)C(=O)NCCCCN)N)O)O				false	npclassifier.gnps2.org@2026-09-07
NJMZVUZEDLKEGZ-XMADZBCLSA-N	CCC(C)C(=O)OC1CC2CC(CC(=O)OC(CC3C/C(=C\C(=O)OC)/CC(O3)(C(/C=C/C4C/C(=C/C(=O)OC)/CC(O4)CC(C1(C)C)(O2)O)(C)C)O)C(C)O)O	Polyketides	Macrolides	Bryostatins	true	npclassifier.gnps2.org@2026-09-07
NJNAHFYVTBZQHU-LFFUDGMSSA-N	CCCCCCC[C@H]1OC(=O)C[C@@H](O)[C@H](CC2=CC=CC=C2)N(C)C(=O)[C@@H](OC(=O)[C@H]1C)C(C)C	Amino acids and Peptides|Polyketides	Oligopeptides	Depsipeptides|Lipopeptides	false	npclassifier.gnps2.org@2026-09-07
NJOUGKMJLWWKLH-XLWWUSDISA-N	C\C=C/C(/C)=C/C=C/C(/C)=C/C=C/C(/C)=C/C(C)\C=C(/C)C(O)C(C)C(C)OC(C)=O	Polyketides	Linear polyketides	Open-chain polyketides	false	npclassifier.gnps2.org@2026-09-07
NJUVGYFCCIHENE-MAZMCXHVSA-N	C/C=C(\NC(=O)N[C@@H](CC1=CC=C(O)C=C1)C(=O)O)C(=O)N[C@@H](C)C(=O)N[C@@H](CCCN=C(N)N)C(=O)N1CCC[C@H]1C1=NC(C(=O)N[C@@H](CCC(N)=O)C(=O)OC(CC(=O)O)C2C(OC(=O)CC)CCN2C(=O)[C@@H](N)CC(C)C)=CS1	Amino acids and Peptides	Oligopeptides	Linear peptides	false	npclassifier.gnps2.org@2026-09-07
NJXYUTVLKGDLHC-UHFFFAOYSA-N	OC1=CC=CC=C1C(=O)C1=C(N2C(Cl)=C(Cl)C=C2C(=O)C2=CC(Br)=CC=C2O)C(Cl)=C(Cl)N1	Alkaloids	Proline alkaloids	Pyrrole alkaloids	false	npclassifier.gnps2.org@2026-09-07
NJZPIKQNYWPUTK-MDZDMXLPSA-N	CC(C)(O)\C=C\C1=CC=CC2=NC3=CC=CC(C(O)=O)=C3N=C12	Alkaloids	Anthranilic acid alkaloids	Phenazine alkaloids	false	npclassifier.gnps2.org@2026-09-07
NKNDHRJPCHKCQG-GNGCRJPWSA-N	C[C@@H](NC(=O)[C@@]1(C)COC(=N1)C1=CN(C)C2=CC(Cl)=CC(O)=C12)C(=O)N[C@@H](CO)C(O)=O	Amino acids and Peptides	Small peptides	Tripeptides	false	npclassifier.gnps2.org@2026-09-07
NKNPHSJWQZXWIX-DCVDGXQQSA-N	CC[C@H]1C[C@@H]2CC[C@@H](O2)[C@H](C(=O)O[C@@H](C[C@H]3CC[C@H](O3)[C@@H](C(=O)O[C@H](C[C@@H]4CC[C@@H](O4)[C@H](C(=O)O[C@@H](C[C@H]5CC[C@H](O5)[C@@H](C(=O)O1)C)CC)C)CC)C)CC)C	Polyketides	Polyethers	Macrotetrolides	false	npclassifier.gnps2.org@2026-09-07
NKTGCVUIESDXPU-YLEPRARLSA-N	CCC/C=C/C/C=C/C=C/C=N/NN=O	Fatty acids			false	npclassifier.gnps2.org@2026-09-07
NKYSSGMAMSGPMC-UBFCWUJISA-N	CCCCCCCCCC(=O)N[C@@H]([C@H](O)C(O)=O)C(=O)N[C@@H](CCN)C(=O)N[C@@H]([C@H](O)C(O)=O)C(=O)NCC(=O)N[C@@H](CCCN(O)C(=O)C[C@H](C)O)C(O)=O	Amino acids and Peptides	Oligopeptides	Linear peptides|Lipopeptides	false	npclassifier.gnps2.org@2026-09-07
NLLBVEYNGJBFKB-JBPAMENMSA-N	C[C@]1(O)CC[C@H](Cl)C(C)(C)C1C[C@]23C(C4=C(C([C@@]2(O)C[C@@H](Cl)C(C)(C)O3)=O)C(O)=C(C)C(O)=C4)=O	Polyketides|Terpenoids			false	npclassifier.gnps2.org@2026-09-07
NLVFBUXFDBBNBW-PBSUHMDJSA-N	C1[C@@H]([C@H]([C@@H]([C@H]([C@@H]1N)O[C@@H]2[C@@H]([C@H]([C@@H]([C@H](O2)CO)O)N)O)O)O[C@@H]3[C@@H](C[C@@H]([C@H](O3)CN)O)N)N	Carbohydrates	Aminosugars and aminoglycosides|Polyols	Amino cyclitols|Aminoglycosides	true	npclassifier.gnps2.org@2026-09-07
NLVFTSADLUSKGV-PJVYZREHSA-N	C[C@H](\C=C\CC\C=C\C=C\C=C\C=C\C(=O)NC1=C(O)CCC1=O)C(O)[C@@H](C)C(O)\C=C\C=C\C=C\C=C\C=C\CC(OC1OC(C)C(O)C(O)C1O)C(C)C(=O)CC(O)CC(O)CC(O)\C=C\CC(O)CC(O)CC(O)CC(O)\C=C\CC(O)CC(O)CCCN	Polyketides	Linear polyketides	Open-chain polyketides	true	npclassifier.gnps2.org@2026-09-07
NLZFTTQPFPQXDX-NTTXVOCMSA-N	C[C@@H]1[C@H]([C@@H]([C@@H](O1)O[C@@H]2CO[C@H]([C@H]([C@H]2O)O)O[C@H]3[C@@H]([C@@H](COC3N4[C@H](C(=O)/C(=C(\C=C\C=C\C=C\C=C\C=C(\C=C(/C)\Cl)/Cl)/O)/C4=O)CC(=O)N)O)O)OC)O	Polyketides	Linear polyketides	3-oligoenoyltetramic acids	true	npclassifier.gnps2.org@2026-09-07
NMAKQSXJWYBYRF-UHFFFAOYSA-N	C/C(C)=C/CC1=C(O)C(O)=CC(C(O)=O)=C1	Shikimates and Phenylpropanoids	Phenolic acids (C6-C1)	Shikimic acids and derivatives|Simple phenolic acids	false	npclassifier.gnps2.org@2026-09-07
NMPWOLAIBCYZEP-WUJLRWPWSA-N	C1[C@H]2N(C1=O)C[C@@H](O2)C(=O)O	Amino acids and Peptides	β-lactams	Clavams	false	npclassifier.gnps2.org@2026-09-07
NMVHSWKLTKXTCN-UEXGXZKGSA-N	C[C@H](N)C(=O)N[C@@H](CC1=CC=CC(O)=C1)C(=O)N(C)[C@@H](C)[C@H](NC(=O)[C@H](C)NC(=O)N[C@@H](CC1=CC=CC(O)=C1)C(O)=O)C(=O)N\C=C1\C[C@@H](O)[C@@H](O1)N1C=CC(=O)NC1=O	Amino acids and Peptides	Oligopeptides	Linear peptides	false	npclassifier.gnps2.org@2026-09-07
NNNVJFAPLNIYPF-UHFFFAOYSA-N	CC1C(OC(CC1=C)(C(C(=O)NC(C2CC(C(C(O2)CC(COC)OC)(C)C)O)OC)O)O)C	Polyketides	Linear polyketides	Open-chain polyketides	true	npclassifier.gnps2.org@2026-09-07
NNTVQEYUUGBASA-WDSOQIARSA-N	OC1=C(C(O)=C(C(C[C@@](C[C@@](C)(O)C2)(O)[C@]3([H])C2=O)=O)C3=C4)C4=CC=C1	Polyketides	Polycyclic aromatic polyketides	Angucyclines	false	npclassifier.gnps2.org@2026-09-07
NNTXFOAPABMVEG-MNOVXSKESA-N	C1=CC(=C(C(=C1)O)O)C(=O)N[C@H](CCCCN)C(=O)N[C@@H](CO)C(=O)O	Amino acids and Peptides	Small peptides	Dipeptides	false	npclassifier.gnps2.org@2026-09-07
NNZDEXBUGGULIY-HFZDXXHNSA-N	CC(=O)[C@H]1C2=C3C(C(C(C)=O)=C2C2=CC=CC(O)=C2[C@@]1(O)C(O)=O)=C(O)C(=O)C1=C(O)C=CC=C31	Polyketides	Polycyclic aromatic polyketides		false	npclassifier.gnps2.org@2026-09-07
NNZIVRYPHRMPQM-UHFFFAOYSA-N	ClC1=CC2=C(C=C1)[NH]C1=C2C=CC2=C1[NH]C1=C2C=C(Cl)C=C1	Alkaloids	Tryptophan alkaloids	Carbazole alkaloids	false	npclassifier.gnps2.org@2026-09-07
NOBHIGNNRJLKNB-ZETCQYMHSA-N	OC1=CC=CC2=C1NC([C@]3([H])CC2=O)=CC(N3)=O	Alkaloids	Anthranilic acid alkaloids	Acridone alkaloids	false	npclassifier.gnps2.org@2026-09-07
NODOLTRBPIFGCQ-CEIJAINISA-N	CN(CC(N[C@@H]([C@@H](C(N)=O)O)C(OC([C@H](C)CCCCCCCCCCCC(C)C)[C@H](C)C(N1)=O)=O)=O)C(/C=C/C1=C)=O	Amino acids and Peptides|Polyketides	Oligopeptides	Cyclic peptides|Depsipeptides|Lipopeptides	false	npclassifier.gnps2.org@2026-09-07
NODOLTRBPIFGCQ-HNENSFHCSA-N	CC(C)CCCCCCCCCCCC(C)C1OC(=O)C(NC(=O)CN(C)C(=O)\C=C/C(=C)NC(=O)C1C)C(O)C(N)=O	Amino acids and Peptides|Polyketides	Oligopeptides	Cyclic peptides|Depsipeptides|Lipopeptides	false	npclassifier.gnps2.org@2026-09-07
NOEXPDVJQLSPPC-MQQCTCJLSA-N	[H][C@@]1(SC[C@](C)(N1C)C(O)=O)[C@@]1([H])N=C(S[C@H]1C)C1=CC=CC=C1O	Alkaloids	Serine alkaloids	Thiazole alkaloids	false	npclassifier.gnps2.org@2026-09-07
NOEXPDVJQLSPPC-UODBANLJSA-N	[H][C@]1(SC[C@@](C)(N1C)C(O)=O)[C@]1([H])N=C(S[C@H]1C)C1=CC=CC=C1O	Alkaloids	Serine alkaloids	Thiazole alkaloids	false	npclassifier.gnps2.org@2026-09-07
NOFOAYPPHIUXJR-APNQCZIXSA-N	[H][C@]12C[C@]3([H])C[C@]1(CC[C@]3(O)CO)[C@@]1(C)CC[C@@H](O)[C@@](C)(CO)[C@]1([H])CC2	Terpenoids	Diterpenoids	Aphidicolane diterpenoids|Tetracyclic diterpenoids	false	npclassifier.gnps2.org@2026-09-07
NOJRAQWMMMFKJA-KIJIHBSFSA-N	CC[C@H]1C[C@H]2/C=C/C=C/C=CC(=O)NCCC[C@H]3C(=O)C(=C(/C=C/C=C/C=C/[C@H]2[C@@H]1C)O)C(=O)N3	Amino acids and Peptides|Polyketides	Macrolides	Macrocyclic tetramic acids|Macrolide lactams	false	npclassifier.gnps2.org@2026-09-07
NOPAZUFYUXZIPZ-UHFFFAOYSA-N	OC1=C(CCCCCCCCCCCCC(C)CC)C=C(OCCC(CC/C=C(C)/C)C)C=C1OC	Polyketides	Aromatic polyketides	Catechols with side chains	false	npclassifier.gnps2.org@2026-09-07
NOVHANKYCIGDMV-KSYJWRBWSA-N	CC(=O)N[C@@H]1[C@H](C[C@@](O[C@H]1[C@@H]([C@@H](CO)O)O)(C(=O)O)O[C@H]2[C@H]([C@H](O[C@H]([C@@H]2O)O[C@@H]3[C@H](O[C@@H]([C@@H]([C@H]3O)NC(=O)C)OC[C@@H]4[C@H]([C@@H]([C@H]([C@H](O4)O[C@H]5[C@H](O[C@H]([C@@H]([C@H]5O[C@H]6[C@@H]([C@H]([C@@H]([C@H](O6)CO)O)O)O)O)O[C@@H]7[C@H](O[C@H]([C@@H]([C@H]7O)O)O)CO)CO)O)O)O)CO)CO)O)O	Carbohydrates	Saccharides	Polysaccharides	true	npclassifier.gnps2.org@2026-09-07
NOYQINGQXLDCJC-GIWLXFSNSA-N	CC(C)C[C@H]1NC(=O)[C@H]([C@H](O)C2=CC=CC=C2)NC(=O)[C@@H]([C@@H](C)O)NC(=O)[C@H]([C@@H](C)O)NC(=O)[C@@H]([C@@H]2CCN=C(N)N2)NC(=O)[C@H](C(C)C)NC1=O	Amino acids and Peptides	Oligopeptides	Cyclic peptides	false	npclassifier.gnps2.org@2026-09-07
NPDRNVRLCFOBNU-KRWDZBQOSA-N	CC1=CC(O)=C2C(=O)O[C@@]3(OC4=CC=CC(C(=O)O)=C4C3=O)C2=C1Br	Polyketides			false	npclassifier.gnps2.org@2026-09-07
NPPJWNRQILLJAC-ZRMUVTKZSA-N	COC(=O)CNC(=O)[C@H](CC(C)C)NC(=O)[C@@H](CC1=C(OC)C=C(O)C=C1)NC(=O)[C@H](CO)NC(=O)[C@@H](NC(=O)[C@H](CC(C)C)NC(=O)[C@@H](CC1=CC=C(O)C=C1)NC(=O)[C@H](CC1=CC=C(O)C=C1)NC(C)=O)[C@@H](O)C(=O)O	Amino acids and Peptides	Oligopeptides	Linear peptides	false	npclassifier.gnps2.org@2026-09-07
NPQJTPHMCZYCNP-UHFFFAOYSA-N	CCC(C1C(NC(CCN)C(NC(CC2=CC=CC=C2)C(NC(CC(C)C)C(NC(CCN)C(NC(C(C)C)C(NC(CC(C)C)C(NC(CO)C(OC(C(CC)C)CC(NC(CCN)C(N1)=O)=O)=O)=O)=O)=O)=O)=O)=O)=O)C	Amino acids and Peptides|Polyketides	Oligopeptides	Cyclic peptides|Depsipeptides|Lipopeptides	false	npclassifier.gnps2.org@2026-09-07
NPQKQKITPJTEBK-UHFFFAOYSA-N	CCC(C)C1=CC(O)=C(CC)C(=O)O1	Polyketides	Cyclic polyketides	2-pyrone derivatives	false	npclassifier.gnps2.org@2026-09-07
NPSHCJDYXPRAHR-MPUABNDYSA-N	O=C(OC(/C=C/C(O)CC(CCCC(C(C1O)C)O)O)C)CC2(O)OC(C[C@H](O[C@@H]3O[C@H](C)[C@@H](O)[C@H](N(C)C)[C@H]3O)C2C)C(C)C(O)/C(C)=C/C=C/CC(O)C(C)C(O)CCCC(O)CC(O)/C(C)=C/C(C(O)C(O)CCC(C)CC(O)CC(O)C(C)CC1)CCCC(CC)C	Polyketides	Macrolides	Oligomycins|Polyene macrolides	true	npclassifier.gnps2.org@2026-09-07
NPYICXUUGUJPMM-AFDSXNTISA-N	CC[C@H](C)[C@@H]1NC(=O)[C@@H](CC(C)C)NC(=O)[C@@H](CC2=CC=CC=C2)NC(=O)[C@@H](NC(=O)[C@H](CCCCN)NC(=O)[C@H](NC(=O)[C@@H](NC(=O)[C@@H](C)NC1=O)[C@@H](C)CC)[C@H](C)CC)[C@@H](C)CC	Amino acids and Peptides	Oligopeptides	Cyclic peptides	false	npclassifier.gnps2.org@2026-09-07
NPYXJBVVNORPOT-XWKQNIGYSA-N	CC1(C)CC[C@@H](O)[C@@]2(C)[C@H]1[C@H](O)C=C1COC(=O)[C@@]12O	Terpenoids	Sesquiterpenoids	Drimane sesquiterpenoids	false	npclassifier.gnps2.org@2026-09-07
NQBMUBGAOCZKBE-SOBNGFRLSA-N	C[C@H]1CCC2[C@@]([C@]13C[C@]4([C@@H]([C@@H]5[C@H]6[C@](OC5=O)(O[C@@]4(O6)O3)C)C)C)(C=CC(=O)OC2(C)C)C=O	Polyketides|Terpenoids	Meroterpenoids	Tetraketide meroterpenoids	false	npclassifier.gnps2.org@2026-09-07
NQGNMVJXQJSYCA-BFBGDVCSSA-N	CN1[C@@H]2[C@H](SS[C@@]3(C1=O)C[C@@]4([C@@H](C=C[C@H]([C@@H]4ON3C2=O)O)O)O)C5=C(C(=C(C=C5)OC)OC)O	Alkaloids|Amino acids and Peptides	Peptide alkaloids	Thiodiketopiperazine alkaloids	false	npclassifier.gnps2.org@2026-09-07
NQISQRLTUDYJNV-SRCHHBQNSA-N	CCCCCCCCCCC[C@@H](O)CC(=O)NCC(=O)N[C@@H](C(=O)N[C@@H](CO)C(=O)N[C@@H](C(=O)N[C@H](CCCN(O)N=O)C(=O)N[C@@H](CO)C(=O)N[C@H](CCCN(O)N=O)C(=O)O)[C@@H](C)O)[C@@H](O)C(=O)O	Amino acids and Peptides	Oligopeptides	Linear peptides|Lipopeptides	false	npclassifier.gnps2.org@2026-09-07
NQNOYRJMWKVMTO-CZYKHXBRSA-N	C1=CC(=C(C(=C1)O)O)C(=O)N[C@H](CCCCN)C(=O)N[C@@H](CO)C(=O)OC[C@@H](C(=O)O)NC(=O)[C@@H](CCCCN)NC(=O)C2=C(C(=CC=C2)O)O	Amino acids and Peptides	Small peptides	Tripeptides	false	npclassifier.gnps2.org@2026-09-07
NQOKDPHJXPKXGQ-HITDHQDLSA-N	O=C(N[C@@H](CC(O)=O)C(N[C@H](C1=CC=C(O)C=C1)C(N[C@@H](CC(O)=O)C(NCC(N[C@@H](C(N[C@@H]([C@H](C)CC(O)=O)C(N/C(C(O[C@H](C)[C@@H]2NC([C@H](CO)NC(C(O3)C3CCC)=O)=O)=O)=C\C4=CNC5=C4C=CC=C5)=O)=O)[C@H](O)C(N)=O)=O)=O)=O)=O)[C@H](CC(O)=O)NC([C@@H](CC6=CNC7=C6C=CC=C7)NC2=O)=O	Amino acids and Peptides|Polyketides	Oligopeptides	Cyclic peptides|Depsipeptides	false	npclassifier.gnps2.org@2026-09-07
NRAUADCLPJTGSF-VLSXYIQESA-N	NCCC[C@H](N)CC(=O)N[C@@H]1[C@H](O)[C@@H](OC(N)=O)[C@@H](CO)O[C@H]1\N=C1\N[C@H]2[C@H](N1)C(=O)NC[C@H]2O	Carbohydrates	Nucleosides	Streptothricins and derivatives	false	npclassifier.gnps2.org@2026-09-07
NRDWUPPIGBHWAS-VHSXEESVSA-N	CCC[C@@H]1CC2=C(C[C@H](CC)CC3=C1C(=O)OC3=O)C(=O)OC2=O	Polyketides	Cyclic polyketides	Nonadrides	false	npclassifier.gnps2.org@2026-09-07
NRHYLMZFIKFXGT-AWEZNQCLSA-N	CCC(O)=CC1=CC2=C3C(=CC4=CC=CC(=O)C4=C3O1)C[C@@H](CC(=O)O)O2	Polyketides	Chromanes	Chromones	false	npclassifier.gnps2.org@2026-09-07
NRLCQITWKJENAT-FNORWQNLSA-N	C/C=C(\C)C1=CC(OC)=C(C)C(=O)O1	Polyketides	Cyclic polyketides	2-pyrone derivatives	false	npclassifier.gnps2.org@2026-09-07
NRQODXJXWWUXFE-LYQFAKRDSA-N	CC[C@H](C)[C@@H](C(=O)N[C@@H](C)C(=O)NCC(=O)N[C@@H](C)C(=O)NCC(=O)O)NC(=O)CNC(=O)[C@H](CC(=O)O)NC(=O)[C@@H]1CCCN1C(=O)[C@H]([C@@H](C)CC)NC(=O)[C@@H]2CCCN2C(=O)CNC(=O)[C@H](CC(=O)O)NC(=O)[C@H](C(C)C)NC(=O)[C@H](CC(C)C)NC(=O)[C@H](CS)NC(=O)[C@H](C)NC(=O)[C@H](C)NC(=O)CNC(=O)[C@H]([C@@H](C)CC)NC(=O)[C@H](CO)NC(=O)[C@H](CS)NC(=O)[C@H]([C@@H](C)O)NC(=O)[C@H](C)NC(=O)[C@H](CS)NC(=O)CNC(=O)[C@H](CCCCN)NC(=O)[C@H](CC(=O)N)NC(=O)CNC(=O)[C@H](CC3=CNC4=CC=CC=C43)NC(=O)[C@H](CC(C)C)NC(=O)CNC(=O)[C@H](CC(C)C)NC(=O)CN	Amino acids and Peptides	Oligopeptides	RiPPs-Lanthipeptides	false	npclassifier.gnps2.org@2026-09-07
NRWCATCBPJNWKD-GCCXYMPISA-N	CCCCC[C@H](O)CC(=O)N[C@H](CC(C)C)C(=O)N[C@H](CC(=O)O)C(=O)N[C@H]1C(=O)N[C@H](CC(C)C)C(=O)N[C@H](CC(C)C)C(=O)N[C@H](CO)C(=O)N[C@@H](CC(C)C)C(=O)N[C@H](CCC(N)=O)C(=O)N[C@@H](CC(C)C)C(=O)N[C@@H]([C@@H](C)CC)C(=O)N[C@@H](CCC(=O)O)C(=O)O[C@@H]1C	Amino acids and Peptides|Polyketides	Oligopeptides	Cyclic peptides|Depsipeptides|Lipopeptides	false	npclassifier.gnps2.org@2026-09-07
NSFFHOGKXHRQEW-DVRIZHICSA-N	CCC(C)C1C(=O)NC(C(=O)NC(=C)C(=O)NC(C(=O)NC23CCC(=NC2C4=CSC(=N4)C(C(OC(=O)C5=NC6=C(C=CC(C6O)N1)C(=C5)C(C)O)C)NC(=O)C7=CSC(=N7)C(NC(=O)C8CSC(=N8)/C(=C\C)/NC(=O)C(NC(=O)C9=CSC3=N9)C(C)O)C(C)(C(C)O)O)C1=NC(=CS1)C(=O)NC(=C)C(=O)NC(=C)C(=O)N)C)C	Amino acids and Peptides	Oligopeptides	RiPPs-Thiopeptides	false	npclassifier.gnps2.org@2026-09-07
NSIAKTFOOHSQIB-MUBRTIPBSA-N	C/C=C(\NC(=O)N[C@@H](CC1=CC=C(O)C=C1)C(=O)O)C(=O)N[C@@H](C)C(=O)N[C@@H](CCCN=C(N)N)C(=O)N1CCC[C@H]1C1=NC(C(=O)N[C@@H](CCC(N)=O)C(=O)OC)=CS1	Amino acids and Peptides	Oligopeptides	Linear peptides	false	npclassifier.gnps2.org@2026-09-07
NSJVBGMLBQMMIK-OXOMCRHWSA-N	C[C@H]1C[C@H]2[C@@H](O2)CC[C@@H]3CC(=O)C=C4[C@]3([C@](C1=O)(C(=O)N4)C)O	Polyketides	Macrolides	Ansa macrolides	false	npclassifier.gnps2.org@2026-09-07
NSKGQURZWSPSBC-VVPCINPTSA-N	C1[C@H]([C@@H]([C@H]([C@@H]([C@H]1N)O[C@@H]2[C@@H]([C@H]([C@@H]([C@H](O2)CN)O)O)N)O[C@H]3[C@@H]([C@@H]([C@H](O3)CO)O)O)O)N	Carbohydrates	Polyols	Amino cyclitols	true	npclassifier.gnps2.org@2026-09-07
NUFGXSJHUPZANV-RLWZQHMASA-N	[H][C@@]12C[C@@H]3CC[C@@]1(C=CC([C@]2(CCC(NC4=C(C(C(S)=O)=CC=C4O)O)=O)C)=O)CC3=C	Terpenoids	Diterpenoids	Platensimycin and Platencins	false	npclassifier.gnps2.org@2026-09-07
NUJCEAGNKAOTSZ-ZPODTHSYSA-N	CC[C@H](C)[C@H](NC(=O)C(\NC(=O)C(\NC(=O)[C@H](CCCCN)NC(=O)[C@@H](NC(=O)[C@@H](NC(=O)C(=C)NC(=O)[C@H](C)NC(=O)C(C)O)[C@@H](C)CC)C(C)C)=C/C)=C/C)C(=O)NC(CCCCN)C(=O)N[C@@H](C)C(=O)N[C@H]1CSC[C@H](NC(=O)[C@H](CC(C)C)NC(=O)C(CCCCN)NC(=O)C(CCCCN)NC1=O)C(=O)N[C@@H](CCCNC(N)=N)C(=O)NCC(=O)N[C@@H](CC1=CC=CC=C1)C(=O)N[C@H]1C(C)SC[C@@H]2NC(=O)[C@@H](NC(=O)[C@H](CC(C)C)NC1=O)C(C)SC[C@H](NC(=O)CNC2=O)C(=O)N[C@@H](CC1=CN=CN1)C(=O)N[C@@H](CC1=CC=CC=C1)C(=O)N\C(=C\C)C(=O)NCC(=O)N[C@@H](CCCCN)C(=O)N[C@@H](CCCCN)C(O)=O	Amino acids and Peptides	Oligopeptides	RiPPs-Lanthipeptides	false	npclassifier.gnps2.org@2026-09-07
NUPKBVWVJRTNCS-UHFFFAOYSA-N	CC1(O)CC(O)CC2=CC3=C(C(O)=C12)C(=O)C1=C(O)C=C(O)C=C1C3(C)C	Polyketides	Polycyclic aromatic polyketides	Benastatins and derivatives	false	npclassifier.gnps2.org@2026-09-07
NUPNVWUYFVEAIT-UJJBCWTCSA-N	[H][C@@]12COC(=O)[C@]3(CO3)[C@@]11C=C(C)[C@@H](C)[C@@]1([H])C=C2C(O)=O	Terpenoids	Sesquiterpenoids	Pentalenane sesquiterpenoids	false	npclassifier.gnps2.org@2026-09-07
NVLTYOJHPBMILU-YOVYLDAJSA-N	C1=CC(=CC=C1[C@@H](C#N)O[C@H]2[C@@H]([C@H]([C@@H]([C@H](O2)CO)O)O)O)O	Amino acids and Peptides	Amino acid glycosides	Cyanogenic glycosides	true	npclassifier.gnps2.org@2026-09-07
NVNLLIYOARQCIX-GSJOZIGCSA-N	CCC(C)C1C(=O)NC(=C)C(=O)NC(C(=O)NC(CSCC(C(=O)N1)NC(=O)/C(=C/C)/NC(=O)C(C(C)CC)N)C(=O)NC2C(SCC(NC(=O)CNC(=O)C3CCCN3C2=O)C(=O)NC(CCCCN)C(=O)NC4C(SCC(NC(=O)CNC(=O)C(NC(=O)C(NC(=O)C(NC(=O)CNC4=O)C)CC(C)C)CCSC)C(=O)NC(CC(=O)N)C(=O)NC(CCSC)C(=O)NC(CCCCN)C(=O)NC5C(SCC6C(=O)NC(C(=O)NC(CSC(C(C(=O)N6)NC(=O)C(NC5=O)C)C)C(=O)NC(CO)C(=O)NC(C(C)CC)C(=O)NC(CC7=CNC=N7)C(=O)NC(C(C)C)C(=O)NC(=C)C(=O)NC(CCCCN)C(=O)O)CC8=CNC=N8)C)C)C)CC(C)C	Amino acids and Peptides	Oligopeptides	RiPPs-Lanthipeptides	false	npclassifier.gnps2.org@2026-09-07
NWBIHDXUFYUNGB-LROXJONJSA-N	C[C@@H](C1=NC2=CC=CC=C2C(=O)N1[C@@H]3C[C@]4([C@H]5N(C6=CC=CC=C64)C(=O)C(N5O)(C)C)OC3=O)OC(=O)C	Alkaloids	Anthranilic acid alkaloids	Quinazoline alkaloids	false	npclassifier.gnps2.org@2026-09-07
NWKUEDRQVAOKOY-MGNXQTKBSA-N	CC(/C=C/C1CC2(CO2)CC(C)(O)O1)=C\C(O)C1OC(C)C(NC(=O)/C=C\C(C)OC(=O)C(C)C)CC1C	Polyketides	Linear polyketides	Open-chain polyketides	true	npclassifier.gnps2.org@2026-09-07
NWOZMFVQYVMDKF-UKTHLTGXSA-N	CCCCCCC/C=C(\C)C(=O)C1=CC(C2(O)CC2)OC1=O	Polyketides			false	npclassifier.gnps2.org@2026-09-07
NWPHOPMRDKFXFP-SIPAFCNMSA-N	C[C@@H]1[C@H]([C@@H](CC(O1)C2=CC3=C(C=C2)C(=O)C4=C(C3=O)[C@H](O[C@H]5[C@@H]4OC(=O)C5)C)N(C)C)O	Polyketides	Naphthalenes|Polycyclic aromatic polyketides	Angucyclines|Naphthoquinones	false	npclassifier.gnps2.org@2026-09-07
NWPIUETWDSWOKV-QROLFQDOSA-N	CC[C@]1(C[C@@H](C2=C(C3=C(C(=C2[C@H]1OC4CC(C(C(O4)C)O)N(C)C)O)C(=O)C5=C(C3=O)C(=CC=C5)O)O)OC6CC(C(C(O6)C)O)N(C)C)O	Polyketides	Polycyclic aromatic polyketides	Anthracyclines	true	npclassifier.gnps2.org@2026-09-07
NWXCMIPYEHNXHW-VQOMMXTDSA-N	CC/C=C/C=C(\C)/C=C/C=C\C(CC(=O)NC1=C(CCC1=O)O)O	Alkaloids	Peptide alkaloids	Simple amide alkaloids	false	npclassifier.gnps2.org@2026-09-07
NWXCMIPYEHNXHW-XXPPDWBPSA-N	O=C(NC1=C(O)CCC1=O)CC(O)/C=C/C=C/C(C)=C/C=C/CC	Alkaloids	Peptide alkaloids	Simple amide alkaloids	false	npclassifier.gnps2.org@2026-09-07
NWYGQCMFWAOARK-TZCGFCPBSA-N	C/C=C/C=C/C(=C/1\[C@@H]2[C@@]3(C(=O)/C(=C(\C=C\C=C\C)/O)/C(=O)[C@]([C@]3(O[C@@]2(C(=O)C(=C1O)C)C)O)(C)O)C)/O	Polyketides	Aromatic polyketides	Sorbicilinoids	true	npclassifier.gnps2.org@2026-09-07
NXNYUMHIAQCFFJ-UHFFFAOYSA-N	[H]CC1=C2C(=CO1)C(OC)C1=CC(O)=C(OC)C(O)=C1C2=O	Polyketides			false	npclassifier.gnps2.org@2026-09-07
NXQKNJIQGBLGMU-IJVCHWCPSA-N	CC[C@@H]\1CC[C@]23CC(=O)[C@H]([C@H](O2)C4=CC(=CC(=C4O3)NC(=O)C/C=C(\C(=O)O[C@@H](/C=C1)C(C=C(C)C)O)/C)O)C	Amino acids and Peptides|Polyketides	Macrolides	Ansa macrolides|Lactam bearing macrolide lactones	false	npclassifier.gnps2.org@2026-09-07
NXSGPZVLHWRFIW-UHFFFAOYSA-N	O=C(NC(C(O)C(O)=O)C(NC(CO)C(NC(C(O)C(O)=O)C(NC(C(C)O)C(NC(CO)C(NC1CCCN(O)C1=O)=O)=O)=O)=O)=O)CCCCCCCCCCCCC	Amino acids and Peptides	Oligopeptides	Linear peptides|Lipopeptides	false	npclassifier.gnps2.org@2026-09-07
NXWDZVMFSHYEEJ-UHFFFAOYSA-N	CCCCCC(=O)NC(CC(C)C)C(=O)NC(CCC(=O)O)C(=O)NC(CC(C)C)C(=O)NC(CC(C)C)C(=O)NC(CCC(N)=O)C(=O)NC(CO)C(=O)NC(C(=O)NC(CC(C)C)C(=O)NC1COC(=O)C(CO)NC(=O)C(CC(C)C)NC(=O)C(CC(C)C)NC1=O)C(C)C	Amino acids and Peptides|Polyketides	Oligopeptides	Cyclic peptides|Depsipeptides|Lipopeptides	false	npclassifier.gnps2.org@2026-09-07
NXXFSEZACTZCGP-UHFFFAOYSA-N	OCC(=O)N1C2=CC=CC=C2NC2=C1C=CC=C2C(O)=O	Alkaloids	Anthranilic acid alkaloids	Phenazine alkaloids	false	npclassifier.gnps2.org@2026-09-07
NYBZAGXTZXPYND-GBIKHYSHSA-N	[H][C@@]1(CSC(=N1)C1=CC=CC=C1O)[C@@]1([H])SC[C@H](N1C)C(O)=O	Alkaloids	Serine alkaloids	Thiazole alkaloids	false	npclassifier.gnps2.org@2026-09-07
NYBZAGXTZXPYND-RGPRDZHESA-N	CN1C([C@@H]2CSC(C3=CC=CC=C3O)=N2)SC[C@@H]1C(=O)O	Alkaloids	Serine alkaloids	Thiazole alkaloids	false	npclassifier.gnps2.org@2026-09-07
NYQPBYWILGDRPP-UHFFFAOYSA-N	CCC1C(=O)C(=C(O1)C(=CC)CC)CC(CC)CC	Polyketides	Linear polyketides	Open-chain polyketides	false	npclassifier.gnps2.org@2026-09-07
NYUHMGANIQYFOK-ANHKVXBOSA-N	CCCCCCC(CCCCCC1=C(C=C(C=C1O[C@H]2[C@@H]([C@H]([C@@H](CO2)O)O)O)CCCCCCC(CCCC)Cl)O)Cl	Polyketides	Alkylresorcinols	Dialkylresorcinols	true	npclassifier.gnps2.org@2026-09-07
NYWSLZMTZNODJM-YZTBHFOCSA-N	CCCCC1C(O)C(C)CCC(O)CCCC(O)CCCC(O)C(C)=CC(O[C@H]2O[C@H](CO)[C@@H](O)[C@@H]2O)C(O)CC(O)CC(O)CC(O)CC(O)CCCCC(C)=CC(C)C(OC1=O)C(C)C(O)CCCNC(N)=N	Polyketides	Macrolides		true	npclassifier.gnps2.org@2026-09-07
NZCNGJHOIKMMCG-UZRVFEFTSA-N	[H][C@](C)(CC)[C@]([H])(NC(=O)[C@H]1CCCCN1C)C(=O)N(COC(=O)CC)[C@H](C[C@@H](OC(C)=O)C1=NC(=CS1)C(=O)N[C@H](C[C@H](C)C(O)=O)CC1=CC=C(O)C=C1)C(C)C	Amino acids and Peptides	Oligopeptides	Linear peptides	false	npclassifier.gnps2.org@2026-09-07
NZGOIHZOTAJJCD-UHFFFAOYSA-N	COC1=CC(=O)N(C1)C(=O)C2CSC(=N2)C(CO)NC(=O)C3=CSC(=CN=O)N3				false	npclassifier.gnps2.org@2026-09-07
NZSWNNDHPOTJNH-VEJILBAHSA-N	C/C(=C\C1=CC=C(C=C1)O)/C(=O)NC2=CC=C(C=C2)C(=O)N[C@@H](CC#N)C(=O)NC3=CC=C(C=C3)C(=O)NC4=C(C(=C(C=C4)C(=O)NC5=C(C(=C(C=C5)C(=O)O)O)OC)O)OC	Alkaloids	Peptide alkaloids	Simple amide alkaloids	false	npclassifier.gnps2.org@2026-09-07
OALATWXZSYBYTE-YXCOBNRHSA-N	CC[C@@](O1)([H])C[C@@H](OC)[C@H](C)C1(O)CC2=NC(/C=C([C@@]3([H])[C@H](C)[C@@H](OC(/C=C\C4)=O)C[C@](C/C=C(C)/C5=NC([C@]6([H])C[C@@H](O)[C@H](O)[C@@](C[C@H](O)C[C@@H](O)[C@H](/C=C/[C@@]7([H])O[C@@]4([H])[C@@H](C)[C@H](O)C7)O)([H])O6)=CO5)([H])O3)\C)=CO2	Polyketides	Macrolides	Polyene macrolides	true	npclassifier.gnps2.org@2026-09-07
OAUATHUZKRGHPN-UHFFFAOYSA-N	NCCCCNC(=O)C(CCCN(O)C=O)NC(=O)C(CO)NC(=O)C(NC(=O)C(N)CCCN(O)C=O)C(O)C(=O)O				false	npclassifier.gnps2.org@2026-09-07
OAWOFENLLWPBEQ-DDIADDBLSA-N	C/C/1=C/C/C=C(\CCC2CC(C(O2)C(/C=C(\C)/CC(=O)O)O)OC(=O)CC1OC(=O)C)/Cl	Polyketides	Macrolides	Macrolide lactones	false	npclassifier.gnps2.org@2026-09-07
OBCBERJEZQNEHH-ZFIFVKQDSA-N	[H][C@@]12CC[C@@]3(C)C[C@]1(C=CC([C@]2(CCC(NC4=C(C(C(S)=O)=CC=C4O)O)=O)C)=O)C=C3	Terpenoids	Diterpenoids	Platensimycin and Platencins	false	npclassifier.gnps2.org@2026-09-07
OBGWIHKWGGEOEV-YFRVKLFPSA-N	CC(O)[C@@]12O[C@@]11[C@H](O)C#C\C=C/C#C[C@@H]2NC2=C1C=C(O)C1=C2C(=O)C2=CC=CC=C2C1=O	Polyketides	Macrolides|Polycyclic aromatic polyketides	Anthraquinones and anthrones|Enediynes	false	npclassifier.gnps2.org@2026-09-07
OBHSZXSXLFIRJG-RURRAIJHSA-N	CC(C(C(O1)C(O2)[C@]3(OC)C4([C@@]12C(OC5CC(C(OC6CC(C(O)C(O6)C)(O)C)C(O5)C)(O)C)OC)CO4)=C(O3)C7=C8O)=CC7=C(OC)C9=C8C([C@@H](O)C[C@@H]9OC%10CC(C(O)C(O%10)C)(O)C)=O	Polyketides	Polycyclic aromatic polyketides	Anthraquinones and anthrones	true	npclassifier.gnps2.org@2026-09-07
OBMFXFPFPDTBHG-UHFFFAOYSA-N	CC1=C(C(=C(C2=C1NC3=CC=CC=C32)O)OC)C	Alkaloids	Tryptophan alkaloids	Carbazole alkaloids	false	npclassifier.gnps2.org@2026-09-07
OBUHDEKWYQCPLP-DWOUCKERSA-N	C[C@H]([C@]12[C@@H]3C#CC=CC#C[C@H]([C@@]1(O2)C4=CC(=C5C(=C4N3)C(=O)C6=C(C5=O)C=CC=C6O)O)O)O	Polyketides	Macrolides|Polycyclic aromatic polyketides	Anthraquinones and anthrones|Enediynes	false	npclassifier.gnps2.org@2026-09-07
OBZJZDHRXBKKTJ-JTFADIMSSA-N	NC(=O)C1=CN([C@@H]2O[C@H](CO)[C@@H](O)[C@H]2O)C2=C1C(N)=NC=N2	Carbohydrates	Nucleosides	Purine nucleos(t)ides	false	npclassifier.gnps2.org@2026-09-07
OCSVFAVRVAKOEJ-MERDUVRESA-N	O=C1C2=C(C=C(C(CC(C)(O)C3)=O)C3=C2O)C(C4=C(O)C([C@@H]5O[C@H](C)[C@@H]6[C@H](O[C@@H](CC([C@H](C)O7)=O)[C@@H]7O6)C5)=CC=C41)=O	Polyketides	Polycyclic aromatic polyketides	Angucyclines	false	npclassifier.gnps2.org@2026-09-07
OCUONUXNKYDHKY-PZBKSWHFSA-N	C[C@@H]1C[C@@H]([C@H]2[C@@H]3[C@@H]4[C@H]([C@@H](C=C([C@@H]4[C@@]2(C1)C)C)C=C)C(=O)[C@@H]5C[C@](CC6=CC=C(O3)C=C6)(NC5=O)O)C	Alkaloids|Amino acids and Peptides	Tetramate alkaloids	Pyrrocidine tetramate alkaloids	false	npclassifier.gnps2.org@2026-09-07
OCWVRBPZJAHHBB-FNTJIZPLSA-N	CCC[C@@H]1[C@H]2CC(=O)/C(=C/[C@H]([C@H]3[C@H](C[C@@](O3)(CC[C@H](C1=O)C(=O)O2)C)C)O)/C	Polyketides	Macrolides	Macrolide lactones	false	npclassifier.gnps2.org@2026-09-07
OCYKQSWCTYURKE-UHFFFAOYSA-N	OC1=C(C(C(C(O)=C(CCC2=C3C(O)=C(C(O)=O)C(CCCCC)=C2)C3=C4)=C4C5(C)O)=O)C5=CC(O)=C1	Polyketides	Polycyclic aromatic polyketides	Benastatins and derivatives	false	npclassifier.gnps2.org@2026-09-07
ODCPNBCPLWJVQI-NHWXPXPKSA-N	C[C@]12CCCC([C@@H]1CC[C@@H]3[C@@]24CC[C@@]([C@@H](C3)C4)(C)O)(C)C	Terpenoids	Diterpenoids	Aphidicolane diterpenoids|Tetracyclic diterpenoids	false	npclassifier.gnps2.org@2026-09-07
ODCZJZWSXPVLAW-UHFFFAOYSA-N	CC(=CC(=O)O)C=C(C)CC(C)CCCCC1OC(=O)C1CO	Polyketides	Linear polyketides	Open-chain polyketides	false	npclassifier.gnps2.org@2026-09-07
ODGIZTYDFSNPEL-BVVGETRBSA-N	C/C/1=C\CC2=CC=C(N2)C3=NC(C(O3)COC(=O)/C(=C/C(=O)OC4C1OC(=O)C4(C)CO)/CC(C)C)/C=C/5\C(OC\C5=C(\C)/CCCO)CC(C)C	Polyketides	Oligopeptides	Depsipeptides	false	npclassifier.gnps2.org@2026-09-07
ODKDMMTXTVCCLJ-BVSLBCMMSA-N	COC1=C(O)C=C2C[C@H](N(CC2=C1O)C(=O)[C@@H](N)CC1=CNC2=CC=CC=C12)C(=O)N[C@@H](CC(CO)CO)C(O)=O				false	npclassifier.gnps2.org@2026-09-07
ODLPTSAMUCYJMF-UHFFFAOYSA-N	C(C1C(C(C(C(O1)OC2C(C(OC(C2OC3C(C(C(C(O3)C(=O)O)OC4C(C(C(C(O4)CO)O)O)O)O)O)OC5C(OC(C(C5O)O)OCC6C(C(C(C(O6)O)O)O)O)CO)CO)O)O)O)O)O	Carbohydrates	Saccharides	Polysaccharides	true	npclassifier.gnps2.org@2026-09-07
ODPDWQHBVRLWMV-JTWCGSJHSA-N	C/C=C/C=C\C=C\C=C/C1=CC=CC=C1/C=C/C(=O)O				false	npclassifier.gnps2.org@2026-09-07
ODPDWQHBVRLWMV-WEQBXWHASA-N	C/C=C/C=C/C=C/C=C\C1=CC=CC=C1/C=C/C(=O)O				false	npclassifier.gnps2.org@2026-09-07
ODWSFZQNKWSGRM-FATPKMAPSA-N	CC=C(C)[C@@H]([C@@H]([C@H]1[C@H]([C@@H]([C@H](CCCC[C@H]2[C@@](O2)([C@H]3C=C[C@H]4C[C@H](C[C@H]([C@H]4[C@@H]3C(=C5C(=O)CN1OC5=O)O)C)C)C)C)O)O)O)O	Amino acids and Peptides|Polyketides			false	npclassifier.gnps2.org@2026-09-07
ODWVJEFTOQVIQW-UHFFFAOYSA-N	OC1=CC=C(CC(C(O)=O)NC(C2N(C(C(NC(C3CCCN3C(CC(CCCCCCC(Cl)[H])N)=O)=O)CCC4=CC=CC=C4)=O)CCC2)=O)C=C1	Amino acids and Peptides	Oligopeptides	Linear peptides|Lipopeptides|Microginins	false	npclassifier.gnps2.org@2026-09-07
ODXMNBRNTDMSJW-ZAZPAPLLSA-N	CCC[C@@H](C)[C@@H]1[C@H](C(=O)NC(=C)/C=C/C(=O)N[C@H](C(=O)N[C@@H](C(=O)O1)C(C)C)C)CCO	Amino acids and Peptides|Polyketides	Oligopeptides	Cyclic peptides|Depsipeptides	false	npclassifier.gnps2.org@2026-09-07
OEDBLAUAUMVWEC-SXSZNTRKSA-N	C1(=O)N[C@@H](CC(C)C)C(=O)N[C@@H](C)C(=O)N[C@@H](CCC(=O)N)C(=O)O[C@H](C)[C@H](N(C)C(=O)/C=C/C=C/C=C/C=C/C=C/C=C/C=C/C)C(=O)N[C@@H]1C	Amino acids and Peptides|Polyketides	Oligopeptides	Cyclic peptides|Depsipeptides	false	npclassifier.gnps2.org@2026-09-07
OEHVIVCEBYGFLN-UHFFFAOYSA-N	CC(CCCCCCCC(CCCCCCCC(CCCCCCCC(CCCCCCCC(CCNC(CC(C1CCCN1C(C2NC(C(NC(C(CC(NC2C)=O)NC(C(NC(CC(C(O)=O)N)=O)CC3=CN=CN3)=O)=O)CC(N)=O)=O)=O)O)=O)O)N)N)N)N	Amino acids and Peptides	Oligopeptides	Lipopeptides	false	npclassifier.gnps2.org@2026-09-07
OENHQHLEOONYIE-JLTXGRSLSA-N	CC1=C(C(CCC1)(C)C)/C=C/C(=C/C=C/C(=C/C=C/C=C(/C=C/C=C(/C=C/C2=C(CCCC2(C)C)C)\C)\C)/C)/C	Terpenoids	Carotenoids (C40)	Carotenoids (C40, β-β)	false	npclassifier.gnps2.org@2026-09-07
OEPBYEBLOCELCQ-UHFFFAOYSA-N	C/C(C)=C\CC1=CC=CC2=C1NC=C2CC(N3O[Fe](ON4C(CC5=CNC6=C5C=CC=C6C/C=C(C)\C)=C(N=C(C4=O)C)OC)ON7C(CC8=CNC9=C8C=CC=C9C/C=C(C)\C)=C(N=C(C7=O)C)OC)=C(N=C(C3=O)C)OC	Alkaloids|Amino acids and Peptides			false	npclassifier.gnps2.org@2026-09-07
OESNGSQKCCZCKI-PZJWPPBQSA-N	CCCCCCCCCCCCCC(N[C@@H](C(N[C@@H](C)CCC(C)=O)=O)CC(N)=O)=O	Alkaloids|Fatty acids	Fatty amides|Peptide alkaloids	N-acyl amines|Simple amide alkaloids	false	npclassifier.gnps2.org@2026-09-07
OESQZFRXSGTAAF-YKNMHBIISA-N	CN[C@H](CC(C)C)C(=O)N(C)[C@H](C(C)C)C(=O)N[C@H](C(C)C)C(=O)N(C)[C@H](C(C)C)C(=O)N(C)[C@H](C(C)C)C(=O)NCCC1=CC=CC=C1	Amino acids and Peptides	Oligopeptides	Linear peptides	false	npclassifier.gnps2.org@2026-09-07
OEWOOCHSOLBOCY-IBDZFHDISA-N	CCC(C)CCCCCCCCCCC(=O)N[C@@H](CCCN(O)C=O)C(=O)N[C@@H](CO)C(=O)N(O)CCC[C@@H]1NC(=O)[C@H](CCCN(O)C=O)NC1=O	Amino acids and Peptides	Oligopeptides	Cyclic peptides|Linear peptides|Lipopeptides	false	npclassifier.gnps2.org@2026-09-07
OFNXOACBUMGOPC-HZYVHMACSA-N	CN[C@H]1[C@H](O)[C@@H](O)[C@H](CO)O[C@H]1O[C@H]1[C@H](O[C@H]2[C@H](O)[C@@H](O)[C@H](NC(N)=N)[C@@H](O)[C@@H]2NC(N)=N)O[C@@H](CO)[C@]1(O)C=O	Carbohydrates	Aminosugars and aminoglycosides|Polyols	Amino cyclitols|Aminoglycosides	true	npclassifier.gnps2.org@2026-09-07
OGGVRVMISBQNMQ-YPBSLCSMSA-N	C[C@@H]1CC[C@@H]2[C@@H]1C[C@@]3([C@@H]4C[C@]2([C@]3(C(=C4)C(C)C)C(=O)O)C=O)CO[C@H]5[C@H]([C@@H]([C@@H]([C@H](O5)C)OC)O)O	Terpenoids	Diterpenoids	Tetracyclic diterpenoids	true	npclassifier.gnps2.org@2026-09-07
OGHPJKMVTRYVEW-HHVVGWMJSA-N	C[C@@](O/1)([H])C[C@@H](OC)[C@H](C)C1=C/C2=NC(/C=C([C@@]3([H])[C@H](C)[C@@H](OC(/C=C\C4)=O)C[C@](C/C=C(C)/C5=NC([C@]6([H])C[C@@H](OC(N)=O)[C@H](O)[C@@](C[C@H](O)C[C@@H](O)[C@H](/C=C/[C@@]7([H])O[C@@]4([H])[C@@H](C)[C@H](O)C7)O[C@]8([H])O[C@@](CO)([H])[C@@H](O)[C@H](O)[C@H]8O)([H])O6)=CO5)([H])O3)\C)=CO2	Polyketides	Macrolides	Avermectins	true	npclassifier.gnps2.org@2026-09-07
OGKULKCQQIVNDI-UHFFFAOYSA-N	CC(C)=C1CC=C(C)CCC(Cl)C(C)(C)OC2=CC(O)=C3C(=O)C(C)(Cl)C(O)(C1)C(=O)C3=C2	Polyketides	Naphthalenes	Naphthoquinones	false	npclassifier.gnps2.org@2026-09-07
OGPVNMCZOXNJEF-JIXNLBNFSA-N	CC[C@H](C)[C@@H](C(=O)OC)NC(=O)C1=C(OC(=N1)C2=CSC(=N2)C3=C(OC(=N3)C4=COC(=N4)[C@H](C(C)C)NC(=O)/C(=N/O)/C(C)C)C)C	Amino acids and Peptides	Oligopeptides	RiPPs-Thiopeptides	false	npclassifier.gnps2.org@2026-09-07
OGPVNMCZOXNJEF-JLTVGRRMSA-N	CC[C@H](C)[C@@H](C(=O)OC)NC(=O)C1=C(OC(=N1)C2=CSC(=N2)C3=C(OC(=N3)C4=COC(=N4)[C@H](C(C)C)NC(=O)/C(=N\O)/C(C)C)C)C	Amino acids and Peptides	Oligopeptides	RiPPs-Thiopeptides	false	npclassifier.gnps2.org@2026-09-07
OGUMLESFFBGVOO-VJDLAWOBSA-N	CC1=C(OC(=C(C1=O)C)OC)[C@H]2CC/C(=C/C(=C/C3=CC=C(C=C3)[N+](=O)[O-])/C)/O2	Polyketides	Cyclic polyketides	4-pyrone derivatives	false	npclassifier.gnps2.org@2026-09-07
OGUUCNCVZHZWGA-SKEOMMRSSA-N	[H][C@](C)(O)[C@]1([H])NC(=O)[C@@]2(C)NC(=O)\C(NC(=O)[C@]3([H])CSC(=N3)[C@]([H])(CC(N)=O)NC(=O)C3=CC=C(N=C3[C@@]([H])(C)NC(=O)[C@]3([H])CCCN3C(=O)\C(NC(=O)CNC1=O)=C\C)C1=NC(=CS1)C1=N[C@@]([H])(CS1)C(=O)NC(=C)C1=NC(=CS1)C1=NC(=CS1)C1=N[C@@]([H])(CS1)C(=O)N[C@@]([H])(CS2)C(O)=O)=C\C	Amino acids and Peptides	Oligopeptides	Cyclic peptides	false	npclassifier.gnps2.org@2026-09-07
OGYMUMAKGYYNHV-DGAGQXFWSA-N	COC1\C=C\CC\C=C\C(=O)OC(C(C)C(=O)CCCC2CC(=O)NC(=O)C2)\C(C)=C/C(C)C1O	Alkaloids	Lysine alkaloids	Piperidine alkaloids	false	npclassifier.gnps2.org@2026-09-07
OGZSTTCVCWTRRH-SNAWJCMRSA-N	NC1=C(N=C2)C(C2=CC(C(/C=C/OC)=O)=N3)=C3C(NC(CC)=O)=C1	Alkaloids			false	npclassifier.gnps2.org@2026-09-07
OGZSTTCVCWTRRH-UHFFFAOYSA-N	CCC(=O)NC1=C2N=C(C=C3C=NC(=C23)C(N)=C1)C(=O)C=COC	Alkaloids			false	npclassifier.gnps2.org@2026-09-07
OHDXGZAYYBMHCY-QSUIEZAASA-N	C\C=C\C=C\C=C\C(=O)N[C@@H](CC(=O)N[C@@H](C(C)C)C(=O)[C@H]1[C@H](C)C(=O)NC1=O)C1=CC=CC=C1	Amino acids and Peptides	Peptide alkaloids		false	npclassifier.gnps2.org@2026-09-07
OHIZVXAYPZKILQ-FUMNGEBKSA-N	CC(=O)N[C@H](CCCN(O)C(C)=O)C(=O)N[C@H](CO)C(=O)N(O)CCC[C@@H]1NC(=O)[C@H](CCCN(O)C(C)=O)NC1=O	Amino acids and Peptides	Oligopeptides	Linear peptides	false	npclassifier.gnps2.org@2026-09-07
OHLKJNUNPSYJEE-RWBJUYEISA-N	C[C@H]1OC(=O)CCNC(=O)C(CC2=CNC3=C2C=CC=C3)NC(=O)C(CC2=CNC3=C2C=CC=C3)NC(=O)[C@H]1NC(=O)CC1=CC=CC=C1	Alkaloids|Amino acids and Peptides	Oligopeptides|Peptide alkaloids	Cyclic peptides|Depsipeptides|Indole diketopiperazine alkaloids (L-Trp, L-Trp)	false	npclassifier.gnps2.org@2026-09-07
OHRURASPPZQGQM-GCCNXGTGSA-N	C\C=C1/NC(=O)[C@H]2CSSCC\C=C\[C@H](CC(=O)N[C@H](C(C)C)C(=O)N2)OC(=O)[C@@H](NC1=O)C(C)C	Amino acids and Peptides|Polyketides	Oligopeptides	Cyclic peptides|Depsipeptides	false	npclassifier.gnps2.org@2026-09-07
OHTZNUUGYPDWEB-UHFFFAOYSA-N	CC(=O)OC1C=COC=C2C1N3C(=O)C45CC6=COC=CC(C6N4C(=O)C3(C2)SS5)OC(=O)C	Alkaloids|Amino acids and Peptides	Peptide alkaloids	Thiodiketopiperazine alkaloids	false	npclassifier.gnps2.org@2026-09-07
OHWILISHWFHITP-OCKBFZBYSA-N	COC(=O)\C(=C\C)\C=C(/C)\C=C\C=C\C=C(/C)C(=O)[C@]12O[C@H]1[C@@](O)(CCO)NC2=O	Alkaloids	Tetramate alkaloids	Simple tetramate alkaloids	false	npclassifier.gnps2.org@2026-09-07
OHWUDMVJYPQYDU-PLKRWIMUSA-N	C[C@H]1CCCC[C@H](CCCC(Br)Br)C2=C(O)C=C(C=C2O)[C@H](OC(N)=O)[C@@H](C)CCCC[C@H](CCCC(Br)Br)C2=C(O)C=C(C=C2O)[C@@H]1OC(N)=O	Polyketides	Alkylresorcinols	Dialkylresorcinols	false	npclassifier.gnps2.org@2026-09-07
OHYKIDCHGZQVCM-FIYTVAKHSA-N	[C@@H]1([H])C2[O@@][C@@](O)(C(C(O[C@H](CCC=CC=CCC[C@H](O)CC([C@H]([H])[C@H]3O[C@@](O)(C(O)C(=O)O[C@@H](C)CCC=CC=CCC[C@H](O)CC1=O)[C@H](C)CC3)=O)C)=O)O)[C@H](C)CC2	Polyketides	Macrolides	Boromycins	true	npclassifier.gnps2.org@2026-09-07
OHYKIDCHGZQVCM-ZMXWBCPCSA-N	C[C@H]1[C@@]2(O)O[C@H](CC(C[C@H](CC/C=C/C=C\CC[C@H](C)OC(C([C@@]3(O)[C@H](C)CC[C@@H](CC(C[C@H](CC/C=C/C=C\CC[C@H](C)OC(C2O)=O)O)=O)O3)O)=O)O)=O)CC1	Polyketides	Macrolides	Boromycins	true	npclassifier.gnps2.org@2026-09-07
OIFUYQBCQXTGMP-UTVGFCCASA-N	C[C@H]1[C@H]([C@@](C[C@@H](O1)O[C@H]2[C@@H]3[C@H]4C5=NC(=CS5)C(=O)N[C@@H](COC(=O)C6=C(CO3)C7=C(COC2=O)C=CC=C7N6O)C8=NC(=CS8)C9=N/C(=C/1\NC(=CS1)C(=O)NC(=C)C(=O)N)/C(=O)C=C9C1=NC(=CS1)C(=O)N[C@H](C(=O)N/C(=C(\C)/OC)/C1=NC(=CS1)C(=O)N4)[C@@H](C)O)(C)O)N(C)C.C(=O)(C(F)(F)F)O	Amino acids and Peptides	Oligopeptides	RiPPs-Thiopeptides	true	npclassifier.gnps2.org@2026-09-07
OIPPWFOQEKKFEE-UHFFFAOYSA-N	CC1=CC(O)=CC(O)=C1				false	npclassifier.gnps2.org@2026-09-07
OIQYGWMODDNMOB-PTYYYPKJSA-N	CC[C@@H](C)C(C(=O)NC(CCC(=O)N)C(=O)NCC(=O)NC(CO)C(=O)N/C(=C/C)/C(=O)NC([C@H](C)CC)C(=O)NC1CS/C=C\NC(=O)C(NC(=O)C(NC1=O)CC(C)C)C(C)C)NC(=O)C(C(C)C)NC(=O)C(CC2=CC=CC=C2)NC(=O)C(CCC(=O)N)NC(=O)C(C)NC(=O)C(C(C)C)NC(=O)C(C)NC(=O)C3CCCN3C(=O)/C(=C/C)/NC(=O)C(C)N(C)C	Amino acids and Peptides|Polyketides	Oligopeptides	Cyclic peptides|Depsipeptides	false	npclassifier.gnps2.org@2026-09-07
OIRDTQYFTABQOQ-UHTZMRCNSA-N	C1=NC2=C(C(=N1)N)N=CN2[C@H]3[C@H]([C@@H]([C@H](O3)CO)O)O	Carbohydrates	Nucleosides	Purine nucleos(t)ides	false	npclassifier.gnps2.org@2026-09-07
OISJWCVQNCEVJJ-GOVWDRHBSA-N	CCC1C[C@H]2C[C@@H]3[C@H]([C@H](O)C[C@@H]4/C=C/C(O)=C5C(=O)N[C@@H](CCCNC(=O)/C=C\C[C@H]43)C5=O)[C@H]2[C@@H]1C	Amino acids and Peptides|Polyketides	Macrolides	Macrocyclic tetramic acids	false	npclassifier.gnps2.org@2026-09-07
OIXICRGCRLGQCN-KLFTUGTHSA-N	CCCCCC1CC(=O)N[C@@H](C(C)C)C(=O)N[C@H](C(O)C(C)C)C(=O)N[C@@H](C)C(=O)N[C@H](C(O)C(C)C)C(=O)N[C@@H](CCC(N)=O)C(=O)N(C)[C@@H]([C@@H](C)CC)C(=O)N[C@H](C(O)C(N)=O)C(=O)N[C@H]([C@H](C)O)C(=O)N2CCC[C@H]2C(=O)N[C@H](CC(C)C)C(=O)N[C@@H]([C@@H](C)O)C(=O)N1	Amino acids and Peptides	Oligopeptides	Cyclic peptides	false	npclassifier.gnps2.org@2026-09-07
OJCKRNPLOZHAOU-UGKRXNSESA-N	[H][C@]1(CCC[C@H]1C(O)=O)[C@]1([H])C\C=C\C=C(C#N)/[C@H](O)[C@@H](C)C[C@H](C)C[C@H](C)C[C@H](C)[C@@H](O)CC(=O)O1	Polyketides	Macrolides	Erythromycins	false	npclassifier.gnps2.org@2026-09-07
OJDXPBWKOFNPDR-YTQOOTMVSA-N	C[C@H]1C[C@H]([C@H](O[C@H]1C/C=C(\C)/C=C/[C@@H]2[C@H]([C@@]3(C[C@@](O2)(C)OCCNC(=O)CCCCCNC(=O)CCCCCNC(=O)CCCC[C@H]4[C@@H]5[C@H](CS4)NC(=O)N5)CO3)O)C)NC(=O)/C=C\[C@H](C)OC(=O)C				true	npclassifier.gnps2.org@2026-09-07
OJMMVQQUTAEWLP-KIDUDLJLSA-N	CCC[C@@H]1C[C@@H](C(N[C@H]([C@H](O)C)[C@@H]2[C@H](O)[C@H](O)[C@@H](O)[C@@H](SC)O2)=O)N(C)C1	Carbohydrates	Aminosugars and aminoglycosides	Aminoglycosides	true	npclassifier.gnps2.org@2026-09-07
OKFIHTSZDXUGQB-PGPNUJALSA-N	O=C(/C(C)=C/CCC([C@@]1([H])CN[C@H](C(O)=O)[C@H]1CC(O)=O)=C)O	Amino acids and Peptides	Small peptides	Aminoacids	false	npclassifier.gnps2.org@2026-09-07
OKGLROPOZIVCCZ-HQPKTYMTSA-N	C[C@@H](CC(=O)NC(=O)C1=COC(\C=C\CCCCCCCCC(O)=O)=CC1=O)C(O)=O	Fatty acids	Fatty Acids and Conjugates	Branched fatty acids	false	npclassifier.gnps2.org@2026-09-07
OKJNAZZAWXNJOF-CDNLDTHVSA-N	NCCCCNCCCNC(CNC([C@@H](NC(C[C@H](C[C@H]([C@@H](NC([C@@H]([C@H](N)CCCCN)NC([C@@H](NC([C@@H](C)NC([C@H](O)[C@@H](O)C[C@@H](CCCN)O)=O)=O)CNC)=O)=O)CO)O)O)=O)CNC)=O)=O	Alkaloids	Ornithine alkaloids	Polyamines	false	npclassifier.gnps2.org@2026-09-07
OKWRDLQBKAOJNC-LBPRGKRZSA-N	C[C@H]1CCCCCCCC2=CC(=CC(=C2C(=O)O1)OC)O	Polyketides	Macrolides	Zearalenones	false	npclassifier.gnps2.org@2026-09-07
OLOMGTHWMBYIQH-UHFFFAOYSA-N	C1=CC=C(C=C1)CC2(OC(=CC3=CC=CC=C3)C(=O)O2)C(=O)O	Shikimates and Phenylpropanoids			false	npclassifier.gnps2.org@2026-09-07
OLQJTQUNKZJRHG-SIMXWEICSA-N	COC(C(C)C(O)=O)C(\C)=C\C=C\C=C(/C)\C=C\CC(O)CC(=O)\C=C\C=C(/C)\C=C\C(C)NC(=O)C(C)C\C=C\CC(O)CC1=CC=C(O)C=C1	Polyketides	Linear polyketides	Open-chain polyketides	false	npclassifier.gnps2.org@2026-09-07
OMFQPKNORYZBSJ-HLYNDKHPSA-N	[H][C@]1(OC1(C)C)[C@]1([H])N2CC[C@@]34C5=C(C=CC=C15)N(C)[C@]3([H])NC1=CC=CC=C1[C@@]41CCN(C(=O)CC)[C@@]21[H]	Alkaloids	Tryptophan alkaloids	Aspidosperma type	false	npclassifier.gnps2.org@2026-09-07
OMJIEOKXBASSMV-IFENFBHBSA-N	CC[C@H](C)[C@@H]3NC(=O)[C@@H](CC(C)C)NC(=O)[C@@H](C(C)C)NC(=O)[C@H](Cc1c[nH]c2ccccc12)NC(=O)C(C(O)C(N)=O)NC(=O)[C@H](CCCN)NC3=O	Amino acids and Peptides	Oligopeptides	Cyclic peptides	false	npclassifier.gnps2.org@2026-09-07
OMRQLNQIRCTHRM-YJDILNHTSA-N	CC[C@H](C)[C@@H]1NC(=O)[C@H](NC(=O)[C@@H](C)[C@H](O)C(C)C)[C@H](C)OC(=O)[C@@H](CO)NC(=O)[C@@H](NC(=O)[C@@H](CC2=CC=CC=C2)N(C)C(=O)[C@H](NC1=O)C1=CC=C(OC)C=C1)[C@@H](C)O	Amino acids and Peptides|Polyketides	Oligopeptides	Cyclic peptides|Depsipeptides	false	npclassifier.gnps2.org@2026-09-07
OMTJOJRPQJQFEV-HHJSHYQQSA-N	COC1=CC(C[C@H]2CN(C(C)=O)[C@@H](CC3=CC=CC=C3)CN2C(=O)/C=C/C2=CC=CC=C2)=CC(OC)=C1O	Alkaloids			false	npclassifier.gnps2.org@2026-09-07
OMZUEHMZFLBHNI-PCKWUFTNSA-N	C[C@@H]1C[C@@H]([C@@H]2C3=C1C(=O)O[C@@]3(CC2(C)C)C)OC(=O)C	Terpenoids	Sesquiterpenoids	Botryane sesquiterpenoids	false	npclassifier.gnps2.org@2026-09-07
ONJZYZYZIKTIEG-CFBQITSMSA-N	CC[C@H]1C[C@H](C)[C@@]2(NC1=O)O[C@@H](C[C@H](O)[C@@H](C)CC\C=C\C=C(/C)[C@@H]1C\C=C\C=C\[C@H](O)[C@H](C)[C@@H](O)[C@@H](CCC(C)=O)C(=O)N[C@@H](C(C)C)C(=O)N[C@@H](CC3=CC(O)=CC=C3)C(=O)N3CCC[C@H](N3)C(=O)O1)[C@H](C)[C@H](O)[C@@H]2C	Amino acids and Peptides	Macrolides		false	npclassifier.gnps2.org@2026-09-07
ONMAUQRMJXNSCG-VGMNWLOBSA-N	[H][C@]12CCC(=O)[C@@]1([H])C[C@@H](CC)C=C2C(O)=O	Polyketides			false	npclassifier.gnps2.org@2026-09-07
ONOBRFRRMLDPES-BGSVYHRFSA-N	CCC(C)C(C(=O)OC(/C=C/C=C/C=C/C(=O)O)C1(CO1)C)OC(=O)C(C(C)(C)O)O				false	npclassifier.gnps2.org@2026-09-07
ONQBBCUWASUJGE-UHFFFAOYSA-N	C1CCN(C(=O)CCC(=O)NCCCCN(C(=O)CCC(=O)NC1)O)O	Amino acids and Peptides	Oligopeptides	Cyclic peptides	false	npclassifier.gnps2.org@2026-09-07
OOIYDCZXWGFDDL-VKUFQHAMSA-N	C[C@]12CCCC([C@@H]1CCC(=C)[C@@H]2C[C@]34[C@H](O3)[C@@H](C(=CC4=O)CO)O)(C)C	Polyketides|Terpenoids	Meroterpenoids	Tetraketide meroterpenoids	false	npclassifier.gnps2.org@2026-09-07
OOKZFSOXPOOYFR-XDDOSOJWSA-N	CCCCCCC[C@H]1OC(=O)CC(=O)[C@H](CC2=CC=CC=C2)N(C)C(=O)[C@H](C(C)C)OC(=O)[C@H]1C	Amino acids and Peptides|Polyketides	Oligopeptides	Depsipeptides|Lipopeptides	false	npclassifier.gnps2.org@2026-09-07
OORNONOEAPJBHY-IXVWJLNKSA-N	C/C=C1\NC(=O)[C@@H](CC)NC(=O)CNC(=O)[C@](C)(C(C)=O)NC(=O)[C@H](CC2=CNC3=C2C(OC)=C(O)C=C3)NC(=O)C2=CSC(=N2)[C@@H](C)NC(=O)CN(C)C1=O	Amino acids and Peptides	Oligopeptides	Cyclic peptides	false	npclassifier.gnps2.org@2026-09-07
OOTQTRXEOBAJEW-UCTNKHALSA-N	CC1=C(C(=O)CCCCCC/C=C/C=C/[C@H](C)C(=O)C[C@H](O)CC2CC(=O)NC(=O)C2)C(=O)OC1O	Alkaloids	Lysine alkaloids	Piperidine alkaloids	true	npclassifier.gnps2.org@2026-09-07
OPGSFDUODIJJGF-DVODSNNVSA-N	CC1/C=C/C=C/C=C/C=C/C=C/C=C/C=C/C(CC(C(C(CC(=O)CC(CC(CC(CC(=O)CCCC(=O)CC(=O)OC1C(C)CC(C)C(CC(=O)C2=CC=C(C=C2)N)O)O)O)O)O)C(=O)O)O)OC3C(C(C(C(O3)C)O)N)O	Polyketides	Macrolides	Polyene macrolides	true	npclassifier.gnps2.org@2026-09-07
OPMNROCQHKJDAQ-JAFIHTMFSA-N	CNC1[C@H]2CN3C1[C@@H](O2)CC3	Alkaloids	Ornithine alkaloids	Pyrrolizidine alkaloids	false	npclassifier.gnps2.org@2026-09-07
OPNOLPXASWDPNP-HEDCXWCHSA-N	CC[C@@H]1C(=CC[C@@H](O1)/C(=C/[C@H](C)/C=C/[C@H]2CC(=C(C(=O)O2)C)OC)/C)C	Terpenoids			false	npclassifier.gnps2.org@2026-09-07
OPQNCARIZFLNLF-JBHFWYGFSA-N	C[C@@H]1[C@@H]2C[C@]([C@@H](/C=C/C=C(/CC3=CC(=C(C(=C3)OC)Cl)N(C(=O)C[C@@H]([C@]4([C@H]1O4)C)OC(=O)C(C)C)C)\C)OC)(NC(=O)O2)O	Polyketides	Macrolides	Ansa macrolides	false	npclassifier.gnps2.org@2026-09-07
OQBVBRTUEKMEAX-LKOMEXITSA-N	C[C@@H]1C[C@]2([C@@H](OC(=O)O2)C)[C@H]([C@@H](O1)OC3C(CC(C(=O)CCC4C(O4)C(C(OC(=O)/C=C/C3C)C)CO[C@H]5[C@@H]([C@@H]([C@@H]([C@H](O5)C)O)OC)OC)C)C)O	Polyketides	Macrolides	Tylosins	true	npclassifier.gnps2.org@2026-09-07
OQGLEJSXKJQIPM-IQLGBCCESA-O	CCCCCCCCCCCCCCCCCCCC(=O)N(CCCC[C@@H](C(=O)O[C@H](C)CC(=O)N[C@H]1CCCCN(C1=[OH+])O)NC(=O)[C@H]2COC(=N2)C3=CC=CC=C3O)O.[Fe]	Amino acids and Peptides|Polyketides	Oligopeptides	Depsipeptides|Linear peptides|Lipopeptides	false	npclassifier.gnps2.org@2026-09-07
OQIQSTLJSLGHID-WNWIJWBNSA-N	COc1cc2c(c3oc(=O)c4c(c13)CCC4=O)[C@@H]1C=CO[C@@H]1O2	Polyketides|Shikimates and Phenylpropanoids	Chromanes|Coumarins	Aflatoxins|Simple coumarins	false	npclassifier.gnps2.org@2026-09-07
OQJGVHFFWCZBBJ-BLBCACECSA-N	C\C=C(/C)C(O)C(C)\C=C\C=C(/C)CCC(O)CC1=C(C)C(=O)C(C)(O)O1	Polyketides	Linear polyketides	Open-chain polyketides	true	npclassifier.gnps2.org@2026-09-07
OQMAKWGYQLJJIA-CUOOPAIESA-N	CCCCCC[C@H]1[C@H](C[C@H](C\C=C/C\C=C/CCCCC)OC(=O)[C@H](CC(C)C)NC=O)OC1=O	Polyketides			false	npclassifier.gnps2.org@2026-09-07
OQMYRVPMCIOFHL-UHFFFAOYSA-N	COC1=CC=CC2=C1NC(O)C1CC(C=CC(=O)N(C)C)=CN1C2=O	Alkaloids	Anthranilic acid alkaloids	Benzodiazepine alkaloids	false	npclassifier.gnps2.org@2026-09-07
OQRILZSNZMAVTK-MZAOIEPISA-N	CC(/C=C/CC/C=C/C=C/C=C(\C)/C(=O)O)C(C(C)C(/C=C/C=C/C=C/C=C/C=C/C=C/CC(C(C)C(=O)CC(CC(/C=C/CC(CC(CC(/C=C/CC(CC(/C=C/CC(CC(CCCN=C(N)N)O)O)O)O)O)O)O)O)O)OS(=O)(=O)O)O)O	Fatty acids	Fatty Acids and Conjugates	Unsaturated fatty acids	false	npclassifier.gnps2.org@2026-09-07
OQVKCEVXGNJSOO-VXPUYCOJSA-N	CCCCCCC/C=C\C(O)CC(=O)NC(CC(C)C)C(=O)NC(CC(=O)O)C(=O)NC1C(=O)NC(CC(C)C)C(=O)NC(CC(C)C)C(=O)NC(CO)C(=O)NC(CC(C)C)C(=O)NC(C(C)C)C(=O)OC1C	Amino acids and Peptides|Polyketides	Oligopeptides	Cyclic peptides|Depsipeptides|Lipopeptides	false	npclassifier.gnps2.org@2026-09-07
ORBSYPFBZQJNJE-UHFFFAOYSA-N	CN1CC(CC2C1CC3=CNC4=CC=CC2=C34)C(=O)O	Alkaloids	Tryptophan alkaloids	Ergot alkaloids	false	npclassifier.gnps2.org@2026-09-07
ORFKHCALHZTTTL-LRUVWLFWSA-N	CCCCCCCCCCCCCCCCCCCCCCCCCCCCCC(CC(=O)N[C@H](CC1=CC=CC=C1)C(=O)N[C@H]([C@@H](C)OC2[C@@H]([C@@H]([C@@H]([C@@H](O2)C)O)O)O[C@H]3[C@@H]([C@@H]([C@H]([C@@H](O3)C)O)O[C@H]4[C@@H]([C@H]([C@H]5[C@H](O4)CO[C@](O5)(C)C(=O)O)OC)O)O)C(=O)N[C@H](C)C(=O)N[C@@H](C)COC6[C@@H]([C@@H]([C@H]([C@@H](O6)C)OC)OC)O)O.O	Fatty acids			true	npclassifier.gnps2.org@2026-09-07
ORGPJBCXHIHCRV-YYNSTCJCSA-N	CO[C@H]1[C@H](O[C@H]2C[C@@](C)([C@H](O[C@H]3C[C@](C)(O)[C@@H]([C@H](C)O3)N(C)C)[C@H](C)O2)N(C)C)C2=C(C=C3C(=O)C4=C(C(O)=CC(OC)=C4)C(=O)C3=C2O)C(=O)[C@@]1(C)O	Polyketides	Polycyclic aromatic polyketides	Anthracyclines	true	npclassifier.gnps2.org@2026-09-07
ORRFIXSGNXBETO-YCAZZDSTSA-N	CCCCCCC[C@@H](C/C=C/CCC(=O)N(C)C/C(=C\Cl)/[C@]12[C@H](O1)C[C@@H]([C@@H](C2=O)C)O)OC	Amino acids and Peptides	Oligopeptides	Lipopeptides	false	npclassifier.gnps2.org@2026-09-07
OSERMIPXNLXAPD-MJMYBOKFSA-N	CC[C@H]1[C@@H](C[C@](O[C@@H]1C)(O)[C@H]([C@H](O)[C@@H]([C@H]2OC(=O)/C=C/C=C/[C@@H]([C@H](OC(=O)/C=C/C=C/[C@@H]2C)[C@H]([C@@H](O)[C@@H]([C@@]3(O[C@@H]([C@H]([C@@H](C3)O[C@@H]4O[C@H]([C@H]([C@H](C4)O)O)C)CC)C)O)C)C)C)C)C)O[C@@H]5O[C@H]([C@H]([C@H](C5)O)O)C	Polyketides	Macrolides	Bafilomycins	true	npclassifier.gnps2.org@2026-09-07
OSICWVVWEXKSBD-LFAYTRTRSA-N	C[C@H]1CN(C)[C@@H]2CC3=C(NC4=CC=CC([C@H]2[C@H]1OC(C)=O)=C34)C(C)(C)C=C	Alkaloids	Tryptophan alkaloids	Ergot alkaloids	false	npclassifier.gnps2.org@2026-09-07
OTABDKFPJQZJRD-XKZALBOYSA-N	CC(CCCCC(O)=O)\C=C(/C)C1OC2C\C=C\CC\C=C\C(O)C(O)[C@H]3C[C@H](O)C(C)C(C\C=C\[C@@H]4O[C@@H]5C[C@@H](O[C@@H]5\C=C\C=C/C=C\C(=O)OC1C=C2)[C@H]4C)O3	Polyketides	Macrolides	Polyene macrolides	false	npclassifier.gnps2.org@2026-09-07
OTAMFIXIIUUMKV-JGMWFTNYSA-N	C[C@@H](NC(=O)[C@@]1(C)COC(=N1)C1=CN(C)C2=CC(Cl)=C(C)C(O)=C12)C(=O)N[C@@H](CO)C(O)=O	Amino acids and Peptides	Small peptides	Tripeptides	false	npclassifier.gnps2.org@2026-09-07
OTKPPUXRIADSGD-PPRNARJGSA-N	C[C@H]1[C@@H]([C@@H](C[C@@H](O1)O[C@H]2[C@H]3C(=O)N[C@@H](C4=CC(=CC(=C4C5=C(C=CC(=C5)[C@H](C(=O)N3)NC(=O)[C@H]6C7=CC(=C(C(=C7)OC8=C(C=C2C=C8)Cl)O[C@H]9C([C@H]([C@@H]([C@H](O9)CO)O)O)O[C@H]1C[C@H]([C@H]([C@@H](O1)C)O)N)OC1=CC=C(C=C1)[C@H]([C@H](C(=O)N[C@H](C(=O)N6)C1=CC=C(C=C1)O)NC(=O)[C@@H](C1=CC=C(C=C1)O[C@H]1[C@@H]([C@@H]([C@H]([C@@H](O1)C)O)O)O)NC)O)O)O)O)C(=O)O)N)O	Amino acids and Peptides	Oligopeptides	Vancomycins and Teicoplanins	true	npclassifier.gnps2.org@2026-09-07
OTLRZZMUVKJCDO-UHFFFAOYSA-N	CC(C)=CCC1=CC2=C(C=C1)[NH]C=C2CC#N	Alkaloids	Tryptophan alkaloids	Simple indole alkaloids	false	npclassifier.gnps2.org@2026-09-07
OTNYCNDIGKWKTO-KOJVWQQKSA-N	CCCC1=CC=C(OC1=O)[C@H](C)[C@H](O)C(\C)=C\C\C=C(/C)C\C(C)=C\C(\C)=C\C[C@@H](O)[C@@H](C)[C@H](O)C(\C)=C\C	Polyketides	Linear polyketides	Open-chain polyketides	false	npclassifier.gnps2.org@2026-09-07
OTQYFFWXHRPTBY-DAUCKHFQSA-N	C=C(C)CC(=O)N/C=C/C(C)=C/[C@@H](C)[C@H]1C/C(C)=C/C=C/CC[C@H](OC(N)=O)[C@@H](O)/C=C/[C@@H](O)CCC/C=C/C(=O)O1	Polyketides	Macrolides	Macrolide lactams	false	npclassifier.gnps2.org@2026-09-07
OTRRZLYYKZUVRM-UHFFFAOYSA-N	CC(=O)N1C2=CC=CC=C2NC2=C1C=CC=C2C(O)=O	Alkaloids	Anthranilic acid alkaloids	Phenazine alkaloids	false	npclassifier.gnps2.org@2026-09-07
OTULWMXLCWGWNJ-HVMOYWOSSA-N	C/C=C(\C)/C(=O)O[C@H]1[C@@H]([C@H](O[C@@H]([C@@H]1O)O[C@@H]2[C@H](O[C@@H]([C@@H]([C@H]2O)O)OC(=O)/C(=C/C)/C)CO)CO)O	Terpenoids	Monoterpenoids		true	npclassifier.gnps2.org@2026-09-07
OTVIJJKBILNRLT-WPQQXQCVSA-N	CCCCCCCCCCCC1=CC(=C(C(=C1)O[C@H]2[C@@H]([C@H]([C@@H](CO2)O)O)O)CCCCCC(CCCCCC)Cl)O	Polyketides	Alkylresorcinols	Dialkylresorcinols	true	npclassifier.gnps2.org@2026-09-07
OTZKSODHAKYYOG-ZMKDHLFFSA-N	C[C@H]1[C@@H]([C@H](C[C@@H](O1)O[C@@H]2[C@H]([C@@H]([C@H](O[C@H]2OC3=C4C=C5C=C3OC6=C(C=C(C=C6)[C@H]([C@H]7C(=O)N[C@@H](C8=C(C(=CC(=C8)O)O)C9=C(C=CC(=C9)[C@H](C(=O)N7)NC(=O)[C@@H]5NC(=O)[C@@H](NC(=O)[C@@H]([C@@H](C1=CC=C(O4)C=C1)O)NC(=O)[C@@H](C1=CC(=C(C=C1)O)Cl)N)CC1=CC=CC=C1)O)C(=O)O)O[C@H]1C[C@@H]([C@H]([C@@H](O1)C)OC)N)Cl)CO)O)O)N)O	Amino acids and Peptides	Oligopeptides	Vancomycins and Teicoplanins	true	npclassifier.gnps2.org@2026-09-07
OUCYENMKGCGOOQ-SYULUIEFSA-N	CCCC(CC(=O)OC1[C@H]([C@@H](C(O[C@H]1O[C@H]2[C@@H](C([C@@H](OC2COC(=O)C)OCC(CCCCCCCCCCCCC(C(=O)O)O)O)O)O)CO)O)O)O	Fatty acids	Fatty acyl glycosides	Fatty acyl glycosides of mono- and disaccharides	true	npclassifier.gnps2.org@2026-09-07
OUGJGNKKLVPBBE-XOWHIZSUSA-N	[H][C@](NC(=O)[C@@H](CCCN)NC(=O)C(CC(C)C)NC(=O)C(\NC(=O)[C@@H](O)[C@@H](C)CC)=C/C)([C@@H](C)CC)C(=O)N[C@@H](C(C)C)C(=O)N[C@@H](C(C)C)C(=O)NC(CCCCN)C(=O)N[C@@H](C(C)C)C(=O)NC(CC(C)C)C(=O)NC(CCCCN)C(=O)N[C@H](CC1=CC=C(O)C=C1)C(=O)NC(CC(C)C)C(=O)N[C@H](CO)C(C)C	Amino acids and Peptides	Oligopeptides	Linear peptides	false	npclassifier.gnps2.org@2026-09-07
OVLRNGJHUUCIHT-LLBDNSMRSA-N	C[C@H]\1CC[C@@H]/2/C1=C/C/C(=C/C[C@@]3(CC[C@H]([C@H]3C/C=C2/C)C(C(=O)O)C(=O)O)C)/C	Terpenoids	Sesterterpenoids	Betaestacin-type sesterterpenoids	false	npclassifier.gnps2.org@2026-09-07
OVMCOCUPINBXRQ-UHFFFAOYSA-K	C=CC1=CC=C(C=C1)OC(=O)C2=CC(=C(C=C2)[O-])N=O.C=CC1=CC=C(C=C1)OC(=O)C2=CC(=C(C=C2)[O-])N=O.C=CC1=CC=C(C=C1)OC(=O)C2=CC(=C(C=C2)[O-])N=O.[Na+].[Fe+2]	Shikimates and Phenylpropanoids	Phenolic acids (C6-C1)	Bagremycins|Shikimic acids and derivatives|Simple phenolic acids	false	npclassifier.gnps2.org@2026-09-07
OVMLMUNGWBNVBW-UUSOHVMFSA-N	O=C(C)/C=C1OC2=C(C(O[C@H](CC(O)=O)C3)=C\1)C3=CC4=C2C(O)=CC=C4	Shikimates and Phenylpropanoids	Coumarins		false	npclassifier.gnps2.org@2026-09-07
OVMUGRSUGHRYEC-LFIVYKEGSA-N	CO[C@H]1[C@@H](OC2\C=C/C=C/C3=COC(=N3)C(C)C(CC(O)\C=C\C=C\C=C/C(C)C(OC(=O)\C=C/C=C/C=C\C(\C)=C\C2C)C(C)C(O)CC(C)O)OC)O[C@H](C)[C@@H](O)[C@@H]1OC	Polyketides	Macrolides	Macrolide lactones	true	npclassifier.gnps2.org@2026-09-07
OVNQNQOVBVQZCE-UHFFFAOYSA-N	CC(C)C1=NC=C(NC1=O)CC2=CC=C(C=C2)O	Alkaloids|Amino acids and Peptides	Nicotinic acid alkaloids|Tetramate alkaloids|Peptide alkaloids	Pyrazine and Piperazine alkaloids|Pyridine alkaloids	false	npclassifier.gnps2.org@2026-09-07
OVSHQZFCTMVIGN-NCEIQCSJSA-N	O=C1C=C(O)C(C2=CC(O[C@H]3O[C@H](C)[C@@H](O)[C@H](O)[C@@H]3O)=CC(O)=C21)=O	Polyketides	Naphthalenes	Naphthoquinones	true	npclassifier.gnps2.org@2026-09-07
OVXPEDNPPMVUNR-UHFFFAOYSA-N	CC(C)=CCNC1=NC=NC2=C1[NH]C(=O)[NH]2	Alkaloids	Pseudoalkaloids	Purine alkaloids	false	npclassifier.gnps2.org@2026-09-07
OWGDONWQBHBJKL-QPUJVOFHSA-N	CC(C)C[C@H](O)[C@@H]1OC2=C(O1)C(=O)NC(C)=C2	Alkaloids	Nicotinic acid alkaloids	Pyridine alkaloids	false	npclassifier.gnps2.org@2026-09-07
OWMICGQRWGEBSE-DAFODLJHSA-N	O=C(/C=C/C1=C(O)C=CC(C(=O)C2=CC(Cl)=C(Cl)[NH]2)=C1O)C1=CC(Cl)=C(Cl)[NH]1	Alkaloids	Proline alkaloids	Pyrrole alkaloids	false	npclassifier.gnps2.org@2026-09-07
OWPCHSCAPHNHAV-QIPOKPRISA-N	C[C@@H]1/C=C/[C@@H]2[C@](O2)([C@H](C[C@H](OC(=O)[C@H]3[C@@H](O3)C[C@@H]4C[C@H]1OC(=O)C4)[C@H](C)[C@H](/C(=C/C=C/C(=C/C5=COC(=N5)C)/C)/C)OC)O)C	Amino acids and Peptides|Polyketides	Macrolides	Rhizoxins	false	npclassifier.gnps2.org@2026-09-07
OWRAZHDHNJAEKU-NMCWGSMOSA-N	C[C@H]1\C=C\C=C/C(=O)NC2=C(C)C(=O)C3=C(C(O)=C(C)C(O)=C3C2=O)C(=O)\C(C)=C\[C@H](C)[C@H](O)[C@@H](C)[C@@H](O)[C@H](C)[C@H](O)[C@H](C)[C@H]1O	Polyketides	Macrolides	Ansa macrolides	false	npclassifier.gnps2.org@2026-09-07
OWRCRVABZYJUES-AWECJWJISA-N	COC1=CC(=O)C2=C(C(C)=C3CC4(O)C(O[C@H]5CC[C@H](O[C@H]6C[C@@](C)(O)[C@H](OC(=O)C7=C(C)C=CC(C)=C7O)[C@H](C)O6)[C@@H](C)O5)C(=O)\C(=C(\C)O)C(=O)C4(O)C(=O)C3=C2O)C1=O	Polyketides	Polycyclic aromatic polyketides	Anthraquinones and anthrones	true	npclassifier.gnps2.org@2026-09-07
OWRDBHAORITUMQ-NUPLKXSGSA-N	CC(C)[C@H](N)C(=O)NC(C1CC(O)C2CN12)C(O)=O	Amino acids and Peptides	Small peptides	Dipeptides	false	npclassifier.gnps2.org@2026-09-07
OWYJGJDERIGZOT-OEWGAXMZSA-N	CC[C@H](C)[C@@H]1NC(=O)[C@H](C(C)C)NC(=O)[C@H](C(C)C)NC(=O)[C@H](CC(C)C)NC(=O)C[C@@H](C(=O)N[C@@H](CC2=C[NH]C3=CC=CC=C23)C(=O)N[C@@H](CC(N)=O)C(=O)N[C@@H](C)C(=O)N2CCC[C@H]2C(=O)NCC(=O)N[C@@H](CC2=C[NH]C3=CC=CC=C23)C(=O)N[C@@H](CC2=CC=CC=C2)C(=O)O)NC(=O)[C@H](C)NC(=O)[C@H](CCC(N)=O)NC(=O)[C@H](C(C)C)NC1=O	Amino acids and Peptides	Oligopeptides	Cyclic peptides	false	npclassifier.gnps2.org@2026-09-07
OXBKRYKWMRJSMZ-JCTAFSBOSA-N	C[C@H]1CC=CC=C(C)C=C(C)C=C\C=C/[C@H](O)C[C@H](O)[C@@H](O)[C@H](O)[C@@H](C)C=CC=CC=CC(=O)N1	Amino acids and Peptides|Polyketides	Macrolides	Macrolide lactams	false	npclassifier.gnps2.org@2026-09-07
OXBKRYKWMRJSMZ-LLGQQDJPSA-N	C[C@H]1CC=CC=C(C)C=C(C)C=C\C=C\[C@H](O)C[C@H](O)[C@@H](O)[C@H](O)[C@@H](C)C=CC=CC=CC(=O)N1	Amino acids and Peptides|Polyketides	Macrolides	Macrolide lactams	false	npclassifier.gnps2.org@2026-09-07
OXFYAOOMMKGGAI-JLTOUBQASA-N	CC[C@@H]1[C@@H](/C=C/C(=O)[C@@H](C[C@@H]([C@@H]([C@H](C(=O)[C@H](C(=O)O1)C)C)O[C@H]2[C@@H]([C@H](C[C@H](O2)C)N(C)C)O)C)C)C	Polyketides	Macrolides	Erythromycins	true	npclassifier.gnps2.org@2026-09-07
OXIZCSDNJBDETD-AIONVLLNSA-N	[H][C@@]1(NC(=O)[C@@H](CCN)NC(=O)[C@@H](CCO)NC(=O)CNC(=O)[C@H](CCN)NC(=O)[C@@H](COC(=O)[C@]([H])(NC(=O)[C@H](NC(=O)\C(NC1=O)=C\C)[C@@H](O)C(O)=O)[C@@H](O)CCl)NC(=O)C[C@@H](O)CCCCCCCCCCCCC)[C@@H](C)O	Amino acids and Peptides|Polyketides	Oligopeptides	Cyclic peptides|Depsipeptides|Lipopeptides	false	npclassifier.gnps2.org@2026-09-07
OYHPNVXZUBWKJE-ZYAMHZMNSA-N	CC[C@H](C)[C@@H]1NC(=O)[C@@H](CCC(N)=O)NC(=O)CNC(=O)[C@H](CC2=CC=C(O)C=C2)\N=C\[C@H](CC2=CC=CC=C2)NC(=O)[C@@H]2C[C@H](C)CN2C(=O)[C@H](CO)NC1=O	Amino acids and Peptides	Oligopeptides	Cyclic peptides	false	npclassifier.gnps2.org@2026-09-07
OYOKHBHOTQDIPM-UESXVERFSA-N	C[C@@H](\C=C(/C)C1OC(=O)\C=C\CC\C=C\C=C/[C@@H]1C)C(=O)C[C@H](O)CC1CC(=O)NC(=O)C1	Alkaloids	Lysine alkaloids	Piperidine alkaloids	false	npclassifier.gnps2.org@2026-09-07
OYTQSMBCAGAVPM-ZPHWGQGBSA-N	OC(/C=C/C=C(\C=C\C=C([C@@H](O)[C@H](C(O)=O)C)/C)C)=O	Fatty acids	Fatty Acids and Conjugates	Branched fatty acids	false	npclassifier.gnps2.org@2026-09-07
OYVAGSVQBOHSSS-UAPAGMARSA-O	CC1=C(N=C(N=C1N)[C@H](CC(=O)N)NC[C@@H](C(=O)N)N)C(=O)N[C@@H]([C@H](C2=CN=CN2)O[C@H]3[C@H]([C@H]([C@@H]([C@@H](O3)CO)O)O)O[C@@H]4[C@H]([C@H]([C@@H]([C@H](O4)CO)O)OC(=O)N)O)C(=O)N[C@H](C)[C@H]([C@H](C)C(=O)N[C@@H]([C@@H](C)O)C(=O)NCCC5=NC(=CS5)C6=NC(=CS6)C(=O)NCCC[S+](C)C)O	Amino acids and Peptides	Oligopeptides	Bleomycins|Linear peptides	true	npclassifier.gnps2.org@2026-09-07
OYVAGSVQBOHSSS-UHFFFAOYSA-O	CC1=C(N=C(N=C1N)C(CC(=O)N)NCC(C(=O)N)N)C(=O)NC(C(C2=CN=CN2)OC3C(C(C(C(O3)CO)O)O)OC4C(C(C(C(O4)CO)O)OC(=O)N)O)C(=O)NC(C)C(C(C)C(=O)NC(C(C)O)C(=O)NCCC5=NC(=CS5)C6=NC(=CS6)C(=O)NCCC[S+](C)C)O	Amino acids and Peptides	Oligopeptides	Bleomycins|Linear peptides	true	npclassifier.gnps2.org@2026-09-07
OYXUFBCXEHRKBW-UXIGCNINSA-N	C[C@]12CC3=C(C(=O)C4=C(C=CC=C4O)O3)[C@@H](C(=O)O1)[C@H]2O	Polyketides	Chromanes	Chromones	false	npclassifier.gnps2.org@2026-09-07
OZJJAQYSQJUODF-UHFFFAOYSA-O	CCCCCCCC(O)CC(O)(C(=O)O)C(=O)NC(C)C(=O)NCCC(O)(C(=O)O)C(=O)NC(C)C1=NC(C(=O)NCC(=O)NC(C)C(=O)NCC(=O)NC2CC3=CC(O)=C(O)C=C3[N+](C)(C)C2)=CS1	Amino acids and Peptides	Oligopeptides	Lipopeptides	false	npclassifier.gnps2.org@2026-09-07
OZKCIHASMKWRDZ-GNTUBIQZSA-N	CC(C)=C[C@H]1C/C(=C/CC/C(C)=C/[C@H]2C/C(=C/CCC(C)CC(=O)C3=CC4=CC=CC=C4[N+]([O-])=C3C)CO2)CO1	Terpenoids	Sesterterpenoids		false	npclassifier.gnps2.org@2026-09-07
OZNJASPWHDSQSG-UXIIZGGPSA-N	CC[C@H](C)[C@@H]1NC(=O)[C@H](NC(=O)CNC(=O)[C@H](C)[C@H](O)[C@@H](NC(=O)[C@H](CCC(N)=O)NC(=O)[C@H](NC(=O)CC(N)C[C@H](O)[C@@H](NC(=O)[C@@H](O)CC2=CC=CC=C2)[C@H](O)C2=CC=C(OC)C=C2)[C@@H](C)O)[C@@H](C)OC(=O)[C@@H]([C@@H](C)CC)N(C)C(=O)[C@@H](CC(N)=O)NC1=O)C(C)C(O)=O	Amino acids and Peptides|Polyketides	Oligopeptides	Cyclic peptides|Depsipeptides	false	npclassifier.gnps2.org@2026-09-07
OZNSZJGTTJTCMJ-UHFFFAOYSA-N	CCCCCCCC(O)CC(=O)NC(CC(C)C)C(=O)NC(CC(C)C)C(=O)NC(CCC(N)=O)C(=O)NC(CC(C)C)C(=O)NC(C(=O)NC(C(=O)NC(CC(C)C)C(=O)NC(CC(C)C)C(=O)O)C(C)C)C(C)O	Amino acids and Peptides	Oligopeptides	Linear peptides	false	npclassifier.gnps2.org@2026-09-07
OZPNLJQULOIOGU-UPABGHPRSA-N	[H][C@@]12NC3=CC=C(C=C3[C@]1(O)C[C@@H]1N2C(=O)[C@H](NC(=O)[C@H](CC(C)C)NC(=O)[C@H]2C[C@@H](O)CNN2C(=O)[C@@H](OC(=O)[C@H](NC1=O)C(C)C)C(C)C)[C@H](C)O)C1=CC=C2N[C@@]3([H])N4[C@@H](C[C@@]3(O)C2=C1)C(=O)N[C@H](C(C)C)C(=O)O[C@@H](C(C)C)C(=O)N1NC[C@H](O)C[C@@H]1C(=O)N[C@@H](CC(C)C)C(=O)N[C@H]([C@H](C)O)C4=O	Amino acids and Peptides	Oligopeptides	Cyclic peptides|Depsipeptides	false	npclassifier.gnps2.org@2026-09-07
OZVOBKXDCXNUSY-RKJPRKFASA-N	CC1C(=O)/C(=C/C=CCC[C@@H]2C[C@@H](C=C(C2=O)NC1=O)O)/C	Polyketides	Macrolides	Ansa macrolides	false	npclassifier.gnps2.org@2026-09-07
OZZLZFXDNDCIOU-UHFFFAOYSA-N	C1CN(C(=O)CCC(=O)NCC(CCN(C(=O)CCC(=O)NCC1O)O)O)O	Amino acids and Peptides	Oligopeptides	Cyclic peptides	false	npclassifier.gnps2.org@2026-09-07
OZZPJWGWLXYCFI-KBPBESRZSA-N	NC1=NC2=C([NH]C(C3=CC4=CC(=C3O)OC3=CC=C(C=C3)C[C@H]3CN[C@H](CN3)C4)=N2)C(=O)[NH]1	Alkaloids	Tetramate alkaloids	Pyrazine and Piperazine alkaloids	false	npclassifier.gnps2.org@2026-09-07
PAROOMSTOZHNDQ-HFHAKLMTSA-N	CC(C(=O)O)=C1CC(C)(C)C[C@@H]2[C@@H]1C[C@@H](O)[C@@H]2C	Terpenoids	Sesquiterpenoids	Protoilludane sesquiterpenoids	false	npclassifier.gnps2.org@2026-09-07
PBBKVCVGOJSEOQ-XAYXJRQQSA-N	OC1=C(CCCCCCCCCCCCC(C)C)C=C(OC/C=C(CC/C=C(C)/C)\C)C=C1OC	Terpenoids			false	npclassifier.gnps2.org@2026-09-07
PBFVZISIBPPZNE-RGEXLXHISA-N	CC(N)C(=O)N(C)C(C)C(NC(=O)C(C)NC(=O)NC(CC1=CNC2=C1C=CC=C2)C(O)=O)C(=O)N\C=C1\CC(O)C(O1)N1C=CC(=O)NC1=O	Amino acids and Peptides	Oligopeptides	Linear peptides	false	npclassifier.gnps2.org@2026-09-07
PBGNPVWDTRYFBH-GSOXOQHNSA-N	C/C=C/C=C\C=C\C=C/C1=CC=CC=C1[C@@H](CC(=O)O)[C@@H]1C=C/C(=C\CC(=O)O)[C@@H](/C=C\C=C\C=C/C=C/C)C1	Polyketides	Linear polyketides		false	npclassifier.gnps2.org@2026-09-07
PBMWGTZJDVBFGK-XSPGZUFDSA-N	C[C@H]1[C@H]2[C@@H](NC(=O)[C@@]23[C@@H](/C=C(\CCCC(/C=C\C3=O)O)/C)C=C1C)CC(C)C	Alkaloids	Pseudoalkaloids	Cytochalasan alkaloids	false	npclassifier.gnps2.org@2026-09-07
PBPRFAHEEMSBKU-UHFFFAOYSA-N	CCCCCCCCCCCC(=O)N(O)CCCNC(=O)CC(O)(CC(=O)NCCCN(O)C(C)=O)C(=O)O	Alkaloids	Ornithine alkaloids		false	npclassifier.gnps2.org@2026-09-07
PBXVYKHISUQHKY-UHFFFAOYSA-N	OC1=C(O)C=C2C=C([N+]#[C-])C(=O)OC2=C1	Shikimates and Phenylpropanoids	Coumarins	Simple coumarins	false	npclassifier.gnps2.org@2026-09-07
PCCPGPMTZJOQFC-PGRDOPGGSA-N	CN1[C@H](C(=O)N([C@](C1=O)(CC2=CC=CC=C2)O)C)CC3=CNC4=C3C(=CC=C4)[N+](=O)[O-]	Alkaloids|Amino acids and Peptides	Peptide alkaloids		false	npclassifier.gnps2.org@2026-09-07
PCEVLQFNPPWJEB-RFAUZJTJSA-N	C[C@@H]1CC=C2C3=C1C(=O)OC[C@]3(CC2(C)C)C	Terpenoids	Sesquiterpenoids	Lactarane sesquiterpenoids	false	npclassifier.gnps2.org@2026-09-07
PCIHXARFCRKZMV-UHFFFAOYSA-N	CC1(C)C=CC2=C(C=CC(C(CC(N)CO)=O)=C2N)O1	Terpenoids	Meroterpenoids	Merohemiterpenoids	false	npclassifier.gnps2.org@2026-09-07
PCLISEALELKADT-UHFFFAOYSA-N	CC(C)CCCCCCCCCCCCC(C(C)C(O1)=CC(O)=C(C)C1=O)=O	Polyketides	Cyclic polyketides	2-pyrone derivatives	false	npclassifier.gnps2.org@2026-09-07
PCOBOAPRWGQQGA-UHFFFAOYSA-N	CC(=O)C1=C2NC3=CC=CC=C3C2=CC(=N1)C(=O)NCCC1=CNC2=CC=CC=C12	Alkaloids	Tryptophan alkaloids	Carboline alkaloids	false	npclassifier.gnps2.org@2026-09-07
PCVKUJRMSUSDPH-DLJJVGNLSA-N	O[C@@H]([C@H](N1C(NC(C=C1)=O)=O)O/2)CC2=C\NC([C@@H](NC([C@H](C)NC(N[C@@H](CC3=CNC4=C3C=CC=C4)C(O)=O)=O)=O)[C@@H](N(C)C([C@H](CC5=CC=CC(O)=C5)NC([C@@H](N)C)=O)=O)C)=O	Amino acids and Peptides	Oligopeptides	Linear peptides	false	npclassifier.gnps2.org@2026-09-07
PCZOHLXUXFIOCF-YPQFMRJXSA-N	[H][C@]12[C@H](C[C@@H](C)C=C1C=C[C@H](C)[C@@H]2CC[C@@H]1C[C@@H](O)CC(=O)O1)OC(=O)[C@H](C)CC	Polyketides	Cyclic polyketides	Monacolins and Monacolin derivatives	false	npclassifier.gnps2.org@2026-09-07
PDPYJYDVMZXUKQ-ZFQMDJOTSA-N	CC(C)[C@H](NC(=O)[C@@H](NC(=O)C1OC(=O)C1C(C)C)C(C)C)C(O)=O	Amino acids and Peptides	Small peptides	Dipeptides	false	npclassifier.gnps2.org@2026-09-07
PDZYVFIUNSCDOC-UHFFFAOYSA-N	O=C(NCCC(N)=N)C1=CC(NC(C2=CC(NC(C3CCC(N)=N3)=O)=CN2)=O)=CN1	Alkaloids	Peptide alkaloids	Simple amide alkaloids	false	npclassifier.gnps2.org@2026-09-07
PECYDWCMECOEMQ-FHIPJIAQSA-N	CCCCCCC[C@H](O)CC(=O)N[C@H](CC(C)C)C(=O)N[C@H](CC(=O)O)C(=O)N[C@H]1C(=O)N[C@H](CC(C)C)C(=O)N[C@H](CC(C)C)C(=O)N[C@H](CO)C(=O)N[C@@H](CC(C)C)C(=O)N[C@H](CCC(N)=O)C(=O)N[C@@H](CC(C)C)C(=O)N[C@@H](C(C)C)C(=O)N[C@@H](CCC(=O)O)C(=O)O[C@@H]1C	Amino acids and Peptides|Polyketides	Oligopeptides	Cyclic peptides|Depsipeptides|Lipopeptides	false	npclassifier.gnps2.org@2026-09-07
PEOAVEOEVIQCMT-XWDGXJISSA-N	C[C@@H](CC)[C@@H]1N(C([C@@]2(C)[C@H](C[C@H](/C(C)=C/C=C/[C@H]([C@@H](C3=CC=CC=C3)OC([C@H](C(O)(C)C)NC([C@H](NC1=O)CC4=CC(Cl)=C(O)C(Cl)=C4)=O)=O)C)OC)O2)=O)C	Amino acids and Peptides|Polyketides	Oligopeptides	Cyclic peptides|Depsipeptides	false	npclassifier.gnps2.org@2026-09-07
PETUTBCLUBRRGR-QRQTUSCRSA-N	O=C1N(O)CCC[C@H]1NC([C@H](NC(CNC([C@@H](NC([C@H](NC([C@@H](NC(CNC([C@@H](CCCN(O)C(C)=O)NC([C@H](NC(C2N3C(C(NC(CCC(O)=O)=O)=CC4=CC(O)=C(O)C=C34)=NCC2)=O)CO)=O)=O)=O)[C@H](O)C)=O)[C@H](O)C)=O)CCC(N)=O)=O)=O)CO)=O	Amino acids and Peptides	Oligopeptides	Linear peptides	false	npclassifier.gnps2.org@2026-09-07
PEZSRJJADFIFPA-FXOISERTSA-N	CC1=C(/C=C/C=C/C=C/C=C/C(NC2=C(O)CCC2=O)=O)C=CC=C1	Polyketides			false	npclassifier.gnps2.org@2026-09-07
PFABSOPTZNXWOT-WACWZRQQSA-N	CO[C@@H]1[C@H](O)[C@@H](OC)[C@H](O[C@@H](C)[C@@H](O)/C=C/C=C/C=C/C(=O)[C@@H](C)[C@@H](O)[C@H](C)[C@@H]2C/C=C/C=C/C=C/[C@H](O)C(=O)/C(C)=C/C=C/C(C)=C/C=C(\C)[C@@H](O)CC(=O)O2)O[C@@H]1C	Polyketides	Macrolides	Polyene macrolides	true	npclassifier.gnps2.org@2026-09-07
PFABSOPTZNXWOT-XTQBAVOWSA-N	CO[C@@H]1[C@H](O)[C@@H](OC)[C@H](O[C@@H](C)[C@@H](O)/C=C/C=C/C=C/C(=O)[C@@H](C)[C@@H](O)[C@H](C)[C@@H]2C/C=C/C=C/C=C/[C@H](O)C(=O)/C(C)=C/C=C/C(C)=C\C=C(/C)[C@@H](O)CC(=O)O2)O[C@@H]1C	Polyketides	Macrolides	Polyene macrolides	true	npclassifier.gnps2.org@2026-09-07
PFEDQCDWQAYHCI-FJKBZWHWSA-N	NCC(N[C@@H](C[C@H](O)CNC(C[C@@H](O)CCCCCCC)=O)C(N[C@@H](CO)C(N[C@@H]1C(N[C@H](C(N[C@@H](C(C)C)C(N[C@H](C(N[C@H](C(N[C@H](C(O)=O)CCSC)=O)[C@@H](C)CC)=O)[C@H](SC1)C)=O)=O)[C@H](O)C)=O)=O)=O)=O	Amino acids and Peptides	Oligopeptides	Cyclic peptides|Depsipeptides|Lipopeptides	false	npclassifier.gnps2.org@2026-09-07
PFGOJDXPCPCBJM-OLZOCXBDSA-N	CC1=CC2=C(C(=O)C3=C(C=CC=C3O)O2)[C@@H](C(=O)O)[C@H]1O	Polyketides	Chromanes		false	npclassifier.gnps2.org@2026-09-07
PFIUOLPDUMSADF-NSHDSACASA-N	CC(C)C[C@@H](C1=CC(=CC(=O)O1)OC)NC(=O)C	Polyketides	Cyclic polyketides	2-pyrone derivatives	false	npclassifier.gnps2.org@2026-09-07
PFXJYHPNSWNJBP-UHFFFAOYSA-N	CC1=C(N=C(O1)C2CCCN2C(=O)C(C(C)C)NC(C)(C)C=C)C3=NC(=C(O3)C)C(=O)OCC=C(C)C	Amino acids and Peptides			false	npclassifier.gnps2.org@2026-09-07
PFZYFTLGJZKYNH-UHFFFAOYSA-N	c1(C)c[c@](OC)cc(c1-c1c2c(O)c3C(=O)c4c(O)cc(cc4C(C)(C)c3cc2c(Cl)c(O)c1)O)O	Polyketides	Polycyclic aromatic polyketides	Fasamycins and derivatives	false	npclassifier.gnps2.org@2026-09-07
PGBHMTALBVVCIT-VCIWKGPPSA-N	C1[C@H]([C@@H]([C@H]([C@@H]([C@H]1N)O[C@@H]2[C@@H]([C@H]([C@@H]([C@H](O2)CN)O)O)N)O[C@H]3[C@@H]([C@@H]([C@H](O3)CO)O[C@@H]4[C@@H]([C@H]([C@@H]([C@@H](O4)CN)O)O)N)O)O)N	Carbohydrates	Polyols	Amino cyclitols	true	npclassifier.gnps2.org@2026-09-07
PGBHMTALBVVCIT-VZXHOKRSSA-N	NC[C@H]1O[C@H](O[C@@H]2[C@@H](CO)O[C@@H](O[C@@H]3[C@@H](O)[C@H](N)C[C@H](N)[C@H]3O[C@H]3O[C@H](CN)[C@@H](O)[C@H](O)[C@H]3N)[C@@H]2O)[C@H](N)[C@@H](O)[C@@H]1O	Carbohydrates	Polyols	Amino cyclitols	true	npclassifier.gnps2.org@2026-09-07
PGCZNTNNZCKKFG-LJUYJRHKSA-N	CO[C@@H]1[C@H](O)[C@@H](O)[C@H](C)O[C@H]1O[C@H]1[C@H](OC)[C@](C)(O)C(=O)C2=CC3=C(C(O)=C12)C(=O)C1=C(C=CC=C1O)C3=O	Polyketides	Polycyclic aromatic polyketides	Angucyclines|Anthraquinones and anthrones	true	npclassifier.gnps2.org@2026-09-07
PGDHWOJLFUOUFT-MHRFNMCSSA-N	C1(=O)N[C@@H](CC(C)C)C(N2CCC[C@H]2C(=O)N[C@@H](CCC(=O)N)C(=O)O[C@H](C)[C@H](N(C)C(=O)/C=C/C=C/C=C/C=C/C=C/C=C/C=C/C=C/C)C(=O)N[C@@H]1C)=O	Amino acids and Peptides|Polyketides	Linear polyketides		false	npclassifier.gnps2.org@2026-09-07
PGNAYAZDEXWQEC-NNJLWSGNSA-N	CCC([C@H](C)[C@@H]([C@@H](C)[C@@H]([C@H](C)C1[C@H](/C=C/C=C/[C@H](C[C@@H](C[C@H](CC([C@@H](C2CC(C(C(O2)(C([C@@H](CC[C@@H](C[C@@H](C/C=C/C=CC(=O)O1)O)O)C)O[C@H]3C[C@H]([C@@H]([C@H](O3)CO[C@H]4[C@H]([C@H]([C@@H]([C@H](O4)C)O)O)O)O)O[C@H]5[C@@H]([C@H]([C@@H]([C@H](O5)CO)O)O)O)O)O)O)C)O[C@@H]6[C@@H]([C@H]([C@@H]([C@H](O6)CO)O)O)NC(=O)C)O)O)O)C)O)O)O[C@H]7CC[C@H]([C@H](O7)C)O[C@H]8CC[C@H]([C@H](O8)C)O[C@H]9C[C@]([C@@H]([C@@H](O9)C)O)(C)N	Polyketides	Macrolides	Macrolide lactones|Polyene macrolides	true	npclassifier.gnps2.org@2026-09-07
PGSWVIXMIVWZHN-ZSZQWLAQSA-N	O=C1[C@](C)(O)[C@@H](O)C(COC(/C=C/C=C/C)=C2)C2=C1	Polyketides	Chromanes	Azaphilones	false	npclassifier.gnps2.org@2026-09-07
PGUWWRYQXTXXKU-LPKYMUNCSA-N	CCCCCCCCCCCC(O)CC(N[C@@H](C)C(N[C@@H](CO)C(N[C@@H](C)C(NC1=CC=C(C2=NC(C3=NC(C(N[C@H](C(NC4=CC=C(C(NC5=C(OC(C)C)C(O)=C(C(NC6=CC=C(C(O)=O)C=C6)=O)C=C5)=O)C=C4)=O)CC(N)=O)=O)=CS3)=CS2)C=C1)=O)=O)=O)=O	Amino acids and Peptides	Oligopeptides	Lipopeptides	false	npclassifier.gnps2.org@2026-09-07
PGXOKPIDMWKMCN-KIMNJLMLSA-N	CO[C@H]1[C@@H](CO)O[C@@H](N2C3=C(C=CC=C3Br)C3=C4C(=O)N(C)C(=O)C4=C4C5=CC(O[C@@H]6C[C@@H](O)[C@@H](N(C)C)CO6)=C(O)C(Br)=C5NC4=C32)[C@H](O)[C@H]1O	Alkaloids	Tryptophan alkaloids	Carbazole alkaloids	true	npclassifier.gnps2.org@2026-09-07
PHKGGCKREJMKRN-VZNDOJKJSA-N	CC(C\C(C)=C\C=C\C(C)NC(=O)C1=CC=CC=C1)C=C	Polyketides			false	npclassifier.gnps2.org@2026-09-07
PHOZASLNSDMYGR-VZRGJMDUSA-N	CC(=CCC/C(=C/CC/C(=C/COC1=C(C=C2C(=C1O)CNC2=O)OC)/C)/C)C	Alkaloids	Pseudoalkaloids	Isoindole alkaloids	false	npclassifier.gnps2.org@2026-09-07
PHPIZROJYXXSHW-RNUYZUNPSA-N	CCC(C)CCCCCCCC(C)C=C(C)C=CC(=O)NCC(=O)NC1C(OP(=O)(O)OC(C(C[C@H]2O[C@H]([C@H](O)[C@@H]2O)n2ccc(=O)[nH]c2=O)OC2OC(CO)C(O)C(O)C2O)C(=O)O)OC(CO)C(O)C1O				true	npclassifier.gnps2.org@2026-09-07
PIFFQYJYNWXNGE-UHFFFAOYSA-N	CC(=O)C1=C(C(=C(C=C1O)O)C(=O)C)O	Polyketides	Phloroglucinols	Acyl phloroglucinols	false	npclassifier.gnps2.org@2026-09-07
PIHXYYPPGZULGB-UHFFFAOYSA-N	CC1=C2C(=CO1)C(=O)C3=C(C2=O)C(=C(C(=C3O)OC)O)O	Polyketides	Naphthalenes	Naphthoquinones	false	npclassifier.gnps2.org@2026-09-07
PIJVFDBKTWXHHD-HIFRSBDPSA-N	[H][C@]12N(C)CC[C@@]1(C)C1=C(C=CC(OC(=O)NC)=C1)N2C	Alkaloids	Tryptophan alkaloids	Pyrroloindole alkaloids	false	npclassifier.gnps2.org@2026-09-07
PINXDWOEFSMAHJ-TUBFJPMKSA-N	CC[C@]1(O)C[C@H]2C[C@@H]3[C@@H](C2[C@@H]1C)[C@H](O)C[C@@H]1/C=C/C(O)=C2C(=O)N[C@@H](CCCNC(=O)C=CC[C@H]13)C2=O	Amino acids and Peptides|Polyketides	Macrolides	Macrocyclic tetramic acids	false	npclassifier.gnps2.org@2026-09-07
PIVQDUYOEIAFDM-GHMZBOCLSA-N	O=N(C1=CC=C([C@H]([C@H](NC(C)=O)CO)O)C=C1)=O	Alkaloids	Pseudoalkaloids|Peptide alkaloids	Phenylalanine-derived alkaloids|Simple amide alkaloids	false	npclassifier.gnps2.org@2026-09-07
PIYWZXUZYMFZSK-DEOSSOPVSA-N	COC(=O)C1=C2C3=CNC4=C3C(=C(Cl)C=C4)[C@@]3(C=NC4=CC=C(Cl)C=C34)C2=C(N1)C(=O)OC	Alkaloids			false	npclassifier.gnps2.org@2026-09-07
PJFISHIYBBBHKP-UHFFFAOYSA-N	OC1=CC=C(CC(C(O)=O)NC(C2N(C(C(NC(C3CCCN3C(CC(CCCCCCC(Cl)Cl)N)=O)=O)CCC4=CC=C(O)C=C4)=O)CCC2)=O)C=C1	Amino acids and Peptides	Oligopeptides	Linear peptides|Lipopeptides|Microginins	false	npclassifier.gnps2.org@2026-09-07
PJKVJJDQXZARCA-LBPFJSCKSA-N	CC(OC(C)=O)\C=C/C(=O)NC1CC(C)C(C\C=C(/C)\C=C\C2OC(C)(O)CC3(CO3)C2O)OC1C	Fatty acids	Fatty amides	N-acyl amines	true	npclassifier.gnps2.org@2026-09-07
PJKVJJDQXZARCA-QHYZBLTGSA-N	C[C@H]1C[C@H]([C@H](O[C@H]1C/C=C(\C)/C=C/[C@@H]2[C@H]([C@@]3(C[C@@](O2)(C)O)CO3)O)C)NC(=O)/C=C\[C@H](C)OC(=O)C	Fatty acids	Fatty amides	N-acyl amines	true	npclassifier.gnps2.org@2026-09-07
PJVVMJIQCNHSKW-RXUIJTJXSA-N	COC1=C(O)C=C(\C=C\C2=NC(C(=O)CC3=NC(C(=O)NC\C=C\C=C)=C(C)O3)=C(C)O2)C=C1	Alkaloids			false	npclassifier.gnps2.org@2026-09-07
PKKBNJVMOIYEKD-WRHNPYGWSA-N	C[C@@H]1[C@@H](N[C@H]2C=C(CO)[C@@H](O)[C@H](O)[C@H]2O)[C@H](O)[C@@H](O)[C@@H](O[C@@H]3[C@@H](CO)O[C@H](O[C@H]4[C@H](O)[C@@H](O)[C@@H](N[C@@H]5[C@@H](C)O[C@H](O[C@@H]6[C@@H](CO)O[C@H](O[C@H]7[C@H](O)[C@@H](O)[C@@H](N[C@@H]8[C@@H](C)O[C@H](O[C@@H]9[C@@H](CO)O[C@H](O[C@H]%10[C@H](O)[C@@H](O)[C@@H](N[C@@H]%11[C@@H](C)O[C@H](O[C@@H]%12[C@@H](CO)O[C@H](O[C@@H]%13[C@@H](CO)O[C@@H](O[C@@H]%14[C@@H](CO)O[C@@H](O[C@@H]%15[C@@H](CO)O[C@@H](O)[C@H](O)[C@H]%15O)[C@H](O)[C@H]%14O)[C@H](O)[C@H]%13O)[C@H](O)[C@H]%12O)[C@H](O)[C@H]%11O)C=C%10CO)[C@H](O)[C@H]9O)[C@H](O)[C@H]8O)C=C7CO)[C@H](O)[C@H]6O)[C@H](O)[C@H]5O)C=C4CO)[C@H](O)[C@H]3O)O1	Carbohydrates	Saccharides	Polysaccharides	true	npclassifier.gnps2.org@2026-09-07
PKMNDDZSIHLLLI-UHFFFAOYSA-N	CC(=O)N(O)CCCP(O)(O)=O				false	npclassifier.gnps2.org@2026-09-07
PKRHNGBQIAOOCI-UHFFFAOYSA-N	CCC(=O)C1=C(C(C2(CC3=C(C(=O)C4=C(C3=O)C=CC=C4O)OC2C1=O)C(=O)O)OC)O	Polyketides	Naphthalenes	Naphthoquinones	false	npclassifier.gnps2.org@2026-09-07
PKVRCIRHQMSYJX-AIFWHQITSA-N	CC1=C(C(=C2[C@@H]3[C@@H]4[C@H]5C6=C([C@@H](N4[C@H]([C@@H](N3C)CC2=C1)O)COC(=O)[C@@]7(CS5)C8=CC(=C(C=C8CCN7)O)OC)C9=C(C(=C6OC(=O)C)C)OCO9)O)OC	Alkaloids	Tyrosine alkaloids	Isoquinoline alkaloids	false	npclassifier.gnps2.org@2026-09-07
PKXIVFANYVXVML-SARPBFRTSA-N	OC([C@H]1O[C@@H](O[C@H]2[C@](C(O)=O)(C)C(CC[C@]3(C)C4CC=C5[C@@]3(C)CC[C@]6(C(O[C@H]7[C@H](O[C@H]8[C@H](O)[C@H](O)[C@@H](O)[C@H](C)O8)[C@@H](O)[C@@H](O)[C@@H](C)O7)=O)C5CC(C)(C)CC6)[C@]4(C)C[C@@H]2O)[C@H](O)[C@@H](O)[C@@H]1O)=O	Terpenoids	Triterpenoids	Oleanane triterpenoids	true	npclassifier.gnps2.org@2026-09-07
PLACAFVTIFFMKX-YKBJNMKISA-N	CC(=O)N[C@H]1[C@@H](OC[C@@]2(C=O)O[C@@]23CC(C)(C)C[C@H]2[C@@H](C)CC[C@@H]23)O[C@H](CO)[C@@H](O)[C@@H]1O	Terpenoids	Sesquiterpenoids		true	npclassifier.gnps2.org@2026-09-07
PLEGMCYXNQPJNV-TYXWGSLYSA-N	C[C@H]1O[C@H](C[C@@H](OC(=O)\C=C\C=C\C=C\C=C\C(=O)NC2=C(O)C3=C(OC2=O)C(Cl)=C(O)C=C3)[C@@H]1OC(C)=O)C1=CC=C2C(=O)C34OC3(C(O)CC3(O)CC(C)=CC(=O)C43O)C(O)C2=C1O	Polyketides	Polycyclic aromatic polyketides	Angucyclines	false	npclassifier.gnps2.org@2026-09-07
PLGNVFSTPJUFKJ-UKTHLTGXSA-N	CC1=CC2/C=C(\C)CCC(O)C(O)C(O)CC(=O)C23C(=O)NC(CC(C)C)C3C1C	Alkaloids	Pseudoalkaloids	Cytochalasan alkaloids	false	npclassifier.gnps2.org@2026-09-07
PLQBGVIHNRFEKK-FGTQWKHKSA-N	C[C@@]1(N(C(=O)C2=C[C@]3(C4=CC=CC=C4N(C3=O)C)C(=O)N21)/C=C/C5=CC=CC=C5)OC	Alkaloids|Amino acids and Peptides	Peptide alkaloids	Other indole diketopiperazine alkaloids	false	npclassifier.gnps2.org@2026-09-07
PLQKHNPZPRTISL-GIUMLQGDSA-N	C/C/1=C/[C@H]2C[C@@H](C(=C2C(=O)C[C@H](CC/C=C/C[C@@H](NC(=O)/C=C\C=C1)C3=CC=CC=C3)O)O)OC	Amino acids and Peptides|Polyketides	Macrolides	Macrolide lactams|Polyene macrolides	false	npclassifier.gnps2.org@2026-09-07
PLSCDSCQUZWYJL-UHFFFAOYSA-N	CC1=C(N2CCCC2(C1=O)O)NC(=O)CC(C)C	Alkaloids			false	npclassifier.gnps2.org@2026-09-07
PLTGBUPHJAKFMA-RCZMPJGQSA-N	CO[C@H]1C[C@H](C)[C@@H](OC)C2=CC(=O)C=C(NC(=O)\C(C)=C\C=C/[C@@H](C)[C@@H](OC(N)=O)\C(C)=C\[C@H](C)[C@H]1OC)C2=O	Polyketides	Macrolides	Ansa macrolides	false	npclassifier.gnps2.org@2026-09-07
PLXPRWAMPMGJOU-SEYXRHQNSA-N	O=C(NC(C(NC(C(NC(C(NC(C(O)=O)CCCN(O)C(C)=O)=O)CO)=O)CCCN(O)C(C)=O)=O)CCCN(O)C(C)=O)CCCCCCC/C=C\CCCCCCCC	Fatty acids	Fatty amides	N-acyl amines	false	npclassifier.gnps2.org@2026-09-07
PMATZTZNYRCHOR-CGLBZJNRSA-N	CC[C@H]1C(=O)N(CC(=O)N([C@H](C(=O)N[C@H](C(=O)N([C@H](C(=O)N[C@H](C(=O)N[C@@H](C(=O)N([C@H](C(=O)N([C@H](C(=O)N([C@H](C(=O)N([C@H](C(=O)N1)[C@@H]([C@H](C)C/C=C/C)O)C)C(C)C)C)CC(C)C)C)CC(C)C)C)C)C)CC(C)C)C)C(C)C)CC(C)C)C)C	Amino acids and Peptides	Oligopeptides	Cyclic peptides|Peptaibols	false	npclassifier.gnps2.org@2026-09-07
PMIFRQOTQQDTGH-UHFFFAOYSA-P	CC(C)CC1=C([N+](=C(C(=[N+]1O)O)CC(C)C)O)O.[Fe].[Fe]	Alkaloids	Tetramate alkaloids|Peptide alkaloids	Pyrazine and Piperazine alkaloids	false	npclassifier.gnps2.org@2026-09-07
PMMQOFWSZRQWEV-RVTXXDJVSA-N	[H][C@@]12C[C@H](OC(C)=O)[C@@]3(C)OC4=C([C@H](O)[C@]3([H])[C@@]1(C)CC[C@H](OC(C)=O)[C@@]2(C)COC(C)=O)C(=O)OC(=C4)C1=CN=CC=C1	Polyketides|Terpenoids	Meroterpenoids	Triketide meroterpenoids	false	npclassifier.gnps2.org@2026-09-07
PMTCHUARAZYWIB-ORKFZHLJSA-N	CC(C)/C=C/C=C\C(=O)NCCC(=O)N[C@H](CCCN)C(=O)NC(CC(O)C1=CC=CC=C1)C(=O)NC(C(=O)N[C@@H](CC1=CC=C(O[C@@H]2OC[C@H](O)[C@H](O)[C@H]2O)C=C1)C(=O)NC1C(=O)N[C@H](CC(C)C)C(=O)N[C@@H](CC(=O)O)C(=O)NCC(=O)N[C@@H](CO)C(=O)NCC(=O)N[C@@H](CC(=O)C2=C(N)C=C(Cl)C=C2)C(=O)N[C@@H](C)C(=O)N2CCC[C@H]2C(=O)NC1C)C(O)CC(=O)O	Amino acids and Peptides	Oligopeptides	Cyclic peptides	true	npclassifier.gnps2.org@2026-09-07
PMVRUGUVXFOKRT-BCYLQURHSA-O	O=C(O1)/C=C/C[C@H](OP(OCC[N+](C)(C)C)(O)=O)/C=C/CCCCCCCCCCCCCCC[C@H]1C	Polyketides	Macrolides		false	npclassifier.gnps2.org@2026-09-07
PNJDFZNVNWQTFD-KTJJPEJQSA-N	CO[C@@H]1[C@@]2(O)N(C(=O)\C3=C\C4=C(NC5=CC=CC=C45)C(C)(C)\C=C/N3C2=O)[C@]23[C@H](C)C(C)(C)N2C2=C(C=CC=C2)[C@]13O	Alkaloids|Amino acids and Peptides	Peptide alkaloids	Indole diketopiperazine alkaloids (L-Trp, L-Trp)	false	npclassifier.gnps2.org@2026-09-07
PNLFSENKVNKKSE-UHFFFAOYSA-N	CC(C)=CCC1=CC=CC2=C1NC(=O)C2=O	Alkaloids	Tryptophan alkaloids	Simple indole alkaloids	false	npclassifier.gnps2.org@2026-09-07
PNRDFSRRPWPQQW-USHKVLGESA-N	C[C@H]([C@H]1C(=O)NCC(=O)N[C@H](C(=O)N[C@H](C(=O)N[C@H](C(=O)NCC(=O)N2CCC[C@H]2C(=O)N[C@H](C(=O)N[C@@H](C(=O)N[C@H](C(=O)N[C@H](C(=O)N[C@H](C(=O)N1)CCC(=O)N)CCSC)CC3=CC=CC=C3)CCC(=O)O)CC(=O)N)CO)CC4=CC=C(C=C4)O)CO)O	Amino acids and Peptides	Oligopeptides	Cyclic peptides	false	npclassifier.gnps2.org@2026-09-07
PNRKJHCHLDBNFZ-UOFFNAEQSA-N	CC[C@H](C)[C@H]1C(=O)N[C@H](C(=O)N[C@H](C(=O)N[C@H](C(=O)N[C@H](C(=O)NCC(=O)N[C@H](C(=O)N[C@H](C(=O)N2CCC[C@H]2C(=O)N[C@H](C(=O)N[C@H](C(=O)N[C@H](C(=O)N3CCC[C@H]3C(=O)N[C@H](C(=O)N1)CC4=CNC5=CC=CC=C54)C)CC(=O)N)CCCCN)CCCN=C(N)N)[C@@H](C)O)CC(=O)O)C)CC(C)C)CC(C)C	Amino acids and Peptides	Oligopeptides	Cyclic peptides	false	npclassifier.gnps2.org@2026-09-07
PNWJMZXCEYWQFJ-JTQLQIEISA-N	OC1=CC2=C(C(=O)N3C(Cl)=C(Cl)C=C23)C(O)=C1[C@@H]1CCC2=CC(Cl)=C(Cl)N12	Alkaloids	Ornithine alkaloids	Pyrrolizidine alkaloids	false	npclassifier.gnps2.org@2026-09-07
PNZJZIIJLGYVCU-UHFFFAOYSA-N	O=C(C(C=CC1=C2C(OC)=C(Cl)C(C(Cl)(Cl)Cl)=C1)=C2C3=O)C4=C3C(O)=C(C(OC5(OC)C)=O)C5=C4O	Polyketides	Polycyclic aromatic polyketides	Angucyclines	false	npclassifier.gnps2.org@2026-09-07
POAWNROCPSHGIZ-UHFFFAOYSA-N	COC(=O)C1=C2C(=CN1)C3=C(C4=C2C5=CC=CC=C5N4)NC6=CC=CC=C63	Alkaloids	Tryptophan alkaloids	Carbazole alkaloids|Carboline alkaloids	false	npclassifier.gnps2.org@2026-09-07
POEYRUBMWIOMTB-QPPKQEJQSA-N	[H][C@]12N[C@@H](C)C(=O)N1C1=CC=CC=C1[C@@]21C[C@@]2([H])N3C(=O)C4=C(C=CC=C4)N=C3[C@](C)(NC2=O)O1	Alkaloids	Anthranilic acid alkaloids	Quinazoline alkaloids	false	npclassifier.gnps2.org@2026-09-07
POJKUXRIPCIWMZ-SGOJMVJPSA-N	CC[C@H](C)[C@@H]1NC(=O)[C@@H](CC(C)C)NC(=O)[C@@H](CC2=CC=CC=C2)NC(=O)[C@@H](NC(=O)[C@H](CCCCN)NC(=O)[C@H](NC(=O)[C@@H](NC(=O)[C@@H](C)NC1=O)C(C)C)[C@H](C)CC)[C@@H](C)CC	Amino acids and Peptides	Oligopeptides	Cyclic peptides	false	npclassifier.gnps2.org@2026-09-07
POJZWJPTWQPKSD-XBWRGPJASA-N	O=C([C@H](C)[C@H](O)/C=C/C=C/C=C/C=C/C=C/[C@@]1(C)[C@@](CC[C@@H](C)C2)([H])[C@]2([H])C=C(C)[C@H]1/C(C)=C/C)O	Polyketides	Linear polyketides		false	npclassifier.gnps2.org@2026-09-07
PONPPNYZKHNPKZ-RYBWXQSLSA-N	C[C@@H]1[C@@H]([C@@H]([C@H]([C@@H](O1)OC2=CC=CC3=C2C4=C5C6=C(C=CC(=C6C(=O)O4)C)OC(=O)C5=C3O)O[C@@H]7[C@@H]([C@H]([C@H]([C@H](O7)C)O)OC)O)O)O	Shikimates and Phenylpropanoids	Coumarins	Simple coumarins	true	npclassifier.gnps2.org@2026-09-07
POUPLYRFPHPSJV-SJKOYZFVSA-N	COC1=C2[C@@H](CC3=C(C(O)=C4C(=O)O[C@H](C)CC4=C3)C2=C(O)C2=C1C(=O)C1=C(O)C=CC=C1C2=O)OC(C)=C	Polyketides	Polycyclic aromatic polyketides	Pradimicins	false	npclassifier.gnps2.org@2026-09-07
PPEKGEBBBBNZKS-HGRQIUPRSA-N	C1CN2C(=N)N([C@H]([C@H]3[C@]2(C1(O)O)N=C(N3)N)COC(=O)N)O	Alkaloids	Guanidine alkaloids	Saxitoxins	false	npclassifier.gnps2.org@2026-09-07
PPOCPQTXIGARKU-YKLWHMBGSA-N	CC(C)[C@@H]1OC(=O)[C@H]([C@@H](C)O)NC(=O)[C@@H]2CCCNN2C(=O)[C@H]2CCCNN2C(=O)[C@H](C)N(O)C(=O)[C@H]2CCCNN2C(=O)[C@H]1NC(=O)[C@@](C)(O)C12CCC([C@@H](C)O1)[C@@H](C)O2	Amino acids and Peptides|Polyketides	Oligopeptides	Cyclic peptides|Depsipeptides	false	npclassifier.gnps2.org@2026-09-07
PPOMLWFLRKCABK-YQDWXIMQSA-N	O=C1C2=C(C=CC(C[C@](C)(O[C@@H]3O[C@H](C)[C@@H](N)CC3)CC(O)=O)=C2O)C(C4=C(O)C=CC=C41)=O	Polyketides	Polycyclic aromatic polyketides	Angucyclines	true	npclassifier.gnps2.org@2026-09-07
PQAGMWMKVWTHJU-ATETYRDMSA-N	C/C=C\1/CN([C@@H]1C(=O)O)C(=O)[C@H]([C@@H]2[C@H]([C@H]([C@@H](O2)N3C=C(C(=O)NC3=O)CO)O)O)NC(=O)[C@H]([C@@H]([C@H](COC(=O)N)O)O)N	Carbohydrates	Nucleosides	Pyrimidine nucleos(t)ides	false	npclassifier.gnps2.org@2026-09-07
PQBMCFDITKPAFG-UHFFFAOYSA-N	CCC(CC)CC1=C(OC(C1=O)(C(C)O)O)C(=CC)CC	Polyketides	Linear polyketides	Open-chain polyketides	true	npclassifier.gnps2.org@2026-09-07
PQHCPIZEGQBDDY-UHFFFAOYSA-N	CC1=CC(=C(C2=C1C(=CC(=O)O2)OC)C3=C(C4=C(C=C(C=C4CO)OC)OC3=O)OC)OC	Shikimates and Phenylpropanoids	Coumarins	Simple coumarins	false	npclassifier.gnps2.org@2026-09-07
PQVAQGMYHVAPQH-UHFFFAOYSA-N	CCCCCCCCCCCC(=O)NC(CCCN(O)C(C)=O)C1OC(=O)C(CCCN(O)C(C)=O)NC(=O)C(CCCNC(N)=O)NC(=O)C(CCCN)NC(=O)C(CO)NC(=O)C(C(O)C(=O)O)NC(=O)C1C	Amino acids and Peptides|Polyketides	Oligopeptides	Cyclic peptides|Depsipeptides|Lipopeptides	false	npclassifier.gnps2.org@2026-09-07
PQVIKROZFPIERS-UHFFFAOYSA-N	CC1=CC(=C2C(=C1)C=C(C3=C2C(=O)C4=C(C3=O)C(=CC=C4)O)O)O	Polyketides	Polycyclic aromatic polyketides	Angucyclines	false	npclassifier.gnps2.org@2026-09-07
PQXDAQPDGVWOTE-WAQCLICHSA-N	CCCCCC(CC(=O)N/C(=C\C)/C(=O)N1CCC[C@@H]1C(=O)N[C@@H](CO)C(=O)N[C@@H](CC(C)C)C(=O)N[C@H](C(C)C)C(=O)N[C@H](CO)C(=O)N[C@H](CC(C)C)C(=O)N[C@H](C(C)C)C(=O)N[C@@H](C(C)C)C(=O)N[C@H](CCC(=O)N)C(=O)N[C@@H](CC(C)C)C(=O)N[C@H](C(C)C)C(=O)N/C(=C\C)/C(=O)N[C@@H]2[C@H](OC(=O)[C@@H](NC(=O)[C@H](NC(=O)[C@@H](NC(=O)[C@@H](NC2=O)[C@@H](C)CC)CCO)CCN)CCCCN)C)O	Amino acids and Peptides|Polyketides	Oligopeptides	Cyclic peptides|Depsipeptides|Lipopeptides	false	npclassifier.gnps2.org@2026-09-07
PQZVLCSYKIYYRQ-CRNXWWIHSA-O	C[C@H]([C@@H](C(=O)NCC(=O)N[C@@H](CC(=O)N)C(=O)N[C@@H](C)C(=O)N[C@@H](CC(=O)O)C(=O)N[P+]([O-])(OCCC[NH3+])OC[C@@H]1[C@H]([C@H]([C@@H](O1)N2C=NC3=C2N=CN=C3N)O)O)NC(=O)[C@H](CCCN=C(N)N)NC(=O)[C@H](CCSC)NC=O)O	Amino acids and Peptides	Oligopeptides	RiPPs-Microcins	false	npclassifier.gnps2.org@2026-09-07
PRVBXXHHHXSICY-GDKFLGFMSA-N	CO\C(CCNC(=O)CC\C=C\C(C)CC\C(CCCC=C)=C\Cl)=C\C(=O)N1C(C)C=CC1=O	Amino acids and Peptides|Polyketides	Oligopeptides|Linear polyketides	Lipopeptides|Open-chain polyketides	false	npclassifier.gnps2.org@2026-09-07
PSCPFFPJZFSAMI-USAPNZCCSA-N	C[C@@H]1O[C@H](CC[C@@H]1O[C@@H]1O[C@@H](C)C(=O)C=C1)O[C@@]1(C)CC(=O)[C@]2(O)C3=C(C=C[C@]2(O)C1)C(=O)C1=C(O)C(=CC=C1C3=O)[C@H]1C[C@@H](O)[C@H](O[C@@H]2O[C@@H](C)C(=O)C=C2)[C@@H](C)O1	Polyketides	Polycyclic aromatic polyketides	Angucyclines	true	npclassifier.gnps2.org@2026-09-07
PSHUZQHBLAPAMD-KFCOXGNHSA-N	CC1=CC(=O)C2=C(O[C@@]3(C)CC[C@H]4[C@@](C)(CC[C@H]5C(C)(C)[C@@H](O)CC[C@@]54C)[C@@H]3C2)O1	Polyketides|Terpenoids	Meroterpenoids	Triketide meroterpenoids	false	npclassifier.gnps2.org@2026-09-07
PSNOPSMXOBPNNV-XUMGCJJFSA-N	C[C@@H]1CNC(=O)[C@@H](NC(=O)/C=C/C[C@H](OC(=O)[C@@H](OC1=O)CC(C)C)[C@H](C)[C@@H]2[C@H](O2)C3=CC=CC=C3)CC4=CC(=C(C=C4)OC)Cl	Amino acids and Peptides|Polyketides	Oligopeptides	Cryptophycins|Depsipeptides	false	npclassifier.gnps2.org@2026-09-07
PSUMRJNLBIVEFF-RIVHMUOTSA-N	C/C(=C\C[C@@H]1[C@]2(CCCC([C@@H]2C[C@@H]([C@@]1(CSC[C@@H](C(=O)O)NC(=O)C)O)O)(C)C)C)/C=C	Terpenoids	Diterpenoids	Labdane diterpenoids	false	npclassifier.gnps2.org@2026-09-07
PTBHHTLZYZRKPA-CXDXLJMYSA-N	CN[C@H](C(C)C)C(=O)N(C)[C@H](CC(C)C)C(=O)N(C)[C@H](C(C)C)C(=O)N(C)[C@H](C(C)C)C(=O)NCCC1=CC=CC=C1	Amino acids and Peptides	Oligopeptides	Linear peptides	false	npclassifier.gnps2.org@2026-09-07
PTMNVLNJDQOZSM-NHSNCPHISA-N	[C@@H]1(C)[C@H](O)[C@H](O)[C@]2(O)C3C(=O)C=C4C(=O)c5c(CCC)[n+](-c6ccccc6C(=O)[O-])c(C)cc5C4=C(O)C=3O[C@]2([H])O1	Polyketides	Tropolones	Tropolones and derivatives (PKS)	false	npclassifier.gnps2.org@2026-09-07
PTRRHQHGAOYEKT-KYXZTKSHSA-N	C=C/C(C)=C/C[C@@H]1[C@@]2(C)C[C@@H](O)CC(C)(C)[C@@H]2C[C@H](O)[C@@]1(O)CSC[C@H](NC(C)=O)C(=O)O	Terpenoids	Diterpenoids	Labdane diterpenoids	false	npclassifier.gnps2.org@2026-09-07
PTWNGCBLTBSIKQ-UHFFFAOYSA-N	COC1=C(O)C=C2C(=O)C3=C(OC2=C1)C(=O)C1=C(C3=O)C2=C(C=C3C=C(C)NC(=O)C3=C2O)CC1	Polyketides	Polycyclic aromatic polyketides	Ericamycins	false	npclassifier.gnps2.org@2026-09-07
PUBJBUSNXLSOQM-YWDVGMFKSA-N	C[C@H]1OC(=O)C2=C(C=C(O)C=C2O)CC(=O)CCCC/C=C/[C@@H]1O	Polyketides	Macrolides	Zearalenones	false	npclassifier.gnps2.org@2026-09-07
PUDBJLXDJHKFMZ-IXPKUMSOSA-N	C[C@H]\1CNC(=O)CC(=O)/C=C/C(=C/[C@@H]2[C@H](C=C[C@@H]3[C@H]2[C@H]([C@@H]([C@@H](C3=O)O)O)O)/C(=C/C=C/C=C1)/C)/C	Amino acids and Peptides|Polyketides	Macrolides	Macrolide lactams	false	npclassifier.gnps2.org@2026-09-07
PUSWLFCHWVKWQE-OUBBJWQNSA-N	C[C@H]1OC(=O)[C@H](CCCN(O)C=O)NC(=O)[C@H](CCCN)NC(=O)[C@H](CCCNO)N(C)C(=O)[C@@H]1NC(=O)CNC(=O)[C@@H]1COC(C2=CC=CC=C2O)=N1	Amino acids and Peptides|Polyketides	Oligopeptides	Cyclic peptides|Depsipeptides|Lipopeptides	false	npclassifier.gnps2.org@2026-09-07
PUZNAAVWFXQUDM-HBKHSIGZSA-N	CC[C@@H](C)[C@@H]1[C@]([C@H]2[C@@H](C[C@@](C[C@@H]2C(=O)[C@@]1(C)O)(C)O)C)(C)C(=O)CCO	Polyketides	Cyclic polyketides	Decalins with side chains	false	npclassifier.gnps2.org@2026-09-07
PVGUHCMGVWCBAB-UHFFFAOYSA-N	CCSC1SCC2N(C)C(=O)C(C)NC(=O)C(COC(=O)C3(CC3C)N(C)C(=O)C1N(C)C(=O)C(C)NC(=O)C(COC(=O)C1(CC1C)N(C)C2=O)NC(=O)C1=C(O)C=C2C=CC=CC2=N1)NC(=O)C1=NC2=CC=CC=C2C=C1O	Amino acids and Peptides|Polyketides	Oligopeptides	Cyclic peptides|Depsipeptides	false	npclassifier.gnps2.org@2026-09-07
PVTHJAPFENJVNC-UHFFFAOYSA-N	CC1C(CC(C(O1)OC2C(C(C(C(C2O)O)O)O)O)N)N=C(C(=O)O)N	Carbohydrates	Aminosugars and aminoglycosides|Polyols	Amino cyclitols|Aminosugars	true	npclassifier.gnps2.org@2026-09-07
PVXVAWNBYVIJDJ-HNSCFVPZSA-N	C[C@@H](O)[C@@H](NC(=O)CCNC(=O)[C@@H]1COC(C2=CC=CC=C2O)=N1)C(=O)N(C)[C@@H](CCCNO)C(=O)N[C@@H](CCCN)C(=O)N[C@@H](CCCN(O)C=O)C(=O)O	Amino acids and Peptides	Oligopeptides	Linear peptides|Lipopeptides	false	npclassifier.gnps2.org@2026-09-07
PVYJZLYGTZKPJE-UHFFFAOYSA-N	COC1=CC=C(C(O)=C1OC)C1=C(N)C(=NC(C(O)=O)=C1C)C1=NC2=C(C=C1)C(=O)C(OC)=C(N)C2=O	Alkaloids	Nicotinic acid alkaloids	Pyridine alkaloids	false	npclassifier.gnps2.org@2026-09-07
PVYSWTYUEABVFY-HEMIDZQVSA-N	C=C[C@@H]1C=C[C@@H]2[C@@H]3C[C@H](C)C[C@H](C)[C@H]3[C@H]3OC4=CC=C(C=C4)C[C@@]4(O)NC(=O)C(=C(O)[C@H]1[C@@H]23)[C@@H]4O	Alkaloids|Amino acids and Peptides	Tetramate alkaloids	Pyrrocidine tetramate alkaloids	false	npclassifier.gnps2.org@2026-09-07
PWCRKPGHIKOADB-ZPXRJYADSA-N	C[C@@H]1[C@H](C[C@H]2O[C@@H](C=CC2)C[C@H](C[C@@H](CC(=O)O[C@H](C[C@H](C[C@@H]([C@@H]([C@H](C[C@H]3O[C@@H](C=CC3)C[C@H](C[C@@H](CC(=O)O[C@H](C[C@H](C[C@@H]1O)O)[C@H]([C@H](OC)[C@H](CCC(=O)[C@H]([C@@H](OC)[C@@H](/C=C/N(C=O)C)C)C)C)C)O)OC)OC)C)O)O)[C@H]([C@H](OC)[C@H](CCC(=O)[C@H]([C@@H](OC)[C@@H](/C=C/N(C=O)C)C)C)C)C)O)OC)OC	Polyketides	Macrolides		false	npclassifier.gnps2.org@2026-09-07
PWJCIKPTDVJSCJ-UHFFFAOYSA-N	O=C1C=C(O)C=C(CC(CCCCCCCCCCCCCCC)=O)O1	Polyketides	Cyclic polyketides	2-pyrone derivatives	false	npclassifier.gnps2.org@2026-09-07
PWKIBNJRODWPRK-SJORKVTESA-N	CS(=O)(=O)C1=C(O)C(O)=C(C=C1)C(=O)N[C@H](CCCNC(N)=NC(=O)C1=CC=CC(O)=C1O)C(=O)NCC(=O)N[C@H]1CCCN(O)C1=O	Amino acids and Peptides	Small peptides	Tripeptides	false	npclassifier.gnps2.org@2026-09-07
PXBQBGADJRIZRZ-GSFPJELCSA-N	CC(C)C[C@H]1C2=N[C@H](CS2)C(=O)N[C@H](C(=O)N[C@H](C(=O)N3CCC[C@H]3C(=O)N[C@H](C(=O)N1)C(C)OC(C)(C)C=C)C(C)C)C(C)OC(C)(C)C=C	Amino acids and Peptides	Oligopeptides	Cyclic peptides|RiPPs-Cyanobactins	false	npclassifier.gnps2.org@2026-09-07
PXEFELGJKKNAPC-BSSQUUOISA-N	C[C@H]1CCCCC(CCCCCl)C2=C(O)C=C(C=C2O)[C@H](OC(N)=O)[C@@H](C)CCCCC(CCCC(Cl)Cl)C2=C(O)C=C(C=C2O)[C@@H]1OC(N)=O	Polyketides	Alkylresorcinols	Dialkylresorcinols	false	npclassifier.gnps2.org@2026-09-07
PXFTUHQHLDMSON-HQGPGMACSA-N	CCCCCCC[C@@H]1[C@H](C)C(OC(C(C)CC)C(N(C)[C@@H](CC2=CC=CC=C2)[C@H](O)CC(O1)=O)=O)=O	Amino acids and Peptides|Polyketides	Oligopeptides	Depsipeptides|Lipopeptides	false	npclassifier.gnps2.org@2026-09-07
PXJMQYXPSSIUGS-SWKYPTEISA-N	C/C=C/CCCCC[C@@H]1C=C2[C@@]3(CC4=C([C@H]([C@H]1C[C@@H](C(=O)CC/C=C/C)O)[C@]2(OC3=O)O)C(=O)OC4=O)CC(=O)O	Polyketides	Cyclic polyketides	Nonadrides	true	npclassifier.gnps2.org@2026-09-07
PXKJCWZAMAFFIW-GLBIRDDMSA-N	C[C@@H]1CC/C/2=C(/C[C@@H](CC(C[C@@H]12)(C)C)O)\C	Terpenoids	Sesquiterpenoids	Tremulane sesquiterpenoids	false	npclassifier.gnps2.org@2026-09-07
PXODCZKUYVIPQW-QQGLOGFDSA-N	CC[C@H](C)[C@H]1NC(=O)[C@@H](CC(N)=O)NC(=O)[C@H](NC(=O)/C=C/C2=CC=CC=C2/C=C/CO[C@@H]2O[C@H](CO)[C@@H](O)[C@H](O)[C@H]2NC(C)=O)[C@@H](C)OC(=O)[C@H](CC(C)C)NC(=O)[C@@H](C(C)C)NC(=O)CNC(=O)CNC(=O)[C@@H](C(C)C)NC(=O)[C@H](CC2=CC=CC=C2)NC1=O	Amino acids and Peptides|Polyketides	Oligopeptides	Cyclic peptides|Depsipeptides	true	npclassifier.gnps2.org@2026-09-07
PXPTXFJAZRRHIJ-UHFFFAOYSA-N	c1(C)c[c@](OC)cc(c1-c1c2c(O)c3C(=O)c4c(O)cc(cc4C(C)(C)c3cc2cc(O)c1)O)O	Polyketides	Polycyclic aromatic polyketides	Fasamycins and derivatives	false	npclassifier.gnps2.org@2026-09-07
PXUDDXPBZDEGAF-QMJXDUBLSA-N	[H][C@]12[C@@](C[C@@H](C)C[C@H]2C)([H])[C@@H]3[C@@](C)(O3)[C@]([H])([C@H](C)CC)[C@]1(C)/C(O)=C/C([H])=O	Polyketides	Cyclic polyketides	Decalins with side chains	false	npclassifier.gnps2.org@2026-09-07
PXZQEOJJUGGUIB-UHFFFAOYSA-N	C1C2=CC=CC=C2C(=O)N1	Alkaloids	Pseudoalkaloids	Isoindole alkaloids	false	npclassifier.gnps2.org@2026-09-07
PYNSBUJNGRHFPI-REIOUMPOSA-M	C[C@H]1CCC[C@H]([C@@H]1[C@@H](C)C(=O)C2=C(C(=C)OC2=O)[O-])/C=C(\CO)/[C@@H]3[C@H](CC[C@@H](O3)/C=C/C[C@@H]4CC[C@H](O4)[C@@H](C)OC)C.[Na+]	Polyketides	Polyethers|Linear polyketides	Linear tetronates|Polyether ionophores	false	npclassifier.gnps2.org@2026-09-07
PYYNLZYNJIYAOW-YKGWIAGDSA-N	CC1=CC(=CC(=C1C2=CC(=C(C3=C2C(=O)[C@@]4([C@H](C3)C(C5=C(C4=O)C(=CC(=C5)O)O)(C)C)O)Cl)OC)OC)OC	Polyketides	Polycyclic aromatic polyketides	Fasamycins and derivatives	false	npclassifier.gnps2.org@2026-09-07
PZFQCYWITYPTOJ-OALUTQOASA-N	COC1=CC(C[C@H]2CN(C(C)=O)[C@@H](CC3=CC=CC=C3)CN2)=CC(OC)=C1O	Alkaloids			false	npclassifier.gnps2.org@2026-09-07
PZPPOCZWRGNKIR-UHFFFAOYSA-N	CN1C(=O)C23CC4(C(N2C(=O)C1(SS3)CO)NC5=CC=CC=C54)C67CC89C(=O)N(C(C(=O)N8C6NC1=CC=CC=C71)(SS9)CO)C	Alkaloids|Amino acids and Peptides	Peptide alkaloids	Indole diketopiperazine alkaloids (L-Trp, L-Ala)	false	npclassifier.gnps2.org@2026-09-07
PZZRILPZEHOPDS-OQILTNMXSA-N	CC(O)[C@H]1[C@@H]2C=C[C@@H]3/C=C/C=C/C(=O)NCC[C@H](O)[C@@H]4NC(=O)C(=C(O)/C=C/C=C/[C@@H]3[C@H]2C[C@H]1C)C4=O	Amino acids and Peptides|Polyketides	Macrolides	Macrocyclic tetramic acids	false	npclassifier.gnps2.org@2026-09-07
QAHZDGAHECEVRM-HXKCHMFGSA-N	CC[C@@H](C)[C@@H]([C@H](C)[C@@H](C/C=C/C=C\C(=O)N)O)OC(=O)/C=C/C1=CC=CC=C1	Shikimates and Phenylpropanoids	Phenylpropanoids (C6-C3)	Cinnamic acids and derivatives	false	npclassifier.gnps2.org@2026-09-07
QAJQBKCKMWVTHU-XLUDVLRBSA-N	C[C@H]1[C@@H]2C(=O)[C@H]3[C@](O3)([C@@](O2)(O[C@@H]1[C@H](C)/C=C(\C)/C=C/C(=O)C4=C(NCC4=O)O)C)C	Polyketides	Linear polyketides	3-oligoenoyltetramic acids	false	npclassifier.gnps2.org@2026-09-07
QAPOXOGEDXIOHD-VZRGJMDUSA-N	CC1=CC(=C(C(=C1C=O)O)C/C=C(\C)/CC/C=C(\C)/CCC=C(C)C)O	Polyketides|Terpenoids	Meroterpenoids	Tetraketide meroterpenoids	false	npclassifier.gnps2.org@2026-09-07
QARQTEUPQKNPHW-CNLXFSTBSA-N	CC(NC(CC1=CC=C(O)C=C1)C(NC(CCC(O)=O)C(NC2C(NC(CCCCN)C(NC(C(NC(C(N3C(C(N[C@@H](COC(CCC4NC(C(N5)CC6=CNC7=CC=CC=C67)=O)=O)C(NC(CC(OC2C)=O)C5=O)=O)=O)CCC3)=O)CC8=CNC9=C8C=CC=C9)=O)CCCCNC(CCC(NC4=O)C(NC(CC%10=CC=C(O)C=C%10)C(O)=O)=O)=O)=O)=O)=O)=O)=O	Amino acids and Peptides|Polyketides	Oligopeptides	Cyclic peptides|Depsipeptides	false	npclassifier.gnps2.org@2026-09-07
QBBKKZZMOITPHB-FWPSNLPTSA-N	C[C@@H]1C[C@@H]2[C@H](CCC3=CC(=O)C=C4[C@]3(O2)[C@](C1=O)(C(=O)N4)C)O	Polyketides	Macrolides	Ansa macrolides	false	npclassifier.gnps2.org@2026-09-07
QBOXPOZQNMGPJN-MVNQSCNZSA-N	CCC(CCCCCCCCC[C@H](C)[C@@H]1[C@H](C(=O)N[C@H](C(=O)N/C(=C/C)/C(=O)N[C@H](C(=O)N/C(=C/C)/C(=O)N[C@H](C(=O)N[C@@H](C(=O)N[C@H](C(=O)N([C@H](C(=O)N2CCC[C@H]2C(=O)N1)CC(=O)N)C)[C@@H](C)O)C)CC(=O)N)CC(=O)N)C(C)C)O)O	Amino acids and Peptides	Oligopeptides	Cyclic peptides	false	npclassifier.gnps2.org@2026-09-07
QBOZJYBWSKZELU-XMBAGFDESA-N	CC(C)/C=C/[C@H]([C@@H]([C@H]([C@H](C(=O)N[C@H]1CCCCNC1=O)OC)O)O)O	Alkaloids	Lysine alkaloids	Piperidine alkaloids	false	npclassifier.gnps2.org@2026-09-07
QBQXQYSJPWXZJL-KGLGCEDTSA-N	C[C@@H]1[C@]2(c3c(c(c4c(c3O)C(=O)C5=C(C4=O)[C@H]6[C@H](CC(=O)O6)OC5C)O)[C@@H](O1)C[C@H]2O)O	Polyketides	Polycyclic aromatic polyketides	Anthraquinones and anthrones	false	npclassifier.gnps2.org@2026-09-07
QBULWWZLNPVFLC-OFUOHYCUSA-N	CC1(C)CCC[C@@]2(C)[C@H]1[C@H](OC(=O)/C=C/C=C/C=C/C=O)C=C1COC(=O)[C@@]12O	Terpenoids	Sesquiterpenoids	Drimane sesquiterpenoids	false	npclassifier.gnps2.org@2026-09-07
QCBIMYUNMRBERF-COMALLGBSA-N	C[C@H]1[C@H](C2=C(C(=C3C(=C2)C[C@@H](C4=C3C(=C5C(=C4OC)C(=O)C6=C(C5=O)C=CC=C6O)O)O)O)C(=O)O1)O	Polyketides	Polycyclic aromatic polyketides	Pradimicins	false	npclassifier.gnps2.org@2026-09-07
QDAOSMKOZCCWLJ-LNIFREGASA-N	C[C@H](C(=O)N[C@H](CCCCN=C(N)N)C(=O)O)NC(=O)[C@@H](CCCNP(=O)(N)NS(=O)(=O)O)N	Amino acids and Peptides	Small peptides	Tripeptides	false	npclassifier.gnps2.org@2026-09-07
QDRISVFLDJIQNB-UMPSVNBLSA-N	O=C(N[C@](C(N[C@](C1=CC=C(O[C@H](C)[C@@](O)(CO)/C=C/C2=O)C=C1)([H])C(N([C@H](C(N[C@]3([H])[C@@H](C)O)=O)CC4=CC=CC=C4)C)=O)=O)([H])[C@H](CC)C)[C@H]([C@@H](C)OC([C@H](COC(CN2)=O)NC3=O)=O)NC([C@@H]([C@@H](C(C)C)O)C)=O	Amino acids and Peptides|Polyketides	Oligopeptides	Cyclic peptides|Depsipeptides	false	npclassifier.gnps2.org@2026-09-07
QDUWETIVZFOXDU-HIQBFJNSSA-N	OC[C@@H]1[C@@H](O)[C@H](O)[C@@H](NC(C)=O)C(O[C@@H]2[C@@H]3O[C@@H](OC3)[C@H](NC(C)=O)[C@H]2OC(CN)=O)O1	Carbohydrates	Aminosugars and aminoglycosides	Aminosugars	true	npclassifier.gnps2.org@2026-09-07
QDZOYOCJZCVSSV-BZJMLBMJSA-N	C[C@]12CC[C@@H]([C@@]([C@@H]1CCC(=C)[C@@H]2CC3=CNC4=CC=CC=C43)(C)C(=O)O)O	Terpenoids	Tryptophan alkaloids	Indole-Diterpenoid alkaloids (Penitrems)	false	npclassifier.gnps2.org@2026-09-07
QEBNYNLSCGVZOH-IPYPFGDCSA-N	C[C@@H]1CCC=C2CC[C@@H](C[C@@]12C)C(C)=C	Terpenoids	Sesquiterpenoids	Eremophilane sesquiterpenoids	false	npclassifier.gnps2.org@2026-09-07
QEHOIJJIZXRMAN-QZQSLCQPSA-N	CO[C@@H]1[C@H](O[C@H]([C@@H]([C@H]1O)O)N2C3=C(C=CC=C3Cl)C4=C5C(=C6C7=C(C(=CC=C7)Cl)NC6=C42)C(=O)NC5=O)CO	Alkaloids	Tryptophan alkaloids	Carbazole alkaloids	false	npclassifier.gnps2.org@2026-09-07
QEIIFQMHVIQJFR-UHFFFAOYSA-N	CCCCCCCCCCCCCC(CC(=O)OC1CN(C)C(C(OC2OC(CN)C(O)C2O)C2OC(C(OS(O)(=O)=O)C2O)N2C=CC(=O)NC2=O)C(=O)N(C)C1C(O)=O)OC(=O)CC(C)CC(=O)OC1OC(C)C(OC)C(OC)C1OC	Carbohydrates	Nucleosides	Pyrimidine nucleos(t)ides	true	npclassifier.gnps2.org@2026-09-07
QEPYTQFGTBSZQY-UHFFFAOYSA-N	BrC1=CC(Br)=CC(OC2=CC=C(Br)C=C2Br)=C1O	Shikimates and Phenylpropanoids	Diphenyl ethers (DPEs)	Marine-bacterial DPEs	false	npclassifier.gnps2.org@2026-09-07
QEQPUTKQRURHAG-RMKUKBDQSA-N	CCC(CCCCCCCCC[C@H](C)[C@@H]1[C@H](C(=O)N[C@H](C(=O)N/C(=C/C)/C(=O)N[C@H](C(=O)N[C@H](C(=O)N[C@H](C(=O)NCC(=O)N[C@H](C(=O)N([C@H](C(=O)N2CCC[C@H]2C(=O)N1)CC(=O)N)C)[C@H](C)OC)CCC(=O)N)C(C)C)[C@H](C)O)C(C)C)O)Cl	Amino acids and Peptides	Oligopeptides	Cyclic peptides	false	npclassifier.gnps2.org@2026-09-07
QEUHGZGGGPRQOJ-BKXHWDAOSA-N	O[C@@H]1C=CC([C@](C2)([H])[C@H]1OC(C(OCC(C(O)C(CCCCC)=O)=C)=O)=C)=C(O)C2=O				false	npclassifier.gnps2.org@2026-09-07
QFGKGCZCUVIENT-SXMZNAGASA-M	C[C@@]12CC(=O)N[C@@]13C[C@H]4[C@H]([C@](C(=N4)C[C@@H]5[C@H]([C@@H]6CCC(=O)/C(=C/7\[C@H]([C@@H](/C(=C/C(=N3)[C@H]2CCC(=O)O)/[N-]7)CC(=O)O)CCC(=O)O)/C6=N5)CC(=O)O)(C)CC(=O)N)CCC(=O)O.[Ni]	Alkaloids			false	npclassifier.gnps2.org@2026-09-07
QFHLVPYVNFSTBE-SMAIMEEGSA-N	CO[C@H]1CC[C@H](O[C@H]2[C@H](C)[C@@H]([C@H]3CC[C@H]([C@@H]4CC[C@H]([C@@]5(C)O[C@]6(O[C@H](C[C@@H]7O[C@](O)([C@@H](O)C(=O)O)[C@@H](C)[C@H](OC)[C@@]7(C)OC)C[C@@H](OC)[C@H]6C)[C@H](C)[C@H]5OC)O4)O3)O[C@](C)(O)[C@@H]2C)O[C@@H]1C	Polyketides	Polyethers	Polyether ionophores	true	npclassifier.gnps2.org@2026-09-07
QFJCIRLUMZQUOT-HPLJOQBZSA-N	[H][C@@]12CC[C@@H](C)[C@@](O)(O1)C(=O)C(=O)N1CCCC[C@@]1([H])C(=O)O[C@@]([H])(CC(=O)[C@H](C)\C=C(C)\[C@@H](O)[C@@H](OC)C(=O)[C@H](C)C[C@H](C)\C=C\C=C\C=C(C)\[C@H](C2)OC)[C@H](C)C[C@@H]1CC[C@@H](O)[C@@H](C1)OC	Polyketides	Macrolides	Ascomycins and Rapamycins	true	npclassifier.gnps2.org@2026-09-07
QFZISQBFEIXWDM-UHFFFAOYSA-N	CC(=CC(=O)O)C=C(C)CC(C)CCCCC(O)C(CO)C(=O)O	Fatty acids	Fatty Acids and Conjugates	Branched fatty acids|Hydroxy fatty acids	false	npclassifier.gnps2.org@2026-09-07
QGJPEZISMDKYLK-HSSWLXNDSA-N	CC/C=C(\C)/[C@@H]([C@H](C)/C=C(\C)/C=C/C=C\C=C\C=C(/C)\C(=O)N[C@@H](C)CO)O	Polyketides	Linear polyketides	Open-chain polyketides	false	npclassifier.gnps2.org@2026-09-07
QGPZBTSBJQUOSK-FKPYENBGSA-N	CC1=CC(=O)[C@H]2C3=CC=CC=C3[C@H]3[C@@H]1[C@@H]2CN3C1=CC=C2C(=O)SC3=C2C1=CC1=CC=C(O)C=C31				false	npclassifier.gnps2.org@2026-09-07
QGRNAHRIQLDWFF-XLLFCRELSA-N	C[C@@H]1[C@H](N=C(O1)/C=C/C2=CC=CN2)/C=C(\C)/C=C/C=C/C=C/C=C/C=C/C=C(\C)/C(=O)NC(CC(=O)N)C(=O)O	Alkaloids|Amino acids and Peptides|Polyketides	Peptide alkaloids|Linear polyketides	DKXanthenes and derivatives|Simple amide alkaloids	false	npclassifier.gnps2.org@2026-09-07
QGVFETJQEKVSJA-SCHXNIKUSA-N	COC(=O)/C(=C/C)/C=C(\C)/C=C(\C)/C=C/C=C(\C)/C(=O)[C@H]1[C@@H](O)[C@@](O)(CCO)NC1=O	Alkaloids	Tetramate alkaloids	Simple tetramate alkaloids	false	npclassifier.gnps2.org@2026-09-07
QGYKATBWAIDMKB-UHFFFAOYSA-N	CC(C)C1(O)CC(=O)C2=C3C(=O)C4=C(C(=O)C3=C(O)C=C2C1=O)C(O)=CC=C4	Polyketides	Polycyclic aromatic polyketides	Anthraquinones and anthrones	false	npclassifier.gnps2.org@2026-09-07
QHJKZPMGZZKRDZ-LUEOCVAUSA-N	CCCCCC/C=C\CCCC1=NC(=CC2=CC=C(O)C=C2)C(=O)O1	Shikimates and Phenylpropanoids			false	npclassifier.gnps2.org@2026-09-07
QHLKSESIIKJUHS-UHFFFAOYSA-N	CC(C)CC1=NC=C(NC1=O)CC2=CC=C(C=C2)O	Alkaloids	Nicotinic acid alkaloids|Tetramate alkaloids|Peptide alkaloids	Pyrazine and Piperazine alkaloids|Pyridine alkaloids	false	npclassifier.gnps2.org@2026-09-07
QHMHMPAPKQFGRV-IONNQARKSA-N	OC(C[C@H]1CC2=CC3=C(C(O)=CC=C3O)C(O)=C2[C@H](C)O1)=O	Polyketides	Naphthalenes	Bisnaphthalenes	false	npclassifier.gnps2.org@2026-09-07
QHMTWUPGGIBSFH-KOSPYUSVSA-N	OC1=C2C([C@]3(C/C(C4)=C(C)\C)[C@@H]4[C@@](C)(CC/C=C(C)/C)[C@](C3=O)([H])C2=O)=CC(O)=C1	Terpenoids	Meroterpenoids	Miscellaneous meroterpenoids	false	npclassifier.gnps2.org@2026-09-07
QHVAQCHLFYOGDB-UIXLQRKESA-N	CN1CC(=O)N[C@H](CC2=CNC3=CC=CC=C23)C(=O)NCC(=O)NC[C@H](O)CC(=O)N[C@H]([C@H](O)[C@@H](O)CC=CC=CC=CC2=CC=CC=C2)[C@H](O)C(=O)N[C@@H]2CC(=O)N[C@@]2(O)CC1=O	Amino acids and Peptides	Oligopeptides	Cyclic peptides	false	npclassifier.gnps2.org@2026-09-07
QHXNKYPHTJBRJV-UHFFFAOYSA-N	CC(CCN(C)C(=N)N)C(C(=O)NC1C=CC(OC1C(=O)O)N2C=CC(=NC2=O)N)N	Carbohydrates	Nucleosides	Pyrimidine nucleos(t)ides	false	npclassifier.gnps2.org@2026-09-07
QHYNZYOPJOICJB-DHJFRJLNSA-N	CCC(C)C1C/C=C\C=C/C=C\C=C\C=C/C(CC2C(C(CC(O2)(CC(CCCC(=O)CC(CC(=O)O1)O)O)O)O)C(=O)O)O[C@H]3[C@H]([C@H]([C@@H]([C@H](O3)C)O)N)O	Polyketides	Macrolides	Polyene macrolides	true	npclassifier.gnps2.org@2026-09-07
QIHPCGZZMBZAPA-MQMNVYNZSA-N	CC[C@H](C)[C@H](C(=O)O[C@H]1CC[C@]2([C@H]([C@]1(C)CCC=C(C)C)CCC(=C)[C@H]2CC3=C(C(=C(OC3=O)C)C)O)C)O	Polyketides|Terpenoids	Meroterpenoids	Triketide meroterpenoids	false	npclassifier.gnps2.org@2026-09-07
QIKVYJOCQXXRSJ-TWEUQPGKSA-N	[H][C@@]12CN1\C([C@@H](OC(C)=O)[C@@H]2O)=C(\NC(=O)[C@@H](OC(=O)C1=C2C=CC=C(C)C2=CC(OC)=C1)[C@]1(C)CO1)C(=O)N\C(=C\O)C(C)=O				false	npclassifier.gnps2.org@2026-09-07
QIUGSZAEYGGUPJ-UHFFFAOYSA-N	CCC(C)C(=O)C(CC1=CNC2=C1C=CC=C2)OC(C)=O	Alkaloids	Tryptophan alkaloids	Simple indole alkaloids	false	npclassifier.gnps2.org@2026-09-07
QJBZDBLBQWFTPZ-UHFFFAOYSA-N	ClC1=CNC=C1C1=CC=CC(Cl)=C1N(=O)=O	Alkaloids	Proline alkaloids	Pyrrole alkaloids	false	npclassifier.gnps2.org@2026-09-07
QJDWKBINWOWJNZ-XNGLKPBDSA-N	C[C@H]1[C@@H]2C(=O)N[C@H](C(=O)N[C@H](C(=O)N[C@H]3CSC[C@@H]4C(=O)N[C@@H](CS1)C(=O)N[C@@H](CNCCCC[C@H](NC(=O)[C@@H]([C@@H](SC[C@@H](C(=O)N[C@H](C(=O)N[C@H](C(=O)N4)CCC(=O)N)CCCNC(=N)N)N)C)NC(=O)[C@@H](NC(=O)CNC(=O)[C@@H](NC3=O)[C@@H](C(=O)O)O)CC(=O)N)C(=O)O)C(=O)N[C@H](C(=O)NCC(=O)N5CCC[C@H]5C(=O)N[C@H](C(=O)N2)CC6=CC=CC=C6)CC7=CC=CC=C7)C(C)C)CC8=CC=CC=C8	Amino acids and Peptides	Oligopeptides	RiPPs-Lanthipeptides	false	npclassifier.gnps2.org@2026-09-07
QJEJLWMIUCXQMB-CUPJTLKFSA-N	C[C@@H]1[C@H](C[C@@H]2[C@]3(CC[C@@H]([C@@]([C@@H]3CC[C@@]2([C@H]1C4=C(C(=O)O[C@H]4NCCO)O)C)(C)COC(=O)C5=C(C=CC(=C5)Cl)NC)O)C)OC	Terpenoids			true	npclassifier.gnps2.org@2026-09-07
QJJXYPPXXYFBGM-ONLNQCGCSA-N	[H][C@]1(CC[C@@H](O)[C@@H](C1)OC)\C=C(/C)[C@@H]1OC(=O)[C@]2([H])CCCCN2C(=O)C(=O)[C@]2(O)O[C@@]([H])([C@H](C[C@H]2C)OC)[C@H](C[C@@H](C)C\C(C)=C\[C@@H](CC=C)C(=O)C[C@H](O)[C@H]1C)OC	Polyketides	Macrolides	Ascomycins and Rapamycins	true	npclassifier.gnps2.org@2026-09-07
QJPVBLGWZKAQRW-BQBICWQZSA-N	CC[C@H](C)[C@H]1C(=O)N[C@H](C(=O)O[C@@H]([C@@H](C(=O)N[C@@H](C(=O)N[C@H](C(=O)NCC(=O)N([C@@H](C(=O)N[C@H](C(=O)N[C@@H](C(=O)N[C@H](C(=O)N[C@@H](C(=O)N[C@@H](C(=O)N1)CC2=CNC3=CC=CC=C32)CCC(=O)N)CCC(=O)O)CCCN=C(N)N)CC(C)C)CC4=CC=CC=C4)C)CO)CCCN=C(N)N)NC(=O)C[C@@H](CC(C)C)O)C)[C@@H](C)O	Amino acids and Peptides|Polyketides	Oligopeptides	Cyclic peptides|Depsipeptides	false	npclassifier.gnps2.org@2026-09-07
QJQKBRUTBCTBKE-UHFFFAOYSA-N	CC(C)C(NC(=O)C(NC(=O)C(N)C1=CC=C(O)C=C1)C1=CC(O)=CC(O)=C1)C(=O)NC(C(=O)NC(C(=O)NC(C(=O)NC(C(=O)NC(C(=O)NC(C(C)C)C(=O)NC(C(=O)NC(C(=O)NC(CC1=CC=CC=C1)C(=O)NC(CC(O)=O)C(O)=O)C1=CC=C(O)C=C1)C1=CC(O)=CC(O)=C1)C1=CC(O)=CC(O)=C1)C1=CC=C(O)C=C1)C1=CC(O)=CC(O)=C1)C1=CC=C(O)C=C1)C1=CC(O)=CC(O)=C1	Amino acids and Peptides	Oligopeptides	Linear peptides	false	npclassifier.gnps2.org@2026-09-07
QKJJCZYFXJCKRX-AMYGDCFASA-N	NC(CO)C(=O)N[C@H]1C=C[C@@H](O[C@@H]1C(O)(CC(O)CNC(N)=N)C(O)=O)N1C=C(CO)C(N)=NC1=O	Carbohydrates	Nucleosides	Pyrimidine nucleos(t)ides	false	npclassifier.gnps2.org@2026-09-07
QKRGALGNFOCZRB-UHFFFAOYSA-N	CC(C)CCCCCCC1=CC=CC2=C1CCCN2	Alkaloids	Tryptophan alkaloids|Anthranilic acid alkaloids	Quinoline alkaloids	false	npclassifier.gnps2.org@2026-09-07
QKUUVGNHUMKUAN-CBRPJXDCSA-N	[H][C@]12NC3=CC=CC=C3[C@@]34CCN(C(C)=O)[C@]3([H])N3CC[C@]14C1=C(C=CC=C1[C@H]3C1OC1(C)C)N2C	Alkaloids	Tryptophan alkaloids	Aspidosperma type	false	npclassifier.gnps2.org@2026-09-07
QKVBZIOMBXJEAO-UHFFFAOYSA-N	CNC(CO)C(=O)NC(CC(C)C)C(=O)NC(C(O)(C)C)C(=O)NC(CO)C(=O)NC(C(C)C)C(=O)C(=O)NC(CO)C(=O)NC(CC1=CC=C(O)C=C1)C(=O)NC(CCCN)CC(=O)NC(C)C(=O)O	Amino acids and Peptides	Oligopeptides	Linear peptides	false	npclassifier.gnps2.org@2026-09-07
QLGDZYNEUOCYJB-DCQOYYOLSA-N	C[C@@H]1[C@H](N=C(O1)/C=C/C2=CC=CN2)/C=C(\C)/C=C(\C)/C=C/C=C/C=C/C=C/C=C(\C)/C(=O)NC(C(C(=O)N)O)C(=O)O	Alkaloids|Amino acids and Peptides|Polyketides	Peptide alkaloids|Linear polyketides	DKXanthenes and derivatives|Simple amide alkaloids	false	npclassifier.gnps2.org@2026-09-07
QLKGRMRPKQNCRR-XXPFWKOGSA-N	CC\C=C\C=C\C1=C(C)C(=O)[C@@]2(O1)[C@@H](O)[C@](O)(CC1=CC=CC=C1)NC2=O	Amino acids and Peptides|Polyketides	Cyclic polyketides		false	npclassifier.gnps2.org@2026-09-07
QLTCHMYAEJEXBT-ZEBDFXRSSA-N	CC(C)(C#N)O[C@H]1[C@@H]([C@H]([C@@H]([C@H](O1)CO)O)O)O	Amino acids and Peptides	Amino acid glycosides	Cyanogenic glycosides	true	npclassifier.gnps2.org@2026-09-07
QLVFNFMPVONXSG-UHFFFAOYSA-N	CN1C=C(NC(=O)C2=CC(NC(=O)C3CCC(N)=N3)=CN2C)C=C1C(=O)NCCC(=N)N	Alkaloids	Peptide alkaloids	Simple amide alkaloids	false	npclassifier.gnps2.org@2026-09-07
QLXDGRDCJWBBHG-IBEURFIPSA-N	C/C=C(\NC(=O)N[C@@H](CC1=CC=CC=C1)C(=O)O)C(=O)N[C@@H](CO)C(=O)N/C(=C\C)C(=O)N[C@@H](CO)C(=O)N/C(=C\C)C(=O)N[C@@H](CCCN=C(N)N)C(=O)N1CCC[C@H]1[C@H]1NC(C(=O)N[C@@H](CCSC)C(=O)O[C@@H](CC(=O)O)[C@@H]2CCCN2C(=O)[C@@H](N)[C@@H](C)CC)CS1	Amino acids and Peptides	Oligopeptides	Linear peptides	false	npclassifier.gnps2.org@2026-09-07
QMEIUISJYPRNPF-ZWXFSXOLSA-N	[H][C@]12CC3=C(NC4=CC=C([C@H](O)C5OC5(C)C)C(CC=C(C)C)=C34)[C@]1(C)[C@@]1(C)CCC(=O)C(C)(C)[C@]1(O)CC2	Alkaloids|Terpenoids	Tryptophan alkaloids	Indole-Diterpenoid alkaloids (Penitrems)	false	npclassifier.gnps2.org@2026-09-07
QMKONGLSNOCOEE-ZBEGNZNMSA-N	C[C@@H]([C@@H](C(=O)NCCCNC(=O)C1=C(C(=CC=C1)O)O)NC(=O)C2=C(C(=CC=C2)O)O)O	Alkaloids	Ornithine alkaloids	Polyamines	false	npclassifier.gnps2.org@2026-09-07
QNGZHJMCVSLSCC-ZSUMOKISSA-N	CCCC1OC1C(=O)N[C@@H](CO)C(=O)N[C@@H]([C@@H](C)O)C(=O)N[C@@H](CC1=CNC2=C1C=CC=C2)C(=O)N[C@@H](CC(O)=O)C(=O)N[C@@H](CC(O)=O)C(=O)N[C@@H](C(=O)N[C@@H](CC(O)=O)C(=O)NCC(=O)N[C@H](C(O)CON)C(=O)N[C@@H](CCC(O)=O)C(=O)N[C@@H](CC1=CNC2=C1C=CC=C2)C(O)=O)C1=CC=C(O)C=C1	Amino acids and Peptides	Oligopeptides	Linear peptides	false	npclassifier.gnps2.org@2026-09-07
QNQBPPQLRODXET-AIMHRHHOSA-N	[H][C@@]12C[C@H](C)CC[C@@]1([H])[C@@](C)([C@H](\C=C\C)C=C2)C(\O)=C1\C(=O)[C@H](CO)N(C)C1=O	Amino acids and Peptides|Polyketides	Cyclic polyketides	3-Decalinoyltetramic acids	false	npclassifier.gnps2.org@2026-09-07
QOOORVUXEUQEKV-AULIEQARSA-N	C[C@@H]1C[C@H]1/C=C\[C@H]2C[C@@H]2[C@@H]3C[C@H]3[C@H]4C[C@H]4[C@@H]5C[C@@H]5/C=C/C=C/C(=O)NC[C@H]6[C@@H]([C@H]([C@@H](O6)N7CCC(=O)NC7=O)O)O	Alkaloids			true	npclassifier.gnps2.org@2026-09-07
QPCYNIYZPDJCMB-UHFFFAOYSA-N	COC1=CC(OC)=C2C(OC3(C(C)CC(=O)C=C3OC)C2=O)=C1	Polyketides	Aromatic polyketides	Griseofulvins	false	npclassifier.gnps2.org@2026-09-07
QPGUMJSECSFGCC-GKVFCNOFSA-N	CCCCCCC/C=C/C(=C/1\C(=O)[C@@H]2CCCN2C1=O)/O	Alkaloids	Lysine alkaloids		false	npclassifier.gnps2.org@2026-09-07
QPUYCBSQXKSFOO-UHFFFAOYSA-N	CC(=O)C1=C2NC3=C(C=CC=C3)C2=CC(=N1)C(=O)NCCC1=CC=CC=C1	Alkaloids	Tryptophan alkaloids	Carboline alkaloids	false	npclassifier.gnps2.org@2026-09-07
QQBOFNUXGPKLIK-SNAWJCMRSA-N	C/C=C/CCC(=O)C1=CC(=C(C(=C1O)C)O)C	Polyketides	Aromatic polyketides	Sorbicilinoids	false	npclassifier.gnps2.org@2026-09-07
QQDLPJHEFJKVHT-MJRVOHGCSA-N	O[C@@H]1[C@@H](O)[C@H](OC2=C(C=C(O)C(=C2O)C2=CC=CC=C2)C2=CC=CC=C2)O[C@@H]([C@H]1O)C(O)=O	Shikimates and Phenylpropanoids	Terphenyls	p-Terphenyls	true	npclassifier.gnps2.org@2026-09-07
QQRFTCUQLLWQEO-AVPWRDOMSA-N	CO[C@@H]([C@H](C)[C@@H](O)CC(O)=O)C(C)(C)C(=O)[C@@H](C)C[C@H](C)[C@H](O)[C@@]1(C)O[C@@H]1[C@@H](C)C=C(C)C	Polyketides	Linear polyketides	Open-chain polyketides	false	npclassifier.gnps2.org@2026-09-07
QQZJCNSHAVQKIC-DDKJXSSXSA-N	C[C@@H](CO)NC(=O)/C(=C/C=C/C=C\C=C\C(=C\[C@@H](C)[C@H](/C(=C/C(C)C)/C)O)\C)/C	Polyketides	Linear polyketides	Open-chain polyketides	false	npclassifier.gnps2.org@2026-09-07
QRDNJYNIEGRRKV-PGRDOPGGSA-N	[H][C@@]1(CC2=CNC3=CC=CC(=C23)N(=O)=O)N(C)C(=O)[C@](O)(CC2=CC=CC(O)=C2)N(C)C1=O	Alkaloids|Amino acids and Peptides	Peptide alkaloids		false	npclassifier.gnps2.org@2026-09-07
QRLSJCMHFBSSJW-OEJISELMSA-N	[H][C@](C)(CC)[C@]([H])(NC(=O)[C@H]1CCCCN1C)C(=O)N(COC(=O)C=C(C)C)[C@H](C[C@@H](OC(C)=O)C1=NC(=CS1)C(=O)N[C@H](C[C@H](C)C(O)=O)CC1=CC=C(O)C=C1)C(C)C	Amino acids and Peptides	Oligopeptides	Linear peptides	false	npclassifier.gnps2.org@2026-09-07
QRPYQNLMWIGUCP-VMBSUALFSA-N	C=C(/C=C/C1=CC=CC2=C1NC=C2CC(N3O[Fe](ON4C(CC5=CNC6=C5C=CC=C6/C=C/C(C)=C)=C(N=C(C4=O)C)OC)ON7C(CC8=CNC9=C8C=CC=C9/C=C/C(C)=C)=C(N=C(C7=O)C)OC)=C(N=C(C3=O)C)OC)C	Alkaloids	Nicotinic acid alkaloids	Pyridine alkaloids	false	npclassifier.gnps2.org@2026-09-07
QSAMODLUYGNFJU-LEBIDKMGSA-N	CO[C@H]1C[C@H](C)CC2=C(OC)C(=O)C=C(NC(=O)\C(C)=C\C=C/[C@H](OC)[C@@H](CC(N)=O)\C(C)=C\[C@H](C)[C@H]1O)C2=O	Polyketides	Macrolides	Ansa macrolides	false	npclassifier.gnps2.org@2026-09-07
QSBSCWLRCSPNST-GQCTYLIASA-N	C/C(=C\C(=O)O)/C1=CC=C(C(=O)O1)CO	Polyketides	Cyclic polyketides	2-pyrone derivatives	false	npclassifier.gnps2.org@2026-09-07
QSGPXLJDBBVXQD-GDBMZVCRSA-N	C/C(=C\COC1C=CC(C[C@]23C(=O)N[C@H](SSSS2)C(=O)N3)=CC=1)/C	Alkaloids|Amino acids and Peptides	Peptide alkaloids	Thiodiketopiperazine alkaloids	false	npclassifier.gnps2.org@2026-09-07
QSHJCXWGTCXGAX-ZCVXJSSDSA-N	C[C@H]1CC[C@]2(C[C@@H]3C[C@H](O2)C/C=C(\C[C@H](/C=C\CC4COC5[C@@H]4[C@@H](C=C([C@H]5O)COC(=O)C=C(C)C)C(=O)O3)C)/C)OC1C	Polyketides	Macrolides	Avermectins	false	npclassifier.gnps2.org@2026-09-07
QSJOEQXFYCTBSY-BZNIZROVSA-N	C[C@H]1OC(C2=C(O)C(O)=CC=C2)=N[C@@H]1C(=O)NCCCNC(=O)C1=C(O)C(O)=CC=C1	Alkaloids	Ornithine alkaloids	Polyamines	false	npclassifier.gnps2.org@2026-09-07
QSPCQKVMQODSDN-TVGXWQJGSA-N	N=C(N)N(O)CCCC(N)C(=O)NC(C(=O)O)[C@H]1O[C@@H](N2C=NC3=CN=C(N)N=C32)[C@@H]2OC[C@H](O)[C@]2(O)[C@@H]1O				false	npclassifier.gnps2.org@2026-09-07
QSPCQKVMQODSDN-UHFFFAOYSA-N	C1C(C2(C(C(OC(C2O1)N3C=NC4=CN=C(N=C43)N)C(C(=O)O)NC(=O)C(CCCN(C(=N)N)O)N)O)O)O				false	npclassifier.gnps2.org@2026-09-07
QSUSRIKETCUEAR-RHAKXUACSA-N	CC(=CCCC(C)(C(=O)CC[C@@]1(C2CC3C1(C3C2)C)C)O)C	Terpenoids	Sesquiterpenoids	Santalane sesquiterpenoids	false	npclassifier.gnps2.org@2026-09-07
QTARRKFUMCSVOF-LBPRGKRZSA-N	C1=CC(=C(C(=C1)O)O)C(=O)NCCCC[C@@H](CN)NC(=O)C2=C(C(=CC=C2)O)O	Alkaloids	Ornithine alkaloids	Polyamines	false	npclassifier.gnps2.org@2026-09-07
QTARRKFUMCSVOF-UHFFFAOYSA-N	NCC(CCCCNC(=O)C1=C(O)C(O)=CC=C1)NC(=O)C1=C(O)C(O)=CC=C1	Alkaloids	Ornithine alkaloids	Polyamines	false	npclassifier.gnps2.org@2026-09-07
QTONANGUNATZOU-ICTVWZTPSA-N	COC1=C(Cl)C=C2C(=C1OC)N(C)[C@@H]1N3C(=O)[C@@]4(C)SS[C@@]3(C(=O)N4C)[C@H](O)[C@]21O	Alkaloids|Amino acids and Peptides	Peptide alkaloids	Indole diketopiperazine alkaloids (L-Trp, L-Ala)	false	npclassifier.gnps2.org@2026-09-07
QTQAWLPCGQOSGP-KSRBKZBZSA-N	C[C@H]1C[C@@H]([C@@H]([C@H](/C=C(/[C@@H]([C@H](/C=C\C=C(\C(=O)NC2=CC(=O)C(=C(C1)C2=O)OC)/C)OC)OC(=O)N)\C)C)O)OC	Polyketides	Macrolides	Ansa macrolides	false	npclassifier.gnps2.org@2026-09-07
QTVNNEMBCMYHSR-CTPPTPPUSA-N	CC1=C[C@H]2C=C(C)[C@@H](C)[C@H]3[C@H](CC(C)C)NC(=O)[C@@]23C(=O)CCC(=O)C[C@@H](CO)C1	Alkaloids	Pseudoalkaloids	Cytochalasan alkaloids	false	npclassifier.gnps2.org@2026-09-07
QUASHMJEJFFXLB-UHFFFAOYSA-N	CC1C(=O)c2cc3cccc(c3cc2C(C1(C(=O)O)O)(CCC(C)C)O)O				false	npclassifier.gnps2.org@2026-09-07
QUGYVDURDBEQRB-CJNHKLDISA-N	C[C@@H]1C[C@@H]([C@@H]2[C@@]3([C@H]1[C@H](OC[C@]3(CC2(C)C)C)O)O)OC(=O)C	Terpenoids	Sesquiterpenoids	Botryane sesquiterpenoids	true	npclassifier.gnps2.org@2026-09-07
QUGYVDURDBEQRB-VZJVBFQISA-N	C[C@@H]1C[C@@H]([C@@H]2[C@@]3([C@H]1[C@@H](OC[C@]3(CC2(C)C)C)O)O)OC(=O)C	Terpenoids	Sesquiterpenoids	Botryane sesquiterpenoids	true	npclassifier.gnps2.org@2026-09-07
QUQTYIYOYNVOJS-UHFFFAOYSA-N	O=C1C2=C(O)C3=C(O)C=C(O)C=C3C=C2CC4(O)C1(O)C(C(C(C)=O)=C(O)C4)=O	Polyketides	Polycyclic aromatic polyketides	Tetracyclines	false	npclassifier.gnps2.org@2026-09-07
QURRTAYEASAREY-OOVPVTRWSA-N	CCCCCC[C@H](C)[C@H]1OC(=O)[C@H](C)NC(=O)[C@H](C)NC(=O)[C@H](CC(C)C)NC(=O)[C@@H](NC(=O)CNC(=O)[C@@H]1C)C(C)C	Amino acids and Peptides|Polyketides	Oligopeptides	Cyclic peptides|Depsipeptides|Lipopeptides	false	npclassifier.gnps2.org@2026-09-07
QUZNSWBEDCHESP-KLYFDHOZSA-N	CCC/C=C/C=C/CC1C/C=C/C=C(/C=C/C=C/C(C(/C=C(/C=C/C=C/C(=O)N1)\C)O)O)\C	Amino acids and Peptides|Polyketides	Macrolides	Macrolide lactams	false	npclassifier.gnps2.org@2026-09-07
QUZNSWBEDCHESP-PLHCRRTDSA-N	CCC\C=C\C=C\C[C@@H]1C\C=C\C=C(/C)\C=C\C=C/[C@H](O)[C@H](O)\C=C(/C)\C=C\C=C\C(=O)N1	Amino acids and Peptides|Polyketides	Macrolides	Macrolide lactams	false	npclassifier.gnps2.org@2026-09-07
QVDSEJDULKLHCG-UHFFFAOYSA-N	CN(C)CCC1=CNC2=C1C(=CC=C2)OP(=O)(O)O	Alkaloids	Tryptophan alkaloids	Simple indole alkaloids	false	npclassifier.gnps2.org@2026-09-07
QVHQVBUIOBRRIL-WKSBCEQHSA-N	[H][C@]1(CC2=C(C(O)=C3C(O)=C(C)C(O[C@H]4C[C@@H](OC(C)=O)[C@@H](O[C@@H]5C[C@@H](O)[C@@H](OC)[C@@H](C)O5)[C@@H](C)O4)=CC3=C2)C(=O)[C@H]1O[C@H]1C[C@@H](O[C@H]2C[C@@H](O[C@H]3C[C@](C)(O)[C@@H](OC(C)=O)[C@H](C)O3)[C@H](O)[C@@H](C)O2)[C@H](O)[C@@H](C)O1)[C@H](OC)C(=O)[C@@H](O)[C@@H](C)O	Polyketides			true	npclassifier.gnps2.org@2026-09-07
QVJLJUGKWQHFPM-UHFFFAOYSA-N	CCCCCC(N)CCCCCCCC(N)CCCCCCCC(N)CCCCCCCC(N)CCCCCCCC(O)CCN	Fatty acids	Sphingolipids	Sphingoid bases	false	npclassifier.gnps2.org@2026-09-07
QVLTZWVEFSYWKB-WWEICQCCSA-N	C/C=C1/NC(=O)[C@H](CO)NC(=O)C[C@@H](CCCCC)NC(=O)CNC(=O)[C@@H]2C[C@@H](O)CN2C(=O)[C@@H](CC2=CC=CC=C2)NC(=O)[C@H]([C@@H](C)CC)NC(=O)[C@@H](CC(C)C)NC(=O)[C@@H](CC2=CC=C(O)C=C2)NC(=O)[C@H](CO)NC(=O)[C@@H]2C[C@@H](O)CN2C1=O	Amino acids and Peptides	Oligopeptides	Cyclic peptides	false	npclassifier.gnps2.org@2026-09-07
QVZZPLDJERFENQ-UHFFFAOYSA-N	CC(C)CC1C(=O)OC(C(=O)N(C(C(=O)OC(C(=O)N(C(C(=O)OC(C(=O)N(C(C(=O)OC(C(=O)N1C)C(C)C)CC(C)C)C)C(C)C)CC(C)C)C)C(C)C)CC(C)C)C)C(C)C	Amino acids and Peptides|Polyketides	Oligopeptides	Cyclic peptides|Depsipeptides	false	npclassifier.gnps2.org@2026-09-07
QWBQGSICTTZLHY-UHFFFAOYSA-N	CCCCCC1=NC=C(O1)C2=CNC3=CC=CC=C32	Alkaloids	Tyrosine alkaloids	Pimprinine alkaloids	false	npclassifier.gnps2.org@2026-09-07
QWCNQXNAFCBLLV-YWALDVPYSA-N	CCCCCCC/C=C\[C@@H](C#CC#C[C@@H](C=C)O)O	Fatty acids	Fatty acyls	Fatty alcohols	false	npclassifier.gnps2.org@2026-09-07
QWIHJIQXNOWSHR-MJYZFZDHSA-N	C[C@@H]1\C=C\C=C/C(=O)NC2=C(C)C(=O)C3=C4[C@H](O)[C@@](C)(OC4=C(C)C(O)=C3C2=O)O\C=C\[C@@H](O)[C@H](C)[C@H](OC(C)=O)[C@@H](C)[C@@H](O)[C@@H](C)[C@@H]1O	Polyketides	Macrolides	Ansa macrolides	false	npclassifier.gnps2.org@2026-09-07
QWTFNMWXRBGSIN-ZTSFYYCPSA-N	C[C@H]1CC=CC=C(C)C=C(C)C=C\C=C/[C@H](O)C[C@H](O)C[C@H](O)[C@@H](C)C=CC=CC=CC(=O)N1	Amino acids and Peptides|Polyketides	Macrolides	Macrolide lactams	false	npclassifier.gnps2.org@2026-09-07
QWZKEROSOALLJP-BYLNDYCFSA-N	C[C@@H]1C[C@@H]([C@@H]2C(=C1C=O)[C@@](CC2(C)C)(C)C=O)OC(=O)C	Terpenoids	Sesquiterpenoids	Botryane sesquiterpenoids	false	npclassifier.gnps2.org@2026-09-07
QXFKEGZSZLPBGD-VZUCSPMQSA-N	CC1=CC(=C(C(=C1C=O)O)C/C=C(\C)/CCC(C(C)(C)O)O)O	Polyketides|Terpenoids	Meroterpenoids	Tetraketide meroterpenoids	false	npclassifier.gnps2.org@2026-09-07
QXMGIQHCGKVZDU-PKXPXLPOSA-N	CC[C@H](C)[C@H](NC(=O)[C@H](N)CCCN=C(N)N)C(=O)N[C@H](CCCN=C(N)N)C(=O)N[C@@H](C(=O)N[C@@H](CC1=C[NH]C2=CC=CC=C12)C(=O)O)[C@@H](C)CC	Amino acids and Peptides			false	npclassifier.gnps2.org@2026-09-07
QXPFOHYRVFSISX-UHFFFAOYSA-N	CCCCCC(=O)NC(CC(C)C)C(=O)NC(CCC(=O)O)C(=O)NC(CC(C)C)C(=O)NC(CC(C)C)C(=O)NC(CCC(N)=O)C(=O)NC(CO)C(=O)NC(C(=O)NC(CC(C)C)C(=O)NC1COC(=O)C(CO)NC(=O)C(C(C)C)NC(=O)C(CC(C)C)NC1=O)C(C)C	Amino acids and Peptides|Polyketides	Oligopeptides	Cyclic peptides|Depsipeptides|Lipopeptides	false	npclassifier.gnps2.org@2026-09-07
QXRJHCKZVAJRMP-LEIMUPEMSA-N	CCCCCCC[C@@H](O)CC(=O)N[C@@H](CC(C)C)C(=O)N[C@@H](CC(C)C)C(=O)N[C@H](CCC(N)=O)C(=O)N[C@@H](CC(C)C)C(=O)N[C@H](CO)C(=O)N[C@H](C(=O)N[C@H](CC(C)C)C(=O)N[C@@H](CC(C)C)C(=O)O)[C@@H](C)CC	Amino acids and Peptides	Oligopeptides	Linear peptides	false	npclassifier.gnps2.org@2026-09-07
QXRSDHAAWVKZLJ-PVYNADRNSA-N	C[C@H]1CCC[C@@]2(C)O[C@H]2C[C@H](OC(=O)C[C@H](O)C(C)(C)C(=O)[C@H](C)[C@H]1O)C(\C)=C\C1=CSC(C)=N1	Amino acids and Peptides|Polyketides	Macrolides	Epothilones	false	npclassifier.gnps2.org@2026-09-07
QYEWAEAWMXRMHB-RDGUDDKTSA-N	CCCCCCCC(O)CC(=O)N[C@@H](CC(C)C)C(=O)N[C@H](CCC(O)=O)C(=O)N[C@@H]1C(C)OC(=O)[C@@H](NC(=O)[C@@H](CO)NC(=O)[C@H](CC(C)C)NC(=O)[C@@H](CO)NC(=O)[C@H](CC(C)C)NC(=O)[C@H](NC1=O)C(C)C)[C@@H](C)CC	Amino acids and Peptides|Polyketides	Oligopeptides	Cyclic peptides|Depsipeptides|Lipopeptides	false	npclassifier.gnps2.org@2026-09-07
QYKFBSMPFHDZBZ-SOBJHFRFSA-N	O([C@H]([C@H](OC(=O)C[C@@H](CC(O)=O)C(O)=O)[C@@H](CCCC)C)C[C@H](CCCCCC[C@@H](O)C[C@H](O)CN)C)C(=O)C[C@@H](CC(O)=O)C(O)=O	Polyketides	Linear polyketides	Open-chain polyketides	false	npclassifier.gnps2.org@2026-09-07
QYOOOQHFZSDPSQ-WNZXBQPCSA-N	C/C=C(/C=C(/C=C/C=C(/C=C/C(C(C)C(N[C@H](CC1=CC=C(O)C=C1)C(O)=O)=O)=O)C)C)C	Alkaloids	Peptide alkaloids	Simple amide alkaloids	false	npclassifier.gnps2.org@2026-09-07
QYPJBTMRYKRTFG-UHFFFAOYSA-N	OC1=CC=CC=C1C(=O)C1=CC(Cl)=C(Cl)N1C1=C(NC(Cl)=C1Cl)C(=O)C1=CC=CC=C1O	Alkaloids	Proline alkaloids	Pyrrole alkaloids	false	npclassifier.gnps2.org@2026-09-07
QYVMTFXNKNWWFX-YGTZKZKGSA-N	CCCCCCCCCCCC/C=C/C(=O)N[C@@H]1[C@H]([C@H]([C@H](O[C@H]1O[C@@H]2[C@@H]([C@H]([C@@H]([C@H](O2)CO)O)O)NC(=O)C)C[C@H]([C@@H]3[C@H]([C@H]([C@@H](O3)N4C=CC(=O)NC4=O)O)O)O)O)O	Carbohydrates	Nucleosides	Pyrimidine nucleos(t)ides	true	npclassifier.gnps2.org@2026-09-07
QZBCDLLHQSDFIG-NNNWTRQLSA-N	CCCCCC1=C(C2=N[C@@H]([C@H]3SC[C@@H]([C@@H](O)C(C)(C)C(=O)O)N3C)CS2)C(O)=CC=C1	Amino acids and Peptides|Polyketides	Linear polyketides	Melithiazole and Myxothiazole derivatives	false	npclassifier.gnps2.org@2026-09-07
QZGIWPZCWHMVQL-UIYAJPBUSA-N	C[C@@H]1[C@@H]([C@@H]([C@H]([C@H](O1)O[C@H]\2[C@@H](C=C3/C2=C\C#C[C@@H]4[C@@](O4)(C#C3)[C@H]5COC(=O)O5)OC(=O)C6=C(C=CC7=C(C=C(C=C76)OC)C)O)NC)O)O	Carbohydrates|Polyketides	Macrolides|Aminosugars and aminoglycosides	Aminosugars|Enediynes	true	npclassifier.gnps2.org@2026-09-07
QZHASYMDPHJGDF-RMQVJLFUSA-M	O=S([O-])(O[C@H]([C@@H]([C@H](O1)CN)O)[C@@H]1O[C@@H]([C@@H]2N(C[C@@H]([C@H](N(C2=O)C)C(O)=O)OC(C[C@@H](OC(C[C@@H](CC(O)=O)C)=O)CCCCCCCCCC(C)C)=O)C)[C@@H](O[C@H]3N(C(N4)=O)C=CC4=O)[C@H]([C@H]3O)O)=O	Carbohydrates	Nucleosides	Pyrimidine nucleos(t)ides	true	npclassifier.gnps2.org@2026-09-07
QZNGYMKAHFFKCJ-ZBQZSICZSA-N	CC(C)C[C@@H]1C(=O)N[C@H](C(=O)N[C@@H](C(=O)N[C@H](C2N[C@@H](CS2)C(=O)N[C@@H](C(=O)N[C@H](C(=O)N1)CC3=CNC4=CC=CC=C43)C(C)C)C(C)C)C(C)C)C(C)C	Amino acids and Peptides	Oligopeptides	Cyclic peptides	false	npclassifier.gnps2.org@2026-09-07
QZOCOXOCSGUGFC-KIGPFUIMSA-N	[H][C@]1([C@H](O)CCCCC(C)CC)[C@H](CO)COC1=O	Polyketides	Linear polyketides	Open-chain polyketides	false	npclassifier.gnps2.org@2026-09-07
QZOYYXRCNOZKAN-NSHSNTAOSA-N	C[C@H]1[C@@]2(O)O[C@H](CC(C[C@H](CC/C=C/C=C\CC[C@H](C)OC(C([C@@]3(O)[C@H](C)CC[C@@H](CC(C[C@H](CC/C=C/C=C\CC[C@H](C)OC(C2O)=O)O)O)O3)O)=O)O)=O)CC1	Polyketides	Macrolides	Boromycins	true	npclassifier.gnps2.org@2026-09-07
QZRPBFSNQQUAAB-QZXUYJGCSA-N	CCCCCCCCCCCCCC(=O)N[C@H]1C[C@@H](O)[C@@H](O)NC(=O)[C@@H]2[C@@H](O)[C@@H](C)CN2C(=O)[C@H]([C@H](O)CC(N)=O)NC(=O)[C@H]([C@H](O)[C@@H](O)C2=CC=C(O)C=C2)NC(=O)[C@@H]2C[C@@H](O)CN2C(=O)[C@H]([C@@H](C)O)NC1=O	Amino acids and Peptides	Oligopeptides	Cyclic peptides	false	npclassifier.gnps2.org@2026-09-07
QZVCYYNGZVFUHG-UHFFFAOYSA-N	C1(NC(=O)C(CO)NC(=O)C(CC(C)C)NC(=O)C(CC(C)C)NC(=O)C(NC(=O)C(CCC(O)=O)NC(=O)C(CC(C)C)NC(=O)CC(CCCCCCC)O)C(C)OC(=O)C(C(C)CC)NC1=O)C(CC)C	Amino acids and Peptides|Polyketides	Oligopeptides	Cyclic peptides|Depsipeptides|Lipopeptides	false	npclassifier.gnps2.org@2026-09-07
RAGFPHFDFVNLCG-INYQBOQCSA-N	CN[C@H]1[C@H](C)O[C@@H](OC2=CC3=C(N[C@H](O)[C@@H]4CC(\C=C\C)=CN4C3=O)C(O)=C2C)[C@H](O)[C@]1(C)O	Carbohydrates	Aminosugars and aminoglycosides	Aminoglycosides	true	npclassifier.gnps2.org@2026-09-07
RAPTZTAHJXHERF-MHTXLSKPSA-N	CC1=C(C(=CC(=C1Cl)OC)O)C2=CC(=C(C3=C2C(=O)[C@@]4([C@H](C3)C(C5=C(C4=O)C(=C(C(=C5Cl)O)Cl)O)(C)C)O)Cl)OC	Polyketides	Polycyclic aromatic polyketides	Fasamycins and derivatives	false	npclassifier.gnps2.org@2026-09-07
RBBMDAKGTMLVAP-LPJTWDLVSA-N	NCC[C@H](O)C[C@H]1NC(=O)[C@H](CO)NC(=O)[C@@H]2C[C@@H](O)CN2C(=O)C2(CC2)NC(=O)[C@H](CO)NC(=O)[C@@H](CO)NC(=O)CCNC1=O	Amino acids and Peptides	Oligopeptides	Cyclic peptides	false	npclassifier.gnps2.org@2026-09-07
RBCHRRIVFAIGFI-RGBMRXMBSA-N	[H][C@@](C)(N)C(=O)N[C@@H]1[C@]2([H])[C@@H](O)[C@H](O)CC(O)=C2C(=O)O[C@]1(C)C(Cl)Cl	Shikimates and Phenylpropanoids	Coumarins	Isocoumarins	false	npclassifier.gnps2.org@2026-09-07
RBGRCEKMUCFEMY-PUOXSKNPSA-N	C[C@H]1[C@H]([C@@H]([C@H](O[C@@H]1OC2=CC3=CC4=C(C(=C3C(=C2C(=O)OC)C)O)C(=O)[C@@]5(C(=O)C=C([C@H]([C@@]5(C4=O)O)O)OC)OC)OC)OC)OC	Polyketides	Polycyclic aromatic polyketides	Anthraquinones and anthrones	true	npclassifier.gnps2.org@2026-09-07
RBPIZRWOMRMEOB-ADDAZVEVSA-N	CN1C(=O)[C@@H]2C3=C1C=CC=C3[C@@]1(N=C=S)C(=O)[C@H](C[C@@H](Cl)[C@@]1(C)C=C)C2(C)C	Alkaloids			false	npclassifier.gnps2.org@2026-09-07
RBWXRFBKVDBXEG-DMTCNVIQSA-N	C#C[C@H]([C@@H](C(=O)O)N)O	Amino acids and Peptides	Small peptides	Aminoacids	false	npclassifier.gnps2.org@2026-09-07
RCIPRGNHNAEGHR-UHFFFAOYSA-N	CCC(C)CCCCCCCCCCC1CC(=O)NC(C(=O)NC(C(=O)N2CCCC2C(=O)NC(C(=O)NC(C(=O)NC(C(=O)NC(C(=O)NC(C(=O)N1)CC(=O)N)CO)CC(=O)N)CC(=O)N)CC3=CC=C(C=C3)O)CCC(=O)N)CC(=O)N	Amino acids and Peptides	Oligopeptides	Cyclic peptides	false	npclassifier.gnps2.org@2026-09-07
RCJADKVBRBVIEX-YAMKEULKSA-N	C/C=C(/C)\C=C(/C)\C=C(/C)\C=C\C=C(/C)\C(=O)[C@@]12[C@@H](O1)[C@](NC2=O)(CCO)O	Alkaloids	Tetramate alkaloids	Simple tetramate alkaloids	false	npclassifier.gnps2.org@2026-09-07
RCJSTCNOAKCESX-XPGKHFPBSA-N	C1=CC(=C(C(=C1)O)O)C(=O)N[C@H](CCCN=C(N)N)C(=O)NCC(=O)NCC(=O)N[C@@H](CCCN(C(=O)[C@H](CO)NC(=O)CNC(=O)CNC(=O)[C@@H](CCCN=C(N)N)NC(=O)C2=C(C(=CC=C2)O)O)O)C(=O)O	Amino acids and Peptides	Oligopeptides		false	npclassifier.gnps2.org@2026-09-07
RCNSZSLZDQBOEM-YXEJCLQBSA-N	O=C(N[C@H](C(N[C@H]([C@H](C)CC)C(N[C@@H](C(C)C)C(N[C@H](C)C(NCCC1=O)=O)=O)=O)=O)C(C)C)[C@@H]([C@H](OC([C@@H](NC([C@@H]2N1CCC2)=O)C(C)C)=O)C)NC([C@H]([C@H](C)CC)NC([C@@H](CC(C)C)NC([C@H](C(C)C)NC([C@@H](C)NC([C@H]3N(C(CCC)=O)CCC3)=O)=O)=O)=O)=O	Amino acids and Peptides|Polyketides	Oligopeptides	Cyclic peptides|Depsipeptides	false	npclassifier.gnps2.org@2026-09-07
RCQTVEFBFUNTGM-BDVHUIKKSA-N	C[C@@H]1[C@@H](C(=O)O[C@@H]([C@@H](C(=O)O[C@@H]([C@@H](C(=O)O1)NC(=O)CNC(=O)C2=C(C(=CC=C2)O)O)C)NC(=O)CNC(=O)C3=C(C(=CC=C3)O)O)C)NC(=O)CNC(=O)C4=C(C(=CC=C4)O)O	Amino acids and Peptides|Polyketides			false	npclassifier.gnps2.org@2026-09-07
RCRYELMDBHQIMX-JRGFPVMHSA-N	CCCCCCC[C@H](CC(=O)N/C(=C\C)/C(=O)N1CCC[C@@H]1C(=O)N[C@H]([C@H](C)CC)C(=O)N[C@H](C(C)C)C(=O)N[C@H](C)C(=O)N[C@H](C)C(=O)N[C@@H](C)C(=O)N[C@H](C(C)C)C(=O)N[C@H](CO)C(=O)N[C@H](C)C(=O)N[C@H](C(C)C)C(=O)N[C@H](C)C(=O)N[C@H](CC(C)C)C(=O)N/C(=C\C)/C(=O)N[C@@H]2[C@H](OC(=O)[C@@H](NC(=O)[C@H](NC(=O)[C@@H](NC(=O)[C@@H](NC2=O)C)CCN)CO)CC3=CC=CC=C3)C)O	Amino acids and Peptides|Polyketides	Oligopeptides	Cyclic peptides|Depsipeptides|Lipopeptides	false	npclassifier.gnps2.org@2026-09-07
RCUFLECOBNVNRE-SNVBAGLBSA-N	COC1=CC(=C2C(=C1)C=C(OC2=O)C[C@H](C(Cl)Cl)O)O	Shikimates and Phenylpropanoids	Coumarins	Isocoumarins	false	npclassifier.gnps2.org@2026-09-07
RDAOYZHOHLFLAN-IAZMLBCOSA-N	C[C@H](O)[C@@H](NC(=O)[C@@H]1CCCN1C(=O)CNC(=O)[C@@H]1CC(=O)NCC(=O)N[C@@H]2Cc3cn(-c4cc(C[C@H](NC2=O)C(=O)NCC(=O)N[C@H](CO)C(=O)N[C@H](CCC(N)=O)C(=O)N[C@H](Cc2c[nH]c5ccccc25)C(=O)N1)ccc4O)c1ccccc31)C(=O)NCC(=O)N[C@H](CCC(N)=O)C(=O)N[C@@H](CCCNC(N)=N)C(=O)N[C@H](CC(O)=O)C(O)=O	Amino acids and Peptides	Oligopeptides	Cyclic peptides	false	npclassifier.gnps2.org@2026-09-07
RDECBWLKMPEKPM-PSCJHHPTSA-N	CC[C@H]1CCC[C@@H]([C@H](C(=O)C2=C[C@H]3[C@@H]4C[C@@H](C[C@H]4C(=C[C@H]3[C@@H]2CC(=O)O1)C)O[C@H]5[C@@H]([C@@H]([C@H]([C@@H](O5)C)OC)OC)OC)C)O[C@H]6CC[C@@H]([C@H](O6)C)N(C)C	Polyketides	Macrolides	Erythromycins	true	npclassifier.gnps2.org@2026-09-07
RDEZRSOXSQHNOU-SMVKTZMVSA-N	C[C@@H]([C@@H](/C=C/C=C/C=C/C=C/C=C/C=C/CC(C(C)C(=O)C[C@@H](C[C@@H](/C=C/C[C@@H](C[C@H](C[C@@H](/C=C/C[C@H](C[C@@H](/C=C/C[C@H](C[C@H](CCCN)O)O)O)O)O)O)O)O)O)OS(=O)(=O)O)O)[C@H](C(C)/C=C/CC/C=C/C=C/C=C(\C)/C(=O)O)O	Fatty acids	Fatty Acids and Conjugates	Unsaturated fatty acids	false	npclassifier.gnps2.org@2026-09-07
RDEZRSOXSQHNOU-XTQYLRKSSA-N	C[C@H]([C@H](/C=C/C=C/C=C/C=C/C=C/C=C/CC(C(C)C(=O)C[C@@H](C[C@@H](/C=C/C[C@@H](C[C@@H](C[C@H](/C=C/C[C@@H](C[C@H](/C=C/C[C@@H](C[C@@H](CCCN)O)O)O)O)O)O)O)O)O)OS(=O)(=O)O)O)[C@@H](C(C)/C=C/CC/C=C/C=C/C=C(\C)/C(=O)O)O	Fatty acids	Fatty Acids and Conjugates	Unsaturated fatty acids	false	npclassifier.gnps2.org@2026-09-07
RDHDUYAKDYQPEW-UHFFFAOYSA-M	CCC(C1C(CC(O1)(CC)C2CCC(C(O2)C)(CC)O)C)C(=O)C(C)C(C(C)CCC3=C(C(=C(C=C3)C)O)C(=O)[O-])O.[Na+]	Polyketides	Polyethers|Linear polyketides	Open-chain polyketides|Polyether ionophores	false	npclassifier.gnps2.org@2026-09-07
RDNLQESQZXBNSG-ZVSUTAIVSA-N	[H][C@]12CC3=CC4=C(C(=O)C=C(OC)C4=O)C(O)=C3C(=O)[C@@]1(O[C@H]1CC[C@H](O[C@H]3CC[C@H](O)[C@@H](C)O3)[C@@H](C)O1)C(=O)C(C(C)=O)=C(O)[C@@H]2O[C@H]1CC[C@H](O[C@H]2CC[C@H](O[C@H]3CC[C@H](O[C@H]4CC[C@H](OC(=O)C(C)(C)C(O)=O)[C@H](C)O4)[C@H](C)O3)[C@H](C)O2)[C@@H](C)O1	Polyketides	Polycyclic aromatic polyketides	Angucyclines	true	npclassifier.gnps2.org@2026-09-07
RDOAILCTQUQNDX-KPHVXAMESA-N	O=C(O)[C@@H](NC(C)=O)CS/C(C)=C([H])/C([H])=C1C=CC2=C\1C=CC=N2	Alkaloids	Nicotinic acid alkaloids	Pyridine alkaloids	false	npclassifier.gnps2.org@2026-09-07
RDOAILCTQUQNDX-KUPVZEOPSA-N	[H]C(/C([H])=C(SC[C@@H](C(O)=O)NC(C)=O)\C)=C1C=CC2=C\1C=CC=N2	Alkaloids	Nicotinic acid alkaloids	Pyridine alkaloids	false	npclassifier.gnps2.org@2026-09-07
RDQGGAPFSATKIG-RMQVJLFUSA-M	O=S([O-])(O[C@H]([C@@H]([C@H](O1)CN)O)[C@@H]1O[C@@H]([C@@H]2N(C[C@@H]([C@H](N(C2=O)C)C(O)=O)OC(C[C@@H](OC(C[C@@H](CC(O)=O)C)=O)CCCCCCCCCCCC)=O)C)[C@@H](O[C@H]3N(C(N4)=O)C=CC4=O)[C@H]([C@H]3O)O)=O	Carbohydrates	Nucleosides	Pyrimidine nucleos(t)ides	true	npclassifier.gnps2.org@2026-09-07
REAWNMHCBIUKLZ-RWANSRKNSA-N	CC(C)CCCCC(=O)C1[C@@H](COC1=O)CO	Polyketides	Cyclic polyketides	2-pyrone derivatives	false	npclassifier.gnps2.org@2026-09-07
REDGYIBZSZFWKD-UHFFFAOYSA-N	CC1=C(C(=C2C(=C1)C(=O)C3=C(C2=O)C(=CC(=C3O)O)O)O)C(=O)O	Polyketides	Polycyclic aromatic polyketides	Anthraquinones and anthrones	false	npclassifier.gnps2.org@2026-09-07
REFHNSOTFKKRAI-GBNDHIKLSA-N	C1=C(C(=O)NC(=O)O1)[C@H]2[C@@H]([C@@H]([C@H](O2)CO)O)O				false	npclassifier.gnps2.org@2026-09-07
REOKRAKOSOITAV-UHFFFAOYSA-N	CN(C1=CC=C(C=C1)C(=O)O)C2=CC=CC3=C2N=C4C=CC=C(C4=N3)O	Alkaloids	Anthranilic acid alkaloids	Phenazine alkaloids	false	npclassifier.gnps2.org@2026-09-07
REYFHXQKMLBRBN-INIZCTEOSA-N	O=C(NCCCC[C@@H](CO)NC(=O)C1=CN=CC=C1)C1=CN=CC=C1	Alkaloids	Nicotinic acid alkaloids	Pyridine alkaloids	false	npclassifier.gnps2.org@2026-09-07
RFCWHQNNCOJYTR-QKIDKDKQSA-N	C[C@@H]1CC[C@@]2(CC[C@@H]([C@@H](O2)[C@H](C)CC[C@@H]([C@H](C)C(=O)C[C@H]([C@@H]([C@@H](C(C)C)OC(=O)C[C@H](C3=C(C(=O)OC3=O)C)O)OC)O)O)C)O[C@H]1CC[C@H](C)C(=O)C	Polyketides	Linear polyketides	Open-chain polyketides	false	npclassifier.gnps2.org@2026-09-07
RGCKNHXAIUCLAC-UDJPLWHASA-N	CCCCCCCCC[C@@H](O)CC(=O)NCC(=O)N[C@@H](C(=O)N[C@@H](CO)C(=O)N[C@@H](C(=O)N[C@H](CCCN(O)N=O)C(=O)N[C@@H](C)C(=O)N[C@H](CCCN(O)N=O)C(=O)O)[C@@H](C)O)[C@@H](O)C(=O)O	Amino acids and Peptides	Oligopeptides	Linear peptides|Lipopeptides	false	npclassifier.gnps2.org@2026-09-07
RGFCRAHTPKNZJI-NUVSNYKBSA-N	CC[C@H](C)[C@@H](C(=O)N[C@H](CC(=O)NC)C(=O)N[C@@H](C(C)C)C(=O)N[C@H]([C@H](C(=O)NC)O)C(=O)N[C@@H](C)C(=O)N[C@H](CC(=O)NC)C(=O)N[C@@H](C(C)C)C(=O)N[C@H](CO)C(=O)N[C@@H](C(C)C)C(=O)N[C@H](CC(=O)N)C(=O)N[C@H](C(=O)N[C@H](CC(=O)N)C(=O)N[C@@H](CCC(=O)N)C(=O)N[C@H]([C@@H](C)O)C(=O)N[C@@H]([C@@H](C)O)C(=O)O)C(C)(C)C[S@@](=O)C)NC(=O)[C@@H](CC(=O)NC)NC(=O)CNC(=O)[C@@H](C(C)(C)O)NC(=O)[C@H](C(C)(C)C)NC(=O)[C@@H]([C@H](C(=O)NC)O)NC(=O)[C@H]([C@@H](C)CC)NC(=O)[C@@H](CC(=O)NC)NC(=O)CNC(=O)CNC(=O)[C@H](C)NC(=O)[C@@H](C(C)(C)O)NC(=O)[C@H]([C@@H](C)CC(=O)N)NC(=O)[C@@H](CC(=O)NC)NC(=O)[C@H](C(C)(C)C)NC(=O)CNC(=O)[C@H](C)NC(=O)CNC(=O)[C@H](C(C)(C)O)NC(=O)[C@@H](CC(=O)NC)NC(=O)[C@H](C)NC(=O)[C@@H](C(C)(C)C)NC(=O)[C@H](C)NC(=O)CNC(=O)[C@H](C)NC(=O)[C@@H](C(C)(C)C)NC(=O)[C@H](C(C)(C)C)NC(=O)[C@@H](C)NC(=O)[C@H](C(C)(C)C)NC(=O)[C@@H](C(C)(C)C)NC(=O)[C@H](C(C)(C)C)NC(=O)CNC(=O)[C@H](C(C)(C)CC)NC(=O)CNC(=O)C(=O)CCC(C)(C)C	Amino acids and Peptides	Oligopeptides	Peptaibols	false	npclassifier.gnps2.org@2026-09-07
RGFCRAHTPKNZJI-QMBUVTTKSA-N	CC[C@H](C)[C@@H](C(=O)N[C@H](CC(=O)NC)C(=O)N[C@@H](C(C)C)C(=O)N[C@H]([C@H](C(=O)NC)O)C(=O)N[C@@H](C)C(=O)N[C@H](CC(=O)NC)C(=O)N[C@@H](C(C)C)C(=O)N[C@H](CO)C(=O)N[C@@H](C(C)C)C(=O)N[C@H](CC(=O)N)C(=O)N[C@H](C(=O)N[C@H](CC(=O)N)C(=O)N[C@@H](CCC(=O)N)C(=O)N[C@H]([C@@H](C)O)C(=O)N[C@@H]([C@@H](C)O)C(=O)O)C(C)(C)C[S@](=O)C)NC(=O)[C@@H](CC(=O)NC)NC(=O)CNC(=O)[C@@H](C(C)(C)O)NC(=O)[C@H](C(C)(C)C)NC(=O)[C@@H]([C@H](C(=O)NC)O)NC(=O)[C@H]([C@@H](C)CC)NC(=O)[C@@H](CC(=O)NC)NC(=O)CNC(=O)CNC(=O)[C@H](C)NC(=O)[C@@H](C(C)(C)O)NC(=O)[C@H]([C@@H](C)CC(=O)N)NC(=O)[C@@H](CC(=O)NC)NC(=O)[C@H](C(C)(C)C)NC(=O)CNC(=O)[C@H](C)NC(=O)CNC(=O)[C@H](C(C)(C)O)NC(=O)[C@@H](CC(=O)NC)NC(=O)[C@H](C)NC(=O)[C@@H](C(C)(C)C)NC(=O)[C@H](C)NC(=O)CNC(=O)[C@H](C)NC(=O)[C@@H](C(C)(C)C)NC(=O)[C@H](C(C)(C)C)NC(=O)[C@@H](C)NC(=O)[C@H](C(C)(C)C)NC(=O)[C@@H](C(C)(C)C)NC(=O)[C@H](C(C)(C)C)NC(=O)CNC(=O)[C@H](C(C)(C)CC)NC(=O)CNC(=O)C(=O)CCC(C)(C)C	Amino acids and Peptides	Oligopeptides	Peptaibols	false	npclassifier.gnps2.org@2026-09-07
RGRXZGKXEJHPQQ-UHFFFAOYSA-N	CCCCCCCC1=C(O)C=C(CC=C(C)C)C(O)=C1C=O	Polyketides	Aromatic polyketides		false	npclassifier.gnps2.org@2026-09-07
RGXPVTCXXHGAHK-QFIDHXJRSA-N	CC1=CC[C@@](CC[C@H]2C(C)C)(C)[C@]2([H])C/C=C(C)\[C@@]3([H])/C([C@@H](C)CC3)=C/C1	Terpenoids	Sesterterpenoids	Betaestacin-type sesterterpenoids	false	npclassifier.gnps2.org@2026-09-07
RHCZOBFSTRYQQB-UWCQXLQVSA-N	OC([C@H]1O[C@@H](O[C@H]2[C@](C(O)=O)(C)C(CC[C@]3(C)C4CC=C5[C@@]3(C)CC[C@]6(C(O[C@H]7[C@H](O[C@H]8[C@H](O)[C@H](O)[C@@H](O[C@H]9C[C@H](CO)[C@@H](O)[C@H](O)[C@H]9O)[C@H](C)O8)[C@@H](O)[C@@H](O)[C@@H](C)O7)=O)C5CC(C)(C)CC6)[C@]4(C)C[C@@H]2O)[C@H](O)[C@@H](O)[C@@H]1O)=O	Terpenoids	Triterpenoids	Oleanane triterpenoids	true	npclassifier.gnps2.org@2026-09-07
RHGKLRLOHDJJDR-BYPYZUCNSA-N	C(C[C@@H](C(=O)O)N)CNC(=O)N	Amino acids and Peptides	Small peptides	Aminoacids	false	npclassifier.gnps2.org@2026-09-07
RHGMVWUZXGSXCT-HXNNLKDLSA-N	C/C=C/C(=O)/C/1=C/C(=C\2/C=CCCN2)/SC[CH](C(=O)O1)NC(=O)C				false	npclassifier.gnps2.org@2026-09-07
RHGNLLJMHSJJRX-UHFFFAOYSA-N	O=C(C(CC(C)C)N1O)N(O)C(CC(C)C)C1=O	Amino acids and Peptides	Small peptides	Dipeptides	false	npclassifier.gnps2.org@2026-09-07
RHKVCMWMMGYUTG-WEMUOSSPSA-N	OC1=C(CCCCCCCCCCCCCCC)C=C(OC/C=C(CC/C=C(C)/C)\C)C=C1OC	Polyketides	Aromatic polyketides	Catechols with side chains	false	npclassifier.gnps2.org@2026-09-07
RHMXXJGYXNZAPX-UHFFFAOYSA-N	CC1=CC(=C2C(=C1)C(=O)C3=CC(=CC(=C3C2=O)O)O)O	Polyketides	Polycyclic aromatic polyketides	Anthraquinones and anthrones	false	npclassifier.gnps2.org@2026-09-07
RHNVLFNWDGWACV-BJDJZHNGSA-N	C[C@H]1[C@@H](OC2=C(C1=O)C(=C3C(=C2)C(=C(C=C3O)O)C4=C(C=C(C5=C(C6=C(C=C54)O[C@H]([C@@H](C6=O)C)C)O)O)O)O)C	Polyketides	Naphthalenes	Bisnaphthalenes	false	npclassifier.gnps2.org@2026-09-07
RHVCCGGUZCFSLF-GHMZBOCLSA-N	CCCCCC[C@@H]1C[C@@H](C(=O)O1)C(=C)C(=O)O	Fatty acids			false	npclassifier.gnps2.org@2026-09-07
RHXMWIQQZOYJPX-HLPMTTABSA-N	C[C@@H]1[C@H](/C=C/O[C@@]2(C(=O)C3=C(O2)C(=C(C4=C3C(=C(C5=C4O[C@@](CC(=O)[C@@H]6C[C@@H]6[C@@H]([C@H]([C@H]([C@H]([C@@H]1OC(=O)C)C)O)C)O)(C(=O)N5)C)O)O)O)C)C)OC	Polyketides	Macrolides	Ansa macrolides	false	npclassifier.gnps2.org@2026-09-07
RIBHTDFMGKDYOQ-ONEGZZNKSA-N	O=C1C(C(C)OS(=O)(O)=O)C2N1C(C(O)=O)C(S(/C=C/NC(C)=O)=O)C2	Amino acids and Peptides	Small peptides		false	npclassifier.gnps2.org@2026-09-07
RITCLSRSBATMJD-HNOCQKCCSA-N	CC(C)CCC[C@@H]1NC(=O)CNC(=O)[C@@H](CC2=C[NH]C3=CC=CC=C23)NC(=O)[C@H](CCC(=O)O)NC(=O)[C@@H](CCCN)NC(=O)[C@H](C(C)C)NC1=O	Amino acids and Peptides	Oligopeptides	Cyclic peptides	false	npclassifier.gnps2.org@2026-09-07
RITCLSRSBATMJD-QEMJUCGLSA-N	CC(C)CCC[C@@H]1NC(=O)CNC(=O)[C@@H](CC2=C[NH]C3=CC=CC=C23)NC(=O)[C@H](CCC(=O)O)NC(=O)[C@@H](CCCN)NC(=O)[C@@H](C(C)C)NC1=O	Amino acids and Peptides	Oligopeptides	Cyclic peptides	false	npclassifier.gnps2.org@2026-09-07
RIZAHVBYKWUPHQ-GNNSKLCBSA-N	C[C@H]\1C/C=C/[C@H]2[C@H]3[C@](O3)([C@H]([C@@H]4[C@@]2(C(=O)CCC(=O)C(=O)/C(=C1)/C)C(=O)N[C@H]4CC5=CNC6=CC=CC=C65)C)C	Alkaloids	Pseudoalkaloids	Cytochalasan alkaloids	false	npclassifier.gnps2.org@2026-09-07
RJFZDOXRXVVKBY-RPKRUUSYSA-N	C[C@@H]1[C@H](O)c2c(c3C(=O)c4cccc(OC)c4-c3c(O)c2)[C@@H](O)[C@@H]1O	Polyketides	Polycyclic aromatic polyketides	Angucyclines	false	npclassifier.gnps2.org@2026-09-07
RJPHPAGAESHTRC-MJNPNBLESA-N	CC(C)C[C@@H]1NC(=O)[C@@H]2CC(=O)O[C@H](C)[C@H](NC(=O)[C@H](CC3=C[NH]C4=CC=CC=C34)NC(=O)[C@@H]3CCCN3C(=O)[C@@H](NC(=O)[C@@H](N)CCC(=O)O)C(C)C)C(=O)N[C@@H](CC3=CC=C(O)C=C3)C(=O)N[C@H]3CCCCNC(=O)C[C@@H](C(=O)N[C@@H](CCCNC(=N)N)C(=O)O)NC(=O)[C@H](CCC(=O)OC[C@H](NC(=O)[C@@H]4CCCC4C(=O)[C@H](CC4=CC=CC=C4)NC3=O)C(=O)N2)NC1=O	Amino acids and Peptides	Oligopeptides	Cyclic peptides|Depsipeptides	false	npclassifier.gnps2.org@2026-09-07
RJURFGZVJUQBHK-IIXSONLDSA-N	[H][C@@]12CCCN1C(=O)[C@]([H])(NC(=O)[C@@]([H])(NC(=O)C1=CC=C(C)C3=C1N=C1C(O3)=C(C)C(=O)C(N)=C1C(=O)N[C@]1([H])C(=O)N[C@]([H])(C(C)C)C(=O)N3CCC[C@@]3([H])C(=O)N(C)CC(=O)N(C)[C@@]([H])(C(C)C)C(=O)O[C@]1([H])C)[C@@]([H])(C)OC(=O)[C@]([H])(C(C)C)N(C)C(=O)CN(C)C2=O)C(C)C	Amino acids and Peptides	Oligopeptides	Actinomycins	false	npclassifier.gnps2.org@2026-09-07
RJVBVECTCMRNFG-HEQAHCIESA-N	C[C@@H]1O[C@H](C[C@@H](C1)OC)CC[C@@H]([C@H](O)[C@@H]([C@H]2OC(=O)/C=C\C(=C/C[C@@H](C[C@H]3O[C@H](C[C@@H]([C@H]([C@H](C[C@H]([C@@H]([C@H](OC(=O)/C=C\C(=C/C[C@@H](C[C@H]4O[C@H](C[C@@H]([C@H]([C@H](C[C@H]([C@@H]2C)O)O)C)OC)CC=C4)O)\C)[C@H]([C@@H](O)[C@H](CC[C@@H]5O[C@H](C[C@H](C5)OC)C)C)C)C)O)O)C)OC)CC=C3)O)\C)C)C	Polyketides	Macrolides	Macrolide lactones	false	npclassifier.gnps2.org@2026-09-07
RJWLAIMXRBDUMH-BSOSBYQFSA-N	O=CC(CCSC)NC([C@H](CC(C)C)NC([C@H](CC(C)C)NC(C)=O)=O)=O	Amino acids and Peptides	Small peptides	Tripeptides	false	npclassifier.gnps2.org@2026-09-07
RKAAVHMHEYQQIN-QLNCNNILSA-N	O=C1C2=C(C([H])=C3C2=C(O)C4=C(O)C=CC(O)=C4C3=O)[C@@H](O[C@H]5O[C@@H](C)[C@@H](N(C)C)[C@@H](O)C5)[C@](O[C@@H]6O[C@@H](C)[C@H](O)[C@@H](OC)C6)(CC)C1C7[C@@](O[C@@H]8O[C@@H](C)[C@H](OC)[C@@H](OC)C8)(CC)[C@H](O[C@H]9O[C@@H](C)[C@H](N(C)C)[C@@H](O)C9)C(C(C(C(C%10=C(O)C=CC(O)=C%10%11)=O)C%12C%11=O)=[N+]=[N-])=C%12C7=O	Polyketides	Polycyclic aromatic polyketides	Angucyclines	true	npclassifier.gnps2.org@2026-09-07
RKKPUBAAIGFXOG-YTXTXJHMSA-N	C/C=C/C=C/C(=O)C1=CC(=C(C(=C1O)C)O)C	Polyketides	Aromatic polyketides	Sorbicilinoids	false	npclassifier.gnps2.org@2026-09-07
RKSQYDBORLFRPF-VXEUTMNQSA-N	CC[C@@H]1C[C@H]2[C@H](CCC2=O)C(=C1)C(=O)N[C@@H](C(C)CC)C(=O)O				false	npclassifier.gnps2.org@2026-09-07
RKUGDRRWUUJGND-HNNXBMFYSA-N	CCC(O)=CC1=CC2=C3C(=CC4=CC=CC(=O)C4=C3O1)C[C@@H](CC(=O)OC)O2	Polyketides	Chromanes	Chromones	false	npclassifier.gnps2.org@2026-09-07
RKXLUXSTSOYJOS-IKPVJZKGSA-N	C[C@@H]1C[C@@H]2[C@H]3C[C@H]4C=CC(=C5C(=O)[C@H](CCCNC(=O)C=CC[C@@H]4[C@H]3C=C[C@H]2[C@@H]1C(=O)C)NC5=O)O	Amino acids and Peptides|Polyketides	Macrolides	Macrocyclic tetramic acids	false	npclassifier.gnps2.org@2026-09-07
RKXLUXSTSOYJOS-ONSBZXJCSA-N	C[C@@H]1C[C@@H]2[C@H]3C[C@H]4/C=C/C(=C5C(=O)[C@H](CCCNC(=O)/C=C/C[C@@H]4[C@H]3C=C[C@H]2[C@@H]1C(=O)C)NC5=O)O	Amino acids and Peptides|Polyketides	Macrolides	Macrocyclic tetramic acids	false	npclassifier.gnps2.org@2026-09-07
RKXSDRQPYKUZLX-DJUBSXHPSA-N	CC[C@H](O[C@H]1C[C@](C)(N)[C@H](O)[C@H](C)O1)[C@H](C)[C@H](O)[C@H](C=C[C@@H]1CC=C(C)[C@@H](O)[C@@H](C)[C@H](O[C@@H]2O[C@H](CO)[C@@H](O)[C@H](O)[C@@H]2O)C[C@@H](O)[C@@H](C)[C@H](O)C[C@@H]2C[C@H](O)[C@@H](O)[C@](O)(C[C@@H](O[C@@H]3O[C@H](C)[C@@H](O)[C@H](O[C@H]4C[C@@H](N)[C@H](O)[C@@H](C)O4)[C@H]3O[C@@H]3O[C@H](C)[C@@H](O)[C@H](O)[C@H]3O)[C@@H](C)C=C[C@@H](O)C[C@@H](O)[C@@H](C)C=CC(=O)O1)O2)CC	Polyketides	Macrolides	Macrolide lactones	true	npclassifier.gnps2.org@2026-09-07
RKZXFUNWWLAGGB-UATNWESBSA-N	C/C=C1/NC(=O)[C@H](CCC(N)=O)NC(=O)CC(CCCCC)NC(=O)CNC(=O)[C@H](CC(C)C)NC(=O)[C@@H]([C@@H](C)CC)NC(=O)[C@H]([C@@H](C)CC)NC(=O)[C@@H](CC(C)C)NC(=O)[C@@H](CC2=CC=CC=C2)NC(=O)[C@H](CCO)NC(=O)[C@@H]2CCCN2C1=O	Amino acids and Peptides	Oligopeptides	Cyclic peptides	false	npclassifier.gnps2.org@2026-09-07
RLEKJHOJOZAHJF-LMVAYXAVSA-N	CC[C@H](C)[C@@H](C(=O)OC)NC(=O)C1=C(OC(=N1)C2=CSC(=N2)C3=C(OC(=N3)C4=COC(=N4)[C@H](C(C)C)NC(=O)/C(=N/OC)/C(C)C)C)C	Amino acids and Peptides	Oligopeptides	RiPPs-Thiopeptides	false	npclassifier.gnps2.org@2026-09-07
RLEKJHOJOZAHJF-VHWYSAPLSA-N	CC[C@H](C)[C@@H](C(=O)OC)NC(=O)C1=C(OC(=N1)C2=CSC(=N2)C3=C(OC(=N3)C4=COC(=N4)[C@H](C(C)C)NC(=O)/C(=N\OC)/C(C)C)C)C	Amino acids and Peptides	Oligopeptides	RiPPs-Thiopeptides	false	npclassifier.gnps2.org@2026-09-07
RLMLFADXHJLPSQ-QLLGQPFOSA-N	[H][C@@](C)(CC)[C@]1([H])NC(=O)[C@]2([H])CCCN2C(=O)[C@]([H])(CC2=CC=CC=C2)N(C)C(=O)[C@]([H])(CC2=CC=CC=C2)NC(=O)[C@]([H])(C(C)C)N(C)C(=O)[C@]([H])(OC(=O)[C@@]([H])(N(C)C(=O)[C@]([H])(CC(C)C)NC(=O)[C@]([H])(C(C)C)N(C)C1=O)C(C)(C)O)[C@@]([H])(C)CC	Amino acids and Peptides|Polyketides	Oligopeptides	Cyclic peptides|Depsipeptides	false	npclassifier.gnps2.org@2026-09-07
RLOSZZIDVJJKKR-XAAWTUPHSA-N	O=C1C2=C(C([H])=C3C2=C(O)C4=C(O)C=CC(O)=C4C3=O)[C@@H](O[C@H]5O[C@@H](C)[C@@H](N(C)C)[C@@H](O)C5)[C@](O[C@@H]6O[C@@H](C)[C@H](O)[C@@H](OC)C6)(CC)C1C7[C@@](O[C@@H]8O[C@@H](C)[C@H](O)[C@@H](OC)C8)(CC)[C@H](O[C@H]9O[C@@H](C)[C@H](N(C)C)[C@@H](O)C9)C(C(C(C(C%10=C(O)C=CC(O)=C%10%11)=O)C%12C%11=O)=[N+]=[N-])=C%12C7=O	Polyketides	Polycyclic aromatic polyketides	Angucyclines	true	npclassifier.gnps2.org@2026-09-07
RLSMFTAMWBMTGW-IBQANEQOSA-N	C[C@H]1CC[C@@H]([C@H]([C@H](C[C@H]([C@H](/C=C/[C@H]([C@H](C(=O)O[C@@H]([C@H](/C=C/C=C/[C@H]([C@H]([C@@H](C[C@H](C[C@@H](C[C@@H]2C[C@@H]([C@H]([C@@](O2)(C[C@H]1O)OC)O)O)OC(=O)CC(=O)O)O)O)C)O)C)[C@@H](C)C[C@@H](C)CCC/C=C/CCCNC(=NC)N)C)O)C)O)O)C)O	Polyketides	Macrolides	Macrolide lactones	true	npclassifier.gnps2.org@2026-09-07
RLSXUJSGKUUKFH-UHFFFAOYSA-N	O=C(O)CCC(NC(CCNC(CC1=CN=C[NH]1)C(=O)O)C(=O)O)C(=O)O	Amino acids and Peptides	Small peptides	Aminoacids|Tripeptides	false	npclassifier.gnps2.org@2026-09-07
RMGREFLDMCGIFA-WFMSWEOJSA-N	[H][C@]1(OC1(C)C)[C@]1([H])N2CC[C@@]34C5=C(C=CC=C15)N(C)[C@]3([H])NC1=CC=CC=C1[C@@]41CCN(C(=O)CCC)[C@@]21[H]	Alkaloids	Tryptophan alkaloids	Aspidosperma type	false	npclassifier.gnps2.org@2026-09-07
RMIXHJPMNBXMBU-QIIXEHPYSA-N	C[C@@H]1C[C@H]2CC[C@H](O2)[C@@H](C(=O)O[C@H](C[C@@H]3CC[C@@H](O3)[C@H](C(=O)O[C@@H](C[C@H]4CC[C@H](O4)[C@@H](C(=O)O[C@H](C[C@@H]5CC[C@@H](O5)[C@H](C(=O)O1)C)C)C)C)C)C)C	Polyketides	Polyethers	Macrotetrolides	false	npclassifier.gnps2.org@2026-09-07
RMPBBTRCRVFCHW-WSLYVRMYSA-N	C[C@@](O1)([H])C[C@@H](OC)[C@H](C)C1(O)CC2=NC(/C=C([C@@]3([H])[C@H](C)[C@@H](OC(/C=C\C4)=O)C[C@](C/C=C(C)/C5=NC([C@]6([H])C[C@@H](OC(N)=O)[C@H](O)[C@@](C[C@H](O)C[C@@H](O)[C@H](/C=C/[C@@]7([H])O[C@@]4([H])[C@@H](C)[C@H](O)C7)O)([H])O6)=CO5)([H])O3)\C)=CO2	Polyketides	Macrolides	Avermectins	true	npclassifier.gnps2.org@2026-09-07
RNCIRPXKNXEARM-AOMJWMKZSA-N	O([C@@H]1[C@@]2(O[C@]([C@H](NC(C)=O)[C@H]1O)(OC2)[H])[H])[C@H]3[C@H](NC(C)=O)[C@@H](O)[C@H](O[C@H]4[C@H](NC(C)=O)[C@@H](O)[C@H](O[C@H]5[C@H](NC(C)=O)[C@@H](O)[C@H](O)[C@@H](CO)O5)[C@@H](CO)O4)[C@@H](CO)O3	Carbohydrates	Aminosugars and aminoglycosides|Saccharides	Aminosugars|Polysaccharides	true	npclassifier.gnps2.org@2026-09-07
RNFNEBCHHXUETQ-KSOAMXKZSA-N	C[C@@H]1CCC2=C3C[C@@]4(C)CCC(C)(C)[C@H]4[C@@H]3CC[C@]21C	Terpenoids	Diterpenoids		false	npclassifier.gnps2.org@2026-09-07
RNOVNLHWRVTBCX-UHFFFAOYSA-N	COC1C2=COC(CO)=C2C(=O)C2=C(O)C(OC)=C(O)C=C12	Polyketides			false	npclassifier.gnps2.org@2026-09-07
RNPKTIINQWKWOQ-YWYZNWELSA-L	CC1=C(C2=CC3=C(C(=C([N-]3)C=C4[C@@](C(=O)C(=N4)C=C5[C@@](C(=O)C(=N5)C=C1[N-]2)(C)CC(=O)O)(C)CC(=O)O)C)/C=C/C(=O)O)CCC(=O)O	Alkaloids			false	npclassifier.gnps2.org@2026-09-07
RNRCUOCMUNIOMZ-UHFFFAOYSA-N	COC1C(OC(N)=O)C(OC1C(OC1OC(=CC(O)C1O)C(O)=O)C(N)=O)N1C=CC(=O)NC1=O	Carbohydrates	Nucleosides	Pyrimidine nucleos(t)ides	true	npclassifier.gnps2.org@2026-09-07
RNSJXGZIFVKGTF-ZJJMVOHTSA-N	OC(C(NC(/C(C)=C/C=C/C=C/C=C/C=C/C=C/C=C/[C@H]1N=C(O[C@@H]1C)/C=C/C2=CC=CN2)=O)CC(N)=O)=O	Alkaloids|Amino acids and Peptides|Polyketides	Peptide alkaloids|Linear polyketides	DKXanthenes and derivatives|Simple amide alkaloids	false	npclassifier.gnps2.org@2026-09-07
ROKIVFXGQXAIDF-RLCAUIQDSA-N	CC(C)CC(=O)N[C@H]([C@@H](C)O)C(=O)N[C@@H](CC(C)=C)C(=O)C1CO1	Amino acids and Peptides	Small peptides	Tripeptides	false	npclassifier.gnps2.org@2026-09-07
ROPGADFKOUALIE-DJIBYVLHSA-N	C\C(CC[C@@]1(O)C[C@H]2C[C@@H](C\C(C)=C/C\C=C/C\C(CC(O)=O)=C/C(=O)O2)O1)=C/CC1=CC=CC=C1	Polyketides	Macrolides	Macrolide lactones	true	npclassifier.gnps2.org@2026-09-07
ROTFFYYCARWRHQ-NHLUBFEDSA-N	CCCCCC(=O)N[C@@H](CC(=O)O)C(=O)N[C@@H]1[C@H](OC(=O)[C@@H](NC(=O)[C@@H](N(C(=O)[C@@H](N2C(CCC(C2=O)NC(=O)[C@@H](NC1=O)CCCN=C(N)N)O)[C@H](C)CC)C)CC3=CC=C(C=C3)O)[C@@H](C)CC)C	Amino acids and Peptides|Polyketides	Oligopeptides	Ahp-containing cyclodepsipeptides|Cyclic peptides|Depsipeptides|Lipopeptides	false	npclassifier.gnps2.org@2026-09-07
RPGARLRIXQBHPT-HZXPUPGVSA-N	CC(=CC=CC=CCCC=C[C@H](C)[C@H](O)[C@@H](C)[C@H](O)C=CC=CC=CC=CC=CC=CC[C@H](O)[C@H](C)C(=O)C[C@H](O)C[C@H](O)C=CC[C@H](O)C[C@H](O)C[C@@H](O)C=CC[C@@H](O)C[C@H](O)C=CC[C@H](O)C[C@H](O)CCCN=C(N)N)C(=O)O	Fatty acids	Fatty Acids and Conjugates	Unsaturated fatty acids	false	npclassifier.gnps2.org@2026-09-07
RPIWRSVHAHNACM-UHFFFAOYSA-N	C/C(C)=C/CC1=C(O)C=CC(O)=C1	Shikimates and Phenylpropanoids	Phenolic acids (C6-C1)	Simple phenolic acids	false	npclassifier.gnps2.org@2026-09-07
RPQXVSUAYFXFJA-HGRQIUPRSA-N	C1CN2C(=N[C@H]([C@H]3[C@]2(C1(O)O)N=C(N3)N)COC(=O)N)N	Alkaloids	Guanidine alkaloids	Saxitoxins	false	npclassifier.gnps2.org@2026-09-07
RPZSFJRGNIXPCZ-LBPRAYKBSA-N	CC(C)=CC1C/C(=C/CC/C(C)=C/C2C/C(=C/CC/C(C)=C/CC3=CC4=CC=CC=C4[N+]([O-])=C3C)CO2)CO1	Terpenoids	Sesterterpenoids		false	npclassifier.gnps2.org@2026-09-07
RQRYYNCRMSFECR-VKKPVAOGSA-N	CCN1C(=O)\C2=C3/CO[C@](OC)([C@H]3O)[C@@H](O)CCC[C@@]12C	Terpenoids			true	npclassifier.gnps2.org@2026-09-07
RQTBDAFTRVNJNV-HNKFSMOOSA-N	CC1=CC(=O)[C@H]2C3=C(O)C=CC4=C3[C@H]3[C@@H]1[C@@H]2CN3C1=C2C4=C3C=C[C@@H](O)[C@H](O)C3=C3SC(=O)C(=C32)C=C1	Polyketides	Polycyclic aromatic polyketides		false	npclassifier.gnps2.org@2026-09-07
RQUSFPNJLPMMAT-CDKAXJOTSA-N	O=C1O[C@@]([C@@H]2[C@]13[C@H](CC[C@H]4[C@@H](O)C[C@@H](C)O4)C=CCC3)([H])[C@@H](CCCCCC)OC2=O	Polyketides	Macrolides	Macrolide lactones	false	npclassifier.gnps2.org@2026-09-07
RQYZFUUTQJMTMJ-JCSZEPHKSA-N	[H][C@@]12CC(C)=C[C@@H](C)[C@@]1([H])[C@]1([H])C(=O)C(Cl)(Cl)C(=O)[C@H](C)C(=O)O[C@@H](C)\C=C\C=C/[C@@H](C)[C@]1([H])C=C2	Polyketides	Macrolides		false	npclassifier.gnps2.org@2026-09-07
RRAGXSHBLBJERY-HZLPDVBGSA-N	O=C(CCCCCC)N[C@H](C(O[C@@H](CC(O)=O)[C@]1([H])CCCN1C([C@@H](N)C(C)C)=O)=O)CC2=CC=CC=C2	Amino acids and Peptides	Small peptides		false	npclassifier.gnps2.org@2026-09-07
RRDKRMMBMWKANR-LDLUVENISA-N	CC1=C(C(=CC(=C1Cl)OC)O)C2=CC(=C(C3=C2C(=O)[C@@]4([C@H](C3)C(C5=C(C4=O)C(=CC(=C5Cl)O)O)(C)C)O)Cl)OC	Polyketides	Polycyclic aromatic polyketides	Fasamycins and derivatives	false	npclassifier.gnps2.org@2026-09-07
RRPLGXJSBDXTJL-SWXKCSOPSA-N	CC\C(\C=C\C1=CC=CC(=O)O1)=C/C=C/C1=CC=CC=C1	Polyketides	Cyclic polyketides	2-pyrone derivatives	false	npclassifier.gnps2.org@2026-09-07
RRTKVYSLIGQWCO-UHFFFAOYSA-N	CN1C2=C(C(=O)N(C1=O)C)N=CN=N2	Alkaloids	Pseudoalkaloids	pteridine alkaloids	false	npclassifier.gnps2.org@2026-09-07
RRVPCBLEVREXDD-BYNJWEBRSA-N	OC1=C(CCCCCCCCCCCCCC(C)C)C=C(OC/C=C(CC/C=C(C)/C)\C)C=C1OC	Terpenoids			false	npclassifier.gnps2.org@2026-09-07
RSEIHGFYUUTBRH-UHFFFAOYSA-N	CC1=CC(=C(C(=C1)O)C(=O)O)C(=O)C2=C(C(=C(C=C2C(=O)OC)OC)Cl)O	Polyketides	Aromatic polyketides	Benzophenones	false	npclassifier.gnps2.org@2026-09-07
RSMFLBIGOXZFRL-ADTGDHJBSA-N	CCC1CCCC(CC)C(=O)NCCCC(CC)C(CC1)O[C@@H]1O[C@@H](C)[C@H](O)[C@@H](N)[C@H]1O	Amino acids and Peptides|Polyketides	Macrolides	Macrolide lactams	true	npclassifier.gnps2.org@2026-09-07
RSUTYZFOFIAHFY-OWINPNOJSA-N	CC1(C)[C@H]2C[C@@H](Cl)[C@](C)(C=C)[C@]3(C=CC(C)(C)C4=C(C5=C1C=CC=C5N4)[C@]23O)[N+]#[C-]	Alkaloids	Tryptophan alkaloids	Hapalindole alkaloids	false	npclassifier.gnps2.org@2026-09-07
RSYKJHLWNMXRKZ-RVUXUPINSA-N	CC[C@H]1[C@H]2[C@@H](NC(=O)[C@@]23[C@@H](/C=C/C[C@@H](/C=C(\[C@H](C(=O)/C=C/C3=O)O)/C)C)[C@H]4[C@@]1(O4)C)[C@@H](C)C5=CNC6=CC=CC=C65	Alkaloids	Pseudoalkaloids	Cytochalasan alkaloids	false	npclassifier.gnps2.org@2026-09-07
RSYMSFYFRRTHOX-IULTZZOBSA-N	[H]C(Br)CCC[C@H]1CCCC[C@H](C)[C@@H](O)C2=CC(O)=C([C@@H](CCCC(Br)Br)CCCC[C@H](C)[C@@H](OC(N)=O)C3=CC(O)=C1C(O)=C3)C(O)=C2	Polyketides	Alkylresorcinols	Dialkylresorcinols	false	npclassifier.gnps2.org@2026-09-07
RTACLCLOISNWAI-CIEVZJJWSA-N	O=C(CC(C)C)N[C@H](C(O[C@@H](CC(O)=O)[C@]1([H])CCCN1C([C@@H](N)C(C)C)=O)=O)CC2=CC=C(O)C=C2	Amino acids and Peptides	Small peptides		false	npclassifier.gnps2.org@2026-09-07
RTROBJGJIRFPPO-FICQDJQNSA-N	O=C(N[C@@H]1C(N[C@@H](C(N[C@H](C(NCC(N[C@H](C(N[C@H](C(NCC(N[C@H](C(N[C@H](C(OC1C)=O)C(C)C)=O)Cc2ccc(O)cc2)=O)=O)CC(O)=O)=O)CC(N)=O)=O)=O)CC(O)=O)=O)CCC(N)=O)=O)CCCCCCCCCCCCCC	Amino acids and Peptides|Polyketides	Oligopeptides	Cyclic peptides|Depsipeptides|Lipopeptides	false	npclassifier.gnps2.org@2026-09-07
RTSRKBLQALDWOX-LYVKRTHYSA-N	C[C@H]1/C=C/C=C/CC/C=C/C=C/C=C/C=C/[C@H](O[C@H]2[C@@H](O)[C@@H](N)[C@H](O[C@@H]3[C@@H](NC(C)=O)[C@H](O)[C@@H](O)[C@H](CO)O3)[C@@H](C)O2)C[C@H]4[C@H](C(O)=O)[C@@H](O)C[C@](C[C@@H](O)[C@H](O)CC[C@@H](O)C[C@@H](O)C[C@@H](O)CC(O[C@@H](C)[C@H](C)[C@@H]1O)=O)(O)O4	Polyketides	Macrolides	Polyene macrolides	true	npclassifier.gnps2.org@2026-09-07
RTWVXIIKUFSDJB-ZETCQYMHSA-N	C1[C@@H](CC(=O)C2=C(C=C(C=C21)O)O)O	Polyketides	Naphthalenes	Naphthalenones	false	npclassifier.gnps2.org@2026-09-07
RTYDQIKVNMHQMZ-UHFFFAOYSA-N	CC1(O)CC(=O)C2=C(O)C3=C(O)C=C(O)C=C3C=C2O1	Polyketides	Naphthalenes	Naphthalenes and derivatives	false	npclassifier.gnps2.org@2026-09-07
RUCAXECSYVMPPH-QFIHHIJXSA-N	COC1=C2C(=C(C=C1)[C@H](CC(=O)N3C[C@H]3/C/4=C/C#C[C@H](O2)[C@]5([C@H](CC=C5C#C4)O)O)O)Cl	Polyketides	Macrolides	Enediynes	false	npclassifier.gnps2.org@2026-09-07
RUWSLQOIGKYPEZ-MNAJIYKBSA-N	CC(C)C(NC(=O)NC(C(C)C)C(=O)NC1\C=C/CCNC(=O)\C=C/C(NC1=O)C(C)C)C(O)=O	Amino acids and Peptides	Oligopeptides	Cyclic peptides	false	npclassifier.gnps2.org@2026-09-07
RUWSLQOIGKYPEZ-NKTIYDDZSA-N	CC(C)C1/C=C/C(=O)NCC/C=C\C(C(=O)N1)NC(=O)C(C(C)C)NC(=O)NC(C(C)C)C(=O)O	Amino acids and Peptides	Oligopeptides	Cyclic peptides	false	npclassifier.gnps2.org@2026-09-07
RVEJXOKUHHMFKS-BPJITGRLSA-N	O[C@@H]1[C@H](OC)[C@@]([H])([C@H](C(N)=O)O[C@H]2OC(C(N[C@@H]3C(N[C@H](C)CCC3)=O)=O)=C[C@H](O)[C@@H]2O)O[C@H]1N(C=C4)C(NC4=O)=O	Carbohydrates	Nucleosides	Pyrimidine nucleos(t)ides	true	npclassifier.gnps2.org@2026-09-07
RVFXECPBKXNNPT-BFIZAFBHSA-N	CCCCCCCCCC(Cl)CCCCCc2cc(OC1O[C@H](C)[C@@H](O)[C@H](O)[C@@H]1O)c(CCCCCC(Cl)CCCCCC)c(O)c2C3OC[C@H](O)[C@@H](O)[C@@H]3O	Polyketides	Alkylresorcinols	Dialkylresorcinols	true	npclassifier.gnps2.org@2026-09-07
RVIIZRJMWFSNER-BDOGLJFWSA-N	[H][C@]12CC[C@@](C)(C=C)[C@]3([N+]#[C-])[C@@H]4O[C@@H]4C(C)(C)C4=C(C5=C(C=CC=C5N4)C1(C)C)[C@@]23O	Alkaloids	Tryptophan alkaloids	Hapalindole alkaloids	false	npclassifier.gnps2.org@2026-09-07
RVJXPFRHRQFKKH-IPPPMHIGSA-N	C[C@]12CC[C@@H]([C@@]([C@@H]1CCC3=CC4=C(C=C23)C5=C(N4)C=CC(=C5)S(=O)(=O)C6=CC7=C(C=C6)NC8=C7C=C9C(=C8)CC[C@@H]1[C@@]9(CC[C@@H]([C@@]1(C)C(=O)O)O)C)(C)C(=O)O)O	Alkaloids	Tryptophan alkaloids	Carbazole alkaloids	false	npclassifier.gnps2.org@2026-09-07
RVLALFABWNVGIS-HKRYAFHYSA-N	COC1=CC(C[C@H]2CN(C(C)=O)[C@@H](CC3=CC=CC=C3)CN2C(=O)/C=C/C2=CC=CC=C2)=CC2=C1OCO2	Alkaloids	Peptide alkaloids	Pyrazine and Piperazine alkaloids	false	npclassifier.gnps2.org@2026-09-07
RVUNDWWSZGAGOS-JPAFITIJSA-N	O=C(N(C)[C@@H](CC(C)C)C(N[C@@H](C(C)C)C(N[C@H]([C@@H](C)O)C(N[C@@H](C)C(C1(OC1)CO)=O)=O)=O)=O)CCCCCC(C)C	Amino acids and Peptides	Oligopeptides|Small peptides	Linear peptides|Tripeptides	false	npclassifier.gnps2.org@2026-09-07
RVXLTRZIAMMATE-JMTSMVSISA-N	C[C@@H]1C[C@@H]([C@@H]2C(=C1[C@@H]3C[C@H](C(=O)O3)O)[C@@](CC2(C)C)(C)CO)OC(=O)C	Terpenoids	Sesquiterpenoids	Botryane sesquiterpenoids	false	npclassifier.gnps2.org@2026-09-07
RWDKQKLCXJVELF-UHFFFAOYSA-N	C=CC1=CC=C(C=C1)OC(=O)C2=CC(=C(C=C2)O)N	Shikimates and Phenylpropanoids	Phenolic acids (C6-C1)	Bagremycins|Shikimic acids and derivatives|Simple phenolic acids	false	npclassifier.gnps2.org@2026-09-07
RWIGLPLTVRHAGL-UHFFFAOYSA-N	COC1=C(C2=C(OC)C=C3C=C(C)C(C(C)=O)=C(O)C3=C2O)C(O)=C2C(O)=C(C(C)=O)C(C)=CC2=C1	Polyketides	Naphthalenes	Bisnaphthalenes|Naphthalenes and derivatives	false	npclassifier.gnps2.org@2026-09-07
RWPUAUNPEMCSNR-CZQHCSHRSA-N	CC1(C=CC2=C(O1)C=CC3=C2NC4=C3[C@@H]([C@]56[C@H](C4(C)C)C[C@@]7(CCCN7C5=O)C(=O)N6)OC)C	Alkaloids|Amino acids and Peptides	Peptide alkaloids	Indole diketopiperazine alkaloids (L-Trp, L-Pro)	false	npclassifier.gnps2.org@2026-09-07
RWQKHEORZBHNRI-BMIGLBTASA-N	[H][C@@](CC1=CC=CC=C1)(NC(=O)C1=C(O)C2=C(C[C@@]([H])(C)OC2=O)C(Cl)=C1)C(O)=O	Shikimates and Phenylpropanoids	Coumarins	Isocoumarins	false	npclassifier.gnps2.org@2026-09-07
RWRSAEIOAMSADN-UHFFFAOYSA-N	CC(C)C1=NC=C(NC1=O)CC2=CNC3=CC=CC=C32	Alkaloids	Tryptophan alkaloids	Simple indole alkaloids	false	npclassifier.gnps2.org@2026-09-07
RWVUEZAROXKXRT-VQLSFVLHSA-N	CO[C@H]1C[C@@H](O[C@H]2C[C@H]([C@H]3O[C@](C)(O)[C@H](C)C[C@@H]3C)O[C@H]2[C@]2(C)CC[C@H]([C@]3(C)CC[C@]4(C[C@H](O)[C@@H](C)[C@@H]([C@@H](C)[C@@H]5O[C@](O)(CC(=O)O)[C@@H](C)[C@H](OC)[C@H]5OC)O4)O3)O2)O[C@@H](C)[C@@H]1OC	Polyketides	Polyethers	Polyether ionophores	true	npclassifier.gnps2.org@2026-09-07
RWWMZVCEIUIEHQ-WIIAZBTESA-N	[H][C@](C)(CC)[C@]([H])(NC(=O)[C@H]1CCCCN1C)C(=O)N(COC(=O)CC)[C@H](C[C@@H](OC(C)=O)C1=NC(=CS1)C(=O)N[C@H](C[C@H](C)C(O)=O)CC1=CC=CC=C1)C(C)C	Amino acids and Peptides	Oligopeptides	Linear peptides	false	npclassifier.gnps2.org@2026-09-07
RXMDKFNPKLMBJB-YJKWTHAISA-N	[H][C@@]12C[C@H](O)CNN1C(=O)[C@H](NC(=O)[C@@H](CC1=CC=C(OC)C=C1)NC(=O)[C@@H](NC(=O)[C@@H](NC=O)[C@H](C)CC)[C@@H](C)OC(=O)[C@H](C(C)C)N(C)C(=O)[C@H](CC(C)C)NC2=O)C(C)C	Amino acids and Peptides|Polyketides	Oligopeptides	Cyclic peptides|Depsipeptides	false	npclassifier.gnps2.org@2026-09-07
RXRMFXFTJKTUSR-MXHNOQPCSA-N	CCC(C)CC(=O)N[C@H]([C@@H](C)O)C(=O)N[C@@H](CC(C)=C)C(=O)C1CO1	Amino acids and Peptides	Small peptides	Dipeptides|Tripeptides	false	npclassifier.gnps2.org@2026-09-07
RXWNCPJZOCPEPQ-NVWDDTSBSA-N	[H][C@](N)(CC1=CC=C(OC)C=C1)C(=O)N[C@@H]1[C@@H](CO)O[C@H]([C@@H]1O)N1C=NC2=C1N=CN=C2N(C)C	Carbohydrates	Nucleosides	Purine nucleos(t)ides	false	npclassifier.gnps2.org@2026-09-07
RYACDJSUPKCLOR-DYGKSLOVSA-N	CC(C)=CC(=O)[C@@H]1O[C@@H]1/C=C/CC(=O)N[C@H](CN(C)C)C(=O)N[C@H](C(=O)N1C(=O)C(C)=C(O)[C@@H]1CC(C)C)C(C)C	Amino acids and Peptides			false	npclassifier.gnps2.org@2026-09-07
RYLVRVUEEVJKJO-OPXMRZJTSA-N	CC[C@H](C)[C@H](NCC=C(C)C)C(=O)N1CCC[C@H]1C1=NC(C2=NC(C3=NC(C(=O)OCC=C(C)C)=CO3)=C(C)O2)=CO1	Alkaloids|Amino acids and Peptides			false	npclassifier.gnps2.org@2026-09-07
RYMNJJUXEZDWPS-FQZCGRDXSA-N	C[C@H]1[C@H](O[C@](CC1=C)([C@@H](C(=O)N[C@H]([C@@H]2C[C@H](C([C@H](O2)C[C@@H](CO)OC)(C)C)O)OC)O)OC)C	Polyketides	Linear polyketides	Open-chain polyketides	true	npclassifier.gnps2.org@2026-09-07
RYSQYERCEFGENH-UHFFFAOYSA-N	O=C(O)CCC(=O)NCCCCCN(O)C(=O)CC1=CC=CC=C1	Alkaloids|Fatty acids	Fatty amides	N-acyl amines	false	npclassifier.gnps2.org@2026-09-07
RYYQWAOQYVKOPB-LJWNLINESA-N	CCCCCCCCCCCCC(=O)N[C@@H](CCCN(O)C=O)C(=O)N[C@@H](CO)C(=O)N(O)CCC[C@@H]1NC(=O)[C@H](CCCN(O)C=O)NC1=O	Amino acids and Peptides	Oligopeptides	Linear peptides|Lipopeptides	false	npclassifier.gnps2.org@2026-09-07
RZDPHKIJDVDPKG-NNBRUCGZSA-N	CCC(CC(C1(CC(C2CCC(O2)CC/C=C(\C(=O)C(CC/C=C/C(=O)N3CCCC[C@H]3C(=O)O1)C)/C)C)C)O)O	Amino acids and Peptides|Polyketides	Macrolides	Macrolide lactams	false	npclassifier.gnps2.org@2026-09-07
RZFVLHLWBNGSMA-VRJBUVLSSA-N	C[C@@H]1NC(=O)[C@H]2[C@@H](O)[C@@H](O)C=NN2C(=O)COC(=O)[C@](C)(CO)NC(=O)[C@@H]2CCCNN2C(=O)[C@H]2CCCNN2C1=O	Amino acids and Peptides|Polyketides	Oligopeptides	Cyclic peptides|Depsipeptides	false	npclassifier.gnps2.org@2026-09-07
RZOFHOWMWMTHDX-UHFFFAOYSA-N	CC1C(C(CC(O1)C2=CC(=C(C3=C2C(=O)C4=CC(=C5C(=O)C=C(OC5=C4C3=O)C6(C(O6)C7C(O7)C)C)C)O)C8CC(C(C(O8)C)O)(C)N(C)C)N(C)C)O	Polyketides	Polycyclic aromatic polyketides	Angucyclines	false	npclassifier.gnps2.org@2026-09-07
RZUVBPUJBSPEQR-UHFFFAOYSA-N	COC1=CC=CC2=NC3=C(OC)C=CC(CC=C(C)C)=C3N=C12	Alkaloids	Anthranilic acid alkaloids	Phenazine alkaloids	false	npclassifier.gnps2.org@2026-09-07
SAJNCFZAPSBQTQ-UHFFFAOYSA-N	CCC(C)C(NC(=O)C1CCCCN1C)C(=O)N(COC(=O)CC(C)C)C(CC(OC(C)=O)C1=NC(=CS1)C(=O)NC(CC(C)C(O)=O)CC1=CC=CC=C1)C(C)C	Amino acids and Peptides	Oligopeptides	Linear peptides	false	npclassifier.gnps2.org@2026-09-07
SALJSBDYICZFIP-UHFFFAOYSA-N	CC1=C(C2=C(C3=C(N2)C=CC(=C3)CC=C(C)C)C(=C1OC)O)C(C(C)O)O	Alkaloids	Tryptophan alkaloids	Carbazole alkaloids	false	npclassifier.gnps2.org@2026-09-07
SALVHVNECODMJP-GNUCVDFRSA-N	CC(C)=CCC\C(C)=C\CC\C(C)=C\CN1C2=C(NC3=C(C=CC=C3O)C1=O)C(O)=CC(O)=C2	Alkaloids	Anthranilic acid alkaloids	Quinoline alkaloids	false	npclassifier.gnps2.org@2026-09-07
SAOHATURIARFGY-AXKHOAHLSA-N	CO[C@H]1[C@@H](C2=C(C([C@]1(O)C)=O)C=C3C(C4=C(C(C3=C2O)=O)C(O)=CC(OC)=C4)=O)O[C@H]5C[C@@H]([C@H]([C@@H](O5)C)O)OC	Polyketides	Polycyclic aromatic polyketides	Anthraquinones and anthrones	true	npclassifier.gnps2.org@2026-09-07
SATIISJKSAELDC-AHJOMIGRSA-N	[H][C@]12C[C@@H](O)CN1C(=O)[C@@H](CC(C)C)NC(=O)[C@@H](NC(=O)C1=NC=CC=C1O)[C@@H](C)OC(=O)[C@H](N(C)C(=O)[C@H](C)NC(=O)[C@H](C(C)C(C)C)N(C)C(=O)CN(C)C2=O)C1=CC=CC=C1	Amino acids and Peptides|Polyketides	Oligopeptides	Cyclic peptides|Depsipeptides	false	npclassifier.gnps2.org@2026-09-07
SAZHWKBRJJLWKC-AWWLABOASA-N	[H][C@@]1(O[C@H]2C[C@]3(C)[C@]([H])(CC[C@@]4(C)[C@@H](C[C@H](OC)[C@H](N)C(O)=O)C(C)=CC[C@]34[H])C(C)(C)[C@@H]2O)O[C@@H](C)[C@H](OC(=O)C2=CC=CC(O)=C2)[C@@H](O[C@]2([H])O[C@H](CO)[C@@H](O)[C@H](O)[C@H]2NC(C)=O)[C@H]1O	Terpenoids			true	npclassifier.gnps2.org@2026-09-07
SBABGWPTFUGDSU-SOHDWBKISA-N	C/C=C/C(O)C/C=C/C=C/C=C/C(=O)O	Fatty acids	Fatty Acids and Conjugates	Unsaturated fatty acids	false	npclassifier.gnps2.org@2026-09-07
SBABGWPTFUGDSU-VYVXWKDKSA-N	C/C=C/C(O)C/C=C/C=C/C=C\C(=O)O	Fatty acids	Fatty Acids and Conjugates	Unsaturated fatty acids	false	npclassifier.gnps2.org@2026-09-07
SBKBYTTZLYCSSS-YHHPXGIDSA-N	CC(C)=CC1C/C(=C/CC/C(C)=C/C2C/C(=C/CC/C(C)=C/CC3=CC4=CC=CC=C4N=C3CO)CO2)CO1	Terpenoids	Sesterterpenoids		false	npclassifier.gnps2.org@2026-09-07
SBKWAHPUHRUGMG-YCDXGENYSA-N	CCCCCCC[C@H](CC(=O)N[C@@H](CC(C)C)C(=O)N[C@H](CCC(=O)N)C(=O)N[C@@H]1[C@H](OC(=O)[C@@H](NC(=O)[C@H](NC(=O)[C@@H](NC(=O)[C@H](NC(=O)[C@H](NC(=O)[C@H](NC1=O)C(C)C)CC(C)C)CO)CC(C)C)CO)[C@@H](C)CC)C)O	Amino acids and Peptides|Polyketides	Oligopeptides	Cyclic peptides|Depsipeptides|Lipopeptides	false	npclassifier.gnps2.org@2026-09-07
SBKWAHPUHRUGMG-YFTUCIGFSA-N	CCCCCCC[C@H](CC(=O)N[C@@H](CC(C)C)C(=O)N[C@H](CCC(=O)N)C(=O)N[C@@H]1[C@H](OC(=O)[C@@H](NC(=O)[C@H](NC(=O)[C@@H](NC(=O)[C@H](NC(=O)[C@@H](NC(=O)[C@H](NC1=O)C(C)C)CC(C)C)CO)CC(C)C)CO)[C@@H](C)CC)C)O	Amino acids and Peptides|Polyketides	Oligopeptides	Cyclic peptides|Depsipeptides|Lipopeptides	false	npclassifier.gnps2.org@2026-09-07
SBSRDDBYEIPHHD-DBJJYDABSA-N	CCC/C=C/C=C/C[C@@H]1C[C@@H]2/C=C/C(C)=C/[C@@H]3C=C[C@H](O)[C@H](O)[C@H]3/C(C)=C/C=C/[C@H]2C(=O)N1	Amino acids and Peptides|Polyketides	Macrolides	Macrolide lactams	false	npclassifier.gnps2.org@2026-09-07
SBSRDDBYEIPHHD-IVCUCATHSA-N	CCC/C=C/C=C/C[C@@H]1C[C@@H]2/C=C/C(=C\[C@@H]3C=C[C@@H]([C@@H]([C@H]3/C(=C/C=C/[C@H]2C(=O)N1)/C)O)O)/C	Amino acids and Peptides|Polyketides	Macrolides	Macrolide lactams	false	npclassifier.gnps2.org@2026-09-07
SBUJHOSQTJFQJX-NOAMYHISSA-N	C1[C@H]([C@@H]([C@H]([C@@H]([C@H]1N)O[C@@H]2[C@@H]([C@H]([C@@H]([C@H](O2)CN)O)O)O)O)O[C@@H]3[C@@H]([C@H]([C@@H]([C@H](O3)CO)O)N)O)N	Carbohydrates	Aminosugars and aminoglycosides|Polyols	Amino cyclitols|Aminoglycosides	true	npclassifier.gnps2.org@2026-09-07
SBWYXCVGJNJEOQ-UHFFFAOYSA-M	OC1=CC=C(CC2=CN=C(CC3=CC=C(OS(=O)([O-])=O)C=C3)C=N2)C=C1	Alkaloids	Tetramate alkaloids|Peptide alkaloids	Pyrazine and Piperazine alkaloids	false	npclassifier.gnps2.org@2026-09-07
SCHKAKNJXBPJHD-SNQQVPMJSA-N	NCCC[C@H](N)CC(=O)NCCC[C@H](N)CC(=O)N[C@@H]1[C@H](O)[C@@H](OC(N)=O)[C@@H](CO)O[C@H]1\N=C1\N[C@H]2[C@H](N1)C(=O)NC[C@H]2O	Carbohydrates	Nucleosides	Streptothricins and derivatives	false	npclassifier.gnps2.org@2026-09-07
SCKUBOALXZYSRC-MZEWFBALSA-N	C/C=C/C=C/C=C/C(=O)O[C@@H]1C=C2C(=O)O[C@@H](O)[C@]2(O)[C@@]2(C)CCCC(C)(C)[C@H]12	Terpenoids	Sesquiterpenoids	Drimane sesquiterpenoids	true	npclassifier.gnps2.org@2026-09-07
SCRSEAIGJNBLQH-PAQIWTBGSA-N	O[C@@H]([C@H](N1C(NC(C=C1)=O)=O)O/2)CC2=C\NC([C@@H](NC([C@H](C)NC(N[C@@H](CC3=CNC4=C3C=CC=C4)C(O)=O)=O)=O)[C@@H](N(C)C([C@H](CC5=CC=CC(O)=C5)NC(CN)=O)=O)C)=O	Amino acids and Peptides	Oligopeptides	Linear peptides	false	npclassifier.gnps2.org@2026-09-07
SDNYTAYICBFYFH-UWHLTILDSA-N	CC(C)[C@H](C(=O)N[C@@H](CCCN=C(N)N)C=O)NC(=O)[C@H](CCCN=C(N)N)NC(=O)N[C@H](CC1=CC=CC=C1)C(=O)O	Amino acids and Peptides	Small peptides	Tripeptides	false	npclassifier.gnps2.org@2026-09-07
SDOUORKJIJYJNW-VHSLCUDQSA-N	CCC(O)C(C)C1OC1CC(C)\C=C\C=C(/C)C1OC(=O)CC(O)CCC(C)(O)C(OC(C)=O)\C=C\C1C	Polyketides	Macrolides	Macrolide lactones	false	npclassifier.gnps2.org@2026-09-07
SDQMLBJBRCIBHM-UHFFFAOYSA-N	OC(C(CC1=CN=C2N1)NC(C(CC3=CC=CC=C3)NC(C(CC4=CC=C(O)C2=C4)NC(C)=O)=O)=O)=O	Amino acids and Peptides	Oligopeptides	Cyclic peptides	false	npclassifier.gnps2.org@2026-09-07
SDUJQEWEVFATFH-SJORKVTESA-N	NC(NCCC[C@@H](NC(=O)C1=C(O)C(O)=CC=C1)C(=O)NCC(=O)N[C@H]1CCCN(O)C1=O)=NC(=O)C1=CC=CC(O)=C1O	Amino acids and Peptides	Small peptides	Tripeptides	false	npclassifier.gnps2.org@2026-09-07
SDWVVLSMGFBQOZ-WLQCZBCJSA-N	O=C(N[C@H](C(N[C@@H](C(N[C@@H](CC(O)=O)C(N[C@H](C(NCC(N[C@H](C(N[C@@H](CC(O)=O)C(N[C@H](C)C(N[C@H](C(NCC(N[C@@H](C(N[C@H](C(N[C@H]1CC(C2=CC=C(Cl)C=C2N)=O)=O)[C@H](C)CC(O)=O)=O)C)=O)=O)CC(O)=O)=O)=O)=O)CCCN)=O)=O)[C@@H](C)OC1=O)=O)=O)CC(N)=O)=O)CC3=CNC4=C3C=CC(Cl)=C4)/C=C/C=C/CCC	Amino acids and Peptides|Polyketides	Oligopeptides	Cyclic peptides|Depsipeptides	false	npclassifier.gnps2.org@2026-09-07
SEIXESXDPXDGRK-UHFFFAOYSA-N	CCCC(=O)OCN(C(CC(OC(C)=O)C1=NC(=CS1)C(=O)NC(CC(C)C(O)=O)CC1=CC=CC=C1)C(C)C)C(=O)C(NC(=O)C1CCCCN1C)C(C)CC	Amino acids and Peptides	Oligopeptides	Linear peptides	false	npclassifier.gnps2.org@2026-09-07
SERBHKJMVBATSJ-UHFFFAOYSA-N	C1C(C(=O)OCC(C(=O)OCC(C(=O)O1)NC(=O)C2=C(C(=CC=C2)O)O)NC(=O)C3=C(C(=CC=C3)O)O)NC(=O)C4=C(C(=CC=C4)O)O				false	npclassifier.gnps2.org@2026-09-07
SETVRSKZJJWOPA-FLDGXQSCSA-N	C[C@@H]1CCC(=O)[C@@H]([C@@]1(C)/C=C/C(=C/CC2=C(C(=C(C(=C2O)Cl)C)C=O)O)/C)C	Polyketides|Terpenoids	Meroterpenoids	Tetraketide meroterpenoids	false	npclassifier.gnps2.org@2026-09-07
SFJAMELRYCBOPH-UHFFFAOYSA-N	CC(OC(=O)CCCCCCCCCCCCl)C(=O)O	Fatty acids	Fatty esters	Fatty acid estolides	false	npclassifier.gnps2.org@2026-09-07
SFLDBSNOISLFEG-LBPRGKRZSA-N	C1[C@@H](NC(=N1)C2=C(C(=CC=C2)O)O)CCCCNC(=O)C3=C(C(=CC=C3)O)O	Alkaloids	Ornithine alkaloids	Polyamines	false	npclassifier.gnps2.org@2026-09-07
SFLUCAHJUSGTFH-BFBGDVCSSA-N	CN1[C@@H]2[C@H](SSS[C@@]3(C1=O)C[C@@]4([C@@H](C=C[C@H]([C@@H]4ON3C2=O)O)O)O)C5=C(C(=C(C=C5)OC)OC)O	Alkaloids|Amino acids and Peptides	Peptide alkaloids	Thiodiketopiperazine alkaloids	false	npclassifier.gnps2.org@2026-09-07
SFONMRKWCPHKLA-UHFFFAOYSA-N	COC(=O)C1=C2N=C(OC2=CC=C1)C1=C2N=C(OC2=CC=C1)C1=C(C)C=CC=C1O	Polyketides	Macrolides	Macrolide lactones	false	npclassifier.gnps2.org@2026-09-07
SFRTWZQYMRMOOJ-OVWNDWIMSA-N	C[C@]1(C[C@@H](C2=C(C3=C(C(=C2C1)O)C(=O)C4=C(C3=O)C(=CC=C4)O)O)O)O	Polyketides	Polycyclic aromatic polyketides	Anthracyclines|Anthraquinones and anthrones	false	npclassifier.gnps2.org@2026-09-07
SFTPYNFMHUKKSK-NNPSNHGLSA-N	NCCCCNC(=O)[C@H](CCCN(O)C=O)NC(=O)[C@H](CO)NC(=O)[C@H](NC(=O)[C@H](CCCN(=O)=O)NC=O)[C@@H](O)C(O)=O				false	npclassifier.gnps2.org@2026-09-07
SFVAQDFSJKXPAC-MQQKCMAXSA-N	C/C=C/C=C/CCC1NCCCC1	Alkaloids	Lysine alkaloids|Pseudoalkaloids	Acetate-derived alkaloids|Piperidine alkaloids	false	npclassifier.gnps2.org@2026-09-07
SFWFNVOTIWZXMZ-QWRGUYRKSA-N	CC[C@H](C)C[C@H](C)C(=O)C1=C(C(=CNC1=O)C2=CC(=C(C=C2)O)O)O	Alkaloids	Nicotinic acid alkaloids	Pyridine alkaloids	false	npclassifier.gnps2.org@2026-09-07
SFWLDKQAUHFCBS-VCQIQPCESA-N	C[C@@H]1[C@H]2C(=O)N[C@H](C(=O)N[C@H](C(=O)N[C@H]3CSC[C@H]4C(=O)N[C@@H](CS1)C(=O)N[C@@H](CNCCCC[C@H](NC(=O)[C@H]([C@H](SC[C@@H](C(=O)N[C@H](C(=O)N[C@H](C(=O)N4)CCC(=O)N)CCCCN)N)C)NC(=O)[C@@H](NC(=O)CNC(=O)[C@@H](NC3=O)[C@H](C(=O)O)O)CC(=O)N)C(=O)O)C(=O)N[C@H](C(=O)NCC(=O)N5CCC[C@H]5C(=O)N[C@H](C(=O)N2)CC6=CC=CC=C6)CC7=CC=CC=C7)C(C)C)CC8=CC=CC=C8	Amino acids and Peptides	Oligopeptides	RiPPs-Lanthipeptides	false	npclassifier.gnps2.org@2026-09-07
SFYNFGJVYUKJLQ-OREVBMFVSA-N	C[C@@H]1CCC\C=C\C=C\C(=O)C[C@@H](O)C\C=C/C=C/[C@@H](O)C\C=C\C=C/C(=O)O1	Polyketides	Macrolides	Polyene macrolides	false	npclassifier.gnps2.org@2026-09-07
SGNXVBOIDPPRJJ-PSASIEDQSA-N	CC(=O)C1=CCC[C@@H]2CC[C@H]1N2	Alkaloids	Ornithine alkaloids	Tropane alkaloids	false	npclassifier.gnps2.org@2026-09-07
SGSWMZBFZBNBSH-ONBVFTLRSA-N	NC(=O)CC[C@H]1NC(=O)C(C)C(CC(O)CCCCC)OC(=O)[C@@H]2CCCN2C(=O)[C@H](CC(C)C)NC(=O)[C@@H](NC(=O)[C@H](CC(C)C)NC(=O)[C@H](CO)NC(=O)[C@@H](NC(=O)[C@@H](NC(=O)[C@@H]2CCCN2C(=O)CNC1=O)C(C)C)Cc1ccc(cc1)O[C@H]1OC[C@@H](O)[C@H](O)[C@H]1O)[C@@H](C)O	Amino acids and Peptides|Polyketides	Oligopeptides	Cyclic peptides|Depsipeptides|Lipopeptides	true	npclassifier.gnps2.org@2026-09-07
SGXHOALVNXPUDW-AZFZHSADSA-N	CC/C=C/CC1=CC=CC=C1/C=C/C(=O)N[C@H](CC2=CC=C(C=C2)O)C(=O)[C@](CC3=CC=CC=C3)(C(=O)OC[C@@H]4C(=O)NCC(=O)N4)N(C)C(=O)[C@H](CC5=C(C(=C(C=C5)OC)O)Cl)NC	Amino acids and Peptides	Oligopeptides	Cyclic peptides	false	npclassifier.gnps2.org@2026-09-07
SHCXABJSXUACKU-SWUBLTBSSA-N	C[C@@H](C/C=C/CC/C=C/C=C\C[C@H](/C(=C\C=C(/C)\C(=O)O)/C)OC)/C=C/C(=C\C(=O)O)\CC(=O)O	Fatty acids	Fatty Acids and Conjugates	Branched fatty acids	false	npclassifier.gnps2.org@2026-09-07
SHCXABJSXUACKU-WUTQZGRKSA-N	C[C@@H](C/C=C/CC/C=C/C=C\C[C@H](/C(=C\C=C(/C)\C(=O)O)/C)OC)/C=C/C(=C\C(=O)O)/CC(=O)O	Fatty acids	Fatty Acids and Conjugates	Branched fatty acids	false	npclassifier.gnps2.org@2026-09-07
SHCZNZOCEWPGPW-ADXZGYQBSA-N	CCCCCCCCCCCCCO[P@]1(=O)OC[C@@H]2COC(=O)C2=C(O1)CCC	Fatty acids	Glycerophospholipids	Long-Chain Bicyclic Phosphotriester	false	npclassifier.gnps2.org@2026-09-07
SHHAXAUQMPMPRV-SSDOTTSWSA-N	CC(=O)C1=C(O)[C@@H](CC(C)C)NC1=O	Amino acids and Peptides|Polyketides	Linear polyketides	3-acyl tetramic acids	false	npclassifier.gnps2.org@2026-09-07
SHULBVVBLGRQDA-XYZCENFISA-N	COC1=CC=CC2=C1C(=O)C1=C(C2=O)C2=C(C=C1)C[C@H](C)[C@H](O)C2=O	Polyketides	Polycyclic aromatic polyketides	Angucyclines	false	npclassifier.gnps2.org@2026-09-07
SHUZZAXJEJPUGA-CCUNJIBTSA-N	C[C@H]1CC(=O)C2=C(C)C(C)(C)[C@H]3CC[C@@]12C3	Terpenoids	Sesquiterpenoids	Zizaane sesquiterpenoids	false	npclassifier.gnps2.org@2026-09-07
SIAZVTIHOHTZDD-PWJLMRLQSA-N	C(CC(=O)NCCNC(=O)C[C@](CC(=O)NC[C@@H](C(=O)O)N)(C(=O)O)O)C(=O)C(=O)O	Amino acids and Peptides	Small peptides	Aminoacids	false	npclassifier.gnps2.org@2026-09-07
SIPYAYHFDUJHRA-FBUBZPHJSA-N	O=C([C@H]([C@H](CC)C)NC(CNC([C@@H](NC([C@H](CC1=CC=C(OC/C=C(C)/C)C=C1)NC([C@H](C)NC([C@@H](NC([C@@H]2CCCN23)=O)CCC(N)=O)=O)=O)=O)CC(C)C)=O)=O)N4[C@H](C(N[C@@H](CC(C)C)C3=O)=O)CCC4	Amino acids and Peptides	Oligopeptides	Cyclic peptides	false	npclassifier.gnps2.org@2026-09-07
SJEYUYPBCPRFNM-WQWHYOKSSA-N	C/C=C/C=C/C(=O)C1=C[C@](C(=O)C(=C1O)C)(C)O	Polyketides	Aromatic polyketides	Sorbicilinoids	false	npclassifier.gnps2.org@2026-09-07
SJFIYVCSGNWVPJ-GKKOWQTJSA-N	C[C@@H]1C[C@@H]([C@@H]2[C@]([C@H]1C=O)([C@@](CC2(C)C)(C)C=O)O)OC(=O)C	Terpenoids	Sesquiterpenoids	Botryane sesquiterpenoids	false	npclassifier.gnps2.org@2026-09-07
SJFIYVCSGNWVPJ-PQVRDHEWSA-N	C[C@@H]1C[C@@H]([C@@H]2[C@@]([C@H]1C=O)([C@](CC2(C)C)(C)C=O)O)OC(=O)C	Terpenoids	Sesquiterpenoids	Botryane sesquiterpenoids	false	npclassifier.gnps2.org@2026-09-07
SJFIYVCSGNWVPJ-SDLFRHKASA-N	C[C@@H]1C[C@@H]([C@@H]2[C@]([C@@H]1C=O)([C@@](CC2(C)C)(C)C=O)O)OC(=O)C	Terpenoids	Sesquiterpenoids	Botryane sesquiterpenoids	false	npclassifier.gnps2.org@2026-09-07
SJLJWMBBWANEHT-WZGDJCGDSA-N	CCCCCCC/C=C(\C)C(=O)C1=CC(C2C(C(=O)/C(C)=C/CCCCCCC)C(=O)OC2C2(O)CC2)(C2(O)CC2)OC1=O	Polyketides|Terpenoids			false	npclassifier.gnps2.org@2026-09-07
SJSPSHPVPXPTPG-WCYNIRFRSA-N	CCN1C(=O)\C2=C3/CO[C@](OC)([C@H]3O)[C@@H](O)CCCCC[C@@]12C				true	npclassifier.gnps2.org@2026-09-07
SJSZMXQSCZCGFO-UHFFFAOYSA-N	CC1C(C(C(C(O1)OC2C(C(C(OC2OC3=C4C=C5C=C3OC6=C(C=C(C=C6)C(C(C(=O)NC(C(=O)NC5C(=O)NC7C8=CC(=C(C=C8)O)C9=C(C=C(C=C9C(NC(=O)C(C(C1=CC=C(O4)C=C1)OC1CC(C(C(O1)C)O)(C)N)NC7=O)C(=O)O)O)O)CC(=O)N)NC(=O)C(CC(C)C)NC)O)Cl)CO)O)O)O)O)O	Amino acids and Peptides	Oligopeptides	Vancomycins and Teicoplanins	true	npclassifier.gnps2.org@2026-09-07
SKMAAAVNEKWJHB-UHFFFAOYSA-N	CCC1=CN2C(=C1)C=NC1=C(O)C(OC)=CC=C1C2=O	Alkaloids	Anthranilic acid alkaloids	Benzodiazepine alkaloids	false	npclassifier.gnps2.org@2026-09-07
SKXOEWAUSCYCSA-YDVRFCCISA-N	CC[C@H](C)[C@H]1C(=O)C(=C(O)[C@@H]2[C@H]3CCCC[C@H]3C=C[C@H]2C(=O)O)C(=O)N1C	Amino acids and Peptides|Polyketides	Cyclic polyketides	3-Decalinoyltetramic acids	false	npclassifier.gnps2.org@2026-09-07
SKYVMRWYWWVZMN-ZDGMYTEDSA-N	CCCCCCCCC(=O)N(O)CCCC[C@H](NC(=O)CC(O)(CC(=O)O)C(=O)O)C(=O)O				false	npclassifier.gnps2.org@2026-09-07
SLBHQOBVXHCOBU-UHFFFAOYSA-N	CC1=CN(C2=NC=NC3=C2[NH]C(=O)[NH]3)C=C1	Alkaloids	Pseudoalkaloids	Purine alkaloids	false	npclassifier.gnps2.org@2026-09-07
SLCDJJDPKICHGM-ZIFIXUEUSA-N	C/C1=C2\CC[C@@H](C)[C@@H]2CC[C@H](C)[C@H]2C[C@@]3(C(=O)O)CC[C@H](C(C)C)[C@@H]3C[C@]12O	Terpenoids	Diterpenoids	Fusicoccane diterpenoids	false	npclassifier.gnps2.org@2026-09-07
SLGCKWXDQZMUCF-SSNLTMHJSA-N	[H][C@@]1(CCC(O)=O)NC([C@](NC(CNC([C@@H](NC([C@@H](C2=CC=C(C=C2)O)NC([C@@H](NC([C@@H](NC([C@H](NC([C@H]([C@H](OC(/C(NC1=O)=C/C3=CNC4=C3C=CC=C4)=O)C)NC([C@@H](NC(C5OC5CCC)=O)CO)=O)=O)CC6=CNC7=C6C=CC=C7)=O)CC(O)=O)=O)CC(O)=O)=O)=O)CC(O)=O)=O)=O)([C@@H](C(N)=O)O)[H])=O	Amino acids and Peptides|Polyketides	Oligopeptides	Cyclic peptides|Depsipeptides	false	npclassifier.gnps2.org@2026-09-07
SLGRAIAQIAUZAQ-UHFFFAOYSA-N	CN1N=CN=C2C(=O)N(C)C(=O)N=C12	Alkaloids	Pseudoalkaloids	pteridine alkaloids	false	npclassifier.gnps2.org@2026-09-07
SLGRVNFOKARIBY-FMLLKXRZSA-N	C[C@@H](C(=O)OC)N=[N+](/C=C\CCCCCCCCCC(C)C)[O-]	Alkaloids	Pseudoalkaloids	Azo and Azoxy alkaloids	false	npclassifier.gnps2.org@2026-09-07
SLJYYRCUSIXQEQ-AJAGNRCHSA-N	C[C@@H]1[C@@H](C(=O)N2CCCC[C@@H]2C(=O)N[C@H](C(=O)N[C@H](C(=O)NCC(=O)N[C@H](C(=O)NCC(=O)N[C@@H](C(=O)N[C@@H](C(=O)N3CCC[C@H]3C(=O)N1)C(C)C)[C@@H](C)N)CC(=O)O)CC(=O)O)[C@H](C)C(=O)O)NC(=O)[C@H](CC(=O)N)NC(=O)C/C=C\CCCCCCC(C)C	Amino acids and Peptides	Oligopeptides	Cyclic peptides|Depsipeptides	false	npclassifier.gnps2.org@2026-09-07
SLUFHMQYBPOTFZ-XJRBWHPUSA-N	[H][C@]12CC[C@@](C)(C=C)[C@H]([N+]#[C-])[C@@]1([H])C1=CNC3=C1C(=CC=C3)C2(C)C	Alkaloids	Tryptophan alkaloids	Hapalindole alkaloids|Simple indole alkaloids	false	npclassifier.gnps2.org@2026-09-07
SLYDIPAXCVVRNY-BBJHAQHQSA-N	CC\C=C/[C@H](O)[C@H](O)C1=C(C)C(=O)[C@@]2(O1)C(O)[C@](NC2=O)(OC)C(=O)C1=CC=CC=C1	Amino acids and Peptides|Polyketides	Cyclic polyketides	3-Spirotetramic acids	false	npclassifier.gnps2.org@2026-09-07
SMBZBFKIKPIHRX-SKDOGWRHSA-M	[C@@H]1([C@@H]([C@H](OC([C@H]1O)O)C(=O)O)O)O.C(=O)[C@H]([C@H]([C@@H]([C@H](C(=O)[O-])O)O)O)O.OC1O[C@@H]([C@H]([C@@H]([C@@H]1OC(C)=O)OC(C)=O)O)C(O)=O	Carbohydrates	Saccharides	Monosaccharides	true	npclassifier.gnps2.org@2026-09-07
SMMZRVDPJAUUOF-XAHJNJQSSA-N	C[C@@H]1[C@H](/C=C/O[C@@]2(C(=O)C3=C(O2)C(=C(C4=C3C(=C(C5=C4O[C@@](/C=C\C=C(\[C@H]([C@H]([C@H]([C@H]([C@@H]1OC(=O)C)C)O)C)O)/C)(C(=O)N5)C)O)O)O)C)C)OC	Polyketides	Macrolides	Ansa macrolides	false	npclassifier.gnps2.org@2026-09-07
SMQAHGKBWXPEHB-HHHSQLJLSA-N	CC(C)C[C@@H](NC(=O)[C@@H](N)Cc1ccccc1)C(=O)N[C@H](CCCCN)C(=O)N[C@@H](CO)C(=O)N[C@H]1C(=O)N[C@@H](C)C(=O)N[C@@H](CC(C)C)C(=O)N[C@@H](CC(C)C)C(=O)O[C@H]1C(N)=O	Amino acids and Peptides|Polyketides	Oligopeptides	Cyclic peptides|Depsipeptides|Lipopeptides	false	npclassifier.gnps2.org@2026-09-07
SMTCDPMWINUUKC-AVBBYWJWSA-N	CCC(C)CC/C=C\C=C\C(=O)N[C@@H](C(C)C(=O)O)C(=O)N[C@H]1C(NC(=O)[C@@H]2C[C@H](CN2C(=O)[C@@H](NC(=O)[C@H](NC(=O)CNC(=O)[C@@H](NC(=O)[C@@H](NC(=O)[C@@H](NC(=O)[C@H](NC1=O)C(C)C)CCCCN)C(C(=O)O)O)CC(=O)O)C(C)C(=O)O)C(C)C)C)C	Amino acids and Peptides	Oligopeptides	Cyclic peptides	false	npclassifier.gnps2.org@2026-09-07
SMWODABTROSZLO-UHFFFAOYSA-N	CCCCCCCCCC(O)CC(=O)NC(CC(C)C)C(=O)NC(CC(C)C)C(=O)NC(CCC(N)=O)C(=O)NC(CC(C)C)C(=O)NC(C(=O)NC(C(=O)NC(CC(C)C)C(=O)NC(CC(C)C)C(=O)O)C(C)CC)C(C)O	Amino acids and Peptides	Oligopeptides	Linear peptides	false	npclassifier.gnps2.org@2026-09-07
SNCQITRZEBFIRW-UHFFFAOYSA-N	BrC1=CC=C(OC=2C(Br)=CC(Br)=CC2O)C(Br)=C1	Shikimates and Phenylpropanoids	Diphenyl ethers (DPEs)	Marine-bacterial DPEs	false	npclassifier.gnps2.org@2026-09-07
SNSSSENJBPCLPM-OXILWVMOSA-N	[H][C@]12CC[C@@]3(C)[C@@]([H])(C=C(C)[C@@]4(C)C(=O)C(C)=C(O)[C@@]34C(=O)OC)[C@@]1(CC[C@H](OC(C)=O)C2(C)C)C=O	Polyketides|Terpenoids	Meroterpenoids	Tetraketide meroterpenoids	false	npclassifier.gnps2.org@2026-09-07
SNUNDXZQRUCXRW-KDUQSJINSA-N	C[C@@H]1[C@H](N/C(=C/2\C=CC=C(C2=O)O)/O1)C(=O)N(CCCNC(=O)C3C(O/C(=C\4/C=CC=C(C4=O)O)/N3)C)CCCNC(=O)C5=C(C(=CC=C5)O)O	Alkaloids	Ornithine alkaloids	Polyamines	false	npclassifier.gnps2.org@2026-09-07
SNVWXEJGAFYERY-VSGXLYRTSA-N	COC1=C(C[C@@H](NC(=O)[C@H](CO)NC(=O)[C@@H](NC(=O)[C@H](CC(C)C)NC(=O)[C@@H](CC2=CC=C(O)C=C2)NC(=O)[C@H](CC2=CC=C(O)C=C2)NC(=O)NC(=O)O)[C@@H](O)C(=O)O)C(=O)N[C@@H](CC(C)C)C(=O)NCC(=O)O)C=CC(O)=C1	Amino acids and Peptides	Oligopeptides	Linear peptides	false	npclassifier.gnps2.org@2026-09-07
SNZCABRUTZVTFC-KJIMCQFPSA-N	CCCCCCCCCC(CCCCCC1=CC(=C(C(=C1)O[C@H]2[C@@H]([C@H]([C@@H](CO2)O)O)O)CCCCCC(CCCCCC)Cl)O)Cl	Polyketides	Alkylresorcinols	Dialkylresorcinols	true	npclassifier.gnps2.org@2026-09-07
SOIIKURIVIWMKK-DQEYMECFSA-N	CN[C@@H](CC(C)C)C(=O)N(C)[C@@H](CC1=CC=CC=C1)C(=O)NCCC1=CNC2=C1C=CC=C2	Amino acids and Peptides	Small peptides	Dipeptides	false	npclassifier.gnps2.org@2026-09-07
SOPAHPGXYDUTGN-QMFGVRBNSA-N	C1C=C2C=CC(C2C(=O)[C@H]1N)C(=O)N[C@@H](CC(=O)N)C(=O)O	Amino acids and Peptides	Small peptides	Dipeptides	false	npclassifier.gnps2.org@2026-09-07
SPBVGZGZHJKUJV-LGBMQZANSA-N	CCCCCCCCCCCC(=O)N[C@H](C(=O)N[C@H](CO)C(=O)NCC(=O)N[C@H](CO)C(=O)N[C@@H](CO)C(=O)N[C@H](C(=O)N[C@@H](C(=O)N[C@@H](CO)C(=O)N[C@H]1CCCN(O)C1=O)[C@@H](C)O)[C@@H](O)C(=O)O)[C@H](O)C(=O)O	Amino acids and Peptides	Oligopeptides	Linear peptides|Lipopeptides	false	npclassifier.gnps2.org@2026-09-07
SPKNARKFCOPTSY-XWPZMVOTSA-N	C[C@@H]1[C@H](O1)[C@H]2[C@H](C=CC(=O)O2)OC(=O)C	Polyketides			false	npclassifier.gnps2.org@2026-09-07
SPWSUFUPTSJWNG-JJUKSXGLSA-N	[H][C@@]12NC3=C(C=CC=C3)[C@@]1(C[C@@H]1N2C(=O)\C(NC1=O)=C/C1=CN=CN1)C(C)(C)C=C	Alkaloids|Amino acids and Peptides	Histidine alkaloids|Peptide alkaloids	Imidazole alkaloids|Other indole diketopiperazine alkaloids	false	npclassifier.gnps2.org@2026-09-07
SQDCBBWHYFBJCF-FQAFZQKHSA-N	CCCCCCCCCCCCC(C(CC(=O)NC1COC(=O)C(NC(=O)C(NC(=O)/C(=C\C)/NC(=O)C(CC(=O)C(NC(=O)C(NC(=O)C(NC(=O)C(NC1=O)(CCCN)O)CC(=O)O)CCO)CC2=C3C=CNC3=CC=C2)C(C)O)C(C(=O)O)O)C(CCl)O)O)O	Amino acids and Peptides|Polyketides	Oligopeptides	Cyclic peptides|Depsipeptides|Lipopeptides	false	npclassifier.gnps2.org@2026-09-07
SQDQKWGNEXFXDZ-RWCYGVJQSA-N	C[C@H]1CCC/C=C/C(=O)CC2=CC(=CC(=C2C(=O)O1)O)O	Polyketides	Macrolides	Zearalenones	false	npclassifier.gnps2.org@2026-09-07
SRCAXTIBNLIRHU-JJKPAIEPSA-N	CC[C@H](C)[C@@H](C(=O)N[C@@H](CCCNC(=N)N)C(=O)N[C@@H](C)C(=O)N[C@H](CS)C(=O)N[C@@H](C(C)C)C(=O)N[C@@H](CCCCN)C(=O)N[C@@H](CCC(=O)O)C(=O)N[C@@H](CS)C(=O)N[C@@H](CCC(=O)O)C(=O)N[C@@H](CCCCN)C(=O)N/C(=C\C)/C(=O)N[C@@H](CC(C)C)C(=O)N[C@@H](CCCCN)C(=O)N[C@@H](C)C(=O)N/C(=C\C)/C(=O)N[C@@H](CCCNC(=N)N)C(=O)N[C@@H](CC(C)C)C(=O)N[C@@H](CC1=CC=CC=C1)C(=O)N/C(=C(\C)/S)/C(=O)N[C@@H](C(C)C)C(=O)N[C@@H](CS)C(=O)N[C@@H](CS)C(=O)N[C@@H](CCCCN)C(=O)NCC(=O)N[C@@H](CCCCN)C(=O)N[C@@H](CC(=O)N)C(=O)NCC(=O)N[C@@H](CS)C(=O)N[C@@H](CCCCN)C(=O)O)NC(=O)[C@H](C)NC(=O)[C@@H]2CCCN2C(=O)CNC(=O)[C@H](C)NC(=O)C(=O)CC	Amino acids and Peptides	Oligopeptides	RiPPs-Lanthipeptides	false	npclassifier.gnps2.org@2026-09-07
SRCDTOUUBIJABY-GREQVZGHSA-N	C/C/1=C\CC2=CC=C(N2)C3=NC(C(O3)COC(=O)/C(=C/C(=O)OC4C1OC(=O)C4(C)CO)/CC(C)C)/C=C/5\C(OC\C5=C(\C)/C=C/COC)CC(C)C	Polyketides	Oligopeptides	Depsipeptides	false	npclassifier.gnps2.org@2026-09-07
SRTHRTWGDJJGDY-YWAQVVFGSA-N	C[C@@]12/C=C/C(=O)/C=C/C=C\C3=COC(=N3)/C([C@H](O)CCl)=N\OC(=O)C[C@@]([C@@]3(C(=O)O)CO3)(CC1)S2				false	npclassifier.gnps2.org@2026-09-07
SSANHLOZXYEHCY-UDPMFAINSA-N	CC1C/C=C/C=C\C(=O)C(CC(C(C(C(CC(=O)O1)O)OC)OC2C(C(C(C(O2)C)OC3CC(C(C(O3)C)OC(=O)CC(C)C)(C)O)N(C)C)O)CC=O)C	Polyketides	Macrolides	Erythromycins|Tylosins	true	npclassifier.gnps2.org@2026-09-07
SSHVAUUEPNULMP-PVYHIPRASA-N	OC1=C(NC(=O)\C=C\C=C/C=C\[C@]2(O)C=C(NC(=O)\C=C\C=C\C=C\C3CCCCC3)C(=O)C3OC23)C(=O)CC1	Polyketides	Linear polyketides	Linear polyenes	false	npclassifier.gnps2.org@2026-09-07
SSXIRHWTKBSKKV-DBBDCZJTSA-N	CC(C)C[C@@H]1NC(=O)[C@@H](NC(=O)[C@@H](NC(=O)CNC(=O)[C@H](CC2=CC=CC=C2)NC(C)=O)[C@@H](C)O)[C@@H](C)OC(=O)C[C@@H]2NC(=O)[C@@H]3COC(=O)CC[C@H](NC(=O)[C@H](CC4=CC5=CC=CC=C5N4)NC2=O)C(=O)N[C@@H](CCC(=O)NCCCC[C@H](NC1=O)C(=O)N[C@@H](CC1=CC=C(O)C=C1)C(=O)N1CCC[C@H]1C(=O)N3)C(=O)N[C@@H](CC1=CC=C(O)C=C1)C(O)=O	Amino acids and Peptides	Oligopeptides	Cyclic peptides	false	npclassifier.gnps2.org@2026-09-07
STDTUHSFISWYFO-UHFFFAOYSA-N	CCCCCCCCCC(O)CC(=O)NC(CC(C)C)C(=O)NC(CCC(O)=O)C(=O)NC1C(C)OC(=O)C(NC(=O)C(CO)NC(=O)C(CC(C)C)NC(=O)C(CC(C)C)NC(=O)C(CO)NC(=O)C(CC(C)C)NC(=O)C(NC1=O)C(C)CC)C(C)C	Amino acids and Peptides|Polyketides	Oligopeptides	Cyclic peptides|Depsipeptides|Lipopeptides	false	npclassifier.gnps2.org@2026-09-07
STOJHXMLEJXWCB-DDLPPAGCSA-N	OC(CCCCCCC(N(C)[C@@H](CC(C)C)C(N[C@@H](C(C)C)C(N[C@H]([C@@H](C)O)C(N[C@@H](C)C(C1(OC1)C)=O)=O)=O)=O)=O)(C)C	Amino acids and Peptides	Oligopeptides	Linear peptides	false	npclassifier.gnps2.org@2026-09-07
STQGQHZAVUOBTE-VGBVRHCVSA-N	C[C@H]1[C@H]([C@H](C[C@@H](O1)O[C@H]2C[C@@](CC3=C(C4=C(C(=C23)O)C(=O)C5=C(C4=O)C=CC=C5OC)O)(C(=O)C)O)N)O	Polyketides	Polycyclic aromatic polyketides	Anthracyclines	true	npclassifier.gnps2.org@2026-09-07
STVITZBETCSTPL-UHFFFAOYSA-N	CC1=C(NC(=O)CCC(C)C)N2CCCC2(O)C1=O	Alkaloids			false	npclassifier.gnps2.org@2026-09-07
SULYDLFVUNXAMP-WKOQKXSESA-N	CCCCCC(=O)C1=C2C=C3C=C(OC=C3C(=O)[C@]2(C)OC1=O)\C=C\C	Polyketides	Chromanes	Azaphilones	false	npclassifier.gnps2.org@2026-09-07
SUSGWYGMAVFEED-SILYKDPXSA-N	CC(C)C[C@@H]1NC(=O)[C@@H](C(C)C)NC(=O)CNC(=O)CNC(=O)[C@@H](C(C)C)NC(=O)[C@H](CC2=CC=CC=C2)NC(=O)[C@@H](C(C)C)NC(=O)[C@@H](CC(N)=O)NC(=O)[C@H](NC(=O)/C=C/C2=CC=CC=C2/C=C/C(=O)O)[C@@H](C)OC1=O	Amino acids and Peptides|Polyketides	Oligopeptides	Cyclic peptides|Depsipeptides	false	npclassifier.gnps2.org@2026-09-07
SUWJFXOVRICCHZ-WMZOPIPTSA-N	O=C1C2=C(C(O)=CC(O)=C2)N[C@@H](C3=CNC4=C3C=CC=C4)[C@@]5([H])N1C=CC5	Alkaloids	Anthranilic acid alkaloids	Benzodiazepine alkaloids	false	npclassifier.gnps2.org@2026-09-07
SUWQGLGDFGHZNH-WBWZXODPSA-N	COC1=C2C3=C(C(O)=C1)C(O)=C1C(=O)[C@]4(O)C(=O)C(C(N)=O)=C(O)C[C@]4(O)[C@@H](O)C1=C3C[C@]21C(C)=CCCC1(C)C	Polyketides|Terpenoids	Meroterpenoids	Other polyketide meroterpenoids	false	npclassifier.gnps2.org@2026-09-07
SVIIUNHBJSJMNU-UHFFFAOYSA-N	OC(C1N(C(C(NC(C2CCCN2C(CC(CCCCCCC(Cl)Cl)N)=O)=O)CCC3=CC=C(O)C=C3)=O)CCC1)=O	Amino acids and Peptides	Oligopeptides	Linear peptides|Lipopeptides	false	npclassifier.gnps2.org@2026-09-07
SVSFCSOFEPJFSF-CIELKHGCSA-N	COC1CC(C)C(OC)C2=C(O)C(NC(=O)\C(C)=C/C=C\C(C)C(OC(N)=O)\C(C)=C/C(C)C1OC)=CC(O)=C2	Polyketides	Macrolides	Ansa macrolides	false	npclassifier.gnps2.org@2026-09-07
SVTAHLMEBUJVPG-UHFFFAOYSA-N	CC(=O)N(C)C1C(=O)NC2=CSSC21	Alkaloids|Amino acids and Peptides			false	npclassifier.gnps2.org@2026-09-07
SVXKHIPPUVZILX-KCLNMYHUSA-O	C[C@@H]1NC(=O)[C@@H](NC(=O)[C@H](CCCCN)NC(=O)[C@@H](CCCN(O)C=O)NC(=O)[C@H](CC(=O)O)NC(=O)[C@@H]2CCNC3=C(NC(=O)CCC(=O)O)C=C4C=C(O)C(O)=CC4=[N+]32)[C@@H](C)OC(=O)[C@H](CCCCN)NC(=O)[C@@H](CCCN(O)C=O)NC(=O)[C@@H](C)NC1=O	Amino acids and Peptides|Polyketides	Oligopeptides	Cyclic peptides|Depsipeptides|Lipopeptides	false	npclassifier.gnps2.org@2026-09-07
SVYIMXYKHRBHSG-KYYKPQATSA-N	[H][C@]12CC3=C(NC4=CC=CC=C34)[C@]1(C)[C@@]1(C)CC[C@]3([H])O[C@@H](C[C@@H](O)[C@@]3(C)[C@]1([H])CC2)C(C)(C)O	Alkaloids|Terpenoids	Tryptophan alkaloids	Indole-Diterpenoid alkaloids (Penitrems)	false	npclassifier.gnps2.org@2026-09-07
SWAWYMIKGOHZMR-UHFFFAOYSA-N	O=C(N1C)C(C2=CNC3=CC=CC=C32)=C(C4=CNC5=CC=CC=C54)C1=O	Alkaloids	Tryptophan alkaloids	Simple indole alkaloids	false	npclassifier.gnps2.org@2026-09-07
SWCJMEFTOZERMB-UHFFFAOYSA-N	O=C(C(C=CC1=C2C(OC)=C(Cl)C(C(Cl)Cl)=C1)=C2C3=O)C4=C3C(O)=C(C(OC5(OC)C)=O)C5=C4O	Polyketides	Polycyclic aromatic polyketides	Angucyclines	false	npclassifier.gnps2.org@2026-09-07
SWJBYJJNDIXFSA-KUHUBIRLSA-N	C[C@]12[C@@H](CC(=O)C3=COC(=C31)C(=O)C4=C2C=CC5=C4CCC5=O)O	Terpenoids	Steroids	Androstane steroids	false	npclassifier.gnps2.org@2026-09-07
SXDWNOFDSOXRRM-UHFFFAOYSA-N	COC1=C(C)C(=O)C2=C(C(CO)N3C(O)C4CC5C6OCCN6C2C3C5N4C)C1=O	Alkaloids	Tyrosine alkaloids	Tetrahydroisoquinoline alkaloids	false	npclassifier.gnps2.org@2026-09-07
SXJDRCVQKGQHOW-NSHDSACASA-N	O=C(O)CCCNC(=O)N[C@@H](CC1=CC=CC=C1)C(=O)O	Amino acids and Peptides	Small peptides	Dipeptides	false	npclassifier.gnps2.org@2026-09-07
SXNPXUJAUIINIU-JTLRLOPKSA-N	CC1=C(OC(=O)C(=C1O)C[C@@H]2C(=C)CC[C@@H]3[C@@]2(CC[C@H]4[C@]3(C[C@H](O4)C=C(C)C)C)C)C	Polyketides|Terpenoids	Meroterpenoids	Triketide meroterpenoids	false	npclassifier.gnps2.org@2026-09-07
SXNPXUJAUIINIU-ONSQYRCZSA-N	CC(C)=C[C@@H]1C[C@]2(C)C(CC[C@]3(C)[C@H](CC4=C(O)C(C)=C(C)OC4=O)C(=C)CC[C@@H]23)O1	Polyketides|Terpenoids	Meroterpenoids	Triketide meroterpenoids	false	npclassifier.gnps2.org@2026-09-07
SXNPXUJAUIINIU-ZZJUZBICSA-N	C=C1CC[C@H]2[C@]3(C)C[C@H](C=C(C)C)O[C@H]3CC[C@]2(C)[C@@H]1CC1=C(O)C(C)=C(C)OC1=O	Polyketides|Terpenoids	Meroterpenoids	Triketide meroterpenoids	false	npclassifier.gnps2.org@2026-09-07
SXOCWLUWTFGULD-MDWZMJQESA-N	CC1=CC(=C(C(=C1C=O)O)C/C=C(\C)/CCC=C(C)C)O	Polyketides|Terpenoids	Meroterpenoids	Tetraketide meroterpenoids	false	npclassifier.gnps2.org@2026-09-07
SXOKUPQNHVTMPJ-UHFFFAOYSA-O	CCCCCCCC(O)CC(O)(C(=O)O)C(=O)NCCC(=O)NCCC(O)(C(=O)O)C(=O)NC(C)C1=NC(C(=O)NCC(=O)NC(C)C(=O)NCC(=O)NC2CC3=CC(O)=C(O)C=C3[N+](C)(C)C2)=CS1	Amino acids and Peptides	Oligopeptides	Lipopeptides	false	npclassifier.gnps2.org@2026-09-07
SXXZACFJBJWCOP-NRKPLWJESA-N	[H][C@]12CC[C@H](C)C[C@]1([H])C(\C=C\C)=C(C=C2C)C(=O)C1=C(O)C(=CNC1=O)C1=CC=C(O)C=C1	Alkaloids	Nicotinic acid alkaloids	Pyridine alkaloids	false	npclassifier.gnps2.org@2026-09-07
SYADJZZKJSIWKK-RAKBGESCSA-N	CC1=C(C(=O)CCCCCCCC/C=C/[C@H](C)C(=O)C[C@H](O)CC2CC(=O)NC(=O)C2)C(=O)OC1O	Alkaloids	Lysine alkaloids	Piperidine alkaloids	true	npclassifier.gnps2.org@2026-09-07
SYQNUQSGEWNWKV-XUIVZRPNSA-N	C\C(C=C)=C/[C@@]1(C)SC(=O)C(C)=C1O				false	npclassifier.gnps2.org@2026-09-07
SZBHSSGJBUMHOR-ZEBVBCIMSA-N	CC(O[C@@H]1CCC)=CC(C1=C2O)=CC3=C2C(C([C@]4([H])O[C@H](CO)[C@@H](O)[C@H]4O)=CC3=O)=O	Polyketides	Naphthalenes	Naphthoquinones	false	npclassifier.gnps2.org@2026-09-07
SZGKSIQFXTWZJY-XNLLDMJTSA-N	[H][C@](C)(O)[C@]1([H])NC(=O)[C@]([H])(CO)NC(=O)[C@@H]2C[C@@]3(CC=C(C)C)C4=C(N[C@@]3([H])N2C(=O)[C@]([H])(CC(N)=O)NC(=O)[C@]([H])(CC(N)=O)NC(=O)[C@]([H])(CC(O)=O)NC(=O)CNC(=O)[C@]([H])(CC(N)=O)NC(=O)[C@@]([H])(CC(C)C)NC(=O)[C@@H]2C[C@@]3(CC=C(C)C)C5=CC=CC=C5N[C@@]3([H])N2C(=O)[C@]2([H])CCCN2C1=O)C=CC=C4	Amino acids and Peptides	Oligopeptides	Cyclic peptides	false	npclassifier.gnps2.org@2026-09-07
SZINUGQCTHLQAZ-DQYPLSBCSA-N	CC(=O)C1=C([C@@H]2[C@@H]3[C@@H](CC4=C5C3=CNC5=CC=C4)C(N2C1=O)(C)C)O	Alkaloids|Amino acids and Peptides	Tetramate alkaloids	Cyclopiazonic acid-tpye tetramate alkaloids	false	npclassifier.gnps2.org@2026-09-07
SZKPGWBSMRUPAV-QFUOKIFISA-N	CCCCCCCC(N[C@@H]([C@H](O)C1=CNC=N1)C(N[C@@H](CCN)C(N[C@@H](CCCN)C(N[C@@H](CO)C(N[C@@H](CO)C(N[C@@H]([C@H](O)C(O)=O)C(N[C@@H](CCN)C(N[C@@H]([C@H](O)C2=CNC=N2)C(O)=O)=O)=O)=O)=O)=O)=O)=O)=O	Amino acids and Peptides	Oligopeptides	Lipopeptides	false	npclassifier.gnps2.org@2026-09-07
SZXDNGVQRDTJSD-VBKFSLOCSA-N	CCCCCC1=C\C(=C\C2=C(OC)C=C(N2)C2=CC=CN2)N=C1C	Alkaloids	Proline alkaloids	Prodigiosins	false	npclassifier.gnps2.org@2026-09-07
SZXMZOUTLSMZRZ-ZDGMYTEDSA-N	CC(C)CCCCCC(=O)N(O)CCCC[C@H](NC(=O)CC(O)(CC(=O)O)C(=O)O)C(=O)O				false	npclassifier.gnps2.org@2026-09-07
SZYOCWYVOQEMMI-XPZSMLQJSA-N	CC[C@H](C)[C@H]1NC(=O)[C@@H](CC(N)=O)NC(=O)[C@H](NC(=O)/C=C/C2=CC=CC=C2/C=C/C(=O)O)[C@@H](C)OC(=O)[C@H](CC(C)C)NC(=O)[C@@H](C(C)C)NC(=O)CNC(=O)CNC(=O)[C@@H](C(C)C)NC(=O)[C@H](CC2=CC=CC=C2)NC1=O	Amino acids and Peptides|Polyketides	Oligopeptides	Cyclic peptides|Depsipeptides	false	npclassifier.gnps2.org@2026-09-07
TUASECVRIQZMOK-UHFFFAOYSA-N	CCC(C)C1=CC2=C(C(=O)N1CC(=O)N1CC(NC(=O)C1C)C(O)=O)C(=O)C1=C3C(O)=C4C(=O)C5=C(C(O)=CC=C5O)C(=O)C4=C(OC)C3=CC=C1C2=O	Polyketides	Polycyclic aromatic polyketides	Ericamycins	false	npclassifier.gnps2.org@2026-09-07
TUFQUNBGUWSRMC-QVSCXPOFSA-N	[C@@H]1([H])[C@H]2O[C@]3(O[B-]45O[C@@]6([C@@H](O4)C(=O)O[C@@H](C)CCC=CC=CCC[C@H](O)CC1=O)O[C@@H](CC[C@H]6C)[C@@H]([H])C(=O)C[C@@H](O)CCC=CC=CCC[C@H](C)OC(=O)[C@@H]3O5)[C@H](C)CC2	Polyketides	Macrolides	Boromycins	false	npclassifier.gnps2.org@2026-09-07
TUHOUIVPEYZMHY-YOPAGSBUSA-N	C[C@@H](/C=C(\C)/C=C/C([C@H](C)C(=O)N(C)[C@H](CC[C]=O)C(=O)O)NC(=O)[C@H](CCSC)NC(=O)[C@@H](C)[C@H](C(=O)O)NC(=O)[C@H](CC(C)C)NC(=O)[C@@H](C)NC(=O)C(=C)N)[C@H](CC1=CC=CC=C1)OC	Amino acids and Peptides	Oligopeptides	Linear peptides	false	npclassifier.gnps2.org@2026-09-07
TVCSLGBWHLPONF-UHFFFAOYSA-N	COC1=CC=C(C2=NC3=CC=CC(=C3N=C12)C(=O)O)CO	Alkaloids	Anthranilic acid alkaloids	Phenazine alkaloids	false	npclassifier.gnps2.org@2026-09-07
TVJHJRXOIAMNSY-YADHBBJMSA-N	COC1=C2N(C3=C1C=CC=C3)[C@]1(O)C(=O)N(C)C(=O)[C@]1(O)C1=C2NC2=C1C=CC=C2	Alkaloids	Tryptophan alkaloids	Carbazole alkaloids	false	npclassifier.gnps2.org@2026-09-07
TVMMZYBZNKBAOH-UHFFFAOYSA-N	O=C1NCC2=C3C4=C(C=CC(Cl)=C4)NC3=C3NC4=C(C=C(Cl)C=C4)C3=C12	Alkaloids	Tryptophan alkaloids	Carbazole alkaloids	false	npclassifier.gnps2.org@2026-09-07
TVNCPMSTRIQNRC-MUBRTIPBSA-N	C/C=C(\NC(=O)N[C@@H](CC1=CC=C(O)C=C1)C(=O)OC)C(=O)N[C@@H](C)C(=O)N[C@@H](CCCN=C(N)N)C(=O)N1CCC[C@H]1C1=NC(C(=O)N[C@@H](CCC(N)=O)C(=O)O)=CS1	Amino acids and Peptides	Oligopeptides	Linear peptides	false	npclassifier.gnps2.org@2026-09-07
TVPLZAQWRYWFFT-AWEZNQCLSA-N	NC1=CC=CC=C1C(=O)N[C@H]1CC(=O)C2=CC=CC=C2NC1=O	Alkaloids	Anthranilic acid alkaloids	Quinoline alkaloids	false	npclassifier.gnps2.org@2026-09-07
TVPLZAQWRYWFFT-UHFFFAOYSA-N	NC1=C(C=CC=C1)C(=O)NC1CC(=O)C2=CC=CC=C2NC1=O	Alkaloids	Anthranilic acid alkaloids	Quinoline alkaloids	false	npclassifier.gnps2.org@2026-09-07
TVSWUEMHNUKUAZ-FQMLERHQSA-N	CC(C)CCCCCCCCCCC[C@@H](O)CC(=O)N[C@@H](CO[C@@H]1OC(CO)[C@H](O)C(O)C1O)[C@H](O)CCCCCCCCCCCC(C)C	Fatty acids	Sphingolipids	Neutral glycosphingolipids	true	npclassifier.gnps2.org@2026-09-07
TVYNBNZEEHEPOX-XHDOVSQSSA-N	CC1=C(C(=CC(=C1Cl)OC)OC)C2=CC(=C(C3=C2C(=O)[C@@]4([C@H](C3)C(C5=C(C4=O)C(=C(C(=C5Cl)O)Cl)O)(C)C)O)Cl)OC	Polyketides	Polycyclic aromatic polyketides	Fasamycins and derivatives	false	npclassifier.gnps2.org@2026-09-07
TVZBMZKPHBNMGB-SMUIZACESA-N	COC1C/C=C\C=C\CC(C)C(O)CC(O)C(C)C(O)CC(=O)OC(/C=C(\C)CC/C=C/C=C/CC(O)CC(C)CCC(=O)O)C(C)C(O)CC(O)CCC1	Polyketides	Macrolides	Oligomycins	false	npclassifier.gnps2.org@2026-09-07
TVZYKKNRWFVGID-XMQDSMCMSA-N	CC1CN2C(=O)[C@H](CC3=CC=CC=C3)NC(=O)[C@@H](C(C)C)NC(=O)[C@H](CC3=C[NH]C4=C3C=CC(Cl)=C4)NC(=O)[C@H](C(C)C(N)=O)NC(=O)[C@@H](NC(=O)[C@@H](NC(=O)[C@@H](CCC(=O)O)NC(=O)[C@H](CO)NC(=O)[C@@H](NC(=O)C[C@H](N)C(=O)O)C(O)C3=CC=C(O)C=C3)C(C)O)COC(=O)[C@@H]2C1O	Amino acids and Peptides|Polyketides	Oligopeptides	Cyclic peptides|Depsipeptides	false	npclassifier.gnps2.org@2026-09-07
TWBVBKLXMJGRPJ-WTPCWRIRSA-N	CC[C@H](C)[C@H]1C(=O)N[C@H](C(=O)NCC(=O)N[C@H](C(=O)N2CCC[C@H]2C(=O)N[C@H](C(=O)N3CCC[C@H]3C(=O)N[C@H](C(=O)N[C@H](C(=O)N[C@H](C(=O)N1)CCC(=O)N)CO)[C@@H](C)O)C(C)C)CO)CC4=CNC5=CC=CC=C54	Amino acids and Peptides	Oligopeptides	RiPPs-Cyanobactins	false	npclassifier.gnps2.org@2026-09-07
TWCYRHJCVYNEGL-UHFFFAOYSA-N	O=C(NCCC(N)=N)C1=CC(NC(C2=CC(NC(C3CCC(N)=N3)=O)=CN2C)=O)=CN1	Alkaloids	Peptide alkaloids	Simple amide alkaloids	false	npclassifier.gnps2.org@2026-09-07
TWRQTZRFPDVGGJ-YOQBUGDQSA-N	COC[C@H]1O[C@@H](O[C@@H]2OC[C@@H]3O[C@]4(O[C@H]3[C@H]2OC)OC[C@@](O)([C@H](C)OC)[C@@H]2OCO[C@@H]42)[C@@H](OC)[C@@H](O)[C@@H]1O[C@@H]1O[C@H](C)[C@H](OC)[C@H](O[C@H]2C[C@@]3(C)O[C@@]4(C[C@@H](O)[C@H](O[C@H]5C[C@@H](O[C@H]6C[C@](C)(NO)[C@@H](OC)[C@H](C)O6)[C@H](OC(=O)C6=C(C)C(Cl)=C(O)C(Cl)=C6OC)[C@@H](C)O5)[C@@H](C)O4)O[C@@H]3[C@@H](C)O2)[C@H]1O	Carbohydrates	Saccharides	Orthosomycins	true	npclassifier.gnps2.org@2026-09-07
TXEVVKPQBOIUHV-DHXUWNHESA-N	CC\C=C\C=C\C=C\C=C\C=C\C=C\C=C\C(=O)N(C)[C@H]1[C@@H](C)OC(=O)[C@H](CCC(N)=O)NC(=O)C(C)NC(=O)[C@H]2CCCN2C(=O)[C@H](CC(C)C)NC(=O)C(C)NC1=O	Amino acids and Peptides|Polyketides	Oligopeptides	Cyclic peptides|Depsipeptides	false	npclassifier.gnps2.org@2026-09-07
TXHTYHRJOLWFNL-URYYLNOGSA-N	CC(C[C@@H]1C(N[C@@H](CC(C)C)C(N[C@H](C(C)C)C(N[C@@H](CC(C)C)C(N[C@H](CC(C)C)C(N1)=O)=O)=O)=O)=O)C	Amino acids and Peptides	Oligopeptides	Cyclic peptides	false	npclassifier.gnps2.org@2026-09-07
TXLZSYDNMDHWLZ-HOZUMRSTSA-N	CO[C@H]1[C@@H](C)C(=O)O[C@@]1(C)\C=C\C=C\C(\C)=C\C=C\C(\O)=C\C(=O)\C=C\C=C(/C)\C=C\C(C)NC(=O)C(C)C\C=C\CC(O)CC1=CC=C(O)C=C1	Polyketides	Linear polyketides	Open-chain polyketides	false	npclassifier.gnps2.org@2026-09-07
TXNJQKDZOVFCAQ-XRODADMRSA-N	CC(=O)N1[C@H]2[C@](C[C@H]3N2C(=O)C4=CC=CC=C4NC3=O)(C5=CC=CC=C51)C(C)(C)C=C	Alkaloids|Amino acids and Peptides	Peptide alkaloids	Other indole diketopiperazine alkaloids	false	npclassifier.gnps2.org@2026-09-07
TXNJQKDZOVFCAQ-ZWSUVBHBSA-N	CC(=O)N1[C@H]2[C@](C[C@@H]3N2C(=O)C4=CC=CC=C4NC3=O)(C5=CC=CC=C51)C(C)(C)C=C	Alkaloids|Amino acids and Peptides	Peptide alkaloids	Other indole diketopiperazine alkaloids	false	npclassifier.gnps2.org@2026-09-07
TXODBIOSWNNKJM-UHFFFAOYSA-N	C1=C(C=C(C(=C1C2=C(C(=CC(=C2)Br)Br)O)O)Br)Br	Shikimates and Phenylpropanoids	Diphenyl ethers (DPEs)	Marine-bacterial DPEs	false	npclassifier.gnps2.org@2026-09-07
TXQJYYDFHFRLKM-ZNSHCXBVSA-N	C[C@@H]1[C@H](C(O)=O)[C@]([H])([C@H](O)CCCCCC)OC1=O	Polyketides	Linear polyketides	Acetogenins|Open-chain polyketides	false	npclassifier.gnps2.org@2026-09-07
TXRNSKPHZNMMMH-UKYVRAJSSA-N	C[C@@]12[C@@H](O1)C(=O)C3=C(C4=C(C=CC(=C4O)C5=C(C6=C(C=C5)O[C@]7([C@H]([C@@]8([C@@H](O8)C(=O)C7=C6O)C)OC(=O)CC(=O)O)C)O)O[C@]3([C@H]2OC(=O)CC(=O)O)C)O	Polyketides	Xanthones	Methyl xanthones	false	npclassifier.gnps2.org@2026-09-07
TXYRKTDGDMHVHR-NEKRQKPVSA-N	CC[C@H](C)[C@H]1C(=O)N[C@H](C(=O)N[C@@H](CSSC[C@H]2C(=O)N[C@H](C(=O)N[C@H]3CC(=O)N[C@@H](CSSC[C@@H](C(=O)NCC(=O)N[C@H](C(=O)N[C@H](C(=O)N1)C)CC4=CC=C(C=C4)O)NC(=O)CNC(=O)[C@@H](NC(=O)[C@@H](NC3=O)CC5=CC=CC=C5)C)C(=O)N[C@H](C(=O)NCC(=O)N[C@H](C(=O)NCC(=O)N[C@H](C(=O)N2)CO)C(C)C)CC(C)C)CC(=O)N)C(=O)N[C@@H](CC6=CC=CC=C6)C(=O)N[C@@H](CC7=CNC8=CC=CC=C87)C(=O)O)C(C)C	Amino acids and Peptides	Oligopeptides	Cyclic peptides	false	npclassifier.gnps2.org@2026-09-07
TYBRDNJATHYRMO-YOQBUGDQSA-N	COC[C@H]1O[C@@H](O[C@@H]2OC[C@@H]3O[C@]4(O[C@H]3[C@H]2OC)OC[C@@](O)([C@H](C)OC)[C@@H]2OCO[C@@H]42)[C@@H](OC)[C@@H](O)[C@@H]1O[C@@H]1O[C@H](C)[C@H](OC)[C@H](O[C@H]2C[C@@]3(C)O[C@@]4(C[C@@H](O)[C@H](O[C@H]5C[C@@H](O[C@H]6C[C@](C)(N)[C@@H](OC)[C@H](C)O6)[C@H](OC(=O)C6=C(C)C(Cl)=C(O)C(Cl)=C6OC)[C@@H](C)O5)[C@@H](C)O4)O[C@@H]3[C@@H](C)O2)[C@H]1O	Carbohydrates	Saccharides	Orthosomycins	true	npclassifier.gnps2.org@2026-09-07
TYEPQLJNLZKGBN-RYCJFKTHSA-N	C[C@H]1[C@H](O)[C@H](N)C[C@@H](O[C@H]2[C@H]3C(N[C@H](C(O)=O)C4=CC(O)=CC(O[C@H]5[C@@H](O)[C@@H](O)[C@H](O)[C@@H](CO)O5)=C4C6=C(O)C=CC([C@@H](NC([C@H]7C8=CC(OC9=CC=C([C@@H](O)[C@@H]%10C(N[C@H](C(N7)=O)C%11=CC(OC%12=C(O)C=CC([C@@H](N)C(N%10)=O)=C%12)=C(C)C(O)=C%11)=O)C=C9)=C(O[C@H]%13[C@H](O[C@H]%14[C@H](O[C@H]%15[C@@H](O)[C@H](O)[C@H](O)CO%15)[C@H](O)[C@@H](O)[C@H](CO)O%14)[C@@H](O)[C@H](O)[C@@H](COC%16[C@H](O)[C@H](O)[C@@H](O)[C@H](C)O%16)O%13)C(OC%17=CC=C2C=C%17)=C8)=O)C(N3)=O)=C6)=O)O1	Amino acids and Peptides	Oligopeptides	Vancomycins and Teicoplanins	true	npclassifier.gnps2.org@2026-09-07
TYGJUQYJMIOZLZ-HXSKNMNHSA-N	CCCCCCC/C=C/C=C/C(=O)N[C@@H]([C@@H](C)O)C(=O)N[C@H]1C[C@H](CCNC(=O)/C=C/[C@@H](NC1=O)C)O	Amino acids and Peptides	Oligopeptides	Cyclic peptides	false	npclassifier.gnps2.org@2026-09-07
TYIXBSJXUFTELJ-LQJOTGEPSA-N	CC[C@@H]1C(=CC[C@@H](O1)/C(=C/[C@H](C)/C=C/[C@H]2[C@H]([C@@H]2/C=C/[C@H]3[C@@H]([C@H](C[C@H](O3)CC(=O)O)O)O)C)/C)C	Polyketides	Linear polyketides	Open-chain polyketides	false	npclassifier.gnps2.org@2026-09-07
TYTAGFWZZBLOAP-LDBVZQGYSA-N	C/C1=C\CC/C(C)=C([H])\CC/C(C)=C/C[C@](CC[C@@H]2C(C)C)(C)[C@@]2([H])CC1	Terpenoids	Diterpenoids	Dolabellane diterpenoids	false	npclassifier.gnps2.org@2026-09-07
TYTDEHCAAKKYOG-ZTTCWHDESA-N	CO[C@H]1\C=C\CC\C=C\C(=O)OC([C@@H](C)[C@@H]1O)C(\C)=C\[C@H](C)C(=O)CCCC1CC(=O)NC(=O)C1	Alkaloids	Lysine alkaloids	Piperidine alkaloids	false	npclassifier.gnps2.org@2026-09-07
TYVRUMCYJWCOOO-RKEGDLLCSA-N	CCC(C)C(NC(=O)C(NC(=O)C(CC1=CC=CC=C1)NC(=O)C(CCC(N)=O)NC(=O)C(C)NC(=O)C(NC(=O)C(\NC(=O)C1CCCN1C(=O)C(\NC(=O)C(C)NC(=O)C1CCCN1C(=O)C(\NC(=O)C(C)N(C)C)=C/C)=C/C)=C\C)C(C)C)C(C)C)C(=O)NC(CCC(N)=O)C(=O)NCC(=O)NC(CO)C(=O)N\C(=C/C)C(=O)NC(C(C)CC)C(=O)NC1CS\C=C/NC(=O)C(NC(=O)C(CC(C)C)NC1=O)C(C)C	Amino acids and Peptides|Polyketides	Oligopeptides	Cyclic peptides|Depsipeptides	false	npclassifier.gnps2.org@2026-09-07
TZTXOYPVRYYVCQ-VQIIKMDRSA-N	CC(C)OC1=C(C=CC(=C1)C(=O)O)NC(=O)C2=C(C(=C(C=C2)NC(=O)C3=CC=C(C=C3)NC(=O)[C@H]([C@@H](C(=O)N)NC(=O)C4=CC=C(C=C4)NC(=O)C5=CC=C(C=C5)[N+](=O)[O-])OC)OC(C)C)O	Alkaloids|Amino acids and Peptides	Oligopeptides|Peptide alkaloids	Linear peptides|Simple amide alkaloids	false	npclassifier.gnps2.org@2026-09-07
TZUKFMFVOAIXGN-GNSYCBAESA-N	CCC(C(=O)O)C(=O)O[C@H]1[C@@]2([C@@H](O2)C(=O)C3=C(C4=C(C=CC(=C4O)C5=C(C6=C(C=C5)O[C@]7([C@H]([C@@]8([C@@H](O8)C(=O)C7=C6O)C)OC(=O)C(CC)C(=O)O)C)O)O[C@@]13C)O)C	Polyketides	Xanthones	Methyl xanthones	false	npclassifier.gnps2.org@2026-09-07
TZYHZQRDONBPTB-UHFFFAOYSA-N	CC1C(N=C(O1)C2=C(C(=CC=C2)O)O)C(=O)NCCCCNC(=O)C3=C(C(=CC=C3)O)O	Alkaloids	Ornithine alkaloids	Polyamines	false	npclassifier.gnps2.org@2026-09-07
TZZVQGHYMBASEV-VZCXRCSSSA-O	CCC(C)C1NC(=O)C(CS\C=C/NC(=O)C(NC(=O)C(CC(C)C)NC(=O)C(C)NC1=O)C(O)C1=CN(C)C=[N+]1C)NC(=O)C(C)NC(=S)C(C)NC(=S)C(C)NC(=S)C(C)NC(=S)C(CCSC)NC(=S)C(NC(=O)C(C)(O)CC(C)=O)C(C)C	Amino acids and Peptides	Oligopeptides	Cyclic peptides	false	npclassifier.gnps2.org@2026-09-07
UAAPCPSYCUMTPM-LVQVYYBASA-N	CC(=CC[C@@]12[C@@H](O1)[C@@H](C=C([C@H]2O)C#CC(=C)C)O)C	Terpenoids	Meroterpenoids	Miscellaneous meroterpenoids	false	npclassifier.gnps2.org@2026-09-07
UADSYHULFVDMCJ-HAXZSZBCSA-N	CCCCCCC[C@@H](C/C=C/CCC(=O)NC/C(=C/Cl)/[C@@]12[C@@H](O1)[C@@H](CCC2=O)OC(=O)C)OC	Amino acids and Peptides	Oligopeptides	Lipopeptides	false	npclassifier.gnps2.org@2026-09-07
UAFFXYUNGBKFSK-GOTSBHOMSA-N	CN[C@@H](CC(C)C)C(=O)N(C)[C@@H](CC1=CC=CC=C1)C(=O)NCCC1=CC=CC=C1	Amino acids and Peptides	Small peptides	Dipeptides	false	npclassifier.gnps2.org@2026-09-07
UAOMSZIJNSGZFX-UHFFFAOYSA-N	CCCCCC(N)CCCCCCCC(N)CCCCCCCC(N)CCCCCCCC(N)CCCCCCCC(O)CCNC(CC(O)C(N)C(C)C)=O	Fatty acids	Sphingolipids	Sphingoid bases	false	npclassifier.gnps2.org@2026-09-07
UAUYCQIGZDEXCL-NHLBUELASA-N	CC[C@H]([C@H]1O[C@H](CC1)C[C@@H](N(C)C)CCC)[C@H]2[C@H](C)[C@H]3O[C@@H]([C@H](C(O[C@H]([C@H](C)[C@H]4O[C@H](CC4)[C@@H](C(O2)=O)CC)CCC)=O)CC)CC3	Polyketides	Polyethers	Macrotetrolides	false	npclassifier.gnps2.org@2026-09-07
UAXBWJGWBJFVPK-ADJRBOKUSA-N	CC[C@@H]1[C@@]([C@@H]([C@H](C(=O)[C@@H](C[C@@]([C@@H]([C@H]([C@@H]([C@H](C(=O)O1)C)O[C@H]2C[C@@]([C@H]([C@@H](O2)C)OC(=O)CC)(C)OC(=O)C)C)O[C@H]3[C@@H]([C@H](C[C@H](O3)C)N(C)C)O)(C)O[C@H]4C[C@H]([C@H]([C@@H](O4)C)O)N(C)C)C)C)O)(C)O	Polyketides	Macrolides	Erythromycins	true	npclassifier.gnps2.org@2026-09-07
UBAVPHLFRVPRCI-CRBCFSCISA-N	CO/[N+]([O-])=C/C(=O)N/C=C/C(=O)O				false	npclassifier.gnps2.org@2026-09-07
UBMNDGOTJSQUMP-NTMALXAHSA-N	COC1=C(OC)C2=C(C=C1)C(=O)C1=C(C=CC(/C=C(/C)CC(=O)O)=C1O)C2=O	Polyketides	Polycyclic aromatic polyketides	Anthraquinones and anthrones	false	npclassifier.gnps2.org@2026-09-07
UBNNPLDHPRBMNV-UHFFFAOYSA-N	O=C1C=C(NC(=O)CCCCC)N2CCCC12	Alkaloids	Ornithine alkaloids		false	npclassifier.gnps2.org@2026-09-07
UBQYURCVBFRUQT-UHFFFAOYSA-N	CC(=O)N(O)CCCCCNC(=O)CCC(=O)N(O)CCCCCNC(=O)CCC(=O)N(O)CCCCCN	Fatty acids	Fatty amides	N-acyl amines	false	npclassifier.gnps2.org@2026-09-07
UBTXWOUEYHYBJH-UHFFFAOYSA-M	OC1=CC=C(CC2=NC=C(CC3=CC=C(O)C=C3)N=C2S(=O)([O-])=O)C=C1	Alkaloids	Tetramate alkaloids|Peptide alkaloids	Pyrazine and Piperazine alkaloids	false	npclassifier.gnps2.org@2026-09-07
UBZKZUDCUOZCCY-UHFFFAOYSA-N	C1=CC(=CC=C1C(=S)NCCC(=S)NCCC(=S)NCCCNC(=S)CCNC(=S)CCNC(=S)C2=CC=C(C=C2)O)O	Alkaloids	Ornithine alkaloids	Polyamines	false	npclassifier.gnps2.org@2026-09-07
UCCFSWQSMDQYHO-GXTWGEPZSA-N	CCC1=CC(=O)[C@@]2(C1=CC=C(C[C@@H]2O)C)C	Terpenoids	Sesquiterpenoids	Daucane sesquiterpenoids	false	npclassifier.gnps2.org@2026-09-07
UCEUYERIQMXXBY-HZMVEIRTSA-N	CC(C)[C@H]1NC(=O)[C@@H](NC(=O)[C@H](NC(=O)[C@@H](NC1=O)C(C)C)C(C)C)CC(C)C	Amino acids and Peptides	Oligopeptides	Cyclic peptides	false	npclassifier.gnps2.org@2026-09-07
UCQNSMWQRQITLO-OKYIMTKNSA-N	C1[C@@H](C(=O)OC[C@@H](C(=O)OC[C@@H](C(=O)O1)NC(=O)[C@@H](CCCCN)NC(=O)C2=C(C(=CC=C2)O)O)NC(=O)[C@@H](CCCCN)NC(=O)C3=C(C(=CC=C3)O)O)NC(=O)[C@@H](CCCCN)NC(=O)C4=C(C(=CC=C4)O)O	Amino acids and Peptides|Polyketides	Oligopeptides	Depsipeptides	false	npclassifier.gnps2.org@2026-09-07
UCQOPNHLHHOEQC-FDRVLTGSSA-N	CC[C@H]([C@H]1O[C@H](CC1)C[C@@H](N(C)C)CCC)[C@H]2[C@H](C)[C@H]3O[C@@H]([C@H](C(O[C@H]([C@H](C)[C@H]4O[C@H](CC4)[C@@H](C(O2)=O)CC)CCCC)=O)CC)CC3	Polyketides	Polyethers	Macrotetrolides	false	npclassifier.gnps2.org@2026-09-07
UCSJYZPVAKXKNQ-HZYVHMACSA-N	C[C@H]1[C@@]([C@H]([C@@H](O1)O[C@@H]2[C@H]([C@@H]([C@H]([C@@H]([C@H]2O)O)N=C(N)N)O)N=C(N)N)O[C@H]3[C@H]([C@@H]([C@H]([C@@H](O3)CO)O)O)NC)(C=O)O	Carbohydrates	Aminosugars and aminoglycosides|Polyols	Amino cyclitols|Aminoglycosides	true	npclassifier.gnps2.org@2026-09-07
UCUCWKJHBRGGFM-FIKWHDLOSA-O	CC[C@H](C)[C@H]1C(=O)N[C@H](C(=O)N[C@@H]2[C@@H](SC[C@H]3C(=O)N[C@@H](CNCCCC[C@H](NC(=O)[C@H]4[C@@H](SC[C@@H](C(=O)N[C@H](C(=O)N[C@H](C(=O)N[C@H]([C@@H](SC[C@@H](C(=O)N[C@H](C(=O)NCC(=O)N[C@H](C(=O)N4)[C@@H](C)O)[C@H](C(=O)O)O)NC(=O)[C@@H](NC(=O)[C@@H](NC2=O)[C@@H](C)CC)C(C)C)C)C(=O)N3)CO)C)NC(=O)[C@H](CCC(=O)O)[N+](C)(C)C)C)C(=O)O)C(=O)N[C@H](C(=O)NCC(=O)N1)CC5=CC=CC=C5)C)C(C)C	Amino acids and Peptides	Oligopeptides	RiPPs-Lanthipeptides	false	npclassifier.gnps2.org@2026-09-07
UDBDQVQDKZANRU-GYZZVETDSA-N	CC[C@H](C)C(NC(=O)[C@H](CCC(=O)O)NC(=O)[C@@H]1CCC(=O)N[C@@H](CC(C)C)C(=O)N[C@@H](CC2=CC=C(O)C=C2)C(=O)NCC(=O)N[C@@H](C(C)C)C(=O)N[C@@H](CCCNC(=N)N)C(=O)N[C@@H](CC(N)=O)C(=O)N[C@@H](CC(=O)O)C(=O)N1)C(=O)N[C@@H](CC(N)=O)C(=O)N[C@@H](CC1=C[NH]C2=CC=CC=C12)C(=O)N[C@@H](CC1=CN=C[NH]1)C(=O)N[C@@H](CC1=CC=CC=C1)C(=O)N[C@@H](CC(=O)O)C(=O)N[C@@H](CC1=CC=C(O)C=C1)C(=O)N[C@@H](CC1=C[NH]C2=CC=CC=C12)C(=O)NC(C(=O)O)[C@@H](C)O	Amino acids and Peptides	Oligopeptides	RiPPs-Lasso peptides	false	npclassifier.gnps2.org@2026-09-07
UDHUSHDWZRJLRJ-SGLVRUAKSA-N	CC(/C=C/CC/C=C/C=C/C=C/C=C/C=C(\C)/C(=O)O)C(C(C)C(/C=C/C=C/C=C/C=C/C=C/CC(C(C)C(=O)CC(CC(CC(/C=C/CC(CC(CC(CC(/C=C/CC(/C=C/CC(CC(CCCCN)O)O)O)O)O)O)O)O)O)O)O)O)O	Fatty acids|Polyketides	Fatty Acids and Conjugates|Linear polyketides	Open-chain polyketides|Unsaturated fatty acids	false	npclassifier.gnps2.org@2026-09-07
UDJYWZUEIHCKKJ-UHFFFAOYSA-N	CC(O)C(N)C(=O)NC(C(C)O)C(=O)NC(CC1=CNC=N1)C(=O)NC(CO)C(=O)NCC(=O)NC(CCCCN)C(=O)NC(CC1=CC=C(O)C=C1)C(=O)NC(CC1=CC=C(O)C=C1)C(=O)NCC(=O)NC(CC(N)=O)C=O	Amino acids and Peptides	Oligopeptides	Linear peptides	false	npclassifier.gnps2.org@2026-09-07
UECRBQDJIASDQW-XCKPJGFKSA-N	CCCC(C)C(=O)O[C@@H]1[C@@H]2[C@@](O2)(C(=O)C3=CC(=C4C5=C(C=CC=C5O)C(=O)C4=C13)O)C	Polyketides	Polycyclic aromatic polyketides	Angucyclines	false	npclassifier.gnps2.org@2026-09-07
UECRBQDJIASDQW-ZQJMGUKMSA-N	C[C@@]12[C@H]([C@H](OC(C(CCC)C)=O)C3=C4C(C5=C(C=CC=C5O)C4=O)=C(O)C=C3C2=O)O1	Polyketides	Polycyclic aromatic polyketides	Angucyclines	false	npclassifier.gnps2.org@2026-09-07
UEEZHRJFRYRGNC-TWLLIJEKSA-N	CC/C=C1C=CC([C@@H](O)C/12C(C(N(OC)C2=O)=C)O)=O	Amino acids and Peptides|Polyketides	Cyclic polyketides	3-Spirotetramic acids	false	npclassifier.gnps2.org@2026-09-07
UEGDICIJUUEIOL-FSPLSTOPSA-N	OCC[C@H]1CN2[C@H](CC2=O)O1	Amino acids and Peptides	β-lactams	Clavams	false	npclassifier.gnps2.org@2026-09-07
UEIVQYHYALXCBD-OTUJEKPESA-N	C[C@H]1C[C@H](C(=O)/C=C/[C@H]([C@H](OC(=O)[C@@H]([C@H]1O[C@H]2[C@@H]([C@H](C[C@H](O2)C)N(C)C)O)C)[C@@H](C)O)C)C	Polyketides	Macrolides	Erythromycins|Tylosins	true	npclassifier.gnps2.org@2026-09-07
UEOXFKPVURAKAA-RMYJOMHKSA-N	C[C@@H](C(=O)N[C@H]1[C@H](C2=CC=CC3=C2NC=C3C[C@H](NC(=O)CNC(=O)[C@@H](NC(=O)CNC1=O)CC(=O)O)C(=O)N[C@@H](CCCCN)C(=O)N[C@@H](C(C)C)C(=O)N[C@@H](CCSC)C(=O)O)CCCN)N	Amino acids and Peptides	Oligopeptides	Cyclic peptides|Depsipeptides|Lipopeptides	false	npclassifier.gnps2.org@2026-09-07
UEQMQQKCTPJFDD-LTNGKSFESA-N	CC1=C[C@H]2C=C(C)[C@@H](C)[C@H]3[C@H](CC(C)C)NC(=O)[C@@]23C(=O)CC(=O)C(=O)C[C@@H](CO)C1	Alkaloids	Pseudoalkaloids	Cytochalasan alkaloids	false	npclassifier.gnps2.org@2026-09-07
UESFHRIHCVPQCD-IVIJAOBASA-N	C[C@]12CC[C@@H]([C@@]([C@@H]1CC[C@@]34[C@@H]2CC(=O)[C@@H](C3)NC5=CC=CC=C45)(C)C(=O)O)O	Terpenoids	Diterpenoids	Norkaurane diterpenoids	false	npclassifier.gnps2.org@2026-09-07
UEUHYXZLWDMKRG-YTXTXJHMSA-N	O=C1C(C)(OC(CC(C)O)=O)C(C(C(O)OC(/C=C/C=C/C)=C2)(O)C2=C1)=O	Polyketides	Chromanes	Azaphilones	true	npclassifier.gnps2.org@2026-09-07
UEUMAXMCCDEOIJ-XYOKQWHBSA-N	CC1=C(C(=C(C(=C1Cl)O)C/C=C(\C)/CCC=C(C)C)O)C=O	Polyketides|Terpenoids	Meroterpenoids	Tetraketide meroterpenoids	false	npclassifier.gnps2.org@2026-09-07
UEVIIAJOLZZKQH-LHBOKHSSSA-N	CCCC(=O)N[C@@H](C(C)C)C(=O)NC1COC(=O)[C@@H]2CCCN2C(=O)[C@H](CC2=CC=C(O)C=C2)NC(=O)[C@H](CC(N)=O)NC(=O)CNC(=O)[C@H](CC(C)C)NC(=O)CC(=O)[C@H](CC(C)C)NC(=O)C2C[C@H](C)CN2C1=O	Amino acids and Peptides|Polyketides	Oligopeptides	Cyclic peptides|Depsipeptides	false	npclassifier.gnps2.org@2026-09-07
UFDOKWNWOJAMHK-OCESARCHSA-N	O=C1[C@]2(OC)N3C(C4=C([C@]2(OC)C(N1C)=O)C5=CC=C(Cl)C=C5N4)(O)C(C6=CC=C(Cl)C=C63)=O	Alkaloids	Tryptophan alkaloids	Quinoline alkaloids	false	npclassifier.gnps2.org@2026-09-07
UFEIYIBAKOKKBK-UHFFFAOYSA-N	CC1C2=C3C(=CC=C2)NC4=C(C=CC=C4N3C5=C1C6=NC7=C(C=CC=C7N=C6C(=C5)C(=O)O)C(C)OC(=O)C8=C(C=CC=C8O)C)C(=O)O	Alkaloids	Anthranilic acid alkaloids	Phenazine alkaloids	false	npclassifier.gnps2.org@2026-09-07
UFHMIPMOTWJTKL-UHFFFAOYSA-N	NC(CC1=CC=C(O)C=C1)C(=O)NC1CC2=CNC3=C2C=CC(=C3)C2=CC3=CC(OC4=CC=C(CC5NC(=O)C(NC(=O)C3NC(=O)C(NC1=O)C1=CC(O)=CC(O)=C1)C1=CC=C(OC3=C(O)C=CC(=C3)C(NC5=O)C(O)=O)C(Cl)=C1)C=C4)=C2O	Amino acids and Peptides	Oligopeptides	Cyclic peptides|Vancomycins and Teicoplanins	false	npclassifier.gnps2.org@2026-09-07
UGRNVLGKAGREKS-GCXDCGAKSA-N	NC1=NC=NC2=C1N=CN2[C@@H]1C[C@H](CO)[C@@H](O)[C@H]1O	Carbohydrates	Nucleosides	Purine nucleos(t)ides	false	npclassifier.gnps2.org@2026-09-07
UGZFIQNLDRORAN-LZCAKTMZSA-N	CO[C@H](C(=O)[C@@H](O)[C@@H](C)O)C1CC2=C(C(=O)[C@H]1O[C@H]1CC(O[C@H]3C[C@@H](O[C@H]4C[C@](C)(O)[C@H](O)[C@@H](C)O4)[C@@H](O)[C@@H](C)O3)[C@H](O)[C@@H](C)O1)C(O)=C1C(O)=C(C)C(O[C@H]3C[C@](C)(O)[C@H](O)[C@@H](C)O3)=CC1=C2	Polyketides			true	npclassifier.gnps2.org@2026-09-07
UHBSCIRBTYMXQF-FEHKQZEWSA-N	COC1=C(OC)C(O)=C([C@@H]2SSS[C@@]34C[C@@]5(O)[C@@H](ON3C(=O)[C@@H]2N(C)C4=O)[C@H](O)C=C[C@H]5Cl)C=C1	Alkaloids|Amino acids and Peptides	Peptide alkaloids	Thiodiketopiperazine alkaloids	false	npclassifier.gnps2.org@2026-09-07
UHXDSKADPILIPT-OHIHYABUSA-N	CCCCCCCCC/C=C/C=C/C(=O)N[C@@H]([C@@H](C)O)C(=O)N[C@H]1C[C@H](CCNC(=O)/C=C\[C@@H](NC1=O)C)O	Amino acids and Peptides	Oligopeptides	Cyclic peptides|Lipopeptides	false	npclassifier.gnps2.org@2026-09-07
UIBDXMJAGQYGAG-CWXVCQTISA-N	[H][C@]12C[C@@H](CC=CC=CC)NC(=O)[C@]1([H])\C=C\C=C(C)\[C@@]1([H])[C@H](O)[C@H](O)C=C[C@]1([H])\C=C(/C)\C=C\2	Amino acids and Peptides|Polyketides	Macrolides	Macrolide lactams	false	npclassifier.gnps2.org@2026-09-07
UIFFUZWRFRDZJC-SBOOETFBSA-N	CCCCCC[C@@H]1[C@H]([C@@H](OC(=O)[C@H]([C@H](OC1=O)C)NC(=O)C2=C(C(=CC=C2)NC=O)O)C)OC(=O)CC(C)C	Amino acids and Peptides|Polyketides	Macrolides	Antimycins	false	npclassifier.gnps2.org@2026-09-07
UIFFUZWRFRDZJC-UHFFFAOYSA-N	CCCCCCC1C(C(OC(=O)C(C(OC1=O)C)NC(=O)C2=C(C(=CC=C2)NC=O)O)C)OC(=O)CC(C)C	Amino acids and Peptides|Polyketides	Macrolides	Antimycins	false	npclassifier.gnps2.org@2026-09-07
UIHLRTKYJPYYEU-OBBNVNRZSA-N	[H][C@]1(NC(=O)[C@@H](CC2=CC=CC=C2)N(C)C(=O)[C@@H]2NC(=O)[C@@H](NC(=O)[C@H](NC(=O)[C@@H](C)[C@@H](O)C(C)C)[C@H](C)OC(=O)[C@@H](COC(=O)CNC(=O)\C=C\[C@@]3(CO3)[C@H](C)OC3=CC=C2C=C3)NC1=O)[C@H](C)CC)[C@H](C)O	Amino acids and Peptides|Polyketides	Oligopeptides	Cyclic peptides|Depsipeptides	false	npclassifier.gnps2.org@2026-09-07
UIKGSXDREMPCSW-WENCNXQZSA-N	CCCCCCCCCCCCCCO[P@]1(=O)OC[C@@H]2COC(=O)C2=C(CCC)O1	Fatty acids	Glycerophospholipids	Long-Chain Bicyclic Phosphotriester	false	npclassifier.gnps2.org@2026-09-07
UIKYAUSFWRLFDK-KAGYGMCKSA-N	CC(C)C(=O)O[C@H]1[C@H]2[C@](O2)(C(=O)C3=CC(=C4C5=C(C=CC=C5O)C(=O)C4=C13)O)C	Polyketides	Polycyclic aromatic polyketides	Angucyclines	false	npclassifier.gnps2.org@2026-09-07
UITXFWAOWQMNFN-UMJMDWPGSA-N	C/C(=C\C[C@H]1C(=C)[C@H](C[C@@H]2[C@@]1(CCCC2(C)C)C)O)/C=C	Terpenoids	Diterpenoids	Labdane diterpenoids	false	npclassifier.gnps2.org@2026-09-07
UJKRUPHWCPAJIL-CPLCKGKLSA-N	[H][C@](N)(CN[C@@]([H])(CC(N)=O)C1=NC(N)=C(C)C(=N1)C(=O)N[C@]([H])(C(=O)N[C@]([H])(CCO)[C@@]([H])(O)[C@]([H])(C)C(=O)N[C@]([H])(C(=O)NCCC1=N[C@]([H])(CS1)C1=NC(=CS1)C(=O)NCCC(N)=N)C(C)(C)O)[C@@]([H])(O[C@@H]1O[C@@H](C)[C@@H](O)[C@H](O)[C@@H]1O[C@H]1O[C@H](CO)[C@@H](O)[C@H](OC(N)=O)[C@@H]1O)C1=CNC=N1)C(N)=O	Amino acids and Peptides	Oligopeptides	Bleomycins	true	npclassifier.gnps2.org@2026-09-07
UJTRABFYSZAGLW-UHFFFAOYSA-N	CC1=C(C=C2C3=C(C(=CC=C3)O)C(=O)C(=O)C2=C1O)C(=O)CCC(C)C				false	npclassifier.gnps2.org@2026-09-07
UJWZCJCSZSBGRS-DCVOKETJSA-N	CCC(C)C(NC(C)=O)C(=O)N[C@@H](CO)C(=O)N[C@@H]1[C@@H](C)OC(=O)CC2NC(=O)[C@@H]3COC(=O)CC[C@@H](NC(=O)[C@H](CC4=CNC5=C4C=CC=C5)NC2=O)C(=O)N[C@@H](CCC(=O)NCCCC[C@H](NC(=O)C(CCCNC(N)=N)NC1=O)C(=O)N[C@@H](CC1=CC=C(O)C=C1)C(=O)N1CCC[C@H]1C(=O)N3)C(=O)N[C@@H](CC1=CC2=C(N1)C=CC=C2)C(O)=O	Amino acids and Peptides|Polyketides	Oligopeptides	Cyclic peptides|Depsipeptides	false	npclassifier.gnps2.org@2026-09-07
UKKBPFNFZNYGPP-UHFFFAOYSA-N	CC(C)CCCCCCC1=C(C=C(OC1=O)CC(C)C)O	Polyketides	Cyclic polyketides	2-pyrone derivatives	false	npclassifier.gnps2.org@2026-09-07
UKOTXHQERFPCBU-XBXCNEFVSA-N	CC1=C[C@H]2O[C@@H]3[C@H](O)[C@@H](O)[C@](C)([C@@]2(CO)[C@H](O)C1=O)[C@]31CO1	Terpenoids	Sesquiterpenoids	Trichothecane sesquiterpenoids	false	npclassifier.gnps2.org@2026-09-07
UKTBKRCZCSGHAB-KLHMHWFDSA-N	C/C=C(\NC(=O)[C@H](CO)NC(=O)CNC(=O)[C@@H](CCC(N)=O)NC(=O)[C@H](NC(=O)[C@@H](NC(=O)[C@H](CC1=CC=CC=C1)NC(=O)[C@@H](CCC(N)=O)NC(=O)[C@@H](C)NC(=O)[C@@H](C)NC(=O)/C(=C/C)NC(=O)[C@H]1CCCN1C(=O)/C(=C/C)NC(=O)[C@@H](C)NC(=O)[C@H]1CCCN1C(=O)/C(=C/C)N1CN(C)[C@@H](C)C1=O)C(C)C)[C@H](C)CC)C(=O)N[C@@H](C(=O)N[C@H]1CS/C=C\NC(=O)[C@H](C(C)C)NC(=O)[C@H](CC(C)C)NC1=O)[C@H](C)CC	Amino acids and Peptides|Polyketides	Oligopeptides	Cyclic peptides|Depsipeptides	false	npclassifier.gnps2.org@2026-09-07
ULCGNHFUBLOLRR-YLBNWIERSA-N	CN1C(=O)[C@H]2C3=C1C=CC=C3[C@@]1(N=C=S)C(=O)[C@H](C=C(Cl)[C@@]1(C)C=C)C2(C)C				false	npclassifier.gnps2.org@2026-09-07
ULGZDMOVFRHVEP-RWJQBGPGSA-N	CC[C@@H]1[C@@]([C@@H]([C@H](C(=O)[C@@H](C[C@@]([C@@H]([C@H]([C@@H]([C@H](C(=O)O1)C)O[C@H]2C[C@@]([C@H]([C@@H](O2)C)O)(C)OC)C)O[C@H]3[C@@H]([C@H](C[C@H](O3)C)N(C)C)O)(C)O)C)C)O)(C)O	Polyketides	Macrolides	Erythromycins	true	npclassifier.gnps2.org@2026-09-07
ULHJWHCSSAEMLW-UEVCKROQSA-N	O[C@H]1[C@@]2(O)[C@@](C(C(C(O)=C(C(C)=C(C(OC)=O)C(OC)=C4)C4=C3)=C3C2=O)=O)(O)C(C=C1OC)=O	Polyketides	Polycyclic aromatic polyketides	Anthraquinones and anthrones	false	npclassifier.gnps2.org@2026-09-07
ULMASYHIMBKYFX-MDYSUIJBSA-N	COC1=C(C=C(O[C@@H]2O[C@@H]([C@@H](O)[C@H](O)[C@H]2O)C(O)=O)C(=C1O)C1=CC=CC=C1)C1=CC=CC=C1	Shikimates and Phenylpropanoids	Terphenyls	p-Terphenyls	true	npclassifier.gnps2.org@2026-09-07
ULQQQQMOGBDJEB-PHVGEZJSSA-N	[H][C@@]12C\C(CN1C(=O)C1=CC=CC=C1N[C@@H]2O)=C/C	Alkaloids	Anthranilic acid alkaloids	Benzodiazepine alkaloids	false	npclassifier.gnps2.org@2026-09-07
ULTOBTMZTQDCLE-DYFGBKDTSA-N	CC[C@H](C)[C@H]1NC(=O)[C@H](CC2=C[NH]C3=C2C=CC=C3)NC(=O)[C@@H](NC(=O)CN)CSCC(C(=O)N[C@@H](CCCN)C(=O)NCC(=O)N[C@H]2CSC(C)C(C(=O)N[C@@H](CCCN)C(=O)N[C@H](C(=O)O)[C@@H](C)O)NC(=O)[C@@H](C(C)C)NC(=O)[C@H](CC3=CC=CC=C3)NC(=O)CNC2=O)NC(=O)CNC(=O)[C@H](C)NC1=O	Amino acids and Peptides	Oligopeptides	Cyclic peptides|RiPPs-Lanthipeptides	false	npclassifier.gnps2.org@2026-09-07
ULWIXPFVMCMTFC-LTVUSIFUSA-N	C/C=C(\C)/[C@@H]1[C@](C2=C(O1)NC=C(C2=O)C3=CC=CC=C3)(C)C=O	Alkaloids	Nicotinic acid alkaloids	Pyridine alkaloids	false	npclassifier.gnps2.org@2026-09-07
UMIOOXCZNZIVGY-KALDKNCFSA-N	CCCCCCCC(CC(=N/C(=C\C)/C(=O)N1CCC[C@H]1C(=N[C@@H](C(C)C)C(=N[C@@H](C)C(=N[C@@H](C)C(=N[C@@H](C(C)C)C(=N[C@@H](CC(C)C)C(=N[C@@H](C)C(=N[C@@H](C)C(=N/C(=C\C)/C(=N[C@@H](C(C)C)C(=N/C(=C\C)/C(=N[C@@H](C)C(=N[C@@H](C(C)C)C(=N[C@@H](C)C(=N[C@@H](C)C(=N/C(=C\C)/C(=N[C@H]2C(OC(=O)[C@@H](N=C([C@@H](N=C([C@@H](N=C([C@@H](N=C([C@@H](N=C([C@@H](N=C([C@@H](N=C2O)CO)O)C)O)C(C)C)O)C)O)CCN)O)CCN)O)CC3=CC=C(C=C3)O)C)O)O)O)O)O)O)O)O)O)O)O)O)O)O)O)O)O)O	Amino acids and Peptides|Polyketides	Oligopeptides		false	npclassifier.gnps2.org@2026-09-07
UMKYPSRHNFTVJD-RGRNSCMFSA-N	CCC(=O)CC(C1(CC(C2CCC(O2)CC/C=C(\C(=O)C(CC/C=C/C(=O)N3CCCC[C@H]3C(=O)O1)C)/C)C)C)O	Amino acids and Peptides|Polyketides	Macrolides	Macrolide lactams	false	npclassifier.gnps2.org@2026-09-07
UMNWQJSVQOCNEM-UHFFFAOYSA-N	CC1=CC(C(O)=O)=C(C(=O)C2=C(O)C=CC=C2O)C(O)=C1	Polyketides	Aromatic polyketides	Benzophenones	false	npclassifier.gnps2.org@2026-09-07
UMTBYIAVPLEEPK-LIZIVGFBSA-N	C[C@@H](OC([C@H]([C@H](O)C(C)C)NC([C@@H](CC(C)C)NC(C(O)NC([C@H](NC([C@@H](NC([C@@H]1CCCN1C([C@@H](NC(CNC([C@H](C(C(O)=O)[H])NC([C@H](C)NC2=O)=O)=O)=O)[C@H](O)C3=CC=CC=C3)=O)=O)[C@@H](O)C4=CC=C(OC)C=C4)=O)CC5=CNC6=C5C=CC=C6)=O)=O)=O)=O)[C@@H]2NC(/C=C/C7=C(C=CC=C7)/C=C\C)=O	Amino acids and Peptides|Polyketides	Oligopeptides	Cyclic peptides|Depsipeptides	false	npclassifier.gnps2.org@2026-09-07
UNBMQQNYLCPCHS-VYNDPHDASA-N	CC[C@H]1[C@@H](OC1=O)[C@@H](C)C/C(=C/[C@@H](C)C(=O)[C@@H](C)[C@@H]([C@H](C)CC)O)/C	Polyketides	Linear polyketides	Open-chain polyketides	false	npclassifier.gnps2.org@2026-09-07
UNCBCVBICFWAOW-UHFFFAOYSA-N	O=C(NC(C(NC(C(NC(C(NC(C(O)=O)CCCN(O)C(C)=O)=O)CO)=O)CCCN(O)C(C)=O)=O)CCCN(O)C(C)=O)CCCCCCCCCCCCCCC	Amino acids and Peptides	Oligopeptides	Linear peptides|Lipopeptides	false	npclassifier.gnps2.org@2026-09-07
UNFWWIHTNXNPBV-UHFFFAOYSA-N	CNC1C(O)C(NC)C2OC3(O)C(OC(C)CC3=O)OC2C1O	Carbohydrates			false	npclassifier.gnps2.org@2026-09-07
UNFWWIHTNXNPBV-WXKVUWSESA-N	C[C@@H]1CC(=O)[C@]2([C@@H](O1)O[C@@H]3[C@H]([C@@H]([C@@H]([C@@H]([C@H]3O2)NC)O)NC)O)O	Carbohydrates			false	npclassifier.gnps2.org@2026-09-07
UNUOJWWAJHGPLA-BSTAKHCFSA-N	O=C([C@H](C)[C@H](O)/C=C/C=C/C=C/C=C/C=C/[C@@]1(C)[C@@](CC[C@@H](C)C2)([H])[C@]2([H])C=C(C(OC)=O)[C@H]1/C(C)=C/C(O)=O)O	Polyketides	Linear polyketides	Open-chain polyketides	false	npclassifier.gnps2.org@2026-09-07
UOAUHJWVKNXERD-XPKNVKJBSA-N	C#CCCCC(=CCl)CC[C@@H](C)C=CCCC(=O)NCC1(O)OC(CC2CC(OC)=CC(=O)O2)CC(OC)C1C	Polyketides	Linear polyketides	Open-chain polyketides	true	npclassifier.gnps2.org@2026-09-07
UOFYXWHFYPFLPH-HZAQMHFWSA-N	CC1=C(C(=CC(=C1Cl)OC)OC)C2=CC(=C(C3=C2C(=O)[C@@]4([C@H](C3)C(C5=CC(=C(C(=C5C4=O)O)Cl)O)(C)C)O)Cl)OC	Polyketides	Polycyclic aromatic polyketides	Fasamycins and derivatives	false	npclassifier.gnps2.org@2026-09-07
UOWJKRBYLCVYIT-UHFFFAOYSA-N	CC(C)C1CC2C(C)(CCC=C(C)C)C3(Cl)C(=O)C2(C1)C1=CC(O)=CC(O)=C1C3=O	Terpenoids			false	npclassifier.gnps2.org@2026-09-07
UOWVMDUEMSNCAV-WYENRQIDSA-N	CC1=CNC2=C1[C@@]34C[C@@H]3CN(C4=CC2=O)C(=O)C5=CC6=C7CCN(C7=C(C(=C6N5)OC)O)C(=O)C8=CC9=C1CCN(C1=C(C(=C9N8)OC)O)C(=O)N	Alkaloids	Tryptophan alkaloids		false	npclassifier.gnps2.org@2026-09-07
UOZODPSAJZTQNH-VZXHOKRSSA-N	NC[C@H]1O[C@H](O[C@@H]2[C@@H](CO)O[C@@H](O[C@@H]3[C@@H](O)[C@H](N)C[C@H](N)[C@H]3O[C@H]3O[C@H](CO)[C@@H](O)[C@H](O)[C@H]3N)[C@@H]2O)[C@H](N)[C@@H](O)[C@@H]1O	Carbohydrates	Aminosugars and aminoglycosides|Polyols	Amino cyclitols|Aminoglycosides	true	npclassifier.gnps2.org@2026-09-07
UPADRKHAIMTUCC-JBNGTWNESA-N	C[C@@H]1[C@H]([C@@H](C[C@@H](O1)O[C@@H]2[C@H](OC3(C[C@H]2O)O[C@@H]4[C@H](O[C@H]([C@H]([C@]4(O3)C)O)O[C@H]5[C@H]([C@@H](O[C@@H]([C@@H]5OC)C)OC6[C@H](O[C@H](C([C@H]6O)OC)O[C@H]7[C@@H]([C@H]8[C@H](CO7)O[C@@]9(O8)[C@H]1[C@H]([C@@H](CO9)OC(=O)C2=C(C=C(C=C2C)O)O)OCO1)O)COC)O)C)C)O[C@@H]1C[C@]([C@H]([C@@H](O1)C)OC)(C)[N+](=O)[O-])OC(=O)C1=C(C(=C(C(=C1OC)Cl)O)Cl)C	Carbohydrates	Saccharides	Orthosomycins	true	npclassifier.gnps2.org@2026-09-07
UPBAOYRENQEPJO-UHFFFAOYSA-N	CN1C=C(C=C1C(=O)NC2=CN(C(=C2)C(=O)NC3=CN(C(=C3)C(=O)NCCC(=N)N)C)C)NC=O	Alkaloids	Peptide alkaloids	Simple amide alkaloids	false	npclassifier.gnps2.org@2026-09-07
UPGGKUQISSWRJJ-UHFFFAOYSA-N	CSCC1N(C)C(=O)C2CSSCC(N(C)C(=O)CNC(=O)C(CSC1=O)NC(=O)C1=NC3=CC=CC=C3C=C1O)C(=O)N(C)C(CSC)C(=O)SCC(NC(=O)C1=C(O)C=C3C=CC=CC3=N1)C(=O)NCC(=O)N2C	Amino acids and Peptides|Polyketides	Oligopeptides	Cyclic peptides|Depsipeptides	false	npclassifier.gnps2.org@2026-09-07
UPLGFIAZLRKBJD-RHEIXMQQSA-N	CO[C@@H]1[C@H](O)[C@@H](C)O[C@@H](OCC2C3OC3CCC(=O)[C@@](C)(O)CC(C)C(O[C@@H]3O[C@H](C)C[C@@]4(OC(=O)O[C@H]4C)[C@H]3O)C(C)\C=C\C(=O)OC2C)[C@@H]1OC	Polyketides	Macrolides	Tylosins	true	npclassifier.gnps2.org@2026-09-07
UQMLOLISKCIDNY-XSNYWXQNSA-N	CC(CCCCCCCC(CCCCCCCC(CCCCCCCC(CCCCCCCC(CCNC(CC(CC(C1CCCN1C(C2NC(C(NC(C(CC(NC2C)=O)NC([C@@H](NC(CC(C(O)=O)N)=O)Cc3ccccc3)=O)=O)CC(N)=O)=O)=O)O)O)=O)O)N)N)N)N	Amino acids and Peptides	Oligopeptides	Lipopeptides	false	npclassifier.gnps2.org@2026-09-07
UQQKKLVKVVJDEX-OAHLLOKOSA-N	CC1=C(C2=C(C=C1)C(C[C@]2(C)CO)(C)C)CO	Terpenoids	Sesquiterpenoids	Botryane sesquiterpenoids	false	npclassifier.gnps2.org@2026-09-07
UQSINWJOXDSXPH-XHECVERBSA-N	CC[C@@H](C)[C@H]1NC(=O)[C@H](CC2=CC=CC=C2)NC(=O)[C@@H]2CCCN2C(=O)CNC(=O)[C@@H](CCC(N)=O)NC(=O)[C@@H](O)[C@@H](C[C@H](O)CCCC2=CC=CC=C2)NC(=O)[C@@H]2CCCN2C1=O	Amino acids and Peptides	Oligopeptides	Cyclic peptides	false	npclassifier.gnps2.org@2026-09-07
UQUWECQGNYCQSQ-MRNGIOIPSA-N	O=C(NC1=C[C@](/C=C/C=C/C=C/C=C/C(NC2=C(O)CCC2=O)=O)(O)C3C(O3)C1=O)/C=C/C=C/C=C/C=C\C=C\C	Polyketides	Linear polyketides	Linear polyenes	false	npclassifier.gnps2.org@2026-09-07
UQVNRKBFAXNOGA-UHFFFAOYSA-N	COC1NC2=C(C=C(OC)C(O)=C2)C(=O)N2CC(CC12)=CC	Alkaloids	Anthranilic acid alkaloids	Benzodiazepine alkaloids	false	npclassifier.gnps2.org@2026-09-07
UQVPOWXIQKOGMQ-ZZKPIPEYSA-N	CC(C)C[C@@H]1NC(=O)[C@@H]2CC(=O)O[C@H](C)[C@H](NC(=O)[C@H](CC3=C[NH]C4=CC=CC=C34)NC(=O)[C@@H]3CCCN3C(=O)[C@@H](NC(=O)[C@H](CCC(=O)O)NC(=O)[C@@H](NC(=O)CN)[C@@H](C)O)C(C)C)C(=O)N[C@@H](CC3=CC=C(O)C=C3)C(=O)N[C@H]3CCCCNC(=O)C[C@@H](C(=O)N[C@@H](CCCNC(=N)N)C(=O)O)NC(=O)[C@H](CCC(=O)OC[C@H](NC(=O)[C@@H]4CCCC4C(=O)[C@H](CC4=CC=CC=C4)NC3=O)C(=O)N2)NC1=O	Amino acids and Peptides	Oligopeptides	Cyclic peptides|Depsipeptides	false	npclassifier.gnps2.org@2026-09-07
UQVQVNBATHXZKG-UHFFFAOYSA-N	CCCCCCCCCC(NC(C(O)C(O)=O)C(NC(CO)C(NC(C(O)C(O)=O)C(NC(C(C)O)C(NC(CO)C(NC1CCCN(O)C1=O)=O)=O)=O)=O)=O)=O	Amino acids and Peptides	Oligopeptides	Linear peptides|Lipopeptides	false	npclassifier.gnps2.org@2026-09-07
UQWHXKHYKUVKKD-UHFFFAOYSA-N	CCC(C)CC(C)C(=O)C1=C(C(=C(NC1=O)OC)OC)O	Alkaloids|Polyketides			false	npclassifier.gnps2.org@2026-09-07
UROZFFDPLXHNMZ-ATOUVZBTSA-N	CCCCCCC[C@H](O)CC(N[C@@H](C(N[C@@H](C(N[C@H]([C@H](OC([C@@H](NC([C@@H](NC([C@@H](NC([C@@H](CO)NC(C(CC(C)C)N1)=O)=O)[C@@H](C)CC)=O)[C@@H](C)CC)=O)CC(O)=O)=O)C)C(N[C@@H](C(N[C@H](CC(C)C)C(N[C@H](CO)C1=O)=O)=O)CC(C)C)=O)=O)CC(O)=O)=O)CC(C)C)=O	Amino acids and Peptides|Polyketides	Oligopeptides	Cyclic peptides|Depsipeptides|Lipopeptides	false	npclassifier.gnps2.org@2026-09-07
URWAJWIAIPFPJE-YFMIWBNJSA-N	CN[C@@H]1[C@@H](O)[C@@H](O[C@H]2[C@H](N)C[C@H](N)[C@@H](O[C@H]3OC(CN)=CC[C@H]3N)[C@@H]2O)OC[C@]1(C)O	Carbohydrates	Polyols	Amino cyclitols	true	npclassifier.gnps2.org@2026-09-07
URYRLBBQUXHSHU-UFYBQNGHSA-N	C[C@H](C[C@H](C)C(=O)O)C[C@@H](C)C[C@H](C)C(=O)C=C(O)[C@H](C)C[C@H](C)C/C=C/[C@@H](C)[C@@H](O)[C@@H](C)[C@@H](O)C[C@@H]1CC[C@@](C)([C@@H]2CC[C@H]([C@@H](C)O)O2)O1	Polyketides	Linear polyketides	Open-chain polyketides	false	npclassifier.gnps2.org@2026-09-07
URZSBXLQDOXBNC-UHFFFAOYSA-N	CC(=O)N(O)CCCC(N)C(=O)NC(CCCN(O)C(C)=O)C(=O)NC(CCCN(O)C(C)=O)C(=O)O	Amino acids and Peptides	Small peptides		false	npclassifier.gnps2.org@2026-09-07
USDHYXUFMLHCFK-OYEZVYLDSA-N	COC1=CC=CC2=C1[C@@H](O)C1=C(SC3=C4C(=C5C(=O)C[C@](C)(O)CC5=C3)[C@@H](O)C3=C(C(OC)=CC=C3)[C@H]4O)C=C3C[C@@](C)(O)CC(=O)C3=C1[C@H]2O	Polyketides	Polycyclic aromatic polyketides	Angucyclines	false	npclassifier.gnps2.org@2026-09-07
USNOUEMKNKRWQT-ORRWAHHJSA-N	C[C@@H]1C[C@H]2C(=O)NC([C@@H](C(=O)N[C@@H](C(=O)N[C@H](C(=O)N[C@H](C(=O)N[C@H](C(=O)NCC(=O)N[C@@H](C(=O)N[C@H](C(=O)N2C1)C(C)C)C(C)C(=O)O)CC(=O)O)C(C(=O)O)O)CCCCN)C(C)C)NC(=O)[C@H](C(C)C(=O)O)NC(=O)/C=C/C=C\CCC(C)C)C	Amino acids and Peptides	Oligopeptides	Cyclic peptides	false	npclassifier.gnps2.org@2026-09-07
USWUTUCXLQBQCG-UHFFFAOYSA-N	OC1=C2C(C=CC=C2O)=CC(O)=C1	Polyketides	Naphthalenes	Naphthalenes and derivatives	false	npclassifier.gnps2.org@2026-09-07
USXIYWCPCGVOKF-NOENWEJRSA-N	C[C@H]1[C@H](CCCC(C)(Cl)Cl)OC(=O)C2=CSC(=N2)[C@@H](OC(C)=O)C(C)(C)OC(=O)C2=CSC(=N2)[C@@H](OC1=O)C(C)(C)O	Amino acids and Peptides|Polyketides	Oligopeptides	Cyclic peptides|Depsipeptides	false	npclassifier.gnps2.org@2026-09-07
USZYSDMBJDPRIF-XCKHQVGJSA-N	CC[C@]1(C[C@@H](C2=C([C@H]1C(=O)OC)C=C3C(=C2O)C(=O)C4=C(C3=O)C=CC=C4O)OC5CC(C(C(O5)C)OC6CC(C(C(O6)C)OC7CCC(=O)C(O7)C)O)N(C)C)O	Polyketides	Polycyclic aromatic polyketides	Anthracyclines	true	npclassifier.gnps2.org@2026-09-07
UTERRJKSLJLXTA-LVPVHDLMSA-N	CC[C@H](C)[C@H]1C(=O)N[C@H](C(=O)N2CCC[C@H]2C(=O)N[C@H](C3=N[C@@H](CS3)C(=O)N[C@H](C(=O)N[C@H](C(=O)N1)COC(C)(C)C=C)[C@@H](C)OC(C)(C)C=C)CC4=CC=CC=C4)C	Amino acids and Peptides	Oligopeptides	Cyclic peptides	false	npclassifier.gnps2.org@2026-09-07
UTGBBPSEQPITLF-QMDQJFAJSA-N	C/C/1=C/CC/C(=C\C[C@]2([C@H](C/C=C(\[C@H](CC1)O)/C)C(=C(C2=O)O)[C@H](C)CO)C)/C	Terpenoids	Diterpenoids	Cembrane diterpenoids|Dolabellane diterpenoids	false	npclassifier.gnps2.org@2026-09-07
UTIFRWPUJPPZEZ-XHPQRKPJSA-N	CSCCC(C(NC(C(N/C=C1CC(C(N2C=CC(NC2=O)=O)O/1)O)=O)C(N(C(C3CC4=CC(O)=CC=C4C(N3)C)=O)C)C)=O)NC(NC(C(O)=O)CC5=CC=CC(O)=C5)=O	Amino acids and Peptides	Oligopeptides	Linear peptides	false	npclassifier.gnps2.org@2026-09-07
UTOABZPUTYPEOH-UHFFFAOYSA-N	CCCCCCCC(O)CC(=O)NC(CC(C)C)C(=O)NC(CC(=O)O)C(=O)NC1C(=O)NC(CC(C)C)C(=O)NC(CC(C)C)C(=O)NC(CO)C(=O)NC(CC(C)C)C(=O)NC(C(C)CC)C(=O)OC1C	Amino acids and Peptides|Polyketides	Oligopeptides	Cyclic peptides|Depsipeptides|Lipopeptides	false	npclassifier.gnps2.org@2026-09-07
UTSVPXMQSFGQTM-DCXZOGHSSA-N	COC1=C2C(=C3[C@@H]4C=CO[C@@H]4OC3=C1)OC5=C(C2=O)C(=CC=C5)O	Polyketides	Chromanes|Xanthones	Aflatoxins|Methyl xanthones	false	npclassifier.gnps2.org@2026-09-07
UTURGGMCWRWPTG-PFBVZISFSA-N	C[C@H]1[C@@H](NC(C)=O)\C=C(/C)\C=C\[C@H](O)C\C=C(/C)\C=C\[C@@H](O)C\C=C(C)\C1=O	Terpenoids	Diterpenoids		false	npclassifier.gnps2.org@2026-09-07
UTURGGMCWRWPTG-YOFHZKFDSA-N	C[C@@H]1[C@@H](NC(C)=O)\C=C(/C)\C=C\[C@H](O)C\C=C(/C)\C=C\[C@@H](O)C\C=C(C)\C1=O	Terpenoids	Diterpenoids		false	npclassifier.gnps2.org@2026-09-07
UUFARPZDPLRTPW-YHYZUSIDSA-N	CC[C@@]1([C@H](C(=C2C(=CC3=C2C(=C4C(=O)C=CC(=O)C4=C3O)O)[C@H]1O[C@@H]5C[C@@H]([C@H]([C@@H](O5)C)N(C)C)O)O)[C@H]6C(=O)C7=C([C@H]([C@@]6(CC)O[C@H]8C[C@@H]([C@H]([C@@H](O8)C)OC)OC)O[C@@H]9C[C@@H]([C@H]([C@@H](O9)C)N(C)C)O)C(=[N+]=[N-])C1=C7C(=C2C(=O)C=CC(=O)C2=C1O)O)O[C@H]1C[C@@H]([C@H]([C@@H](O1)C)OC)OC	Polyketides	Polycyclic aromatic polyketides	Angucyclines	true	npclassifier.gnps2.org@2026-09-07
UULSZYUKAFTXQP-UHFFFAOYSA-N	N=C(N)NCC(O)CC(C(O)=O)NCCNC(CC(O)=O)C(O)=O	Amino acids and Peptides	Small peptides	Aminoacids	false	npclassifier.gnps2.org@2026-09-07
UUMRLFAHEFYGJM-UHFFFAOYSA-N	CC(C)=CCCC(C)=CCC(CC1(O)C(=O)C2=C(C(O)=CC(O)=C2)C(=O)C1(C)Cl)=C(C)C	Polyketides|Terpenoids			false	npclassifier.gnps2.org@2026-09-07
UUNSGSIHFUBGCM-XVRKXJHRSA-N	CCCCCCCC(O)CC(=O)N[C@@H](CC(C)C)C(=O)N[C@@H](CCC(=O)O)C(=O)N[C@@H](CCC(N)=O)C(=O)N[C@H](C(=O)N[C@@H](CC(C)C)C(=O)N[C@@H](CCC(N)=O)C(=O)NC1COC(=O)C(C(C)CC)NC(=O)C(CCC(N)=O)NC(=O)C(CC(C)C)NC(=O)C(CCC(N)=O)NC(=O)C(CC(C)C)NC(=O)C(CC(C)C)NC(=O)C(C(C)C)NC1=O)C(C)C	Amino acids and Peptides|Polyketides	Oligopeptides	Cyclic peptides|Depsipeptides|Lipopeptides	false	npclassifier.gnps2.org@2026-09-07
UUOFDWJUPVQCFZ-BSXWIJKXSA-N	[H][C@]12[C@@](C[C@](C)(O)C[C@H]2C)([H])C([C@@](C)(O)[C@]([H])([C@H](CO)CC)[C@]1(C)C(CCO)=O)=O	Polyketides	Cyclic polyketides	Decalins with side chains	false	npclassifier.gnps2.org@2026-09-07
UVBUBMSSQKOIBE-NDFMDLIYSA-N	CCCC[C@@H](C)[C@H]([C@H](C[C@@H](C)C[C@@H](CCCC[C@H](C[C@@H]([C@H](C)N)O)O)O)OC(=O)C[C@H](CC(=O)O)C(=O)O)OC(=O)C[C@H](CC(=O)O)C(=O)O	Polyketides	Linear polyketides	Open-chain polyketides	false	npclassifier.gnps2.org@2026-09-07
UVEJUMDZGOFSGL-UHFFFAOYSA-N	CC(=CCC1=C(C2=CC=CC=C2N1)C3=C(C(=O)C(=C(C3=O)O)C4=C(NC5=CC=CC=C54)CC=C(C)C)O)C	Alkaloids	Tryptophan alkaloids	Carbazole alkaloids	false	npclassifier.gnps2.org@2026-09-07
UVGXMQSQHURGBS-CMKQMZPSSA-N	C=C1C(=O)[C@@]2(C(=O)N1OC)/C(=C\CC)C=CC(=O)[C@H]2O	Amino acids and Peptides|Polyketides	Cyclic polyketides	3-Spirotetramic acids	false	npclassifier.gnps2.org@2026-09-07
UVGXMQSQHURGBS-QPSWRTKESA-N	C=C1C(=O)C2(C(=O)N1OC)/C(=C\CC)C=CC(=O)[C@H]2O	Amino acids and Peptides|Polyketides	Cyclic polyketides	3-Spirotetramic acids	false	npclassifier.gnps2.org@2026-09-07
UVQRTGABPMLDOA-KSKNGZLJSA-N	CC(=O)N[C@@H]1[C@H]([C@@H]([C@H]2CO[C@@H]1O2)O[C@H]3[C@@H]([C@H]([C@@H]([C@H](O3)CO)O)O)NC(=O)C)O	Carbohydrates	Aminosugars and aminoglycosides	Aminosugars	true	npclassifier.gnps2.org@2026-09-07
UVUPYXTUQSCQRV-QDMXRTSESA-N	CC(CCC\C=C\CCCNC(N)=N)C1OC(=O)\C(C)=C/C=C\C(C)C(O)CC(O)C(C)C(O)CCC(C)C(O)CC2(O)OC(CC(O)C2O)CC(CC(O)CC(O)CC(O)\C(C)=C/C=C\C1C)OC(=O)CC(O)=O	Polyketides	Macrolides	Polyene macrolides	true	npclassifier.gnps2.org@2026-09-07
UVZZDDLIOJPDKX-ITKQZBBDSA-N	CN1C(=O)[C@]23C[C@H]4C(C)(C)[C@@]5(C[C@]14CN2CC[C@@]3(C)O)C(=O)NC1=C2OC=CC(C)(C)OC2=CC=C51	Alkaloids|Amino acids and Peptides	Peptide alkaloids|Tryptophan alkaloids		false	npclassifier.gnps2.org@2026-09-07
UWCRJCWSITYHGQ-UHFFFAOYSA-N	COC1=CC2=C(C(OC)=C1)C(O)=C(C(C)=O)C(C)=C2C1=C(C)C(C(C)=O)=C(O)C2=C1C=C(OC)C=C2OC	Polyketides	Naphthalenes		false	npclassifier.gnps2.org@2026-09-07
UXDPXZQHTDAXOZ-STOIETHLSA-N	CCCC[C@@H](C)[C@H]([C@H](C[C@@H](C)CCCCCC[C@H](C[C@@H]([C@H](C)N)O)O)OC(=O)C[C@@H](CC(=O)O)C(=O)O)OC(=O)C[C@@H](CC(=O)O)C(=O)O	Polyketides	Linear polyketides	Open-chain polyketides	false	npclassifier.gnps2.org@2026-09-07
UXWOXTQWVMFRSE-PUXWVVMRSA-N	[H][C@@]12CS\C(=C/C[C@@H](C)OC1=O)C(=O)NC\C=C\C=C\[C@@H](O)C[C@H](O)CC1=NC(=CO1)C(=O)N2	Amino acids and Peptides	Oligopeptides	Cyclic peptides	false	npclassifier.gnps2.org@2026-09-07
UYEWMDUNNUBCMC-UHFFFAOYSA-N	CC(C1C2=C(C(=O)CC1(C)O)C(=C3C(=C2)C=CC(=C3O)C4=C(C5=C(C6=C(C=C5C=C4)C(C(CC6=O)(C)O)C(C)OC(=O)C)O)O)O)OC(=O)C	Polyketides	Polycyclic aromatic polyketides	Anthraquinones and anthrones	false	npclassifier.gnps2.org@2026-09-07
UYHIETONVGCMMA-CCUWYPMBSA-N	C1C[C@H](N(C1)C(=O)[C@@H](CCCN)NC(=O)CNC(=O)[C@H]([C@H](CN)O)NC(=O)[C@H]([C@H](CN)O)NC(=O)[C@H](CCCCN)N)C(=O)N[C@@H](CC2=CN=CN2)C(=O)N[C@@H](CC[C@@H](CN)O)C(=O)N/C(=C\CCN=C(N)N)/C(=O)N[C@@H](CCCCN)C(=O)NCCCCN	Alkaloids	Ornithine alkaloids	Polyamines	false	npclassifier.gnps2.org@2026-09-07
UYHQCZYRKRLVIT-UHFFFAOYSA-N	COC1=C(O)C2=C(C=C1O)C(OC)=C1C(C(=O)CC3CC(O)(CC(=O)C13O)C1CN1)=C2O	Polyketides	Polycyclic aromatic polyketides	Angucyclines	false	npclassifier.gnps2.org@2026-09-07
UYRHHBXYXSYGHA-UHFFFAOYSA-N	CCCCCCCC1=CC(=O)C2=CC=CC=C2N1	Alkaloids	Tryptophan alkaloids|Anthranilic acid alkaloids	Quinoline alkaloids	false	npclassifier.gnps2.org@2026-09-07
UZHDGDDPOPDJGM-FTFZYCPHSA-N	COC(\C=C\C=C\C(\C)=C\C)C(C)C(OC)C(C)CCC1=C(C)C(=O)C2=C(OC)C=C(OC)C(O)=C2O1	Polyketides	Chromanes	Chromones	false	npclassifier.gnps2.org@2026-09-07
UZMKRCMBWWXPBP-CSVBCEEXSA-N	NCCC[C@H](N)CC(=O)NCCC[C@H](N)CC(=O)NCCC[C@H](N)CC(=O)NCCC[C@H](N)CC(=O)N[C@@H]1[C@H](O)[C@@H](OC(N)=O)[C@@H](CO)O[C@H]1\N=C1\N[C@H]2[C@H](N1)C(=O)NC[C@H]2O	Carbohydrates	Nucleosides	Streptothricins and derivatives	false	npclassifier.gnps2.org@2026-09-07
UZOHDKGTYVTYDZ-UHFFFAOYSA-N	CC1=C(C(=C2C(=C1)C(=O)C3=CC(=CC(=C3C2=O)O)O)O)C(=O)O	Polyketides	Polycyclic aromatic polyketides	Anthraquinones and anthrones	false	npclassifier.gnps2.org@2026-09-07
UZQBOFAUUTZOQE-VSLWXVDYSA-N	CC[C@@H]1[C@@](/C=C/C(=O)[C@@H](C[C@@H]([C@@H]([C@H](C(=O)[C@H](C(=O)O1)C)C)O[C@H]2[C@@H]([C@H](C[C@H](O2)C)N(C)C)O)C)C)(C)O	Polyketides	Macrolides	Erythromycins	true	npclassifier.gnps2.org@2026-09-07
UZQYGWABJZFBJP-NCMNGAEISA-N	C[C@H]1CC(=O)C2=C(C3=C(C=CC(=C3O[C@]2([C@H]1OC(=O)C)C(=O)OC)C4=C(C5=C(C=C4C)O[C@]6([C@H](CCC(=O)C6=C5O)O)C(=O)OC)O)O)O	Polyketides	Xanthones|Polycyclic aromatic polyketides	Anthraquinones and anthrones|Methyl xanthones	false	npclassifier.gnps2.org@2026-09-07
UZSSGAOAYPICBZ-SOCHQFKDSA-N	C=C1O[C@@](CO)(N2C=NC3=C(N)N=CN=C32)[C@H](O)[C@@H]1O	Carbohydrates	Nucleosides	Purine nucleos(t)ides	false	npclassifier.gnps2.org@2026-09-07
VABRZWDEEDQLRD-UVDWYDKRSA-N	CCC(C)S[C@@H]1[C@H]2C(=O)N([C@]3(C[C@@H]3C)C(=O)OC[C@H](C(=O)N[C@H](C(=O)N([C@@H](CS1)C(=O)N([C@]4(C[C@@H]4C)C(=O)OC[C@H](C(=O)N[C@H](C(=O)N2C)C)NC(=O)C5=NC6=CC=CC=C6C=C5O)C)C)C)NC(=O)C7=NC8=CC=CC=C8C=C7O)C	Amino acids and Peptides|Polyketides	Oligopeptides	Cyclic peptides|Depsipeptides	false	npclassifier.gnps2.org@2026-09-07
VACDYOFFZQTSPN-HAKWYHDRSA-N	CC1=CC2=C(C(O)=C1C(OC)=O)[C@]3(C(C4=CC5=C(C(O)=C4C([C@]3(CC2)OC)=O)C(C=C(C5=O)N[C@@H]6[C@@H]([C@H]([C@H]([C@@H](O6)C)O)O)OC)=O)=O)O	Polyketides	Polycyclic aromatic polyketides		true	npclassifier.gnps2.org@2026-09-07
VAIBGAONSFVVKI-CIFLJJJCSA-N	CC/C(=C\C(=O)C[C@H](C)C[C@@H](C)CC[C@@H]([C@H](C)C(=O)C[C@H]([C@H](C)[C@@H](C)OC(=O)C[C@H](C1=C(C(=O)OC1=O)C)O)O)O)/C=C	Polyketides	Linear polyketides	Open-chain polyketides	false	npclassifier.gnps2.org@2026-09-07
VAIBGAONSFVVKI-LOIRJACGSA-N	CC\C(C=C)=C/C(=O)CC(C)CC(C)CCC(O)C(C)C(=O)CC(O)C(C)C(C)OC(=O)C[C@@H](O)C1=C(C)C(=O)OC1=O	Polyketides	Linear polyketides	Open-chain polyketides	false	npclassifier.gnps2.org@2026-09-07
VAJNXMAFOMJOFB-HSKJIWMRSA-N	C[C@@H]1C[C@@H]2C=C[C@@]([C@]([C@H]2[C@H](C1)O)(C)C(=O)CCO)(C)O	Polyketides	Cyclic polyketides	Decalins with side chains|Monacolins and Monacolin derivatives	false	npclassifier.gnps2.org@2026-09-07
VALUPXXLHSBISM-UHFFFAOYSA-N	[H]C1(OC2=C(O1)C(=O)NC(C)=C2)C(=O)CC(C)C	Alkaloids	Nicotinic acid alkaloids	Pyridine alkaloids	false	npclassifier.gnps2.org@2026-09-07
VAXPKXHUESPDBT-HKPHMLKLSA-N	CC(C)[C@H](NC(=O)[C@H](CC(O)=O)NC(=O)[C@H](CCC(O)=O)NC(=O)[C@H](CC(O)=O)NC(=O)[C@@H]1CCCN1C(=O)[C@H](CC(O)=O)NC(=O)[C@@H]1CCCN1C(=O)[C@H](CCC(N)=O)NC(=O)[C@H](Cc1ccccc1)NC(=O)[C@H](C)NC(=O)[C@@H]1CC(=O)N[C@@H](C)C(=O)NCC(=O)N2CCC[C@H]2C(=O)NCC(=O)N[C@@H]([C@@H](C)O)C(=O)N[C@@H](CO)C(=O)N[C@@H]([C@@H](C)O)C(=O)N2CCC[C@H]2C(=O)N1)C(=O)N[C@@H](Cc1c[nH]cn1)C(=O)N[C@@H](Cc1ccc(O)cc1)C(=O)N[C@@H](CC(O)=O)C(=O)N[C@@H](COP(O)(O)=O)C(O)=O	Amino acids and Peptides	Oligopeptides	RiPPs-Microcins	false	npclassifier.gnps2.org@2026-09-07
VAXYHYYWGOLRHM-VTWGAWQSSA-N	COC1=CC=CC2=C1C(=O)C1=C(C3=C(C=C1)[C@@H](O)[C@H](C)C[C@@H]3O)[C@H]2O	Polyketides	Polycyclic aromatic polyketides	Angucyclines	false	npclassifier.gnps2.org@2026-09-07
VAYOSPAPALLOIO-IVEPKIRNSA-N	CN=C(N)NCCC/C=C/CCC[C@H](C)C[C@H](C)[C@H]1OC(=O)[C@H](C)[C@H](O)/C=C/[C@H](C)[C@H](O)C[C@H](O)[C@H](C)[C@@H](O)CC[C@H](C)[C@H](O)C[C@]2(O)O[C@H](C[C@@H](OC(=O)CC(=O)O)C[C@H](O)C[C@@H](O)[C@H](C)[C@H](O)/C=C/C=C/[C@@H]1C)C[C@H](O)[C@H]2O	Polyketides	Macrolides	Macrolide lactones	true	npclassifier.gnps2.org@2026-09-07
VBPSRGCJSHVRCC-BJLXPSRBSA-N	CC1=CC(=CC(=C1C2=CC(=C(C3=C2C(=O)[C@@]4([C@H](C3)C(C5=C(C4=O)C(=C(C(=C5Br)O)Cl)O)(C)C)O)Cl)OC)OC)OC	Polyketides	Polycyclic aromatic polyketides	Fasamycins and derivatives	false	npclassifier.gnps2.org@2026-09-07
VBRRCMRJQMTCRZ-UHFFFAOYSA-N	CC(C)CCCCC1=NC(CCCC(=O)O)=CC(=O)[NH]1	Alkaloids	Nicotinic acid alkaloids	Pyridine alkaloids	false	npclassifier.gnps2.org@2026-09-07
VBTJSQZQYFMROV-UXPBUBJASA-N	C[C@@H]1C[C@@H]([C@H]2C(=C1)C=C[C@@]([C@]2(C)C(=O)CCO)(C)O)OC(=O)C(C)C(/C(=C/C=C/C(=C/C=C/C(=O)O)/C)/C)O	Polyketides	Linear polyketides	Open-chain polyketides	false	npclassifier.gnps2.org@2026-09-07
VBYYGSMHUKZIND-NPNGGBIDSA-N	CCCCC(=O)CCCCCCCCC[C@H](C)[C@@H]1[C@H](C(=O)N[C@H](C(=O)N/C(=C/C)/C(=O)N[C@H](C(=O)N[C@H](C(=O)N[C@H](C(=O)NCC(=O)N[C@H](C(=O)N([C@H](C(=O)N2CCC[C@H]2C(=O)N1)CC(=O)N)C)[C@H](C)OC)CCC(=O)N)[C@H](C)O)[C@H](C)O)C(C)C)O	Amino acids and Peptides	Oligopeptides	Cyclic peptides	false	npclassifier.gnps2.org@2026-09-07
VBZJPJIHROQJKY-RVEUGTSSSA-N	CC(C[C@@H](C(=O)O)NC(=O)C1CC2=C([C@@H]3N1C(=O)[C@@H](N3)CC4=CNC5=CC=CC=C54)C(=O)C(=C(C2=O)O)OC)CO	Amino acids and Peptides			false	npclassifier.gnps2.org@2026-09-07
VDBDMDLSSKXMLC-JTQLQIEISA-N	COC1=C2CCC3=C(C(O)=C4C(=O)O[C@@H](C)CC4=C3)C2=C(O)C2=C1C(=O)C1=C(O)C=CC=C1C2=O	Polyketides	Polycyclic aromatic polyketides	Pradimicins	false	npclassifier.gnps2.org@2026-09-07
VDURTFXVMLMCFA-GISJPLNESA-N	CC1=CC(=C(C(=O)O1)C/C=C(\C)/CC/C=C(\C)/CC[C@@H]2C(=C)CC[C@@H](C2(C)C)OC(=O)C)O	Polyketides|Terpenoids	Meroterpenoids	Triketide meroterpenoids	false	npclassifier.gnps2.org@2026-09-07
VDYUYQSSBLFXNW-XHDOVSQSSA-N	CC1=C(C(=CC(=C1Cl)OC)OC)C2=CC(=C(C3=C2C(=O)[C@@]4([C@H](C3)C(C5=C(C4=O)C(=C(C(=C5Br)O)Cl)O)(C)C)O)Cl)OC	Polyketides	Polycyclic aromatic polyketides	Fasamycins and derivatives	false	npclassifier.gnps2.org@2026-09-07
VEELKRGSLCNVAR-GXBUOAPDSA-N	CCCC[C@H](C)[C@@H]1CC(=O)N[C@H](C(=O)N[C@H](C(=O)N[C@@H](C(=O)O1)[C@H](C)CC)C)CC2=CC=CC=C2	Amino acids and Peptides|Polyketides	Oligopeptides	Cyclic peptides|Depsipeptides|Lipopeptides	false	npclassifier.gnps2.org@2026-09-07
VFMQMACUYWGDOJ-AWEZNQCLSA-N	CC(=O)N[C@@H](CC1=CC=CC=C1)C2=CC(=CC(=O)O2)OC	Polyketides	Cyclic polyketides	2-pyrone derivatives	false	npclassifier.gnps2.org@2026-09-07
VFODIGMPMDOVDF-SLXJRBCYSA-N	C1C[C@H](N(C1)C(=O)[C@@H](CCCN)NC(=O)CNC(=O)[C@H]([C@H](CN)O)NC(=O)[C@H]([C@H](CN)O)NC(=O)[C@H](CCCCN)N)C(=O)N[C@@H](CC2=CN=CN2)C(=O)N[C@@H](CCCCN)C(=O)N/C(=C\CCN=C(N)N)/C(=O)N[C@@H](CCCCN)C(=O)NCCCCN	Alkaloids	Ornithine alkaloids	Polyamines	false	npclassifier.gnps2.org@2026-09-07
VFQZHTKJLXJCSR-QFHAEXCESA-N	O=C1NC(CO)C(=O)NC(CC2=CC=C(O)C=C2)C(=O)N[C@@H](CS)C(=O)NC(CC2=C[NH]C3=CC=CC=C23)C(=O)NC(CC2=CC=CC=C2)C(=O)NC1CC1=C[NH]C2=CC=CC=C12	Amino acids and Peptides	Oligopeptides	Cyclic peptides	false	npclassifier.gnps2.org@2026-09-07
VFTYJPKNFPTPRA-KFSKHFNISA-N	C/C=C\1/C2=NC(=C(O2)C)C(=O)NC(=C)C(=O)N[C@H](C(=O)NC(=C)C3=NC(=C(O3)C)C(=O)NC(=C)C(=O)NC(=C)C4=NC(=CO4)C5=C(C=CC(=N5)C(=O)NC(=C)C(=O)NC(=C)C(=O)N)C6=NC(=CS6)C(=O)N[C@H](C(=O)N1)[C@@H](C)O)C(C)C	Amino acids and Peptides	Oligopeptides	Cyclic peptides|RiPPs-Thiopeptides	false	npclassifier.gnps2.org@2026-09-07
VFWZMGZJTAPJHV-OXYYHEDDSA-N	C[C@@H](C(N[C@@H]1CCCCN(O)C1=O)=O)[C@@H](OC([C@@H](NC(C2=C(C)OC(N2)=C3C=CC=CC3=O)=O)CCCCN(O)C(C)=O)=O)CCCCCCCCC	Amino acids and Peptides|Polyketides	Oligopeptides	Depsipeptides|Linear peptides|Lipopeptides	false	npclassifier.gnps2.org@2026-09-07
VFYGYGVJLURNPA-JLNJQKPRSA-N	CO[C@H]1[C@H](O)CO[C@@H](O[C@H]2[C@H](C)O[C@@H](OC3=CC=C(/C=C/N=C=S)C=C3)[C@H](O)[C@@H]2O)[C@@H]1O				true	npclassifier.gnps2.org@2026-09-07
VGDUHSQTOJRQNB-JGBUZTLDSA-N	CC[C@@]1(OC2CC(OC)C(O)C(C)O2)[C@H](OC2CC(O)C(C(C)O2)N(C)C)C2=C(C3=C(C2=[N+]=[N-])C(=O)C2=C(O)C=CC(O)=C2C3=O)C(=O)[C@@H]1[C@H]1C(=O)C2=C([C@@H](O[C@H]3CC(O)[C@@H](C(C)O3)N(C)C)[C@@]1(CC)OC1CC(OC)C(O)C(C)O1)C(=[N+]=[N-])C1=C2C(=O)C2=C(O)C=CC(O)=C2C1=O	Polyketides	Polycyclic aromatic polyketides	Angucyclines	true	npclassifier.gnps2.org@2026-09-07
VGJIEAUSEFTEPX-GIADBQKFSA-N	[H][C@]12NC3=C(C=CC=C3)C1([C@H](O)C13SS[C@@](CO)(N(C)C1=O)C(=O)N23)[C@]12[C@H](O)C34SS[C@@](CO)(N(C)C3=O)C(=O)N4[C@@]1([H])NC1=C2C=CC=C1	Alkaloids|Amino acids and Peptides	Peptide alkaloids	Indole diketopiperazine alkaloids (L-Trp, L-Ala)|Thiodiketopiperazine alkaloids	false	npclassifier.gnps2.org@2026-09-07
VGOLHAPJYMAXRH-CKHUAROESA-N	CCCC[C@H]1C(=O)O[C@@H](C(=O)N([C@H](C(=O)O[C@@H](C(=O)N([C@H](C(=O)O[C@@H](C(=O)N1C)C(C)C)C(C)CC)C)C(C)C)C(C)C)C)C(C)C	Amino acids and Peptides|Polyketides	Oligopeptides	Cyclic peptides|Depsipeptides	false	npclassifier.gnps2.org@2026-09-07
VGQOVCHZGQWAOI-HWKANZROSA-N	CC1=C(O)C2=C(C=C1)C(=O)N1C=C(CC1C(O)N2)\C=C\C(N)=O	Alkaloids			false	npclassifier.gnps2.org@2026-09-07
VGYPZLGWVQQOST-JUERRSSISA-N	CC1=C(C(=C(C(=C1Cl)O)C/C=C(\C)/CC/C=C(\C)/[C@@H]2CC(=O)C(O2)(C)C)O)C=O	Polyketides|Terpenoids	Meroterpenoids	Tetraketide meroterpenoids	false	npclassifier.gnps2.org@2026-09-07
VGZNPOHVJNZAOU-OISZERLPSA-N	CC(C)CC(C(=O)NCCC/C=C\C=C\C(=C\C=C/C=C(/C)\C(CC(=O)N/C(=C\C=C\C=C\C(C)C(=O)O)/C)O)\C)O	Polyketides	Linear polyketides	Open-chain polyketides	false	npclassifier.gnps2.org@2026-09-07
VHPBIOVAVQXSJO-LOLCBPPLSA-N	COC1CCCC(O)CC(OC(=O)CC(O)C(C)C(O)C(C)C(O)C(C)C\C=C\C=C/C1)C(C)C(O)\C=C(/C)\C=C\C=C\C=C\C=C\C=C\CC(O)\C=C(/C)CCC(O)=O	Polyketides	Macrolides	Polyene macrolides	false	npclassifier.gnps2.org@2026-09-07
VHWTVINEPPOCLA-DTMQFJJTSA-N	[H][C@]12C[C@]3([H])C[C@]1(CC[C@]3(O)CO)[C@@]1(C)CCC[C@@](C)(CO)[C@]1([H])CC2	Terpenoids	Diterpenoids	Aphidicolane diterpenoids|Tetracyclic diterpenoids	false	npclassifier.gnps2.org@2026-09-07
VICNIIRXDNRZGY-UHFFFAOYSA-N	CC(C)C1=CC(=O)C2=C3C(=O)C4=C(C(O)=CC=C4)C(=O)C3=C(O)C=C2C1=O	Polyketides	Polycyclic aromatic polyketides	Angucyclines	false	npclassifier.gnps2.org@2026-09-07
VIEVUPYQRUJFFA-XFKIZFQISA-N	CCC(C)C(NC(=O)C(NC(=O)CNC(=O)C(CO)NC(=O)CNC(=O)CNC(=O)C(N)CCCCN)C(C)C)C(=O)NC(CC1=CNC=N1)C(=O)NC1C(C)SCC2NC(=O)C(CCC(O)=O)NC(=O)C(CC3=CNC=N3)NC(=O)C(CSCC3NC(=O)\C(NC(=O)C(CC4=CC=CC=C4)NC(=O)C(NC(=O)C(CC4=CC=CC=C4)NC(=O)C(CCC(N)=O)NC(=O)C(CC4=CNC5=C4C=CC=C5)NC(=O)C(CSCC(NC3=O)C(=O)NC(CO)C(O)=O)NC(=O)C(CC(N)=O)NC(=O)C(CCSC)NC(=O)C(CC(N)=O)NC2=O)C(C)C)=C\C)NC(=O)C(NC1=O)C(C)CC	Amino acids and Peptides	Oligopeptides	RiPPs-Lanthipeptides	false	npclassifier.gnps2.org@2026-09-07
VIKJLUHSZSBRPD-UHFFFAOYSA-N	O=C(NCCCNC(=O)C1=C(O)C(O)=CC=C1)C1=C(O)C(O)=CC=C1	Alkaloids	Ornithine alkaloids	Polyamines	false	npclassifier.gnps2.org@2026-09-07
VIKRIYAAOWJXCT-ZLMSUABPSA-N	CO[C@@H]1[C@@]2(O)N(C(=O)\C3=C\C4=C(NC5=C4C=CC=C5)C(C)(C)\C=C/N3C2=O)[C@]23[C@H](CO)C(C)(C)N2C2=C(C=CC=C2)[C@]13O	Alkaloids|Amino acids and Peptides	Peptide alkaloids	Indole diketopiperazine alkaloids (L-Trp, L-Trp)	false	npclassifier.gnps2.org@2026-09-07
VJBZHTGSHPYIDE-UFPUCTHCSA-N	O=C(CNC([C@](O)(C)C1=O)=O)NC(/C=C/C(N(C)CC(O[C@@H](CCCCCCCCCCCCCCC)[C@@H]1C)=O)=O)=C	Amino acids and Peptides|Polyketides	Oligopeptides	Cyclic peptides|Depsipeptides|Lipopeptides	false	npclassifier.gnps2.org@2026-09-07
VJFRQMMMXJJUSM-VZGZUROSSA-N	CC[C@H](C)[C@H]1C2=N[C@@H]([C@H](O2)C)C(=O)NCC3=NC(=CS3)C(=O)N[C@@H](C4=N[C@H](CS4)C(=O)N1)[C@@H](C)CC	Amino acids and Peptides	Oligopeptides	Cyclic peptides	false	npclassifier.gnps2.org@2026-09-07
VJKZKLDZOAFAEE-QIESNYARSA-N	CCCC(O[C@H]1C[C@](C)(N)[C@H](O)[C@H](C)O1)C(C)C(O)C(CC)\C=C\C(O)C(C)C1C\C=C(C)\C(O)C(C)C(CC(O)C(C)C(O)CC2CC(O)C(O)C(O)(CC(O[C@@H]3O[C@H](C)[C@@H](O)[C@H](O[C@H]4C[C@@H](N)[C@H](O)[C@@H](C)O4)[C@H]3O[C@@H]3O[C@H](C)[C@@H](O)[C@H](O)[C@H]3O)C(C)CCC(O)CC(O)C\C=C(CC)\C(=O)O1)O2)O[C@@H]1O[C@H](CO)[C@@H](O)[C@H](O)[C@@H]1O				true	npclassifier.gnps2.org@2026-09-07
VJNFZONNMHDIHW-DYIBVVGTSA-N	CC[C@H](C)[C@H]1C2=NC(=CS2)C(=O)N[C@H](C3=NC(=CS3)C(=O)N[C@H](C4=NC(=C(O4)C)C(=O)N1)C)CC5=CN=CN5C	Amino acids and Peptides	Oligopeptides	Cyclic peptides	false	npclassifier.gnps2.org@2026-09-07
VJNPRSAWVPWWEV-DHZHZOJOSA-N	C\C(CO)=C/CC1=CC=CC2=NC3=CC=CC(C(O)=O)=C3N=C12	Alkaloids	Anthranilic acid alkaloids	Phenazine alkaloids	false	npclassifier.gnps2.org@2026-09-07
VJSIXUQLTJCRCS-PJPOUAMNSA-N	O=C(O)[C@H](NC(CC(C(O)=O)(O)CC(O)=O)=O)CCCNC(CC(C(O)=O)(O)CC(O)=O)=O				false	npclassifier.gnps2.org@2026-09-07
VJVSLBMNZWUBIP-UHHYSGKUSA-N	C/C=C(\NC(=O)N[C@@H](CC1=CC=CC=C1)C(=O)O)C(=O)N[C@@H](CO)C(=O)N/C(=C\C)C(=O)N[C@@H](CO)C(=O)N/C(=C\C)C(=O)N[C@@H](CCCN=C(N)N)C(=O)N1CCC[C@H]1[C@H]1NC(C(=O)N[C@@H](CCSC)C(=O)OC)CS1	Amino acids and Peptides	Oligopeptides	Linear peptides	false	npclassifier.gnps2.org@2026-09-07
VJXBYUITQBTTQM-FNORWQNLSA-N	CCC(C)C1C(CC(=O)OC\2CC(=O)NC(C(=O)NC(CSSCC/C=C2)C(=O)N1)CCSC)O	Amino acids and Peptides|Polyketides	Oligopeptides	Cyclic peptides|Depsipeptides	false	npclassifier.gnps2.org@2026-09-07
VKJCZWWGRIELQT-UHFFFAOYSA-N	COC1=CC=C(CCNC(=O)C2=NC(C(C)=O)=C3NC4=C(C=CC=C4)C3=C2)C=C1	Alkaloids	Tryptophan alkaloids	Carboline alkaloids	false	npclassifier.gnps2.org@2026-09-07
VKQRRWLLTOYXGE-UHFFFAOYSA-N	CC1C(=C)COC1(C(C(CC2CC(=O)NC(=O)C2)O)OC)O	Alkaloids	Lysine alkaloids	Piperidine alkaloids	true	npclassifier.gnps2.org@2026-09-07
VKRXGBUTDVKCIK-XTMPFRGYSA-N	C=C(C)C/C(C)=C\C(=O)N/C=C/C(C)=C/[C@@H](C)[C@H]1C/C(C)=C/C=C/CC[C@H](OS(=O)(=O)O)/C=C\[C@@H](O)[C@@H](OC(N)=O)CCC/C=C/C(=O)O1	Polyketides	Macrolides	Polyene macrolides	false	npclassifier.gnps2.org@2026-09-07
VKXOWRYDGGXUQW-MZHIHBOSSA-N	CC1=CC(=O)[C@H]2C3=CC=CC=C3C(=O)[C@@H]1[C@@H]2CNC1=CC=C2C(=O)SC3=C2C1=CC1=C3[C@@H](O)[C@H](O)C=C1	Polyketides	Polycyclic aromatic polyketides	Angucyclines	false	npclassifier.gnps2.org@2026-09-07
VKZWYFNUVFKUIX-PXNMIUTMSA-N	CC1=C(O)C=CC(/C=C/C=C/C=C/C=C/C=C/C=C/C(OC)=O)=C1				false	npclassifier.gnps2.org@2026-09-07
VLIZAMYFIJAOTC-FANVRMSWSA-N	CO[C@@H]1[C@H](O)[C@@H](OC)[C@H](O[C@@H](C)[C@@H](O)/C=C/C=C/C=C/C(=O)[C@@H](C)[C@@H](O)[C@H](C)[C@@H]2C/C=C/C=C/C=C/C(=O)C(=O)/C(C)=C/C=C/C(C)=C\[C@@H](O)/C(C)=C\CC(=O)O2)O[C@@H]1C	Polyketides	Macrolides	Polyene macrolides	true	npclassifier.gnps2.org@2026-09-07
VLJMTNLRJHJRGI-VCOCTOFQSA-N	C[C@@]1(C=C)[C@H](Cl)C[C@H]2C(=O)[C@]1(N=C=S)C1=CC=CC3=C1[C@H](C(=O)N3)C2(C)C	Alkaloids	Tryptophan alkaloids	Hapalindole alkaloids	false	npclassifier.gnps2.org@2026-09-07
VLJURIPGVYZMCR-UHFFFAOYSA-N	CCCCCC(N)CCCCCCCC(N)CCCCCCCC(N)CCCCCCCC(N)CCCCCCCC(O)CCNC(=O)CC(O)CC(O)C(N)C(C)C	Fatty acids	Sphingolipids	Sphingoid bases	false	npclassifier.gnps2.org@2026-09-07
VLPLMUXMHOZZID-UHFFFAOYSA-N	CC1=C2C(=CO1)C(=O)C3=CC(=C(C(=C3C2=O)O)OC)O	Polyketides	Naphthalenes	Naphthoquinones	false	npclassifier.gnps2.org@2026-09-07
VLQQRKXPWDSMMH-UHFFFAOYSA-N	O=C(O)C1NC(=O)C2NC(=O)C(NC(=O)C3NC(=O)C(NC(=O)C(NC(=O)C(N)C4=CC=C(O)C(Cl)=C4)C(O)C5=CC=C(OC=6C=C3C=C(OC7=CC=C(C=C7Cl)C2OC8OC(C)C(OC)C(N)C8)C6OC9OC(CO)C(O)C(O)C9OC%10OC(C)C(O)C(N)C%10)C=C5)CC=%11C=CC=CC%11)C=%12C=CC(O)=C(C%12)C%13=C(OC%14OC(CO)C(O)C(O)C%14O)C=C(O)C=C%131	Amino acids and Peptides	Oligopeptides	Vancomycins and Teicoplanins	true	npclassifier.gnps2.org@2026-09-07
VMCFTVWDHVWSOB-LKZIPFRDSA-N	CO[C@@H]1CC(=O)[C@@]23C(=O)N[C@@H](CC(C)C)[C@@H]2[C@H](C)C(C)=C[C@@H]3/C=C(\C)CC[C@@H](O)[C@H]1O	Alkaloids	Pseudoalkaloids	Cytochalasan alkaloids	false	npclassifier.gnps2.org@2026-09-07
VMGBZXKKNNEJRM-UHFFFAOYSA-N	COC(=O)C1=CC2=C(O)N=C3C(N)=C(Cl)C(=N)C(=C23)[NH]1	Alkaloids	Tryptophan alkaloids	Pyrroloquinoline alkaloids	false	npclassifier.gnps2.org@2026-09-07
VMGXJYLNXQJWLG-QPUJKJSISA-N	C=C(C)[C@@H]1CC[C@@]2(C)C[C@@H](O)C[C@@](C)(NC3=C4N=CN([C@@H]5O[C@H](CO)[C@@H](O)[C@H]5O)C4=NC=N3)[C@@H]2C1	Terpenoids	Diterpenoids		false	npclassifier.gnps2.org@2026-09-07
VMLNPJDEXLLCQG-DGCAKLBHSA-N	C[C@H]1[C@@H](O1)C2=C[C@@H](OC2=O)[C@H](C)O	Polyketides	Cyclic polyketides		false	npclassifier.gnps2.org@2026-09-07
VMSQKUCYEMOKMM-AFJAYNRNSA-N	COC(C)C(NC(=O)[C@@H]1CCCN1C)[C@H]1O[C@H](SCCOC(=O)C2=CC=CC=C2O)[C@H](O)[C@@H](O)[C@H]1O	Alkaloids	Ornithine alkaloids	Pyrrolidine alkaloids	true	npclassifier.gnps2.org@2026-09-07
VMULEITVZASJMA-JBPAGREFSA-N	[H][C@]12N\C(N[C@]1([H])C(=O)N(C)CC2O)=N/[C@@H]1OC(CO)[C@H](OC(N)=O)[C@H](O)C1N(C)C(=O)CNC=N	Carbohydrates	Nucleosides	Streptothricins and derivatives	false	npclassifier.gnps2.org@2026-09-07
VMWFRCGSDCBPRJ-VSGXLYRTSA-N	COC1=C(C[C@@H](NC(=O)[C@H](CO)NC(=O)[C@@H](NC(=O)[C@H](CC(C)C)NC(=O)[C@@H](CC2=CC=C(O)C=C2)NC(=O)[C@H](CC2=CC=C(O)C=C2)NC(N)=O)[C@@H](O)C(=O)O)C(=O)N[C@@H](CC(C)C)C(=O)NCC(=O)O)C=CC(O)=C1	Amino acids and Peptides	Oligopeptides	Linear peptides	false	npclassifier.gnps2.org@2026-09-07
VNBRFEUEYRHQBM-OPEBEUCHSA-N	C[C@@H]1CCC(=C(C)C)[C@H]([C@]1(C)CC/C=C(\C)/CC/C=C(\C)/CCC=C(C)C)CCC=O	Terpenoids	Triterpenoids	Polypodane triterpenoids	false	npclassifier.gnps2.org@2026-09-07
VNCFIIWODJHVEC-NEBBRQRBSA-N	C/C=C/C=C/C(=C/1\[C@@H]2[C@@H]3[C@](C(=C(C(=O)[C@@]3([C@](C1=O)(C(=O)[C@@]2(C)O)C)C(=O)/C=C/C=C/C)C)O)(C)O)/O	Polyketides	Aromatic polyketides	Sorbicilinoids	false	npclassifier.gnps2.org@2026-09-07
VNEAIGHVYDWTTQ-UHFFFAOYSA-N	CCCCCCCCCCCCCCCC1=C(C(=CC(=C1)OC)OC)O	Polyketides	Alkylresorcinols|Aromatic polyketides	Catechols with side chains|Monoalkylresorcinols	false	npclassifier.gnps2.org@2026-09-07
VNLFFJDNCUFCBZ-UHFFFAOYSA-N	CC(C)CCC(O)CC(=O)NCCCCC(NC(=O)CC(CCC(C)C)OC(=O)CC(O)CCC(C)C)C(=O)O				false	npclassifier.gnps2.org@2026-09-07
VNMHQYJCXIYPQH-CIRCOHDCSA-N	NCCCCNCCCNC(CNC([C@@H](NC(C[C@H](C[C@H]([C@@H](NC([C@@H]([C@H](N)CCCNC(N)=N)NC([C@@H](NC([C@@H](C)NC([C@H](O)[C@@H](O)C[C@@H](CCCN)O)=O)=O)CNC)=O)=O)CO)O)O)=O)CNC)=O)=O	Alkaloids	Ornithine alkaloids	Polyamines	false	npclassifier.gnps2.org@2026-09-07
VNZWETIARFTEAV-GZNXHPRQSA-N	CC[C@H](O[C@H]1C[C@](C)(N)[C@H](O)[C@H](C)O1)[C@H](C)[C@H](O)[C@H](C=C[C@@H]1CC=C(C)[C@@H](O)[C@@H](C)[C@H](O)C[C@@H](O)[C@@H](C)[C@H](O)C[C@@H]2C[C@H](O)[C@@H](O)[C@](O)(C[C@@H](O[C@@H]3O[C@H](C)[C@@H](O)[C@H](O[C@H]4C[C@@H](N)[C@H](O)[C@@H](C)O4)[C@H]3O[C@@H]3O[C@H](C)[C@@H](O)[C@H](O)[C@H]3O)[C@@H](C)C=C[C@@H](O)C[C@@H](O)[C@@H](C)C=CC(=O)O1)O2)CC	Polyketides	Macrolides	Macrolide lactones	true	npclassifier.gnps2.org@2026-09-07
VOENECZXFQZIKA-PKTZIBPZSA-N	[H][C@]12N(C)C3=CC=C(Cl)C=C3[C@@]1(C)C1=CN(C)C=C1C1=C2NC2=CC=C(Cl)C=C12	Alkaloids	Tryptophan alkaloids		false	npclassifier.gnps2.org@2026-09-07
VOLRALTUADVHPT-VVTOKWSESA-N	[H][C@]12O[C@@H]1[C@H](O)[C@H](C)\C=C(/C)\C=C(C)\C(=O)O[C@@]([H])(C\C=C\C=C\C[C@H]2O)[C@@H](C)CCC(O)C(C)C(O)C(C)C(C)OC	Polyketides	Macrolides	Bafilomycins	false	npclassifier.gnps2.org@2026-09-07
VOUMVHRRAVBACH-RXCQEBQVSA-N	CN1[C@H]2C[C@H]([C@@H]1[C@@H]3CC4=C([C@H]5N3[C@@H]2OC5)C(=CC=C4)OC)C(=O)O	Alkaloids	Tyrosine alkaloids	Isoquinoline alkaloids	false	npclassifier.gnps2.org@2026-09-07
VPYDKRNAPAGWFD-SMMGSXOKSA-N	CC1=C[C@@H]2[C@@H]3[C@]4(CC[C@@H](C([C@@H]4CC[C@@]3([C@H]1[C@@H](O2)CC(=O)O)C)(C)C)O)C	Terpenoids			false	npclassifier.gnps2.org@2026-09-07
VQCJCCMAGPCDIK-UHFFFAOYSA-N	[H+].CC(=O)N(CCCC(C(=O)NC(CCCN(C(=O)C)[O-])C(=O)NC(CCCN(C(=O)C)[O-])C(=O)NC(CO)C(=O)NC(C(C1C(C(C(S1)N2C=CC(=N)N(C2=O)C)O)O)O)C(=O)[O-])N)[O-].[Fe+3]	Amino acids and Peptides	Oligopeptides	Linear peptides	false	npclassifier.gnps2.org@2026-09-07
VQJONPIPGATABZ-QSPCRYKTSA-N	CC[C@H](C)[C@H]1C(=O)NCC(=O)N[C@@H]([C@H](C(=O)N[C@@H](C(=O)N1)C2=CC(=C(C(=C2Cl)O)C)O)NC(=O)[C@H](C)NC(=O)[C@@H]([C@@H](C)O)NC(=O)CC(=O)C(C)CC(C)C[C@H](C)[C@H]([C@H](C)[C@@H]([C@@H](C)O)O[C@H]3[C@@H]([C@H]([C@@H]([C@H](O3)CO)OC)O)O)O)C	Amino acids and Peptides|Polyketides	Oligopeptides	Cyclic peptides	true	npclassifier.gnps2.org@2026-09-07
VQMHZILKNHUAMP-AISFCYSSSA-N	C/C1=C2\CC[C@@H](C)[C@@H]2CC[C@H](C)[C@H]2C[C@@]3(C)CC[C@H](C(C)C)[C@@H]3C[C@]12O	Terpenoids	Diterpenoids	Fusicoccane diterpenoids	false	npclassifier.gnps2.org@2026-09-07
VQNJWVWRBUIVEU-UHFFFAOYSA-N	CC1CC(=O)C(CC2=CC=CC=C2)NC(=O)C2NC(=O)C(CC3=CC=CC=C3)NC(=O)C3CCCN3C(=O)CNC(=O)C(C)NC(=O)C3CNCCCCC(C(=O)O)NC(=O)C4NC(=O)C(CO)NC(=O)CNC(=O)C(C(O)C(=O)O)NC(=O)C(CSC(C)C(NC(=O)C(CO)NC(=O)C(C)NC(=O)C(N)CSC4C)C(=O)NC(CSC2C)C(=O)N3)NC1=O	Amino acids and Peptides	Oligopeptides	RiPPs-Lanthipeptides	false	npclassifier.gnps2.org@2026-09-07
VQOXZBDYSJBXMA-NQTDYLQESA-N	C[C@H]1/C=C/C=C/CC/C=C/C=C/C=C/C=C/[C@@H](C[C@H]2[C@@H]([C@H](C[C@](O2)(C[C@H]([C@@H](CC[C@H](C[C@H](C[C@H](CC(=O)O[C@H]([C@@H]([C@@H]1O)C)C)O)O)O)O)O)O)O)C(=O)O)O[C@H]3[C@H]([C@H]([C@@H]([C@H](O3)C)O)N)O	Polyketides	Macrolides	Polyene macrolides	true	npclassifier.gnps2.org@2026-09-07
VQOXZBDYSJBXMA-RKEBNKJGSA-N	C[C@H]1/C=C/C=C/CC/C=C/C=C/C=C/C=C/C(CC2C(C(C[C@](O2)(CC(C(CCC(CC(CC(CC(=O)O[C@H]([C@@H]([C@@H]1O)C)C)O)O)O)O)O)O)O)C(=O)O)O[C@@H]3[C@H]([C@H]([C@@H]([C@H](O3)C)O)N)O	Polyketides	Macrolides	Polyene macrolides	true	npclassifier.gnps2.org@2026-09-07
VQSXFZXCXRKORH-CAOCKLPOSA-N	CC(=O)N1[C@@H]2[C@@](C[C@]3(N2C(=O)C4=CC=CC=C4NC3=O)O)(C5=CC=CC=C51)C(C)(C)C=C	Alkaloids|Amino acids and Peptides	Peptide alkaloids	Other indole diketopiperazine alkaloids	false	npclassifier.gnps2.org@2026-09-07
VQWNGCSUNKJFLW-ARNOELBJSA-N	CCC[C@@H]1OC(=O)[C@@H](C)C[C@H](C)CCCCC(=O)CCCC(CC)\C=C\C=C(COC)\CC[C@@H](O)[C@@H](O)C[C@H](O)CNC1=O	Amino acids and Peptides|Polyketides	Macrolides	Lactam bearing macrolide lactones	false	npclassifier.gnps2.org@2026-09-07
VRRIYZJUSNMZMP-PJPYAQQDSA-N	C1CN2C(=N[C@H]([C@H]3[C@]2(C1(O)O)N=C(N3)N)CO)N	Alkaloids	Guanidine alkaloids	Saxitoxins	false	npclassifier.gnps2.org@2026-09-07
VRVYZZJPEDVTBX-POFDQXHJSA-N	C[C@H]1CC[C@]2([C@H]([C@]1(C)CCC(C)(C=C)OC)CCC=C2C)C	Terpenoids	Diterpenoids	Colensane and Clerodane diterpenoids	false	npclassifier.gnps2.org@2026-09-07
VRWSVIUPXSFVFZ-UHFFFAOYSA-O	CC(CC[NH+]=C(N)N)C(C(=O)[O-])[NH3+]	Amino acids and Peptides	Small peptides	Aminoacids	false	npclassifier.gnps2.org@2026-09-07
VSHFFGIAFGCZHA-YIZRAAEISA-N	C[C@@H]1NC(=O)C2=CSC(=N2)[C@@H](C)NC(=O)C2=CSC(=N2)[C@H](C)NC(=O)C2=C(C)OC1=N2	Amino acids and Peptides	Oligopeptides	Cyclic peptides|RiPPs-Cyanobactins	false	npclassifier.gnps2.org@2026-09-07
VSIGABYNCNXUIU-UHFFFAOYSA-N	CCCCCCCC(O)CC(=O)NC(CC(C)C)C(=O)NC(CC(C)C)C(=O)NC(CCC(N)=O)C(=O)NC(CC(C)C)C(=O)NC(C(=O)NC(C(=O)NC(CC(C)C)C(=O)NC(CC(C)C)C(=O)O)C(C)CC)C(C)O	Amino acids and Peptides	Oligopeptides	Linear peptides	false	npclassifier.gnps2.org@2026-09-07
VSOGHCWPRMMCAA-GOTSBHOMSA-N	CC(=O)N(C)[C@H]1CC2=CN(C3=CC=CC=C23)C(=O)C4=CC=CC=C4NC(=O)[C@@H]5CCCN5C1=O	Alkaloids	Anthranilic acid alkaloids	Benzodiazepine alkaloids	false	npclassifier.gnps2.org@2026-09-07
VSWWTKVILIZDGX-UHFFFAOYSA-N	CC1=CC(=O)C2=C(O1)C=C3C(=C2O)C(=O)C(=C(C3=O)OC)C4=C(C(=O)C5=CC6=C(C(=O)C=C(O6)C)C(=C5C4=O)O)OC	Polyketides	Naphthalenes	Bisnaphthalenes	false	npclassifier.gnps2.org@2026-09-07
VSYRHTLTZHXGJQ-URADCQQKSA-N	C[C@@H](OC([C@H]([C@H](O)C(C)C)NC([C@@H](CC(C)C)NC(C(O)NC([C@H](NC([C@@H](NC([C@@H]1CCCN1C([C@@H](NC(CNC([C@H]([C@@H](C(O)=O)C)NC([C@H](C)NC2=O)=O)=O)=O)[C@H](O)C3=CC=CC=C3)=O)=O)[C@@H](O)C4=CC=C(OC)C=C4)=O)CC5=CNC6=C5C=CC=C6)=O)=O)=O)=O)[C@@H]2NC(/C=C/C7=C(C=CC=C7)/C=C\C)=O	Amino acids and Peptides|Polyketides	Oligopeptides	Cyclic peptides|Depsipeptides	false	npclassifier.gnps2.org@2026-09-07
VTEKRFJHUHAGJO-WNETYGQVSA-N	CN[C@H]1CC[C@H](O[C@@H]2CO[C@@H](O[C@H]3\C=C/C=C/C(/C)=C/C=C/C(/C)=C/C[C@H](C)NC(=O)\C(OC)=C\C(\C)=C\C=C\C=C\[C@@]3(C)O)[C@H](NC)[C@H]2O)O[C@@H]1C	Amino acids and Peptides|Polyketides	Macrolides	Macrolide lactams	true	npclassifier.gnps2.org@2026-09-07
VUOPFFVAZTUEGW-FBMDODLCSA-N	C[C@H]1[C@@H]([C@@H](C[C@H](O1)O[C@H]2[C@H]3C(=O)N[C@@H](C4=CC(=CC(=C4C5=C(C=CC(=C5)[C@H](C(=O)N3)NC(=O)[C@H]6C7=CC(=C(C(=C7)OC8=CC=C2C=C8)O[C@H]9[C@@H]([C@H]([C@@H]([C@H](O9)COC1[C@@H]([C@@H]([C@H]([C@@H](O1)C)O)O)O)O)O)O[C@H]1[C@@H]([C@@H]([C@H]([C@@H](O1)CO)O)O)O[C@H]1[C@H]([C@@H]([C@@H](CO1)O)O)O)OC1=CC=C(C=C1)[C@H]([C@@H]1C(=O)N[C@@H](C2=CC(=C(C(=C2)O)C)OC2=C(C=CC(=C2)[C@H](C(=O)N1)N)O)C(=O)N6)O)O)O[C@H]1[C@H]([C@H]([C@@H]([C@H](O1)CO)O)O)O)O)C(=O)OC)N)O	Amino acids and Peptides	Oligopeptides	Vancomycins and Teicoplanins	true	npclassifier.gnps2.org@2026-09-07
VUOPFFVAZTUEGW-UHFFFAOYSA-N	CC1C(C(CC(O1)OC2C3C(=O)NC(C4=CC(=CC(=C4C5=C(C=CC(=C5)C(C(=O)N3)NC(=O)C6C7=CC(=C(C(=C7)OC8=CC=C2C=C8)OC9C(C(C(C(O9)COC1C(C(C(C(O1)C)O)O)O)O)O)OC1C(C(C(C(O1)CO)O)O)OC1C(C(C(CO1)O)O)O)OC1=CC=C(C=C1)C(C1C(=O)NC(C2=CC(=C(C(=C2)O)C)OC2=C(C=CC(=C2)C(C(=O)N1)N)O)C(=O)N6)O)O)OC1C(C(C(C(O1)CO)O)O)O)O)C(=O)OC)N)O	Amino acids and Peptides	Oligopeptides	Vancomycins and Teicoplanins	true	npclassifier.gnps2.org@2026-09-07
VUPBDWQPEOWRQP-UHFFFAOYSA-N	CC1C(C(C(C(O1)OC(C(C2=NC(=CS2)C3=NC(=CS3)C(=O)NCCCC(CC(=O)NCCCNCCCCN)N)O)NC(=O)C(C(C)O)NC(=O)CC(C(C)NC(=O)C(C(C4=CN=CN4)OC5C(C(C(C(O5)CO)O)O)OC6C(C(C(C(O6)CO)O)OC(=O)N)O)NC(=O)C7=C(C(=NC(=N7)C(CC(=O)N)NCC(C(=O)N)N)N)C)O)O)O)N	Amino acids and Peptides	Oligopeptides	Bleomycins|Linear peptides	true	npclassifier.gnps2.org@2026-09-07
VUQSZZXQGQSRJA-TWKBTRLKSA-N	C[C@H]1C=C[C@H]2CCCC[C@@H]2[C@H]1C(=O)[C@@H]1C(=O)N2CC[C@H]3C(=O)O[C@@H]1[C@]32O	Alkaloids			false	npclassifier.gnps2.org@2026-09-07
VURQSRZHWNCHNU-CNTALBEGSA-N	COC[C@H](N(C)C)[C@H](O)[C@H](O)C(NCC[C@H](C)C1=NC(/C=C/C[C@H]2[C@@H](C)[C@H](O)CC3(C(C)(C)[C@@H](OP(O)(OP(O)(O)=O)=O)[C@@H]([C@@H](OC)C[C@H](O)[C@H](C)[C@H](O)[C@H](C)/C=C(C)/C(C)=C/C=C/C(C)=C\[N+]#[C-])O3)O2)=CO1)=O	Polyketides	Linear polyketides	Open-chain polyketides	false	npclassifier.gnps2.org@2026-09-07
VUSVMOUTFWGYSU-LNFOJLHHSA-N	C/C=C(\NC(=O)N[C@@H](CC1=CC=C(O)C=C1)C(=O)O)C(=O)NCC(=O)N[C@@H](CCCN=C(N)N)C(=O)N1CCC[C@H]1C1=NC(C(=O)N[C@@H](CCC(N)=O)C(=O)OC(CC(=O)O)C2C(OC(=O)CC)CCN2C(=O)[C@@H](N)C(C)C)=CS1	Amino acids and Peptides	Oligopeptides	Linear peptides	false	npclassifier.gnps2.org@2026-09-07
VVAHVWPREJBZKW-UEWDXFNNSA-N	C[C@H](OC(=O)CCCCC(Cl)CCCCCCCl)C(=O)O	Fatty acids	Fatty esters	Fatty acid estolides	false	npclassifier.gnps2.org@2026-09-07
VVCYZYSLUSSELI-NVJOEFDOSA-N	C[C@H]1[C@H]([C@](C[C@@H](O1)O[C@H]2C[C@@H](C(=O)C3=C(C4=C(C=C(C5=C4O[C@@]6([C@@H]7[C@H]5O[C@]([C@]68CO8)(O7)C(OC)OC)O[C@H]9C[C@H]([C@]([C@@H](O9)C)(C(=O)C)O)O)C)C(=C23)OC)O)O)(C)O)OC(=O)C	Polyketides	Polycyclic aromatic polyketides	Anthraquinones and anthrones	true	npclassifier.gnps2.org@2026-09-07
VVDGPMPMIOCAEY-MCOSJTNMSA-N	C[C@]1([H])OC(O)(CC2=NC(/C=C(C)/[C@]3([C@@H]([C@H](C[C@]([H])(O3)C/C=C4\C)OC(/C=C\C[C@]([H])([C@H]([C@@H](C5)O)C)O[C@]5([H])/C=C/[C@H](O[C@@]6(O[C@@]([H])([C@H]([C@@H]([C@H]6O)O)O)CO)[H])[C@H](O)C[C@@H](O)C[C@]([H])(O7)[C@@H](O)[C@H](OC(N)=O)C[C@@]7([H])C8=COC4=N8)=O)C)[H])=CO2)[C@@H](C)[C@H](OC)C1	Polyketides	Macrolides	Avermectins	true	npclassifier.gnps2.org@2026-09-07
VVEKCQAFOLKNKB-UHFFFAOYSA-N	Oc3cccc2C(=O)c1cc(O)cc(O)c1C(=O)c23	Polyketides	Polycyclic aromatic polyketides	Anthraquinones and anthrones	false	npclassifier.gnps2.org@2026-09-07
VVIAOPGTVSECTI-KVXQKUCTSA-N	C[C@@H]1[C@H]([C@@H](C[C@@H](O1)O[C@@H]2[C@H](OC3(C[C@H]2O)O[C@@H]4[C@H](O[C@H](C[C@]4(O3)C)O[C@@H]5[C@H]([C@@H](O[C@@H]([C@@H]5OC)C)O[C@@H]6[C@H](O[C@H]([C@H]([C@H]6O)OC)O[C@H]7[C@@H]([C@H]8[C@H](CO7)O[C@@]9(O8)[C@H]1[C@H]([C@@]([C@H](O9)C)(C(=O)C)O)OCO1)OC(=O)C)COC)O)C)C)O)OC(=O)C1=C(C(=C(C(=C1OC)Cl)O)Cl)C	Carbohydrates	Saccharides	Orthosomycins	true	npclassifier.gnps2.org@2026-09-07
VVMQRZZXKNDPOT-PSASIEDQSA-N	CCC(=O)C1=CCC[C@@H]2CC[C@H]1N2	Alkaloids	Ornithine alkaloids	Tropane alkaloids	false	npclassifier.gnps2.org@2026-09-07
VVMXGAXJKLZYHE-ZANSQXCASA-N	NCCCCNCCCNC(CNC([C@@H](NC(C[C@H](C[C@H]([C@@H](NC([C@@H]([C@H](N)CCCCN)NC([C@@H](NC([C@@H](C)NC([C@H](O)[C@@H](O)C[C@@H](CCCCN)O)=O)=O)CNC)=O)=O)CO)O)O)=O)CNC)=O)=O	Alkaloids	Ornithine alkaloids	Polyamines	false	npclassifier.gnps2.org@2026-09-07
VVPVXDHEFAYPAR-ZZSCLJTRSA-N	C\C=C(/C)\C=C\C(=O)N[C@@H]([C@H](C)C1=CC=CC=C1)C(=O)O[C@H](C)[C@@H](C)C(O)=O	Alkaloids	Peptide alkaloids	Simple amide alkaloids	false	npclassifier.gnps2.org@2026-09-07
VWDLVQAYWYDQTI-KNOURTHNSA-N	[H][C@@]12C[C@H](O)CNN1C(=O)[C@]([H])(NC(=O)[C@@H](CC1=CC=C(OC)C=C1)NC(=O)[C@@H](NC(=O)[C@@H](NC=O)[C@H](C)CC)[C@@H](C)OC(=O)[C@H](C(C)C)N(C)C(=O)[C@H](CC(C)C)NC2=O)[C@@H](C)CC	Amino acids and Peptides|Polyketides	Oligopeptides	Cyclic peptides|Depsipeptides	false	npclassifier.gnps2.org@2026-09-07
VWMGBHVRRNKOAE-UHFFFAOYSA-N	CC1(C)CCCC2(C)C3C(O)CC2(C)C(O)C31	Terpenoids	Sesquiterpenoids	Longibornane sesquiterpenoids	false	npclassifier.gnps2.org@2026-09-07
VWQJCQPHGPHARU-MKPBVODGSA-N	C/C=C(\NC(=O)N[C@@H](CC1=CC=C(O)C=C1)C(=O)O)C(=O)NCC(=O)N[C@@H](CCCN=C(N)N)C(=O)N1CCC[C@H]1C1=NC(C(=O)N[C@@H](CCC(N)=O)C(=O)O)=CS1	Amino acids and Peptides	Oligopeptides|Small peptides	Linear peptides|Tripeptides	false	npclassifier.gnps2.org@2026-09-07
VXEJZIAQQHPIHP-BPLMESIISA-N	CC(CCCO)[C@H]1CC[C@@]2(C)[C@H]1CC[C@]1(C)[C@@H]2CC[C@@H]2[C@@]3(C)CCCC(C)(C)[C@@H]3C=C[C@@]12C	Terpenoids	Triterpenoids	Hopane and Moretane triterpenoids	false	npclassifier.gnps2.org@2026-09-07
VXPSMCORCRBNAO-TYVLEIALSA-N	C[C@H]1[C@@H](CC(=O)[C@]2([C@@]13C[C@]4(CCC([C@H]4[C@@H]3CC2)(C)C)C)C)O	Terpenoids	Diterpenoids	Cyclopiane diterpenoids	false	npclassifier.gnps2.org@2026-09-07
VXSZBEKMOUAWID-IQEALIBRSA-N	O=C([C@@H](O)[C@H](NC(C[C@@H](O)CNC(CNC([C@@H](CC1=CNC2=C1C=CC(Cl)=C2)NC(CN(C(C3)=O)C)=O)=O)=O)=O)[C@H](O)[C@@H](O)C/C=C/C4=CC=CC=C4)N[C@H](C5)[C@@]3(O)NC5=O	Amino acids and Peptides	Oligopeptides	Cyclic peptides	false	npclassifier.gnps2.org@2026-09-07
VXYKTSLHEMJALI-ABULEIRLSA-N	C/C=C(\C)/C=C(\C)/C=C/C=C(\C)/C=C/C(=O)[C@@]1(C(=O)[C@@H](NC1=O)CC2=CC=C(C=C2)O)C	Alkaloids	Tetramate alkaloids	Simple tetramate alkaloids	false	npclassifier.gnps2.org@2026-09-07
VYCDZNHSSDXACI-KZDBETSCSA-N	CCC1C[C@H]2C[C@@H]3[C@H]([C@H](O)C[C@@H]4/C=C/C(O)=C5C(=O)N[C@H](C5=O)[C@@H](O)CCNC(=O)/C=C\C[C@H]43)[C@H]2[C@@H]1C	Amino acids and Peptides|Polyketides	Macrolides	Macrocyclic tetramic acids	false	npclassifier.gnps2.org@2026-09-07
VYCDZNHSSDXACI-SGXRADKASA-N	CC[C@H]1C[C@@H]2C[C@@H]3[C@H]4C/C=C\C(=O)NCCC(C5C(=O)C(=C(/C=C/[C@@H]4C[C@@H]([C@H]3[C@@H]2[C@H]1C)O)O)C(=O)N5)O	Amino acids and Peptides|Polyketides	Macrolides	Macrocyclic tetramic acids	false	npclassifier.gnps2.org@2026-09-07
VZFRNCSOCOPNDB-GDGLACKDSA-N	OC(C(C)/C=C/C=C([C@@]1([H])CN[C@H](C(O)=O)[C@H]1CC(O)=O)/C)=O	Amino acids and Peptides	Small peptides	Aminoacids	false	npclassifier.gnps2.org@2026-09-07
VZLKLSFDPFHEHA-UHFFFAOYSA-N	CCCCCCCCCC(=O)NC(CCCN(O)C(C)=O)C1OC(=O)C(CCCN(O)C(C)=O)NC(=O)C(CCCNC(N)=O)NC(=O)C(CCCN)NC(=O)C(CO)NC(=O)C(C(O)C(=O)O)NC(=O)C1C	Amino acids and Peptides|Polyketides	Oligopeptides	Cyclic peptides|Depsipeptides|Lipopeptides	false	npclassifier.gnps2.org@2026-09-07
VZRFZUPFQKSXPV-VPFIQFBESA-N	CN1C[C@@H]2[C@@H](C[C@@H]([C@]2(C(=O)O)NC(=O)CS(=O)(=O)N)O)C(=C1)C(=O)N	Alkaloids	Peptide alkaloids	Simple amide alkaloids	false	npclassifier.gnps2.org@2026-09-07
VZUFPCHAVLFFAY-QEZWNWIZSA-N	[H][C@@]12O[C@@]11C[C@@]34SSC(C5=CC=C(OC)C(OC)=C5O)[C@@]([H])(NC3=O)C(=O)N4O[C@@]1([H])[C@H](O)C=C2	Alkaloids|Amino acids and Peptides	Peptide alkaloids	Thiodiketopiperazine alkaloids	false	npclassifier.gnps2.org@2026-09-07
VZVALLWLMRCPKH-CMUDWTDJSA-N	C[C@H](/N=[N+]([O-])/C=C\CCCCCCCCCCCC(C)C)C(OC)=O	Alkaloids	Pseudoalkaloids	Azo and Azoxy alkaloids	false	npclassifier.gnps2.org@2026-09-07
WAROMXVVDNYFEL-IKWXCPILSA-O	C/C=C(\C)/C=C/C=C/[C@H]1[C@@H]2C[C@@H]2C3=C(C=CC=[N+]13)SC[C@@H](C(=O)O)NC(=O)C	Alkaloids			false	npclassifier.gnps2.org@2026-09-07
WBQDAYWQELBEPU-UHFFFAOYSA-N	COC12C3C(OC(C)=O)C4(COC(=O)C5=C(O)C=C(C)C(C3=O)=C45)C1C(=O)C1=COC(=O)C3=C1C2=C(C)C=C3O	Polyketides	Polycyclic aromatic polyketides	Duclauxin and derivatives	false	npclassifier.gnps2.org@2026-09-07
WBVIQNAQZBSZKJ-ZETCQYMHSA-N	CC(=O)N(C(=O)NCCCC(=O)O)[C@@H](CS)C(=O)O	Amino acids and Peptides	Small peptides	Dipeptides	false	npclassifier.gnps2.org@2026-09-07
WBVNIXQEIJHNJC-YRLSNRNNSA-N	CCCCCC[C@H]([C@@H]1CC(N[C@@H](CC2=CC=CC=C2)C(N[C@@H](CC3=CC=CC=C3)C(N[C@H]([C@@H](CC)C)C(O1)=O)=O)=O)=O)C	Amino acids and Peptides|Polyketides	Oligopeptides	Cyclic peptides|Depsipeptides|Lipopeptides	false	npclassifier.gnps2.org@2026-09-07
WCPYCTRXCHJSFX-SYXZMITDSA-N	CCCCCCC\C=C(/C)\C(\O)=C1/C=C(OC1=O)C(=O)CC	Polyketides			false	npclassifier.gnps2.org@2026-09-07
WCSIGBXTLAHHJM-LXCNMOJOSA-N	CCCCCC[C@H]([C@@H]1CC(N[C@@H](CC2=CNC3=CC=CC=C32)C(N[C@@H](CC4=CC=CC=C4)C(N[C@H]([C@@H](CC)C)C(O1)=O)=O)=O)=O)C	Amino acids and Peptides|Polyketides	Oligopeptides	Cyclic peptides|Depsipeptides|Lipopeptides	false	npclassifier.gnps2.org@2026-09-07
WCZJBTAFPATOQP-SOOMBEQHSA-N	CCCCCCCCC[C@@H](O)CC(=O)NCC(=O)N[C@@H](C(=O)N[C@@H](CO)C(=O)N[C@@H](C(=O)N[C@H](CCCN(O)N=O)C(=O)N[C@@H](CO)C(=O)N[C@H](CCCN(O)N=O)C(=O)O)[C@@H](C)O)[C@@H](O)C(=O)O	Amino acids and Peptides	Oligopeptides	Linear peptides|Lipopeptides	false	npclassifier.gnps2.org@2026-09-07
WDDIDKVGAUZJRA-CGAUJLMDSA-N	C/C=C/C=C/C=C/C=C\C1=CC=CC=C1/C=C/C=C/C(=O)O				false	npclassifier.gnps2.org@2026-09-07
WDDIDKVGAUZJRA-SLWKRUQWSA-N	C/C=C/C=C\C=C\C=C/C1=CC=CC=C1/C=C/C=C\C(=O)O				false	npclassifier.gnps2.org@2026-09-07
WDFUVZRTUNQXHC-KVPIFFDFSA-N	[H][C@]12CO[C@]3([H])[C@@]1([H])C(O[C@]1(C)C\C=C\C(C)(C)C\C=C(C)\CC[C@@]31[H])=C(O)C2=O	Polyketides|Terpenoids	Meroterpenoids|Sesquiterpenoids	Humulane sesquiterpenoids|Tetraketide meroterpenoids	false	npclassifier.gnps2.org@2026-09-07
WDLIKJQSDJDSIK-ZAGGJJGYSA-N	C[C@]1(O)CC[C@H](Cl)C(C)(C)C1C[C@]23C(C4=C(C(C2=C[C@@H](Cl)C(C)(C)O3)=O)C(O)=C(C)C(O)=C4)=O	Polyketides|Terpenoids			false	npclassifier.gnps2.org@2026-09-07
WDNBUGBJVRAIKE-JGRVRNPESA-N	C[C@H]1[C@H](CC[C@@H](O1)O[C@]23C(=O)C[C@](C[C@]2(C(=CC4=C3C(=O)C5=C(C4=O)C(=C(C=C5)[C@H]6C[C@H]([C@@H]([C@H](O6)C)O)O[C@H]7CC[C@@H]([C@@H](O7)C)O[C@H]8C[C@H]([C@@H]([C@H](O8)C)O)O)O)SC)O)(C)O)O	Polyketides	Polycyclic aromatic polyketides	Angucyclines	true	npclassifier.gnps2.org@2026-09-07
WDNFMLNXGKOBJN-QWDDQTKWSA-N	CC(C)[C@H]1NC(=O)[C@@H](NC(=O)CC(O)CCCCCCCCCCCCNC(N)=N)C(C)OC(=O)[C@@H](C)NC(=O)[C@@H](CCC(N)=O)NC(=O)[C@H](NC(=O)[C@@H](NC1=O)C(C)C)[C@H](C)O	Amino acids and Peptides|Polyketides	Oligopeptides	Cyclic peptides|Depsipeptides|Lipopeptides	false	npclassifier.gnps2.org@2026-09-07
WDSXHYIKIDPMFG-JIVPKNBMSA-N	O=C([C@@]([C@@]([C@@](O[C@H]1C[C@H](OC)[C@@H](O)[C@H](C)O1)(CC)[C@@H]2O[C@@H]3C[C@H](O)[C@@H](N(C)C)[C@H](C)O3)([H])C(C(C4=C5C(C6=C(O)C=CC(O)=C6C4=O)=O)=C2C5=[N+]=[N-])=O)([H])[C@@](O[C@@H]7O[C@@H](C)[C@H](OC)[C@@H](OC)C7)(CC)[C@@H]8O[C@@H]9C[C@H](O)[C@@H](N(C)C)[C@H](C)O9)C%10=C8C=C%11C%10=C(O)C%12=C(O)C=CC(O)=C%12C%11=O	Polyketides	Polycyclic aromatic polyketides	Angucyclines	true	npclassifier.gnps2.org@2026-09-07
WEFLJOVONZPAEL-UHFFFAOYSA-N	CC(C)=CCCC1(C)OC2=C(Cl)C(=O)C3=C(O)C=C(O)C=C3C22CC(CC12)=C(C)C	Terpenoids	Meroterpenoids	Miscellaneous meroterpenoids	false	npclassifier.gnps2.org@2026-09-07
WETQRRWLMLVNIN-UUNPUGERSA-N	CC(=O)N[C@H](CS[C@H]1CC(=O)/C=C/C=C\C2=COC(=N2)/C([C@H]2CO2)=N\OC(=O)C[C@@]2([C@@]3(C(=O)O)CO3)CC[C@]1(C)S2)C(=O)O				false	npclassifier.gnps2.org@2026-09-07
WEVFPBZIWNINHC-FUGRQLTRSA-N	C/C=C/1\C(=O)N2CCC[C@H]2C(=O)N[C@H](C(=O)N([C@H](C(=O)OC[C@@H](C(=O)N[C@H](C(=O)N[C@@H](C(=O)N3CCC[C@H]3C4=N[C@@H](CS4)C(=O)N1)CC(C)C)C)O)C(C)C)C)	Amino acids and Peptides|Polyketides	Oligopeptides	Cyclic peptides|Depsipeptides	false	npclassifier.gnps2.org@2026-09-07
WEWBWVMTOYUPHH-QHAQEBJBSA-N	CC[C@](C)(C#N)O[C@H]1[C@@H]([C@H]([C@@H]([C@H](O1)CO)O)O)O	Amino acids and Peptides	Amino acid glycosides	Cyanogenic glycosides	true	npclassifier.gnps2.org@2026-09-07
WEWLCTMCQLEOGR-JZIGKVSUSA-N	OCC(NC(CC(CCCC/C(C)=C/C(C/C=C/C=C/C(C)=C/C)C)=O)=O)CC1=CC=C(O)C=C1	Polyketides	Linear polyketides	Open-chain polyketides	false	npclassifier.gnps2.org@2026-09-07
WEYMCLHINHRVQL-XGXNYEOVSA-N	CC(COP(O)(OP(O)(OC[C@@H]1[C@@H](OP(O)(O)=O)[C@@H](O)[C@H](N2C=NC3=C(N)N=CN=C32)O1)=O)=O)([C@@H](O)C(NCCC(NCCSC(C(CC=C)C(O)=O)=O)=O)=O)C	Fatty acids	Fatty esters	Fatty acyl CoAs	false	npclassifier.gnps2.org@2026-09-07
WEZZHODHNYWVJY-UHFFFAOYSA-N	OC1=C(C=C(Cl)C=C1Cl)C(=O)C1=CC(Cl)=C(Cl)N1	Alkaloids	Proline alkaloids	Pyrrole alkaloids	false	npclassifier.gnps2.org@2026-09-07
WFCKUURGYDSXHH-NFFVHWSESA-M	NCCOP([O-])(OCC(OC(CCCCCCCCCCCC(C)C)=O)CO/C=C\CCCCCCCCCCC(C)C)=O	Fatty acids	Glycerophospholipids	Glycerophosphoethanolamines	false	npclassifier.gnps2.org@2026-09-07
WFFPORSPDSBCLL-JTQLQIEISA-N	[H][C@@]12CC(CC)=CN1C(=O)C1=CC=C(OC)C(O)=C1NC2=O	Alkaloids	Anthranilic acid alkaloids	Benzodiazepine alkaloids	false	npclassifier.gnps2.org@2026-09-07
WFKYQJAZFRLVJR-DNMXLFBCSA-N	C[C@H]1CC[C@@H]([C@H]([C@H](C[C@H]([C@H](/C=C/[C@H]([C@H](C(=O)O[C@@H]([C@H](/C=C/C=C/[C@H]([C@H]([C@@H](C[C@H](C[C@@H](C[C@@H]2C[C@@H]([C@H]([C@@](O2)(C[C@H]1OC(=O)CC(=O)O)O)O)O)OC(=O)CC(=O)O)O)O)C)O)C)[C@@H](C)C[C@@H](C)CCC/C=C/CCCNC(=NC)N)C)O)C)O)O)C)O	Polyketides	Macrolides	Macrolide lactones	true	npclassifier.gnps2.org@2026-09-07
WFOPIRXUIQRPQI-JWGLGNDASA-N	O=C(N[C@@H]1C(N[C@@H](C(N[C@H](C(NCC(N[C@H](C(N[C@H](C(NCC(N[C@H](C(N[C@H](C(OC1C)=O)C(C)C)=O)Cc2ccc(O)cc2)=O)=O)CC(O)=O)=O)CC(N)=O)=O)=O)CC(O)=O)=O)CCC(N)=O)=O)CCCCCCCCCCCCC	Amino acids and Peptides|Polyketides	Oligopeptides	Cyclic peptides|Depsipeptides|Lipopeptides	false	npclassifier.gnps2.org@2026-09-07
WFQBWWYLMSACAV-UHFFFAOYSA-N	CC(C)C1C2CCCCCCCCC3=NC(=C2C4=C(C=C(N4)C5=CC=CN5)OC)C1=C3	Alkaloids	Proline alkaloids	Prodigiosins	false	npclassifier.gnps2.org@2026-09-07
WFYLTIMBLPIRRU-UHFFFAOYSA-N	C1=CC(=C2C(=C1)N=C3C(=N2)C=CC=C3CO)CO	Alkaloids	Anthranilic acid alkaloids	Phenazine alkaloids	false	npclassifier.gnps2.org@2026-09-07
WGALLPIJABPILU-MUUXAGPVSA-N	[H][C@]12[C@@H]3O[C@@H]3CCN1[C@@H](\C=C(/C)\C=C\C1CC1)[C@H](O)[C@@]2(C)O	Alkaloids	Lysine alkaloids	Indolizidine alkaloids	false	npclassifier.gnps2.org@2026-09-07
WGMNUJNCGZFZPD-GZALTDKGSA-N	C[C@H]1C2=C(C3=C(C=C2C[C@@H](O1)CC(=O)O)C(CCC3=O)O)O	Polyketides	Naphthalenes	Naphthoquinones	false	npclassifier.gnps2.org@2026-09-07
WGOVZMUSMHDYFQ-KUSJVTOFSA-N	CC(=O)N(O)CCC[C@@H](NC(=O)[C@H](CCO)NC(=O)[C@@H](CCCNC(N)=O)NC(=O)[C@H](CO)NC(=O)[C@H](NC(=O)CNC(=O)[C@H](CCO)NC(=O)[C@@H](CO)NC(=O)[C@H](CC(=O)O)NC(=O)C1CCN2C(=O)[NH]C3=C2N1C1=CC(=O)C(O)=CC1=C3)[C@@H](O)C(=O)O)C(=O)N[C@H]1CCOC1=O	Amino acids and Peptides	Oligopeptides	Linear peptides	false	npclassifier.gnps2.org@2026-09-07
WHAFMBGEXOXIEI-INIZCTEOSA-N	CC(=O)N[C@@H](CSCCC1=C2C(=CC(=N1)C(=O)O)C3=CC=CC=C3N2)C(=O)O	Alkaloids	Tryptophan alkaloids	Carboline alkaloids	false	npclassifier.gnps2.org@2026-09-07
WHIKSLGSXKIHCA-QJJXMMRLSA-N	CC/C(=C\1/C(=O)O[C@@H]([C@@H](C(=O)N[C@H]([C@@H]([C@H](C(=O)O1)C)O)CC2=CN=CC=C2)NC(=O)C3=C(C=CC=N3)O)C)/C	Alkaloids	Nicotinic acid alkaloids	Pyridine alkaloids	false	npclassifier.gnps2.org@2026-09-07
WIFLZTQPWWGHBD-PZKQBHIFSA-N	CC(C)CC1NC(=O)[C@H](CC2=CN=C[NH]2)N=C1N[C@@H](CO)C(=O)N[C@@H](C)C(=O)N[C@H](C(=O)N[C@@H](CC1=CN=C[NH]1)C(=O)O)[C@@H](C)O	Amino acids and Peptides	Small peptides	Tripeptides	false	npclassifier.gnps2.org@2026-09-07
WIIZWVCIJKGZOK-UHFFFAOYSA-N	OCC(NC(=O)C(Cl)Cl)C(O)C1=CC=C(C=C1)N(=O)=O	Alkaloids	Peptide alkaloids	Simple amide alkaloids	false	npclassifier.gnps2.org@2026-09-07
WIKWOGJGVQUVBW-UHFFFAOYSA-N	COC(=O)C1=C2C(=CN1)C3=C(C4=C2C5=CC=CC=C5N4)NC6=C3C=CC(=C6)O	Alkaloids	Tryptophan alkaloids	Carbazole alkaloids|Carboline alkaloids	false	npclassifier.gnps2.org@2026-09-07
WILMROCKORZEMQ-AIUMZUNXSA-N	COC[C@@H](C[C@H]1O[C@@](O)([C@H](O)[C@@H]2C[C@H](OC)[C@@H](O)CC\C=C(/C)\C=C\[C@@H](O[C@@H]3O[C@@H](C)[C@H](OC)[C@@H](O)[C@@H]3O)[C@H](C)\C=C(/C)\C=C(/C)\C=C(C)\C(=O)O2)[C@H](C)[C@@H](O)[C@H]1C)O[C@H]1C[C@](C)(O)[C@@H](O[C@H]2C[C@@H](OC)[C@H](O)[C@@H](C)O2)[C@H](C)O1	Polyketides	Macrolides	Macrolide lactones	true	npclassifier.gnps2.org@2026-09-07
WIQQJJJLRHWSIE-UHFFFAOYSA-N	CC1CC(=O)NC(CCCN(O)C=O)C(O)CC(=O)NC(C(C)O)C(=O)NC(CCCN)C(=O)NC(CO)C(=O)NC(C(O)C(=O)O)C(=O)O1	Amino acids and Peptides|Polyketides	Oligopeptides	Cyclic peptides|Depsipeptides	false	npclassifier.gnps2.org@2026-09-07
WITUCWDZFNOOOS-BJLXPSRBSA-N	CC1=C(C(=CC(=C1Cl)OC)OC)C2=CC(=CC3=C2C(=O)[C@@]4([C@H](C3)C(C5=C(C4=O)C(=C(C(=C5Cl)O)Cl)O)(C)C)O)OC	Polyketides	Polycyclic aromatic polyketides	Fasamycins and derivatives	false	npclassifier.gnps2.org@2026-09-07
WJLHNBLWQUYSAS-PUVJKWOHSA-N	CC1=C(OC(=O)C(=C1O)C[C@@H]2C(=C)CC[C@@H]3[C@@]2(CC[C@@H]4[C@]3(CC[C@H](O4)C(C)(C)O)C)C)C	Polyketides|Terpenoids	Meroterpenoids	Triketide meroterpenoids	false	npclassifier.gnps2.org@2026-09-07
WJLHNBLWQUYSAS-VDCPFADWSA-N	CC1=C(OC(=O)C(=C1O)C[C@@H]2C(=C)CC[C@@H]3[C@@]2(CC[C@@H]4[C@]3(CC[C@@H](O4)C(C)(C)O)C)C)C	Polyketides|Terpenoids	Meroterpenoids	Triketide meroterpenoids	false	npclassifier.gnps2.org@2026-09-07
WJOASKOPJZDBAH-WKBCHECCSA-N	CC[C@@H]1[C@@]([C@@H]([C@H](C(=O)[C@@H](C[C@@]([C@@H]([C@H]([C@@H]([C@H](C(=O)O1)C)O[C@H]2C[C@@]([C@H]([C@@H](O2)C)OC(=O)C)(C)O)C)O[C@H]3[C@@H]([C@H](C[C@H](O3)C)N(C)C)O)(C)O[C@H]4C[C@H]([C@H]([C@@H](O4)C)O)N(C)C)C)C)O)(C)O	Polyketides	Macrolides	Erythromycins	true	npclassifier.gnps2.org@2026-09-07
WJODOJHXITXKOU-KNTRCKAVSA-N	CCCCCCCCCCCC(=O)N/C(=C/C1=CC(C)=C(O)C=C1)C(=O)O	Alkaloids|Amino acids and Peptides	Peptide alkaloids|Small peptides	Aminoacids|Simple amide alkaloids	false	npclassifier.gnps2.org@2026-09-07
WJODOJHXITXKOU-MNDPQUGUSA-N	CCCCCCCCCCCC(=O)N/C(=C\C1=CC(C)=C(O)C=C1)C(=O)O	Alkaloids|Amino acids and Peptides	Peptide alkaloids|Small peptides	Aminoacids|Simple amide alkaloids	false	npclassifier.gnps2.org@2026-09-07
WKDDRNSBRWANNC-LPBDRPKESA-N	C[C@@H](O)C1[C@H]2CC(SCCN)=C(N2C1=O)C(O)=O	Amino acids and Peptides	β-lactams	Carbapenems	false	npclassifier.gnps2.org@2026-09-07
WKGQSEFBQTWRPT-UUPRNIFOSA-N	CCCCCC1=C(NC(=C1)/C=C\2/C(=C/C(=C/3\C=CC=N3)/N2)OC)C	Alkaloids	Proline alkaloids		false	npclassifier.gnps2.org@2026-09-07
WKNFBFHAYANQHF-HPBAPGONSA-N	CNC(CC(C)C)C(=O)NC1C(O)C2=CC=C(OC3=C(OC4O[C@H](CO)C(O)[C@H](O)C4O)C4=CC(=C3)C(NC(=O)C(CC(N)=O)NC1=O)C(=O)NC1C3=CC(=C(O)C=C3)C3=C(O)C=C(O)C=C3C(NC(=O)C(NC1=O)C(OC1C[C@](C)(N)C(=O)C(C)O1)C1=CC=C(O4)C(Cl)=C1)C(O)=O)C(Cl)=C2	Amino acids and Peptides	Oligopeptides	Vancomycins and Teicoplanins	true	npclassifier.gnps2.org@2026-09-07
WKPWGQKGSOKKOO-RSFHAFMBSA-N	C[C@@H]1[C@@H]2C[C@]([C@@H](/C=C/C=C(/CC3=CC(=C(C(=C3)OC)Cl)N(C(=O)C[C@@H]([C@]4([C@H]1O4)C)OC(=O)[C@H](C)N(C)C(=O)C)C)\C)OC)(NC(=O)O2)O	Polyketides	Macrolides	Ansa macrolides	false	npclassifier.gnps2.org@2026-09-07
WKTLNJXZVDLRTJ-PCNYYULESA-N	C[C@@H](O)C[C@@H](O)[C@H](C)\C=C(/C)C[C@H](C)[C@H]1C\C=C(C)/C[C@H](C)[C@H](CCCC(=O)O1)OC(=O)\C=C\C(\C)=C\C(\C)=C\C=C\C(\C)=C\[C@H](O)[C@@H](O)C[C@H](C)O	Polyketides	Linear polyketides	Open-chain polyketides	false	npclassifier.gnps2.org@2026-09-07
WKYLONYSKYXJSJ-UJGPGMDKSA-N	CC[C@H](C)[C@@H]1NC(=O)[C@@H](N)CC2=CC(=C(OC)C=C2)C2=C(O)C3=CC(=C2)C[C@H](NC1=O)C(=O)N[C@H](C(=O)O)CC1=CC=C(C=C1)O3	Amino acids and Peptides	Oligopeptides	Cyclic peptides	false	npclassifier.gnps2.org@2026-09-07
WLNNYKMTYVPSDL-VYDKEIKOSA-N	CC(N[C@@H](CCN[C@H](CC1=CN=C[NH]1)C(=O)O)C(=O)O)C(=O)O	Amino acids and Peptides	Small peptides	Aminoacids|Tripeptides	false	npclassifier.gnps2.org@2026-09-07
WLPOYIWCPMYYGM-KGRKPJGKSA-N	C/C=C(/CO)\C1=C([C@](C[C@]1(C)CO)(C)CO)C=C	Terpenoids	Sesquiterpenoids	Botryane sesquiterpenoids	false	npclassifier.gnps2.org@2026-09-07
WLQXISHGKXGNFV-UHFFFAOYSA-N	CC(C)=CCC1=CC=CC2=NC3=CC=CC(C(O)=O)=C3N=C12	Alkaloids	Anthranilic acid alkaloids	Phenazine alkaloids	false	npclassifier.gnps2.org@2026-09-07
WLZSJRZITZLEPW-UHFFFAOYSA-N	CC(C)CC1=CN=C(C(=O)N1)C(C)C	Alkaloids|Amino acids and Peptides	Tetramate alkaloids|Peptide alkaloids	Pyrazine and Piperazine alkaloids	false	npclassifier.gnps2.org@2026-09-07
WMEKNEKHVSSIHM-COFQHNAASA-N	CON=C/C=C/C(=O)NC=CC[C@H]1C[C@@H](O)[C@H]2O[C@H]2[C@@H](O)C=CC2=C(C(=O)O1)C(O)=CC=C2	Polyketides	Macrolides	Zearalenones	false	npclassifier.gnps2.org@2026-09-07
WMEKNEKHVSSIHM-ZNNZSDNQSA-N	CON=C/C=C\C(=O)NC=CC[C@H]1C[C@@H](O)[C@H]2O[C@H]2[C@@H](O)C=CC2=C(C(=O)O1)C(O)=CC=C2	Polyketides	Macrolides	Zearalenones	false	npclassifier.gnps2.org@2026-09-07
WMGXUPPNMLYHPN-GJIXPYCQSA-N	[H][C@@]12CC[C@@]3(C)\C([C@H](C[C@]3(C)[C@@]1(C)[C@H](OC(C)=O)C(=O)[C@@]1([H])[C@H](C)C(=O)C=C[C@]21C)OC(C)=O)=C(/CC=C(C)C)C(O)=O	Terpenoids	Triterpenoids	Fusidane triterpenoids	false	npclassifier.gnps2.org@2026-09-07
WMJODBDPGQNYNL-TVIYGZMDSA-N	C[C@@H]1/C=C\C=C\C=C/C=C\C=C\C(=O)/C=C2\O[C@](C)(/C=C/C=C\C=C/C(=O)NC1)[C@@H](O)[C@@H]2O	Amino acids and Peptides|Polyketides	Macrolides	Macrolide lactams	false	npclassifier.gnps2.org@2026-09-07
WNBVGSNESTZACV-LBPRGKRZSA-N	OC[C@H](CCCCNC(=O)C1=CC=CC(O)=C1O)NC(=O)C1=CC=CC(O)=C1O	Alkaloids	Ornithine alkaloids	Polyamines	false	npclassifier.gnps2.org@2026-09-07
WNKLVRDIRPADMZ-SSDOTTSWSA-N	CC=CC(=O)NC1=CC(=O)[C@H]2CCN12	Alkaloids			false	npclassifier.gnps2.org@2026-09-07
WNNUBADUWBMWKO-CSQDBYODSA-N	COC1=C(C(=O)C2=C(C1=O)[C@H]3N[C@H](C(=O)N3C(C2)C(=O)N[C@@H](CC(CO)CO)C(=O)O)CC4=CNC5=CC=CC=C54)O	Amino acids and Peptides			false	npclassifier.gnps2.org@2026-09-07
WOCMOPRAFKEPAY-BYNJWEBRSA-N	OC1=C(CCCCCCCCCCCCC(C)CC)C=C(OC/C=C(CC/C=C(C)/C)\C)C=C1OC	Terpenoids			false	npclassifier.gnps2.org@2026-09-07
WOFFENQLRMDHKE-VHWRYTFUSA-N	CC[C@@H]1OC(=O)[C@H](C)C(=O)[C@](O)(CO)C\C(OC)=C\[C@@H](C)CC(=C)\C=C1/C	Polyketides	Macrolides	Erythromycins	false	npclassifier.gnps2.org@2026-09-07
WOGFDKAZQFMVBX-AJSBUHFISA-N	CC(=O)N(C)[C@H]1[C@@H](C2=CN(C3=C2C(=CC=C3)O)C(=O)C4=CC=CC=C4NC(=O)[C@@H]5CCCN5C1=O)O	Alkaloids|Amino acids and Peptides			false	npclassifier.gnps2.org@2026-09-07
WOISDAHQBUYEAF-QIQXJRRPSA-N	CC[C@@H](C)[C@H]([C@H](C)C(=O)[C@H](C)/C=C(\C)/C[C@H](C)[C@H]1[C@@H](C(=O)O1)C)O	Polyketides	Linear polyketides	Open-chain polyketides	false	npclassifier.gnps2.org@2026-09-07
WOUDXEYYJPOSNE-VKZDFBPFSA-N	[H][C@](O)([C@@](C)(O)CO)[C@@]12NC(=O)[C@@](O)(NC1=O)C(=C)CCO2	Alkaloids|Amino acids and Peptides			false	npclassifier.gnps2.org@2026-09-07
WPICPWIIIBCXCV-NJGWPHBESA-N	[H][C@](C)(NC(=O)C1=C(O)C2=C(C=C1C)[C@H](O[C@@H]1O[C@H](C)[C@H](NC)[C@H](O[C@@H]3OC[C@@H](O)[C@H](O)[C@H]3O)[C@H]1O)[C@@H](O)C1=CC3=C(C(O)=C21)C(=O)C1=C(C(O)=CC(OC)=C1)C3=O)C(O)=O	Polyketides	Polycyclic aromatic polyketides	Angucyclines	true	npclassifier.gnps2.org@2026-09-07
WPLOVIFNBMNBPD-UHFFFAOYSA-N	NC(CC1=CNC2=C1C=CC=C2)C(NC(CCCCN)C(NC(CSCC(C(NC(C5C)C(N4C(C(NC([H])C(NC(CS5)C(NC(C(C)C)C(NC(C6C)C(NC([H])C(NC(C)C(NC(CC(C)C)C(NC(CCC(N)=O)C(NC(C(NC(CS6)C(NC(CC7=CC=CC=C7)C(NC(CC(C)C)C(NC(CCC(N)=O)C(NC(C8C)C(NC(CC(C)C)C(NC(C9C)C(NC(CS8)C(NC(CC(N)=O)C(NC(CS9)C(NC(CCCCN)C(NC(C(CC)C)C(NC(C(NC(CCCCN)C(O)=O)=O)=C)=O)=O)=O)=O)=O)=O)=O)=O)=O)=O)=O)=O)=O)=CC)=O)=O)=O)=O)=O)=O)=O)=O)=O)CCC4)=O)=O)NC3=O)C(NC(CCC(O)=O)C(NC(C(NC3CC(C)C)=O)=C)=O)=O)=O)=O	Amino acids and Peptides	Oligopeptides	RiPPs-Lanthipeptides	false	npclassifier.gnps2.org@2026-09-07
WPMGNXPRKGXGBO-OFQQMTDKSA-N	C[C@H]1/C=C/[C@H]([C@H](CCCC[C@H](OC(=O)[C@H]([C@@]2([C@@H]([C@H]([C@@H]([C@H]1O2)C)O)OC)O)C)C3=CC=CC=C3)OC)OC	Polyketides	Macrolides	Macrolide lactones	true	npclassifier.gnps2.org@2026-09-07
WPTNAUSWAFRXSQ-UHFFFAOYSA-N	CC1=C2C(=CO1)C(=O)C3=C(C2=O)C(=C(C(=C3O)O)OC)O	Polyketides	Naphthalenes	Naphthoquinones	false	npclassifier.gnps2.org@2026-09-07
WQBJMULJHJGKBM-MSRGAVKGSA-N	C/C=C/CCC(=O)C1=C([C@]2([C@H]3/C(=C(\C=C\C=C\C)/O)/C(=C(C(=O)[C@]3(O[C@]2([C@@](C1=O)(C)O)O)C)C)O)C)O	Polyketides	Aromatic polyketides	Sorbicilinoids	true	npclassifier.gnps2.org@2026-09-07
WQBVZBBQNNMLLX-YFFNFLMJSA-N	C[C@H]1[C@H]([C@H]([C@@H]([C@H](O1)OC2=CC=C(C=C2)/C=C/[N+]#[C-])O)O)NC(=O)C				true	npclassifier.gnps2.org@2026-09-07
WQENHTBYSXNZOC-QOFKYMNVSA-N	CC(=O)N[C@H]1[C@@H](OC/C(CO)=C2\CC(C)(C)C[C@H]3[C@@H](C)CC[C@H]23)O[C@H](CO)[C@@H](O)[C@@H]1O	Terpenoids	Sesquiterpenoids		true	npclassifier.gnps2.org@2026-09-07
WQVGBSKXYMJWPC-MHJWUGSZSA-N	CCCCCC1=NN(C(=O)CCOC(=O)[C@H](C)OC(=O)C/C=C/CCCCCCCC(Cl)Cl)O[C@H](CCCCC)C1				false	npclassifier.gnps2.org@2026-09-07
WQVJHHACXVLGBL-NARAKGNPSA-N	CCC(C)CCCCC(=O)N[C@@H](CCN)C(=O)N[C@@H]([C@@H](C)O)C(=O)N[C@@H](CCN)C(=O)N[C@H]1CCNC(=O)[C@@H](NC(=O)[C@@H](NC(=O)[C@@H](NC(=O)[C@@H](NC(=O)[C@H](NC(=O)[C@@H](NC1=O)CCN)CC2=CC=CC=C2)CC(C)C)CCN)CCN)[C@@H](C)O	Amino acids and Peptides	Oligopeptides	Cyclic peptides|Lipopeptides	false	npclassifier.gnps2.org@2026-09-07
WQXNXVUDBPYKBA-YFKPBYRVSA-N	CC1=NCC[C@H](N1)C(=O)O	Amino acids and Peptides	Small peptides	Aminoacids	false	npclassifier.gnps2.org@2026-09-07
WRARFMLYIOUCLD-LHTGRSOQSA-N	[H]C(Br)CCC[C@H]1CCCC[C@H](C)[C@@H](OC(N)=O)C2=CC(O)=C([C@@H](CCCC([H])Br)CCCC[C@H](C)[C@@H](OC(N)=O)C3=CC(O)=C1C(O)=C3)C(O)=C2	Polyketides	Alkylresorcinols	Dialkylresorcinols	false	npclassifier.gnps2.org@2026-09-07
WRAVXSOFTDSTQL-AXJSPUEBSA-N	CC=C(C)[C@@H]([C@@H]([C@H]1[C@H]([C@@H]([C@H](CCCC[C@H]2[C@@](O2)([C@@H]3[C@H]([C@@H]4[C@@H](C[C@@H](C[C@@H]4[C@@H]5[C@H]3O5)C)C)C(=C6C(=O)CN1OC6=O)O)C)C)O)O)O)O	Polyketides			false	npclassifier.gnps2.org@2026-09-07
WRGXHKIMQGIAGX-CTSXJKPTSA-N	C[C@@H]1[C@H](C[C@@H]2[C@]3(CC[C@@H]([C@@]([C@@H]3CC[C@@]2([C@H]1CCO)C)(C)COC(=O)C4=C(C=CC(=C4)Cl)NC)O)C)OC	Terpenoids	Diterpenoids	Labdane diterpenoids	false	npclassifier.gnps2.org@2026-09-07
WRQCDTBWGNVZFM-RZNIIMBFSA-N	CCCCCCCCCC(O)CC(=O)N[C@H](C(=O)N[C@H](CO)C(=O)NCC(=O)N[C@H](CO)C(=O)N[C@@H](CO)C(=O)N[C@H](C(=O)N[C@@H](C(=O)N[C@@H](CO)C(=O)N[C@H]1CCCN(O)C1=O)[C@@H](C)O)[C@@H](O)C(=O)O)[C@H](O)C(=O)O	Amino acids and Peptides	Oligopeptides	Linear peptides|Lipopeptides	false	npclassifier.gnps2.org@2026-09-07
WRRADDIJVYJTHS-YQMKTEAKSA-N	CC(NC(CC1=CC=C(O)C=C1)C(NC(CCC(O)=O)C(NC2C(NC(C(NC(C(NC(C(N3C(C(N[C@@H](COC(CCC4NC(C(N5)CC6=CNC7=CC=CC=C67)=O)=O)C(NC(CC(OC2)=O)C5=O)=O)=O)CCC3)=O)CC(C=C8)=CC=C8O)=O)CCCCNC(CCC(NC4=O)C(NC(CC9=CC=C(O)C=C9)C(O)=O)=O)=O)=O)CCCNC(N)=N)=O)=O)=O)=O	Amino acids and Peptides	Oligopeptides	Cyclic peptides	false	npclassifier.gnps2.org@2026-09-07
WRXAWETXNFOKFQ-VSGXLYRTSA-N	COC1=C(C[C@H]2NC(=O)[C@@H](NC(=O)[C@@H](NC(=O)[C@H](CC(C)C)NC(=O)[C@@H](CC3=CC=C(O)C=C3)NC(=O)[C@H](CC3=CC=C(O)C=C3)NC(=O)NC(=O)O)[C@@H](O)C(=O)O)COC(=O)CNC(=O)[C@H](CC(C)C)NC2=O)C=CC(O)=C1	Amino acids and Peptides	Oligopeptides	Cyclic peptides|Depsipeptides	false	npclassifier.gnps2.org@2026-09-07
WSBASKMWDAUNEI-OGOUPESXSA-N	C[C@@H]1C/C=C/CCCCC(=O)CC2=CC(=CC(=C2C(=O)O1)O)O	Polyketides	Macrolides	Zearalenones	false	npclassifier.gnps2.org@2026-09-07
WSCOCOSDPASNLN-KWFINCGOSA-N	CCCCCCCCCCC[C@H]1CC(=O)N2CCC[C@H]2C(=O)N[C@@H](C(=O)N3CCC[C@@H]3C(=O)N[C@@H](C(=O)N[C@@H](C(=O)N[C@H](C(=O)N4CC[C@H]([C@H]4C(=O)N[C@@H](C(=O)O1)[C@@H](C(=O)O)O)O)CO)[C@@H](C(=O)O)O)CCCN=C(N)N)CO	Amino acids and Peptides|Polyketides	Oligopeptides	Cyclic peptides|Depsipeptides|Lipopeptides	false	npclassifier.gnps2.org@2026-09-07
WSDCKSMAFSJOAH-ASRQIJNFSA-N	CC1C(=O)/C(=C/[C@@H]2[C@H](CCC3=C(O2)C(=CC(=C3)O)NC1=O)O)/C	Polyketides	Macrolides	Ansa macrolides	false	npclassifier.gnps2.org@2026-09-07
WSTRDWSKWNQIIM-FNDDQVHMSA-N	C[C@H]1C[C@@H]([C@@H]([C@@H]2[C@@H]1[C@]3([C@@H](C=C2)/C(=C\C[C@@H](/C(=C/[C@@H]4[C@H](C=C(CC45C(=O)C(=C(O5)O)C3=O)C=O)O)/C)O[C@H]6C[C@]([C@H]([C@H](O6)C)NC(=O)OC)(C)[N+](=O)[O-])/C)C)O)C	Polyketides	Macrolides	Spirotetronate macrolides	true	npclassifier.gnps2.org@2026-09-07
WSUGGLXIPUHOSG-QOMLVTEJSA-N	[H][C@]12C[C@@H](C)[C@@H](CC)[C@]1([H])C=C[C@]1([H])[C@H]3C\C=C/C(=O)NCCC[C@@H]4NC(=O)C(=C4O)C(=O)\C=C\[C@@H]3C[C@]21[H]	Amino acids and Peptides|Polyketides	Macrolides	Macrocyclic tetramic acids	false	npclassifier.gnps2.org@2026-09-07
WTHPKNLNQHMHLV-UHFFFAOYSA-N	COC(=O)C1=C(C(=CN1C)C1=CNC2=CC=C(Cl)C=C12)C1=CNC2=CC=C(Cl)C=C12	Alkaloids	Tryptophan alkaloids	Simple indole alkaloids	false	npclassifier.gnps2.org@2026-09-07
WTIJXIZOODAMJT-DHFGXMAYSA-N	CC1=CC=C(N1)C(=O)O[C@H]2[C@H]([C@@H](OC([C@@H]2OC)(C)C)OC3=C(C4=C(C=C3)C(=C(C(=O)O4)NC(=O)C5=CNC(=C5C)C(=O)NC6=C(C7=C(C(=C(C=C7)O[C@H]8[C@@H]([C@@H]([C@H](C(O8)(C)C)OC)OC(=O)C9=CC=C(N9)C)O)C)OC6=O)O)O)C)O	Shikimates and Phenylpropanoids	Coumarins	Simple coumarins	true	npclassifier.gnps2.org@2026-09-07
WTINGRXDSLFUKC-GGENCQROSA-N	CCCCCCC[C@@H](O)CC(N[C@H](CC(C)C)C(N[C@H](CC(O)=O)C(N[C@@H](C(N[C@@H]([C@H](C)CC)C(N[C@@H](C(N[C@H](CCC(N)=O)C(N[C@@H](C(N[C@H]1CC(C)C)=O)COC([C@H]([C@H](CC)C)NC([C@@H](CO)NC([C@H](CC(C)C)NC1=O)=O)=O)=O)=O)=O)CC(C)C)=O)=O)CCC(N)=O)=O)=O)=O	Amino acids and Peptides|Polyketides	Oligopeptides	Cyclic peptides|Depsipeptides|Lipopeptides	false	npclassifier.gnps2.org@2026-09-07
WTMASHWTLVHXAV-OQOVWUBXSA-N	CCCC1OC1C(=O)N[C@@H](CO)C(=O)N[C@H]1[C@@H](C)OC(=O)[C@H](CC2=CNC3=C2C=CC=C3)NC(=O)[C@@H](NC(=O)[C@H](NC(=O)CNC(=O)[C@H](CC(O)=O)NC(=O)[C@H](NC(=O)[C@H](CC(O)=O)NC(=O)[C@H](CC(O)=O)NC(=O)[C@@H](CC2=CNC3=C2C=CC=C3)NC1=O)C1=CC=C(O)C=C1)[C@H](OP(O)(O)=O)C(N)=O)C(C)CC(O)=O	Amino acids and Peptides|Polyketides	Oligopeptides	Cyclic peptides|Depsipeptides	false	npclassifier.gnps2.org@2026-09-07
WTPCCOAKKCTBIB-PLYROHNOSA-N	O=C(NC(C(O)=O)C)C1=CSC(C2=CSC(C3=NC(C4=CSC(C(CSC(C5=CNC6=C5C=CC=C6)=O)NC7=O)=N4)=C(C8=NC(C(NC(C(C)O)C(N/C(C9=NC(C(NC(C%10=NC7CS%10)C(O)C)=O)=CS9)=C\C)=O)=O)=CS8)C=C3)=N2)=N1	Amino acids and Peptides	Oligopeptides	Cyclic peptides|RiPPs-Thiopeptides	false	npclassifier.gnps2.org@2026-09-07
WUAWZDOENUVJNH-VTLKVFOBSA-N	C/C=C/C[C@H]1C(=O)N[C@H](C(=O)N([C@H](C(=O)N[C@H](C(=O)N[C@H](C(=O)N([C@H]2C[C@@H]([C@H](N(C2=O)[C@H](C(=O)N1)CC(C)C)O)C)C)C)CC3=CC(=C(C=C3)O)[N+](=O)[O-])CC(C)C)C)CC4=CN(C5=CC=CC=C54)C(C)(C)C=C	Amino acids and Peptides	Oligopeptides	Cyclic peptides|Depsipeptides	false	npclassifier.gnps2.org@2026-09-07
WUJTXMVGXDQPNN-OTQKCRDJSA-N	NCCC[C@H](N)CC(=O)NCCC[C@H](N)CC(=O)NCCC[C@H](N)CC(=O)N[C@@H]1[C@H](O)[C@@H](OC(N)=O)[C@@H](CO)O[C@H]1\N=C1\N[C@H]2[C@H](N1)C(=O)NC[C@H]2O	Carbohydrates	Nucleosides	Streptothricins and derivatives	false	npclassifier.gnps2.org@2026-09-07
WUPSJTQKGFMDON-QCTZMLGRSA-N	CC[C@H](C)CCCCCCCCCCC(=O)N[C@H]1C[C@@H]([C@@H](NC(=O)[C@H]2[C@@H]([C@@H](CN2C(=O)[C@H](NC(=O)[C@@H](NC(=O)[C@@H]3C[C@@H](CN3C(=O)[C@H](NC1=O)[C@H](C)O)O)[C@H]([C@H](C4=CC=C(C=C4)O)O)O)CO)C)O)O)O	Amino acids and Peptides	Oligopeptides	Cyclic peptides	false	npclassifier.gnps2.org@2026-09-07
WURHYYVGSNJERR-FXIZTZTPSA-N	CC(C)C[C@@H]1NC(=O)[C@@H]2CC(=O)O[C@H](C)[C@H](NC(=O)[C@H](CC3=C[NH]C4=CC=CC=C34)NC(=O)[C@@H]3CCCN3C(=O)[C@@H](NC(=O)[C@H](CCC(=O)O)NC(=O)[C@@H](NC(=O)CNC(=O)[C@H](CCC(=O)O)NC(=O)[C@@H](NC(=O)[C@H](C)N)[C@@H](C)O)[C@@H](C)O)C(C)C)C(=O)N[C@@H](CC3=CC=C(O)C=C3)C(=O)N[C@H]3CCCCNC(=O)C[C@@H](C(=O)N[C@@H](CCCNC(=N)N)C(=O)O)NC(=O)[C@H](CCC(=O)OC[C@H](NC(=O)[C@@H]4CCCC4C(=O)[C@H](CC4=CC=CC=C4)NC3=O)C(=O)N2)NC1=O	Amino acids and Peptides	Oligopeptides	Cyclic peptides|Depsipeptides|RiPPs-Lanthipeptides|RiPPs-Lasso peptides	false	npclassifier.gnps2.org@2026-09-07
WURUSNYKHDFEDN-IWJSOISVSA-N	C/C=C(\C)[C@@H]1C(C)=C[C@]2(C)C[C@H](C)CC[C@H]2[C@@H]1C(=O)C1=C[C@@](CC2=CC=CC=C2)(OC)NC1=O	Amino acids and Peptides|Polyketides	Cyclic polyketides	3-Decalinoyltetramic acids	false	npclassifier.gnps2.org@2026-09-07
WURUSNYKHDFEDN-JJOBWUIXSA-N	C/C=C(\C)[C@@H]1C(C)=C[C@]2(C)C[C@H](C)CC[C@H]2[C@@H]1C(=O)C1=C[C@](CC2=CC=CC=C2)(OC)NC1=O	Amino acids and Peptides|Polyketides	Cyclic polyketides	3-Decalinoyltetramic acids	false	npclassifier.gnps2.org@2026-09-07
WUXSZVRSSSITPJ-LHXUXNRLSA-N	NC(=N)NCCC[C@@H](NC(=O)C[C@H](O)[C@@H](CC1=CNC2=CC=CC=C12)NC(=O)CCNC(=O)[C@H](O)CC1=CC=CC=C1)C(=O)N[C@H]([C@H](O)C1=CC=CC=C1)C(O)=O	Amino acids and Peptides	Oligopeptides	Linear peptides	false	npclassifier.gnps2.org@2026-09-07
WVAXKHYCMQJANQ-YHJNQPEYSA-N	CC1=C[C@@H]2/C=C(\C)CC[C@@H](O)[C@@H](O)CCC(=O)[C@]23C(=O)N[C@@H](CC(C)C)[C@@H]3[C@@H]1C	Alkaloids	Pseudoalkaloids	Cytochalasan alkaloids	false	npclassifier.gnps2.org@2026-09-07
WVIUOSJLUCTGFK-JUJPXXQGSA-N	CC1=C(C(=CC=C1)O)C(=O)OC[C@]2([C@H]([C@@H]([C@]([C@@]2(C)O)([C@H](C)O)NC(=O)N(C)C)N)NC3=CC=CC(=C3)C(=O)C)O	Terpenoids			false	npclassifier.gnps2.org@2026-09-07
WVJFAKMMDQFEDM-UZGFQBTNSA-N	C[C@H]([C@H]1C(=O)NC[C@@H](C(=O)N[C@@H](C[C@H](CC(=O)N[C@H]2CC3=CN(C[C@H](C(=O)N[C@H](C(=O)N[C@H](C(=O)N1)[C@H](C(=O)N)O)CC(=O)N)NC(=O)[C@@H](NC(=O)C[C@H](NC(=O)[C@@H](NC(=O)[C@@H](NC(=O)[C@@H](NC2=O)[C@H](C)O)CO)CC4=CC=CC=C4)[C@H](/C=C(\C)/C=C/C5=CC=CC=C5)O)CO)C=[N+]3[C@H]6[C@@H]([C@H]([C@H]([C@H](O6)CO)O)O)O)O)C(=O)[O-])O)C7=CC=C(C=C7)Br	Amino acids and Peptides	Oligopeptides	Cyclic peptides	false	npclassifier.gnps2.org@2026-09-07
WVJSFRYGZMBJOD-CBAPKCEASA-N	CC[C@H](C)[C@H](NC(=O)NCCCC(=O)O)C(=O)O	Amino acids and Peptides	Small peptides	Dipeptides	false	npclassifier.gnps2.org@2026-09-07
WVQCUPZVEGKBBJ-UHFFFAOYSA-O	COC(=O)C1=CC2=C[N+](C)=C3C(N)=C(Cl)C(=N)C(=C23)[NH]1	Alkaloids	Tryptophan alkaloids	Pyrroloquinoline alkaloids	false	npclassifier.gnps2.org@2026-09-07
WVWLVCDDGMCFRA-YCCYKBMMSA-N	[H][C@@](NC(=O)[C@H](NC(=O)C(\NC(=O)[C@]([H])(NC(=O)[C@@H](CCN)NC(=O)[C@@H](CCO)NC(=O)CNC(=O)[C@H](CC=N)NC(=O)[C@@H](CO)NC(=O)C[C@@H](O)[C@@H](O)CCCCCCCCCCCC)[C@@H](C)O)=C\C)[C@@H](O)C(O)=O)([C@@H](O)CCl)C(O)=O	Amino acids and Peptides	Oligopeptides	Lipopeptides	false	npclassifier.gnps2.org@2026-09-07
WVYIXBYYAHYOIW-KQNCPTOESA-N	COC1=C(O)C=C2C[C@H](N(CC2=C1O)C(=O)[C@@H](N)CC1=CNC2=C1C=CC=C2)C(=O)N[C@@H](CC(C)CO)C(O)=O	Amino acids and Peptides			false	npclassifier.gnps2.org@2026-09-07
WWIDEZOUVSJVHS-LWQULZAOSA-N	CC[C@@H]1[C@]([C@@H]2[C@H](O2)/C=C/C(=O)[C@@H](C[C@@H]([C@@H]([C@H](/C=C/C(=O)O1)C)O[C@H]3[C@@H]([C@H](C[C@H](O3)C)N(C)C)O)C)C)(CO[C@H]4[C@@H]([C@@H]([C@@H]([C@H](O4)C)O)OC)OC)O	Polyketides	Macrolides	Tylosins	true	npclassifier.gnps2.org@2026-09-07
WWJFFVUVFNBJTN-VHDFTHOZSA-N	[H][C@@](N)(C(=O)N[C@]([H])(C(O)=O)[C@@]1([H])O[C@H]([C@H](O)[C@@H]1O)N1C=CC(=O)NC1=O)[C@]([H])(C)[C@]([H])(O)C1=NC=C(O)C=C1	Alkaloids	Nicotinic acid alkaloids|Histidine alkaloids	Imidazole alkaloids|Pyridine alkaloids	false	npclassifier.gnps2.org@2026-09-07
WWNXYRCJJRRWAQ-ALCXHWRFSA-N	C[C@H]1[C@H]([C@@]23C(=O)C4=C([C@@H]([C@@]2(O3)[C@H]([C@@]1(C(=O)[C@H]5[C@@H](O5)C)O)O)OC)C(=CC=C4)OC)O	Polyketides			false	npclassifier.gnps2.org@2026-09-07
WWSYXEZEXMQWHT-WNWIJWBNSA-N	COc1cc2c(c3c1c4c(c(=O)o3)C(=O)CC4)[C@@H]5CCO[C@@H]5O2	Polyketides	Chromanes	Aflatoxins	false	npclassifier.gnps2.org@2026-09-07
WWUVMHRJRCRFSL-YFQVXFPISA-N	COC1CC(=O)NC2=CC(=O)C=C(CC\C=C(C)/C(O)C(C)C(C\C=C\C=C\C=C\1)OC(=O)C(C)NC(=O)C1CCCCC1)C2=O	Polyketides	Macrolides	Ansa macrolides	false	npclassifier.gnps2.org@2026-09-07
WWWYMYPACSXBTM-GVYUJTEBSA-N	C[C@H](NC(=O)C(=C)NC(=O)C1=CSC(=N1)C1=NC2=C(C=C1)C1=NC(=C(C)O1)C(=O)N[C@@H](CC(N)=O)C1=NC(=CS1)C(=O)N[C@@H](CC1=CC=CC=C1)C1=N[C@@H](CS1)C(=O)N[C@@H](CC1=CC=C(O)C=C1)C(=O)N1CCC[C@H]1C1=NC(=CS1)C1=NC2=CS1)C(=O)N1CCC[C@H]1C(=O)NC(=C)C(=O)NC(=C)C(N)=O	Amino acids and Peptides	Oligopeptides	RiPPs-Thiopeptides	false	npclassifier.gnps2.org@2026-09-07
WXBFTDAYFIQSSK-LLVKDONJSA-N	O=C1NC(CC2=CC=CC=C2)=CN=C1[C@H](C)CC	Alkaloids	Nicotinic acid alkaloids	Pyridine alkaloids	false	npclassifier.gnps2.org@2026-09-07
WXEQFJUHQIGKNG-MZNRBSSJSA-N	O[C@](CC(NCC(O)=O)=C/1OC)(CO)CC1=N/[C@@H](CO)C(O)=O	Amino acids and Peptides|Shikimates and Phenylpropanoids	Mycosporine derivatives	Mycosporine and Mycosporine-like amino acids	false	npclassifier.gnps2.org@2026-09-07
WXNGUMYXVIWRMY-JZBCTFGYSA-N	C/C/1=C\C(=O)C/C(=C/CC(=O)/C(=C/[C@@H]2[C@@H](C2(C)C)CC1)/C)/C	Terpenoids	Diterpenoids	Casbane diterpenoids	false	npclassifier.gnps2.org@2026-09-07
WXWWNANFOZVVLD-UHFFFAOYSA-N	CC(C)CC1=C(O)N(=O)=C(CC(C)C)C(O)=N1=O	Alkaloids|Amino acids and Peptides	Tetramate alkaloids|Peptide alkaloids	Pyrazine and Piperazine alkaloids	false	npclassifier.gnps2.org@2026-09-07
WYJBRAYCUYLRLL-UHFFFAOYSA-N	NCCCCCNC(=O)CCC(=O)N(O)CCCCCN(O)C(=O)CCC(O)=O	Fatty acids	Fatty amides	N-acyl amines	false	npclassifier.gnps2.org@2026-09-07
WYRYRHFKSQKGHJ-FRKPEAEDSA-N	C/C=C(\C)/C(=O)OC1C(OC(CC1O)C2=C(C3=C(C=C2)C(C4CC5C(C(=O)C(=C(C5(C(=O)C4=C3O)OC)O)C(=O)N)OC(=O)C6=CC=CC=C6O)(C)OC)O)C	Polyketides	Polycyclic aromatic polyketides	Angucyclines	false	npclassifier.gnps2.org@2026-09-07
WYVQJMXTYHVYFT-UHFFFAOYSA-N	C1=CC(=C(C(=C1)O)O)C2=NC(=CS2)C(=O)N(CCC3=CN=CN3)O	Alkaloids	Histidine alkaloids	Imidazole alkaloids	false	npclassifier.gnps2.org@2026-09-07
WYWHKKSPHMUBEB-UHFFFAOYSA-N	C1=NC2=C(N1)C(=S)N=C(N2)N	Alkaloids	Pseudoalkaloids	Purine alkaloids	false	npclassifier.gnps2.org@2026-09-07
WYZWZEOGROVVHK-UHFFFAOYSA-N	CC1CC2OC2C=CC=CC(=O)CC2=C(C(O)=CC(O)=C2Cl)C(=O)O1	Polyketides	Macrolides	Zearalenones	false	npclassifier.gnps2.org@2026-09-07
WZJPGCHCOHYLMB-UHFFFAOYSA-N	CC1=NC=C(O1)C2=CNC3=CC=CC=C32	Alkaloids	Tyrosine alkaloids	Pimprinine alkaloids	false	npclassifier.gnps2.org@2026-09-07
WZPBZJONDBGPKJ-VEHQQRBSSA-N	C[C@H]1[C@@H](C(=O)N1S(=O)(=O)[O-])NC(=O)/C(=N\OC(C)(C)C(=O)O)/C2=CSC(=N2)[NH3+]	Amino acids and Peptides	β-lactams	Cephalosporins	false	npclassifier.gnps2.org@2026-09-07
WZTSFFJSAFHTNQ-IFBMCOSOSA-N	CC1(C)C(=O)C=C[C@@]2(C)[C@H]1CC[C@@]13C[C@@]4(C)C=C5C(=O)OC[C@]51[C@]1(CO1)[C@H](C4=O)[C@@]23O	Polyketides|Terpenoids	Meroterpenoids	Tetraketide meroterpenoids	false	npclassifier.gnps2.org@2026-09-07
WZUBQUSSGYCRFH-VTLUBLOASA-N	COC(=O)/C=C(\OC)[C@H](C)[C@H](/C=C/C1=CSC(CCCCCC(C)C)=N1)OC	Amino acids and Peptides|Polyketides	Linear polyketides	Melithiazole and Myxothiazole derivatives	false	npclassifier.gnps2.org@2026-09-07
WZUFZZRYXAGLOG-AHOYVFNOSA-N	CC1=C(O[C@](C1=O)(C[C@@H]2C(=C)CC[C@@H]3[C@@]2(CC[C@H]([C@@]3(C)CCC=C(C)C)O)C)C(=O)OC)C	Polyketides|Terpenoids	Meroterpenoids	Tetraketide meroterpenoids	false	npclassifier.gnps2.org@2026-09-07
WZUFZZRYXAGLOG-ZPDDIMPJSA-N	CC1=C(O[C@@](C1=O)(C[C@@H]2C(=C)CC[C@@H]3[C@@]2(CC[C@H]([C@@]3(C)CCC=C(C)C)O)C)C(=O)OC)C	Polyketides|Terpenoids	Meroterpenoids	Tetraketide meroterpenoids	false	npclassifier.gnps2.org@2026-09-07
WZVRXEOKWMIDDV-APHGSVRASA-N	[H]C12CC(N(C(=O)[C@H](NC(=O)C(O)CC3=CC=C(O)C=C3)[C@H](C)CC)C1([H])CC(CC2)OS(O)(=O)=O)C(=O)NCCCCNC(N)=N	Amino acids and Peptides	Oligopeptides	Aeruginosins|Linear peptides	false	npclassifier.gnps2.org@2026-09-07
WZZGVUSWZMBPPL-UHFFFAOYSA-N	CCCC1=C(C(=O)NC2=C1C(=O)C3=C(C2=O)NC(=O)C(=C3CCC)C)C	Alkaloids			false	npclassifier.gnps2.org@2026-09-07
XAANSONIBUCODQ-UHFFFAOYSA-N	OC1=CC=CC=C1C(=O)C1=C(N2C(Cl)=C(Cl)C(Br)=C2C(=O)C2=CC=CC=C2O)C(Cl)=C(Cl)N1	Alkaloids	Proline alkaloids	Pyrrole alkaloids	false	npclassifier.gnps2.org@2026-09-07
XADGCRVOLDLTQY-UHFFFAOYSA-N	COC1=C(O)C=CC(C(=O)C(C)O)=C1	Shikimates and Phenylpropanoids			false	npclassifier.gnps2.org@2026-09-07
XAFPRZLPXLWCEC-ZWHPMLCPSA-N	[H]C(=O)N[C@@H](CC1=CC=C(O)C=C1)C(=O)OC(CC(O)=O)[C@]1([H])[C@@H](CCN1C(=O)[C@@H](N)C(C)CC)OC(C)=O	Amino acids and Peptides	Small peptides		false	npclassifier.gnps2.org@2026-09-07
XANNJZUQOYYGNE-KSQSWLAPSA-N	[H][C@]12CC3=CC4=C(C(=O)C=C(OC)C4=O)C(O)=C3C(=O)[C@@]1(O[C@H]1CC[C@H](O[C@H]3CC[C@H](O)[C@@H](C)O3)[C@@H](C)O1)C(=O)C(C(N)=O)=C(O)[C@@H]2O[C@H]1CC[C@H](O[C@H]2CC[C@H](O[C@H]3CC[C@H](O[C@H]4CC[C@H](OC(=O)C(C)(C)C(O)=O)[C@H](C)O4)[C@H](C)O3)[C@H](C)O2)[C@@H](C)O1	Polyketides	Polycyclic aromatic polyketides	Angucyclines	true	npclassifier.gnps2.org@2026-09-07
XAPNKXIRQFHCHN-QGOAFFKASA-N	C1=CC=C2C(=C1)/C(=C\3/C=C(NC3=O)C4=CNC5=C4C=C(C=C5)O)/C(=O)N2	Alkaloids	Tryptophan alkaloids	Simple indole alkaloids	false	npclassifier.gnps2.org@2026-09-07
XAPNKXIRQFHCHN-UHFFFAOYSA-N	OC1=CC2=C(NC=C2C2=CC(C(=O)N2)=C2C(=O)NC3=C2C=CC=C3)C=C1	Alkaloids	Tryptophan alkaloids	Simple indole alkaloids	false	npclassifier.gnps2.org@2026-09-07
XARKTZSFRNJZPJ-FREXBYPZSA-N	C[C@H]1C(=O)N[C@H](C(=O)N[C@@H](C(=O)N[C@H](C(=O)N[C@@H]2CSSC[C@@H](C(=O)N[C@H](C(=O)N[C@H](C(=O)N1)CC(C)C)CC(=O)O)NC(=O)[C@@H](NC(=O)[C@H](NC(=O)[C@@H]3CCCN3C(=O)[C@@H](NC2=O)CC4=CC=C(C=C4)O)[C@@H](C)O)CC5=CC=CC=C5)CCC(=O)N)CCCCN)[C@@H](C)O	Amino acids and Peptides	Oligopeptides	Cyclic peptides	false	npclassifier.gnps2.org@2026-09-07
XBSPICXSAXOFOV-KRWDZBQOSA-N	CC1=CC(O)=C2C(=O)O[C@@]3(OC4=CC=CC(C(=O)O)=C4C3=O)C2=C1Cl	Polyketides			false	npclassifier.gnps2.org@2026-09-07
XBWMJMIOZSMYBR-UHFFFAOYSA-N	CC(CC1=C(C(=C2C(=C1)CC(C3=C2C(=C4C(=C3OC)C(=O)C5=C(C4=O)C=CC=C5O)O)O)O)C(=O)O)O	Polyketides	Polycyclic aromatic polyketides	Pradimicins	false	npclassifier.gnps2.org@2026-09-07
XBYZKONYFNHZTI-FFUHIGGASA-N	C[C@@H]1C[C@H]2[C@@H](C=C[C@@H]3[C@H]4C/C=C\C(=O)NCC[C@H](O)[C@@H]5NC(=O)C(=C(O)/C=C/[C@@H]4C[C@@H]32)C5=O)[C@@H]1C(=O)CO	Amino acids and Peptides|Polyketides	Macrolides	Macrocyclic tetramic acids	false	npclassifier.gnps2.org@2026-09-07
XCGSFFUVFURLIX-VFGNJEKYSA-N	C[C@@]1(C(=O)N2[C@H](C(=O)N3CCC[C@H]3[C@@]2(O1)O)CC4=CC=CC=C4)NC(=O)[C@H]5CN([C@@H]6CC7=CNC8=CC=CC(=C78)C6=C5)C	Alkaloids	Tryptophan alkaloids	Ergot alkaloids	false	npclassifier.gnps2.org@2026-09-07
XCOHICMVRLNUCU-OKXKEXSSSA-N	C1=CC(=C(C(=C1)O)O)C(=O)N[C@H](CCCN=C(N)N)C(=O)N[C@@H](CO)C(=O)OC[C@@H](C(=O)OC[C@@H](C(=O)O)NC(=O)[C@@H](CCCN=C(N)N)NC(=O)C2=C(C(=CC=C2)O)O)NC(=O)[C@@H](CCCN=C(N)N)NC(=O)C3=C(C(=CC=C3)O)O	Amino acids and Peptides	Small peptides	Dipeptides	false	npclassifier.gnps2.org@2026-09-07
XCUWWJBCBQDYCI-IKRPRFGISA-N	O=C1NCC(O)=C1C(/C=C/C(C)=C/[C@H]([C@@H]2[C@@H](C)[C@@H]3O[C@]4([C@@H](C(OC)=O)[C@@H](C)O[C@@]4(CO)CC3=O)O2)C)=O	Polyketides	Linear polyketides	3-oligoenoyltetramic acids	false	npclassifier.gnps2.org@2026-09-07
XCWHINLKQMCRON-UCDARZNSSA-N	[H][C@]1(O[C@@H]([C@H](O)[C@H]1O)C1=CC=C(O)C2=C1C1=C(C=C2OC)C2=C(OC)C=C(C=C)C=C2C(=O)O1)[C@@H](C)O	Polyketides	Polycyclic aromatic polyketides	Angucyclines	false	npclassifier.gnps2.org@2026-09-07
XCYGCBVZSVXYON-OAHLLOKOSA-N	CCCCCCCCCCCCCC(N[C@@H](C(O)=O)CC(N)=O)=O	Fatty acids	Fatty amides	N-acyl amines	false	npclassifier.gnps2.org@2026-09-07
XDJBVZOISBVKGQ-VTVSSOQQSA-N	[H][C@@]1(NC(=O)[C@@H](CCN)NC(=O)[C@@H](CCO)NC(=O)CNC(=O)[C@H](CCN)NC(=O)[C@@H](COC(=O)[C@]([H])(NC(=O)[C@H](NC(=O)\C(NC1=O)=C\C)[C@@H](O)C(O)=O)[C@@H](O)CCl)NC(=O)C[C@@H](O)[C@@H](O)CCCCCCCCCCCC)[C@@H](C)O	Amino acids and Peptides|Polyketides	Oligopeptides	Cyclic peptides|Depsipeptides|Lipopeptides	false	npclassifier.gnps2.org@2026-09-07
XDJYMJULXQKGMM-RVYUQJQSSA-N	CC[C@@H](C)CCCCC(=O)N[C@@H](CCN)C(=O)N[C@@H]([C@@H](C)O)C(=O)N[C@@H](CCN)C(=O)N[C@H]1CCNC(=O)[C@@H](NC(=O)[C@@H](NC(=O)[C@@H](NC(=O)[C@@H](NC(=O)[C@H](NC(=O)[C@@H](NC1=O)CCN)CC(C)C)CC(C)C)CCN)CCN)[C@@H](C)O	Amino acids and Peptides	Oligopeptides	Cyclic peptides|Lipopeptides	false	npclassifier.gnps2.org@2026-09-07
XDSYKASBVOZOAG-KSRCZVEISA-N	CC1(C)CCC[C@]2(C)C3CC[C@@](C)(C=C)C=C3CC[C@@H]12	Terpenoids	Diterpenoids	Pimarane and Isopimarane diterpenoids	false	npclassifier.gnps2.org@2026-09-07
XDVDHFJMCJWDPI-YOYPFHDYSA-N	C[C@H]1CCC([C@@]12CCC(=CC2)C)C(C)(C)O	Terpenoids	Sesquiterpenoids	Acorane sesquiterpenoids	false	npclassifier.gnps2.org@2026-09-07
XEGJEKIQLBLKHJ-IDJYBIRTSA-N	CC(=O)N(CCC[C@@H](C(=O)N[C@@H](CCCN(C(=O)C)O)C(=O)N[C@@H](CCCN(C(=O)C)O)C(=O)N[C@@H](CO)C(=O)N[C@H]([C@@H]([C@@H]1[C@@H]([C@H]([C@@H](S1)N2C=C/C(=N\C(=O)N)/N(C2=O)C)O)O)O)C(=O)O)N)O.[Fe]	Amino acids and Peptides	Oligopeptides	Linear peptides	false	npclassifier.gnps2.org@2026-09-07
XENAWSJFNWCPOG-WPMUKRGUSA-N	COC1=C(C)C(=O)C(C)=C(O1)[C@H]1C\C(CO1)=C\C1=CC=C(C=C1)N(=O)=O	Polyketides	Cyclic polyketides	4-pyrone derivatives	false	npclassifier.gnps2.org@2026-09-07
XENLIKZOKMKQHU-UHFFFAOYSA-N	C(C1CC(=CC(C=1C)O)OC)CCCCCCCCCCCC(C)C	Polyketides			false	npclassifier.gnps2.org@2026-09-07
XEORYLRYWDQOAT-KYEXWDHISA-N	C[C@]12[C@H](CCC1=C)C[C@@H]3[C@H]2CC(C3)(C)C	Terpenoids	Sesquiterpenoids	Africanane sesquiterpenoids	false	npclassifier.gnps2.org@2026-09-07
XEPVVPTUOMXJRW-JLPGSUDCSA-N	CCC1CCCCCCCCC2=CC1=C(N2)/C=C\3/C(=CC(=N3)C4=CC=CN4)OC	Alkaloids	Proline alkaloids	Prodigiosins	false	npclassifier.gnps2.org@2026-09-07
XEQLFNPSYWZPOW-HBYCGHPUSA-N	C1[C@@H]([C@H]([C@@H]([C@H]([C@@H]1NC(=O)[C@H](CCN)O)O)O[C@H]2[C@@H]([C@@H]([C@H](O2)CO)O)O)O[C@@H]3[C@@H]([C@H]([C@@H]([C@H](O3)CN)O)O)N)N	Carbohydrates	Polyols	Amino cyclitols	true	npclassifier.gnps2.org@2026-09-07
XEQLFNPSYWZPOW-SVRMBHBBSA-N	C1[C@@H]([C@H]([C@@H]([C@H]([C@@H]1NC(=O)[C@H](CCN)O)O)O[C@H]2[C@@H]([C@H]([C@H](O2)CO)O)O)O[C@@H]3[C@@H]([C@H]([C@@H]([C@H](O3)CN)O)O)N)N	Carbohydrates	Polyols	Amino cyclitols	true	npclassifier.gnps2.org@2026-09-07
XESARGFCSKSFID-FLLFQEBCSA-N	NC(=O)C1=C(O)C([C@@H]2O[C@H](CO)[C@@H](O)[C@H]2O)=N[NH]1				false	npclassifier.gnps2.org@2026-09-07
XESFGFJOLTYDKB-UHFFFAOYSA-N	O=C(C(CC(C)C)NC(CC(O)CCCCCCCCC)=O)NC(CC(O)=O)C(NC(C(OC(C(CC(C)C)NC1=O)=O)C)C(NC(C(C)CC)C(NC(CC(C)C)C(NC(CCC(N)=O)C(NC1CC(C)C)=O)=O)=O)=O)=O	Amino acids and Peptides|Polyketides	Oligopeptides	Cyclic peptides|Depsipeptides|Lipopeptides	false	npclassifier.gnps2.org@2026-09-07
XFAGIUVJPOMBNU-YLHPCDMOSA-N	COC(=O)/C=C(\OC)[C@H](C)[C@H](/C=C/C1=CSC(CCCCCCCC(C)C)=N1)OC	Amino acids and Peptides|Polyketides	Linear polyketides	Melithiazole and Myxothiazole derivatives	false	npclassifier.gnps2.org@2026-09-07
XFFWFLKOHCZVQI-YOUMKCDSSA-N	O=C(O)/C=C/C=C/C=C\\C1CC1C1CC1C1CC1C1CC1C1CC1C1CC1C1CC1C	Fatty acids	Fatty Acids and Conjugates	Carbocyclic fatty acids	false	npclassifier.gnps2.org@2026-09-07
XFGCTBYTRMLWCB-MRSVHRRQSA-N	O=C(N[C@@H](CN)C(N/C(C(N[C@@H]([C@H]1CCN=C(N)N1)C(NC[C@H](N)C(N2)=O)=O)=O)=C\NC(N)=O)=O)[C@@H]2CO	Amino acids and Peptides	Oligopeptides	Cyclic peptides	false	npclassifier.gnps2.org@2026-09-07
XFLBOEMFLGLWFF-RCYPOCGFSA-N	[H][C@]12CSSCC\C=C\C(CC(=O)N[C@H](C)C(=O)N1)OC(=O)CC(O)C(NC2=O)C(C)C	Amino acids and Peptides|Polyketides	Oligopeptides	Cyclic peptides|Depsipeptides	false	npclassifier.gnps2.org@2026-09-07
XFLJBHHWXWWOOI-SMNXXWJPSA-N	C[C@H]1[C@@H]2C3=C(C(=CNC3=O)C4=CC=CC=C4)O[C@@]2(C=C1C)C	Alkaloids	Nicotinic acid alkaloids	Pyridine alkaloids	false	npclassifier.gnps2.org@2026-09-07
XFOUAXMJRHNTOP-PCPUDTNWSA-N	CC(N)C(=O)NC(C[C@H]1CCC(=O)[C@@H]2O[C@H]12)C(O)=O	Amino acids and Peptides	Small peptides	Dipeptides	false	npclassifier.gnps2.org@2026-09-07
XFQJOLWXLJXJSV-VUAGTGNDSA-N	CO[C@]12CC(=O)O[C@]11C(=O)C3=C(O)C4=C5CN(C)C(=O)C5=C(O)C=C4C=C3C(=O)[C@@]1(CO2)O[C@H]1CC[C@H](O)[C@H](C)O1	Alkaloids|Polyketides	Pseudoalkaloids|Polycyclic aromatic polyketides	Anthraquinones and anthrones|Isoindole alkaloids	true	npclassifier.gnps2.org@2026-09-07
XFXBXIMGDFFREF-UHFFFAOYSA-N	C=C(CO)C(C)C(=O)C(OC)C(O)CC1CC(=O)NC(=O)C1	Alkaloids	Lysine alkaloids	Piperidine alkaloids	false	npclassifier.gnps2.org@2026-09-07
XGECDDPXIKFBTE-XZOPBUQZSA-N	CC[C@H](C[C@H]1CCC[C@]2(O1)C[C@H]3[C@@H]([C@@H](O2)C[C@]4([C@@H](CC(O4)(C)C)C=CCCCCC[C@@]([C@@H]([C@H]([C@@H]([C@H]([C@@H]([C@](/C=C/C(=O)O3)(C)O)O)C)O)O[C@H]5CC[C@@H]([C@@H](O5)C)N(C)C)O)(C)O)O)C)O	Polyketides	Macrolides	Oligomycins	true	npclassifier.gnps2.org@2026-09-07
XGGIVXWAYKZBIV-JBPAMENMSA-N	C[C@]1(O)CC[C@H](Cl)C(C)(C)C1C[C@]23C(C4=C(C([C@@]2(Cl)C[C@@H](Cl)C(C)(C)O3)=O)C(O)=C(C)C(O)=C4)=O	Terpenoids			false	npclassifier.gnps2.org@2026-09-07
XGJBXEIKJILUEY-FHTWPXSCSA-N	C[C@H]1/C=C(/C(CC(=O)N(C2=C(C(=CC(=C2)C/C(=C/C=C/[C@H]([C@]3(C[C@@H]1OC(=O)N3)OC)OC)/C)O)Cl)[C@H]4[C@@H]([C@H]([C@@H]([C@H](O4)COC(=O)C)OC(=O)N)OC)O)OC(=O)NC)\C	Polyketides	Macrolides	Ansa macrolides	true	npclassifier.gnps2.org@2026-09-07
XGKPYUXGYWIVHJ-VHZKQMFCSA-N	C[C@@H]1[C@H]([C@@H]([C@H]([C@H](O1)O[C@@H]2[C@H](O[C@@H]([C@@H]([C@H]2O)O)O[C@@H]3[C@H](O[C@H]([C@@H]([C@H]3O)O)O[C@@H]4[C@H](O[C@H]([C@@H]([C@H]4O)O)O[C@@H]5[C@H](O[C@H]([C@@H]([C@H]5O)O)O)CO)CO)CO)CO)O)O)N[C@H]6C=C([C@H]([C@@H]([C@H]6O)O)O)CO	Carbohydrates	Saccharides	Polysaccharides	true	npclassifier.gnps2.org@2026-09-07
XGLCZYVABSAPMJ-AISVKAHBSA-N	O=C(N[C@@H](CC(O)=O)C(N[C@H](C1=CC=C(O)C=C1)C(N[C@@H](CC(O)=O)C(NCC(N[C@@H](C(N[C@@H](CCC(O)=O)C(N[C@@H](CC2=CNC3=C2C=CC=C3)C(O[C@H](C)[C@@H]4NC([C@H](CO)NC(C(O5)C5CCC)=O)=O)=O)=O)=O)[C@@H](C(N)=O)O)=O)=O)=O)=O)[C@H](CC(O)=C)NC([C@@H](CC6=CNC7=C6C=CC=C7)NC4=O)=O	Amino acids and Peptides|Polyketides	Oligopeptides	Cyclic peptides|Depsipeptides	false	npclassifier.gnps2.org@2026-09-07
XGMIRPUCRYMXKG-KURKYZTESA-N	O[C@H]1C[C@]2(O[C@H](CCCCCCC(C)C)C1)NCCCC2	Alkaloids			false	npclassifier.gnps2.org@2026-09-07
XGZZLYNXFASBPQ-FUMNGEBKSA-N	[H]C(=O)N(O)CCC[C@@H](NC(=O)[C@H](CO)NC(=O)[C@H](CO)NC(=O)C1=CC=CC=C1O)C(=O)N1NCCC[C@@H]1C(=O)NCCC(O)=O	Amino acids and Peptides	Oligopeptides|Small peptides	Depsipeptides|Linear peptides|Tripeptides	false	npclassifier.gnps2.org@2026-09-07
XHHABJFVNYNXCX-UHFFFAOYSA-N	CC(=O)C1=C2NC3=C(C=CC=C3)C2=CC(=N1)C(=O)NCCC1=CC=C(O)C=C1	Alkaloids	Tryptophan alkaloids	Carboline alkaloids	false	npclassifier.gnps2.org@2026-09-07
XHTUDGVBJDVOEZ-WKRSYQPHSA-N	COC(\C=C\C1=CC=CC=C1)C(C)C(OC)C(C)\C=C\C(\C)=C\C(=O)N\C=C/C\C=C/C(=O)NCC(=O)OC	Polyketides	Linear polyketides	Open-chain polyketides	false	npclassifier.gnps2.org@2026-09-07
XIRGHRXBGGPPKY-RTWAPUGOSA-N	C[C@@H]1[C@H]([C@@H](C[C@@H](O1)O[C@@H]2[C@H](OC3(C[C@@H]2O)O[C@@H]4[C@H](O[C@H](C[C@]4(O3)C)O[C@@H]5[C@H]([C@@H](O[C@@H]([C@@H]5OC)C)O[C@@H]6[C@H](O[C@H]([C@H]([C@H]6O)OC)O[C@H]7[C@@H]([C@H]8[C@H](CO7)O[C@@]9(O8)C1C([C@@]([C@H](O9)C)(C(=O)C)O)OCO1)OC(=O)C(C)C)COC)O)C)C)O)OC(=O)C1=C(C(=C(C(=C1OC)Cl)O)Cl)C	Carbohydrates	Saccharides	Orthosomycins	true	npclassifier.gnps2.org@2026-09-07
XIXVXXYJRITWPP-YLBNWIERSA-N	CN1C(=O)[C@H]2C3=C1C=CC=C3[C@@]1([N+]#[C-])C(=O)[C@H](C=C(Cl)[C@@]1(C)C=C)C2(C)C				false	npclassifier.gnps2.org@2026-09-07
XIYSEKITPHTMJT-OCCJOITDSA-N	[H][C@@]12CCCN1C(=O)[C@@H](CC=C)OC(=O)CCNC(=O)[C@H](C)N(C)C(=O)[C@H](C(C)C)N(C)C(=O)[C@@H](NC2=O)[C@@H](C)CC	Amino acids and Peptides|Polyketides	Oligopeptides	Cyclic peptides|Depsipeptides	false	npclassifier.gnps2.org@2026-09-07
XJFJNAJTNHTVDF-JDUCODCZSA-N	CCC(=O)CC(C1(CC(C2CCC(O2)CC/C=C(\C(=O)C(CC/C=C\C(=O)N3CCC[C@H]3C(=O)O1)C)/C)C)C)O	Amino acids and Peptides|Polyketides	Macrolides	Macrolide lactams	false	npclassifier.gnps2.org@2026-09-07
XJHXLMVKYIVZTE-LOALFDMRSA-N	C[C@H]1[C@@H]([C@@](C[C@@H](O1)O[C@@H]2[C@H]([C@@H]([C@H](O[C@H]2OC3=C4C=C5C=C3OC6=C(C=C(C=C6)[C@H]([C@H](C(=O)N[C@H](C(=O)N[C@H]5C(=O)N[C@@H]7C8=CC(=C(C=C8)O)C9=C(C=C(C=C9[C@H](NC(=O)[C@H]([C@@H](C1=CC(=C(O4)C=C1)Cl)O[C@H]1C[C@]([C@H]([C@@H](O1)C)O)(C)N)NC7=O)C(=O)O)O)O)CC(=O)N)NC(=O)[C@@H](CC(C)C)NC)O)Cl)CO)O)O)(C)N)O	Amino acids and Peptides	Oligopeptides	Vancomycins and Teicoplanins	true	npclassifier.gnps2.org@2026-09-07
XJKYTYUOGYTPSB-HZDMFNNQSA-N	C/C=C(\C=C(/C)\C=C\C=C\C=C(/C)\C(=O)[C@@H]1[C@@H]2[C@@](CCO2)(NC1=O)O)/C(=O)OC	Alkaloids	Tetramate alkaloids	Simple tetramate alkaloids	false	npclassifier.gnps2.org@2026-09-07
XJLATMLVMSFZBN-VYDXJSESSA-N	[H][C@@](CCCCC)(CC(=O)NO)C(=O)N[C@@]([H])(C(C)C)C(=O)N1CCC[C@H]1CO	Amino acids and Peptides	Small peptides	Dipeptides	false	npclassifier.gnps2.org@2026-09-07
XJODQKSMDGEWCE-PVQKUAIRSA-N	COC1=CC=CC2=C1C(=O)C1=C(C3=C(C=C1)[C@@H](O)[C@H](C)[C@H](O)[C@@H]3O)[C@H]2O	Polyketides	Polycyclic aromatic polyketides	Angucyclines|Anthraquinones and anthrones	false	npclassifier.gnps2.org@2026-09-07
XJOOMMHNYOJWCZ-DZGCQCFKSA-N	CC1=C[C@@H]2[C@@H](CC3=CNC4=CC=CC2=C34)N(C1)C	Alkaloids	Tryptophan alkaloids	Ergot alkaloids	false	npclassifier.gnps2.org@2026-09-07
XJVUZQIPINLTLE-KWRZAIAESA-N	CC1=C[C@@H]2[C@](CC1)([C@]3(C[C@H]([C@H]([C@@]34CO4)O2)O)C)COC(=O)C	Terpenoids	Sesquiterpenoids	Trichothecane sesquiterpenoids	false	npclassifier.gnps2.org@2026-09-07
XKCFYLTVOFQSHE-UHFFFAOYSA-N	OC(=O)C1=CC=C(N1)C(=O)NC1=C(O)C2=CC(Cl)=C(O)C(Cl)=C2OC1=O	Shikimates and Phenylpropanoids	Coumarins	Simple coumarins	false	npclassifier.gnps2.org@2026-09-07
XKKADACNPRYILN-GMDHZIEOSA-N	CCC(C)CCCCCCCCCC[C@H]1CC(=O)N[C@H](C(=O)N[C@@H](C(=O)N[C@@H](C(=O)N[C@H](C(=O)N2CCC[C@@H]2C(=O)N[C@@H](C(=O)N[C@H](C(=O)N1)CC(=O)N)CC(=O)N)CCC(=O)N)CC(=O)N)CC3=CC=C(C=C3)O)CC(=O)N	Amino acids and Peptides	Oligopeptides	Cyclic peptides	false	npclassifier.gnps2.org@2026-09-07
XKPCUXOZLGRCDH-BJLXPSRBSA-N	CC1=CC(=CC(=C1C2=CC(=C(C3=C2C(=O)[C@@]4([C@H](C3)C(C5=C(C4=O)C(=C(C(=C5Cl)O)Cl)O)(C)C)O)Cl)OC)OC)OC	Polyketides	Polycyclic aromatic polyketides	Fasamycins and derivatives	false	npclassifier.gnps2.org@2026-09-07
XKRMMVFULPCHPV-SYURPWHHSA-N	O=C1C2=C([C@@H](O)C[C@](O)(CC(C)=C3)[C@]2(O)C3=O)C(C4=C(O)C=CC=C41)=O	Polyketides	Polycyclic aromatic polyketides	Angucyclines	false	npclassifier.gnps2.org@2026-09-07
XKTFQMCPGMTBMD-ARYLOLAOSA-N	COC(\C=C\C1=CSC(=N1)C1=CSC(=N1)C(C)\C=C\C=C\C(C)C)C(C)C(\OC)=C/C(N)=O	Amino acids and Peptides|Polyketides	Linear polyketides	Melithiazole and Myxothiazole derivatives	false	npclassifier.gnps2.org@2026-09-07
XKZIIOZJNXSLKV-PRYTWUDJSA-N	O=C(O)C1=C2N=C3C=C4C(=CC3=NC2=CC=C1)C1CC2=NC3=C(N=C2C4[C@H]1O)C(O)=CC=C3	Alkaloids	Anthranilic acid alkaloids	Phenazine alkaloids	false	npclassifier.gnps2.org@2026-09-07
XKZLKDYMCFLUDM-BUODZYAESA-N	C=C1NC(=O)C(NC(=O)C(C)NC(=O)C(NC(=O)C(C)NC(=O)C(C)NC(=O)C(C)NC(=O)C2CSC(C)C(N(C)C)C(=O)N/C(=C\C)C(=O)C3CCCC3C(=O)NC(C(C)C)C(=O)N2)C(C)C)CSCC(C(=O)NC(C)C(=O)NC(C)C(=O)NC(C)C(=O)NC(C)C(=O)NC(C)C(=O)NC(C)C(=O)NC(C(=O)NC(C)C(=O)NCC(=O)NC(C)C(=O)NC2C(=O)NC(CC3=CC=C(O)C=C3)C(=O)NC(CCC(=O)O)C(=O)NC(C)C(=O)NCC(=O)N/C=C\SC2C)C(C)CC)NC(=O)C(CC2=C[NH]C3=CC=CC=C23)NC(=O)/C(=C/C)NC1=O	Amino acids and Peptides	Oligopeptides	Cyclic peptides|RiPPs-Lanthipeptides	false	npclassifier.gnps2.org@2026-09-07
XLCGNZQPUQXSOY-BJGZCODDSA-N	C[C@H]([C@H](NC1=S)C2=NC([C@@H](N3)[C@](C4=NC(C(N[C@@](C(N/C(C5=N[C@@H](C(N[C@](C(C)(O)[C@@H](C)O)([H])C6=NC1=CS6)=O)CS5)=C\C)=O)([H])[C@@H](C)O)=O)=CS4)(NC([C@H](C)NC(C(NC([C@H](C)NC([C@H](C(C)C)N[C@@H]7C=CC8=C(N=C9C=C8[C@@H](O)C)[C@H]7O)=O)=O)=C)=O)=O)CC[C@@H]3C%10=NC(C(NC(C(NC(C(O)=O)=C)=O)=C)=O)=CS%10)=CS2)OC9=O	Amino acids and Peptides	Oligopeptides	RiPPs-Thiopeptides	false	npclassifier.gnps2.org@2026-09-07
XLJZQTJROGTDLX-UHFFFAOYSA-N	CC(C#CC1=C(O)C(C/C=C(C)/C)=CC(O)=C1)=C	Terpenoids	Meroterpenoids	Miscellaneous meroterpenoids	false	npclassifier.gnps2.org@2026-09-07
XLPZAZKGKJAESI-MTBPCUBESA-N	C[C@H]1C[C@@H]([C@@H]2[C@@]([C@](C=C[C@]2(C1)O)(C)O)(C)C(=O)CCO)O	Polyketides	Cyclic polyketides	Monacolins and Monacolin derivatives	false	npclassifier.gnps2.org@2026-09-07
XLRFBPJWPHKLJV-OKKVMHGVSA-N	CC1(C)[C@H]2C[C@@H](Cl)[C@@](C)(C=C)C([N+]#[C-])=C2[C@]11C(=O)NC2=CC=CC=C12	Alkaloids	Tryptophan alkaloids	Hapalindole alkaloids	false	npclassifier.gnps2.org@2026-09-07
XLVNGASIPGZSDP-XXPFVUKHSA-N	CO[C@@H]1C[C@H](O)[C@@H](C)[C@H](O)[C@@H](C)C[C@@H](C)C(=O)C[C@H](C(C)C)OC(=O)/C(C)=C/C=C/C(C)=C/C=C/C(C)=C\C[C@H](OC(=O)/C=C/C(=O)NC2=C(O)CCC2=O)[C@@H]1C	Polyketides	Macrolides	Ansa macrolides	false	npclassifier.gnps2.org@2026-09-07
XLXHKRNRAZZHCX-OXBRVNNASA-N	C/C/1=C\CC2=CC=C(N2)C3=NC(C(O3)COC(=O)[C@H](CC(=O)OC4C1OC(=O)C4(C)CO)CC(C)C)/C=C/5\C(OC\C5=C(\C)/CCCO)CC(C)C	Polyketides	Oligopeptides	Depsipeptides	false	npclassifier.gnps2.org@2026-09-07
XLXKPBAXLAAHEN-GUTUYZQOSA-N	CCC[C@@H](C)\C=C(\C)C(=O)OC1C(C)OC(CC1(C)O)OC1CCC(O[C@@H]2C(O)=C(C(C)=O)C(=O)[C@@]3(O)C(=O)C4=C(O)C5=C(C(C)=C4C[C@@]23O)C(=O)C(OC)=CC5=O)OC1C	Polyketides	Polycyclic aromatic polyketides		true	npclassifier.gnps2.org@2026-09-07
XMCIULDTDFJACK-YADMGGFDSA-N	CCCC(C)\C=C(/C)C(O)C(C)\C=C\CCC(O)C(C)C(O)C(C)C(O)C(C)C1OC(CCC1C)C(C)C(O)=O	Polyketides	Polyethers|Linear polyketides	Open-chain polyketides|Polyether ionophores	false	npclassifier.gnps2.org@2026-09-07
XMFSSFONDVHNFO-HOTUBEGUSA-N	[H][C@@]12SS[C@]3([H])NC(=O)[C@@]1(OC1=C2C=C(Cl)C(O)=C1)N(OC)C3=O	Alkaloids|Amino acids and Peptides	Peptide alkaloids	Thiodiketopiperazine alkaloids	false	npclassifier.gnps2.org@2026-09-07
XMNGFANOWLFDPG-CPYLFOMZSA-N	C[C@@H]1[C@H](N=C(O1)/C=C/C2=CC=CN2)/C=C(\C)/C=C/C=C/C=C/C=C(\C)/C(=O)NC(C(C(=O)N)O)C(=O)O	Alkaloids|Amino acids and Peptides|Polyketides	Peptide alkaloids|Linear polyketides	DKXanthenes and derivatives|Simple amide alkaloids	false	npclassifier.gnps2.org@2026-09-07
XMOBHOCBJPHBKD-BZNIZROVSA-N	C[C@H]([C@@H](C(=O)NCCCNC(=O)C1=C(C(=CC=C1)O)O)N)OC(=O)C2=C(C(=CC=C2)O)O	Alkaloids	Ornithine alkaloids	Polyamines	false	npclassifier.gnps2.org@2026-09-07
XMPNSPSJHNSPFS-GQDQZSPTSA-N	C[C@H]1[C@@H]([C@H](C[C@@H](O1)O[C@@H]2[C@H]([C@@H]([C@H](O[C@H]2OC3=C4C=C5C=C3OC6=C(C=C(C=C6)[C@H]([C@H]7C(=O)N[C@@H](C8=C(C(=CC(=C8)O)O[C@@H]9[C@H]([C@H]([C@@H]([C@H](O9)CO)O)O)O)C1=C(C=CC(=C1)[C@H](C(=O)N7)NC(=O)[C@@H]5NC(=O)[C@@H](NC(=O)[C@@H]([C@@H](C1=CC=C(O4)C=C1)O)NC(=O)C(=O)C1=CC(=C(C=C1)O)Cl)CC1=CC=CC=C1)O)C(=O)O)O[C@H]1C[C@@H]([C@H]([C@@H](O1)C)OC)N)Cl)CO)O)O)N)O	Amino acids and Peptides	Oligopeptides	Vancomycins and Teicoplanins	true	npclassifier.gnps2.org@2026-09-07
XNBGMEGJUYHLRB-OLKYXYMISA-N	CC(=O)O[C@@H]1[C@H](C2=C([C@H]([C@@]1(C)OC(=O)C)OC(=O)C)C(=C3C2=C(C4=CC=CC(=O)C4=C3O)[O-])[N+]#N)O	Polyketides	Polycyclic aromatic polyketides	Angucyclines	false	npclassifier.gnps2.org@2026-09-07
XNBIEFNBLNDRGW-UHFFFAOYSA-N	CCC(C)C1NC(=O)C(C(C)CC)NC(=O)C2CCCN2C(=O)CNC(=O)C(CC(=O)O)NC(=O)C(CO)NC(=O)CNC(=O)CCC(C(=O)NC(CC2=CC=CC=C2)C(=O)NC(CC2=CC=CC=C2)C(=O)NC(CC(N)=O)C(=O)N2CCCC2C(=O)NC(CC(N)=O)C(=O)NCC(=O)NC(C(=O)NC(CCSC)C(=O)NC(CC2=C[NH]C=N2)C(=O)NC(CC2=CC=C(O)C=C2)C(=O)NCC(=O)O)C(C)C)NC1=O	Amino acids and Peptides	Oligopeptides	RiPPs-Lasso peptides|RiPPs-Microcins	false	npclassifier.gnps2.org@2026-09-07
XNHJIDPGNZTOBI-UTYRHPOCSA-N	[H][C@@]1(O[C@]2(C[C@H](OC)[C@H](C)[C@]([H])(C\C=C\C3=COC(=N3)C(C)CCNC(=O)C(O)[C@H](O)C(COC)N(C)C)O2)C(C)(C)[C@H]1OP(O)(O)=O)[C@H](C[C@H](O)C(C)[C@H](O)C(C)\C=C(/C)\C(\C)=C\C=C\C(\C)=C/C(N)=O)OC	Polyketides	Linear polyketides	Open-chain polyketides	false	npclassifier.gnps2.org@2026-09-07
XNKSTTKMHZDWCR-ZUVMSYQZSA-N	O=C(O)/C=C/C=C/C1CC1C1CC1C1CC1C1CC1C1CC1C1CC1C1CC1C	Fatty acids	Fatty Acids and Conjugates	Carbocyclic fatty acids	false	npclassifier.gnps2.org@2026-09-07
XNPCAGMCQDGQKK-UHFFFAOYSA-N	C1=C(C=C2C(=C1O)C(=CC(=O)C2=O)O)O	Polyketides	Naphthalenes	Naphthoquinones	false	npclassifier.gnps2.org@2026-09-07
XNSXDDHLEKKURV-PJYKFWTKSA-N	C[C@@]1([C@@H](C[C@H]2[C@]([C@H]1[N+]#[C-])(C3=C(NC4=CC=CC(=C43)C2(C)C)C(C)(C)C=C)O)Cl)C=C	Alkaloids	Tryptophan alkaloids	Hapalindole alkaloids	false	npclassifier.gnps2.org@2026-09-07
XNZNCJQPJKHTPR-TYIXHQEYSA-N	CC[C@@](C)(NC(=O)[C@H](CC(C)C)NC(=O)CNC(=O)[C@@](C)(CC)NC(=O)C(C)(C)NC(=O)C(C)(C)NC(=O)C(C)(C)NC(=O)[C@H](CC(C)C)NC(C)=O)C(=O)NC(C)(C)C(=O)N1C[C@H](O)C[C@H]1C(=O)NC(CCC(N)=O)C(=O)N[C@](C)(CC)C(=O)N1C[C@H](O)C[C@H]1C(=O)NC(C)(C)C(=O)N[C@H](CO)CC1=CC=CC=C1	Amino acids and Peptides	Oligopeptides	Linear peptides|Peptaibols	false	npclassifier.gnps2.org@2026-09-07
XOADWJQVJWCREC-DZHAIUNBSA-N	CC(C)OC(=O)C1=NC(=C(N1)O)SC(=O)NCC(=O)N[C@@H](CO)C(=O)N[C@H]2CSSC[C@H](NC(=O)[C@@H](NC(=S)C3=C(N=C(N3)C4CCCN4C(=O)[C@@H](NC2=O)CC5=CC=C(C=C5)O)O)CO)C(=O)N[C@@H](CCSC)C(=O)O	Amino acids and Peptides	Oligopeptides	Cyclic peptides	false	npclassifier.gnps2.org@2026-09-07
XOASTWITKYDKAJ-PPQPEBMASA-N	[H][C@]12C[C@@]3([H])[C@@]1([H])C1=C4C(NC5=C4[C@@]([H])(OC3(C)C)[C@]3([H])CC[C@@]4(O)C6=C[C@@H](O)[C@H](O[C@@]6([H])CC[C@]4(C)[C@@]53C)C(C)=C)=CC=C1CC2=C	Alkaloids|Terpenoids	Tryptophan alkaloids	Indole-Diterpenoid alkaloids (Penitrems)	false	npclassifier.gnps2.org@2026-09-07
XOFUALCAHMHEHU-KWOIXVLLSA-N	COC1=C(OC)C(O)=C([C@H]2SS[C@@]34C[C@]56O[C@H]5C=C[C@@H](O)[C@@H]6ON3C(=O)[C@@H]2N(C)C4=O)C=C1	Alkaloids|Amino acids and Peptides	Peptide alkaloids	Thiodiketopiperazine alkaloids	false	npclassifier.gnps2.org@2026-09-07
XOHMZXNFDYUBOA-UHFFFAOYSA-N	C1CCNC(=O)CCC(=O)N(CCCCNC(=O)CCC(=O)N(CC1)O)O	Amino acids and Peptides	Oligopeptides	Cyclic peptides	false	npclassifier.gnps2.org@2026-09-07
XOJPDOWNAJBCPS-SXSRSLQCSA-N	CCC(C)\C=C\C=C\C=C\C(\O)=C\C(=O)C(Cl)(Cl)Cl	Fatty acids	Fatty Acids and Conjugates	Branched fatty acids	false	npclassifier.gnps2.org@2026-09-07
XOKJUSAYZUAMGJ-WOUKDFQISA-N	NC1=NC=NC2=C1C(=CN2[C@@H]1O[C@H](CO)[C@@H](O)[C@H]1O)C#N	Carbohydrates	Nucleosides	Purine nucleos(t)ides	false	npclassifier.gnps2.org@2026-09-07
XPNFCDPLHVHPHB-UHFFFAOYSA-N	O=C1NC(CC2=CC=CC=C2)=CN=C1CC(C)C	Alkaloids	Nicotinic acid alkaloids|Tetramate alkaloids|Peptide alkaloids	Pyrazine and Piperazine alkaloids|Pyridine alkaloids	false	npclassifier.gnps2.org@2026-09-07
XPYSRNGUWNSNNE-YDMXPHLBSA-N	C[C@H]([C@@H](/C=C/C=C/C=C/C=C/C(C)=C/C(C)=C/CC)OC(C1)=O)C1=O	Polyketides			false	npclassifier.gnps2.org@2026-09-07
XQEMVDKXSBBLLC-QDSRYJPQSA-N	O[C@H]1[C@H](OC2=C(C3=C(SC=N3)C(=C2O)C2=CC=CC=C2)C2=CC=CC=C2)O[C@@H]([C@@H](O)[C@@H]1O)C(O)=O	Shikimates and Phenylpropanoids	Terphenyls	p-Terphenyls	true	npclassifier.gnps2.org@2026-09-07
XQMPGQHPYUKJDG-UHFFFAOYSA-N	CC1=CC(O)=CC2=C1C(=O)C1=C(C2=O)C(C)(C)C2=CC(O)=CC(O)=C2C1=O	Polyketides	Polycyclic aromatic polyketides	Fasamycins and derivatives	false	npclassifier.gnps2.org@2026-09-07
XQSIQLHXAPICNQ-UHFFFAOYSA-N	OC1=CC=C(CC(C(O)=O)NC(C2N(C(C(NC(C3CC(C)CN3C(CC(CCCCCCC([H])[H])N)=O)=O)CCC4=CC=C(O)C=C4)=O)CCC2)=O)C=C1	Amino acids and Peptides	Oligopeptides	Linear peptides|Lipopeptides|Microginins	false	npclassifier.gnps2.org@2026-09-07
XREYEBRVZBZAMN-UHFFFAOYSA-N	O=C1C2=C(C(O)=C(CC(O)C3=C4C(O)=C(C(O)=O)C(C)=C3)C4=C2)C(C5=C1C=C(O)C=C5O)=O	Polyketides	Polycyclic aromatic polyketides	Angucyclines|Anthraquinones and anthrones	false	npclassifier.gnps2.org@2026-09-07
XRHDWTJKPDPLFR-RAXLEYEMSA-N	C/C(C(OCC[As](O)(O)=O)=O)=C/C(C)CC(C)CCC	Polyketides			false	npclassifier.gnps2.org@2026-09-07
XRIUGQFHEFJNTB-UKURLVQQSA-M	O=S([O-])(O[C@H]([C@@H]([C@H](O1)CN)O)[C@@H]1O[C@@H]([C@@H]2N(C[C@@H]([C@H](N(C2=O)C)C(O)=O)OC(C[C@@H](OC(C[C@@H](CC(O)=O)C)=O)CCCCCCCCCCCC(C)C)=O)C)[C@@H](O[C@H]3N(C(N4)=O)C=CC4=O)[C@H]([C@H]3O)O)=O	Carbohydrates	Nucleosides	Pyrimidine nucleos(t)ides	true	npclassifier.gnps2.org@2026-09-07
XRKZVXDFKCVICZ-IJLUTSLNSA-N	CC(C)CCCC[C@@H](O)[C@H]1[C@H](CO)COC1=O	Polyketides			false	npclassifier.gnps2.org@2026-09-07
XRWGLEWIDBKJHA-UHFFFAOYSA-N	CC(C#CC1=C(C(O)=CC(C(O)=O)=C1)OC)=C	Terpenoids	Meroterpenoids	Miscellaneous meroterpenoids	false	npclassifier.gnps2.org@2026-09-07
XSELIRFLKHOAHM-FJMXMQQUSA-N	CCC(C)C(=O)O[C@H]1[C@@H](OC(=O)[C@H]([C@H](OC(=O)[C@@H]1CC2=CC=CC=C2)C)NC(=O)C3=C(C(=CC=C3)NC=O)O)C	Amino acids and Peptides|Polyketides	Macrolides	Antimycins	false	npclassifier.gnps2.org@2026-09-07
XSGLOXNZKHLMNE-IRXDYDNUSA-N	COC1=CC(C[C@H]2CN[C@@H](CC3=CC=CC=C3)CN2)=CC(OC)=C1O	Alkaloids			false	npclassifier.gnps2.org@2026-09-07
XSPRFXQYJMLOKR-VOTSOKGWSA-N	O=C(C)/C=C/C1=CC=C(OC)C2=NC3=C(C(O)=O)C=CC=C3N=C21	Alkaloids	Anthranilic acid alkaloids	Phenazine alkaloids	false	npclassifier.gnps2.org@2026-09-07
XSRXAOMSAQPHJV-CQSZACIVSA-N	CC(O[C@@H]1CCC)=CC(C1=C2O)=CC3=C2C(C=CC3=O)=O	Polyketides	Naphthalenes	Naphthoquinones	false	npclassifier.gnps2.org@2026-09-07
XTJJTQLRWAFCJL-XDBZFTIUSA-N	CCCCCCCCCCCCCO[P@]1(=O)OC[C@@H]2COC(=O)C2=C(O1)CC	Fatty acids	Glycerophospholipids	Long-Chain Bicyclic Phosphotriester	false	npclassifier.gnps2.org@2026-09-07
XTXKIFWLWZTQLN-PXNSSMCTSA-N	CC(C)[C@H]1C(=O)NC2=CC=CC=C2C(=O)N3C=C(C[C@@H](C(=O)N1)N)C4=CC=CC=C43	Alkaloids|Amino acids and Peptides	Anthranilic acid alkaloids|Oligopeptides	Benzodiazepine alkaloids|Cyclic peptides	false	npclassifier.gnps2.org@2026-09-07
XTXSLQPVMVDDTB-ZRQNBYAXSA-N	CC1=C2CC[C@]2(C)[C@H]2CC(C)(C)C[C@H]2[C@@H]1O	Terpenoids	Sesquiterpenoids	Protoilludane sesquiterpenoids	false	npclassifier.gnps2.org@2026-09-07
XUBJLJZOSKJNMY-UHFFFAOYSA-N	COC1=C(O)C2=C(CCN2C(C)=O)C2=C1NC(=C2)C(=O)N1CCC2=C1C(O)=C(OC)C1=C2C=C(N1)C(=O)N1CC2CC22C1=CC(=O)C1=C2C(C)=CN1	Alkaloids	Tryptophan alkaloids	Corynanthe type	false	npclassifier.gnps2.org@2026-09-07
XUFXJNAQSHPBTO-IVEPKIRNSA-N	C[C@H]1CC[C@@H]([C@H]([C@H](C[C@H]([C@H](/C=C/[C@H]([C@H](C(=O)O[C@@H]([C@H](/C=C/C=C/[C@H]([C@H]([C@@H](C[C@H](C[C@@H](C[C@@H]2C[C@@H]([C@H]([C@@](O2)(C[C@H]1O)O)O)O)O)OC(=O)CC(=O)O)O)C)O)C)[C@@H](C)C[C@@H](C)CCC/C=C/CCCNC(=NC)N)C)O)C)O)O)C)O	Polyketides	Macrolides	Macrolide lactones	true	npclassifier.gnps2.org@2026-09-07
XUHRVZXFBWDCFB-QRTDKPMLSA-N	CCCCCCC[C@H](O)CC(=O)N[C@H](CC(C)C)C(=O)N[C@H](CC(=O)O)C(=O)N[C@H]1C(=O)N[C@H](CC(C)C)C(=O)N[C@H](CC(C)C)C(=O)N[C@H](CO)C(=O)N[C@@H](CC(C)C)C(=O)N[C@H](CCC(N)=O)C(=O)N[C@@H](CC(C)C)C(=O)N[C@@H]([C@@H](C)CC)C(=O)N[C@@H](CCC(=O)O)C(=O)O[C@@H]1C	Amino acids and Peptides|Polyketides	Oligopeptides	Cyclic peptides|Depsipeptides|Lipopeptides	false	npclassifier.gnps2.org@2026-09-07
XUMBMVFBXHLACL-UHFFFAOYSA-N	CC1=C2C3=C(C4=CNC5=C(C(=O)C(=O)C(=C45)C3=CN2)C)C(=O)C1=O	Alkaloids			false	npclassifier.gnps2.org@2026-09-07
XUPLSXHPJUYVNP-UHFFFAOYSA-N	NC(=O)OCC(O)CC(NC(=O)C1NCCCC1O)C(=O)NC(CC1=CN=C(N)N1)C(=O)NC(C(O)C1=NC=C(Cl)N1)C(O)=O	Amino acids and Peptides	Small peptides	Tripeptides	false	npclassifier.gnps2.org@2026-09-07
XUTITWMLZFXDCT-IOBQCEMOSA-N	C[C@@H]1[C@H](C[C@@H]2[C@]3(CC[C@@H]([C@@]([C@@H]3CC[C@@]2([C@H]1C4=C(C(=O)O[C@H]4N(C)CCO)O)C)(C)COC(=O)C5=C(C=CC(=C5)Cl)NC)O)C)OC	Terpenoids			true	npclassifier.gnps2.org@2026-09-07
XUTJPVCJXVRRLB-SKWRMQMOSA-N	[H][C@@]12CCC3=C(C=C4C(NC5=C4C=CC=C5)=C3)[C@@]1(C)CC[C@H](O)[C@@]2(C)C(O)=O	Alkaloids	Tryptophan alkaloids	Carbazole alkaloids	false	npclassifier.gnps2.org@2026-09-07
XUTNXUICNNBAHB-UHFFFAOYSA-N	OC1=CC=C(CC(C(O)=O)NC(C2N(C(C(NC(C3CC(C)CN3C(CC(CCCCCCC(Cl)[H])N)=O)=O)CCC4=CC=C(O)C=C4)=O)CCC2)=O)C=C1	Amino acids and Peptides	Oligopeptides	Linear peptides|Lipopeptides|Microginins	false	npclassifier.gnps2.org@2026-09-07
XUYJLQHKOGNDPB-UHFFFAOYSA-N	C(C(=O)O)P(=O)(O)O				false	npclassifier.gnps2.org@2026-09-07
XVALYPLEYAVREQ-ZJPHBKLHSA-N	COC1=C(C[C@H]2NC(=O)[C@@H](NC(=O)[C@@H](NC(=O)[C@H](CC(C)C)NC(=O)[C@@H](CC3=CC=C(O)C=C3)NC(=O)[C@H](CC3=CC=C(O)C=C3)NC(C)=O)[C@@H](O)C(=O)O)COC(=O)CNC(=O)[C@H](CC(C)C)NC2=O)C=CC(O)=C1	Amino acids and Peptides|Polyketides	Oligopeptides	Cyclic peptides|Depsipeptides	false	npclassifier.gnps2.org@2026-09-07
XVBIZWCWDZDOMC-MYIUKXANSA-N	CCC(C)C1OC(=O)C=C/C=C/C=C/C=C/C=C\CC(O)CC(O)CC(O)CC(O)CC(O)CC(O)CC(O)CC(O)/C=C/C1C	Polyketides	Macrolides	Polyene macrolides	false	npclassifier.gnps2.org@2026-09-07
XVBIZWCWDZDOMC-UEPNLKFNSA-N	CCC(C)C1OC(=O)/C=C/C=C/C=C\C=C\C=C\CC(O)CC(O)CC(O)CC(O)CC(O)CC(O)CC(O)CC(O)/C=C/C1C	Polyketides	Macrolides	Polyene macrolides	false	npclassifier.gnps2.org@2026-09-07
XVBIZWCWDZDOMC-VDHHOPAPSA-N	CCC(C)C1OC(=O)C=C/C=C/C=C/C=C/C=C/CC(O)CC(O)CC(O)CC(O)CC(O)CC(O)CC(O)CC(O)/C=C/C1C	Polyketides	Macrolides	Polyene macrolides	false	npclassifier.gnps2.org@2026-09-07
XVBIZWCWDZDOMC-VNYSJGGHSA-N	CCC(C)C1OC(=O)/C=C/C=C/C=C/C=C/C=C/CC(O)CC(O)CC(O)CC(O)CC(O)CC(O)CC(O)CC(O)/C=C/C1C	Polyketides	Macrolides	Polyene macrolides	false	npclassifier.gnps2.org@2026-09-07
XVBIZWCWDZDOMC-ZIDJWUOVSA-N	CCC(C)C1OC(=O)/C=C/C=C\C=C\C=C/C=C/CC(O)CC(O)CC(O)CC(O)CC(O)CC(O)CC(O)CC(O)/C=C/C1C	Polyketides	Macrolides	Polyene macrolides	false	npclassifier.gnps2.org@2026-09-07
XVEOIKIXOSKAFL-GARNVBSBSA-N	C[C@@H]1[C@@H]2CC[C@@H]3[C@@]([C@H]2C(=O)C=C1C=C)(C[C@@H](C(=O)C3(C)C)O)C	Terpenoids	Diterpenoids	Cassane diterpenoids	false	npclassifier.gnps2.org@2026-09-07
XVKYTNVMXZDVQT-UHFFFAOYSA-N	OC1=CC=CC=C1C(=O)C1=CC(Cl)=C(Cl)N1C1=C(NC(Cl)=C1Cl)C(=O)C1=CC(Cl)=CC=C1O	Alkaloids	Proline alkaloids	Pyrrole alkaloids	false	npclassifier.gnps2.org@2026-09-07
XVOVUDBPNJSOPY-UHFFFAOYSA-N	Nc1cc(ccc1O)-c1nc2cc(ccc2o1)C(=O)Nc1cc(ccc1O)C(O)=O	Alkaloids			false	npclassifier.gnps2.org@2026-09-07
XVVKSDYJVOKNQB-YUSBRPJASA-N	CC(C)CCCCC[C@@H](N)CC(=O)N[C@H](CC(N)=O)C(=O)N[C@@H]([C@@H](O)C(N)=O)C(=O)N[C@H]([C@@H](O)C1=CC=CC=C1)C(=O)OC[C@@H](O)C(=O)N[C@H](CC1=CC=C(O)C=C1)C(O)=O	Amino acids and Peptides	Oligopeptides	Linear peptides	false	npclassifier.gnps2.org@2026-09-07
XWBYRLDLNWOFTK-FUSRCWHBSA-N	[H][C@@]12CC3=CC=C(O)C(=C3)N3C=C(C[C@H](N)C(=O)N1)C1=C3C=CC(=C1)C13C[C@H](N([C@H]1NC1=C3C=CC=C1)C(=O)[C@@H](NC2=O)[C@@H](C)CC)C(=O)N[C@@H](CC1=CC=C(O)C=C1)C(O)=O	Amino acids and Peptides	Oligopeptides	Cyclic peptides	false	npclassifier.gnps2.org@2026-09-07
XWFDVJNZERXRSB-UHFFFAOYSA-N	CC1C(OC(CC1=C)(C(C(=O)NC(C2CC(=O)C(C(O2)CC(COC)OC)(C)C)OC)O)OC)C	Polyketides	Linear polyketides	Open-chain polyketides	true	npclassifier.gnps2.org@2026-09-07
XWIYFDMXXLINPU-RBHXEPJQSA-N	COC1=C2C3=C(C(=O)OCC3)C(=O)OC2=C4[C@H]5C=CO[C@H]5OC4=C1	Polyketides|Shikimates and Phenylpropanoids	Chromanes|Coumarins	Aflatoxins|Simple coumarins	false	npclassifier.gnps2.org@2026-09-07
XWIYFDMXXLINPU-UHFFFAOYSA-N	COC1=C2C3=C(C(=O)OCC3)C(=O)OC2=C4C5C=COC5OC4=C1	Polyketides|Shikimates and Phenylpropanoids	Chromanes|Coumarins	Aflatoxins|Simple coumarins	false	npclassifier.gnps2.org@2026-09-07
XWORGFMCZJWEQG-XHPQRKPJSA-N	CSCCC(C(NC(C(N/C=C1CC(C(N2C=CC(NC2=O)=O)O/1)O)=O)C(N(C(C3CC4=CC(O)=CC=C4CN3)=O)C)C)=O)NC(NC(C(O)=O)CC5=CC=CC(O)=C5)=O	Amino acids and Peptides	Small peptides		false	npclassifier.gnps2.org@2026-09-07
XWYXUMDVQIOAPR-UHFFFAOYSA-N	O=C(C(CC(C)C)N1)NC(CC(C)C)C1=O	Alkaloids|Amino acids and Peptides	Peptide alkaloids|Small peptides	Dipeptides|Simple diketopiperazine alkaloids	false	npclassifier.gnps2.org@2026-09-07
XXDIJWSZFWZBRM-BXXMKNEZSA-N	CC1CCC\C=C/C=C/C(O)CC(O)C\C=C/C=C/C(O)C\C=C\C=C/C(=O)O1	Polyketides	Macrolides	Polyene macrolides	false	npclassifier.gnps2.org@2026-09-07
XXKNHBAFFJINCK-RVEJDSBJSA-N	[H]\C(C)=C(\[H])C1=CC2=C(CO1)C(=O)[C@]1(C)OC(=O)[C@H](C(=O)CCCCC)[C@@]1([H])C2	Polyketides	Chromanes	Azaphilones	false	npclassifier.gnps2.org@2026-09-07
XYBSGFLFCZXVQH-LKAXXFPESA-N	C[C@@H]1[C@@H](N[C@H]2C=C(CO)[C@@H](O)[C@H](O)[C@H]2O)[C@H](O)[C@@H](O)[C@@H](O[C@@H]3[C@@H](CO)O[C@H](O[C@H]4[C@H](O)[C@@H](O)[C@@H](N[C@@H]5[C@@H](C)O[C@H](O[C@@H]6[C@@H](CO)O[C@H](O[C@H]7[C@H](O)[C@@H](O)[C@@H](N[C@@H]8[C@@H](C)O[C@H](O[C@@H]9[C@@H](CO)O[C@H](O[C@@H]%10[C@@H](CO)O[C@@H](O[C@@H]%11[C@@H](CO)O[C@@H](O[C@@H]%12[C@@H](CO)O[C@@H](O)[C@H](O)[C@H]%12O)[C@H](O)[C@H]%11O)[C@H](O)[C@H]%10O)[C@H](O)[C@H]9O)[C@H](O)[C@H]8O)C=C7CO)[C@H](O)[C@H]6O)[C@H](O)[C@H]5O)C=C4CO)[C@H](O)[C@H]3O)O1	Carbohydrates	Saccharides	Polysaccharides	true	npclassifier.gnps2.org@2026-09-07
XYCWVVKRGCDXIK-FNORWQNLSA-N	O=C(O1)C(/C=C/CC)=C2C1(O)C(CCC)C(C(OC3=O)=O)=C3CC2	Polyketides	Cyclic polyketides	Nonadrides	true	npclassifier.gnps2.org@2026-09-07
XYEWTJQWOJBDBL-UHFFFAOYSA-N	CC1ON(CCC2=CNC=N2)C(=O)C1NC(=O)C1=CC=CC=C1O	Alkaloids	Histidine alkaloids	Imidazole alkaloids	false	npclassifier.gnps2.org@2026-09-07
XYRWDMXUDDAXMF-JJPZVYOZSA-N	CC1=C(OC(=O)C(=C1O)C[C@@H]2C(=C)CC[C@@H]3[C@@]2(CC[C@@H]([C@@]3(C)CCC=C(C)C)OC(=O)C)C)C	Polyketides|Terpenoids	Meroterpenoids	Triketide meroterpenoids	false	npclassifier.gnps2.org@2026-09-07
XZFSMUXVAYCHFO-ZLLCTSSMSA-N	[H][C@]12NC3=CC=CC=C3[C@@]34CCN(C(=O)\C=C\C=C\C)[C@]3([H])N3CC[C@]14C1=C(C=CC=C1[C@H]3C1OC1(C)C)N2C	Alkaloids	Tryptophan alkaloids	Pyrroloindole alkaloids	false	npclassifier.gnps2.org@2026-09-07
XZIMXLSLLWNCNC-NXTDQQSXSA-N	CC[C@@](C)(NC(=O)[C@H](CC(C)C)NC(=O)CNC(=O)[C@@](C)(CC)NC(=O)C(C)(C)NC(=O)C(C)(C)NC(=O)C(C)(C)NC(=O)[C@@H](NC(C)=O)C(C)C)C(=O)NC(C)(C)C(=O)N1C[C@H](O)C[C@H]1C(=O)NC(CCC(N)=O)C(=O)N[C@](C)(CC)C(=O)N1C[C@H](O)C[C@H]1C(=O)NC(C)(C)C(=O)N[C@H](CO)CC1=CC=CC=C1	Amino acids and Peptides	Oligopeptides	Linear peptides|Peptaibols	false	npclassifier.gnps2.org@2026-09-07
XZJAKURZQBNKKX-QFQDJZPHSA-N	C[C@@H]1CCC[C@@H]([C@H]1[C@H](C)/C(=C\2/C(=O)COC2=O)/O)/C=C(\CO)/[C@H]3[C@@H](CC[C@H](O3)/C=C/[C@H](C)[C@H]4[C@H](C[C@@H](O4)[C@H](C)OC)C)C	Polyketides	Polyethers	Polyether ionophores	false	npclassifier.gnps2.org@2026-09-07
XZJZCONDRDOIHG-MHTZHOPKSA-N	OC1=C(CCCCCCCCCCCCC(C)C)C=C(OC/C=C(CCCC(CC/C=C(C)/C)C)\C)C=C1OC	Terpenoids	Meroterpenoids		false	npclassifier.gnps2.org@2026-09-07
XZNUGFQTQHRASN-XZEBHBPDSA-N	CN[C@H]1[C@H]([C@@H]2[C@H](C[C@H](C(O2)O[C@@H]3[C@H](C[C@H]([C@@H]([C@H]3O)O)N)N)N)O[C@@H]1O[C@@H]4[C@@H]([C@H]([C@@H]([C@H](O4)CO)N)O)O)O	Carbohydrates	Polyols	Amino cyclitols	true	npclassifier.gnps2.org@2026-09-07
XZQILKYKJYHEHD-JTQLQIEISA-N	O=C1C(OC)=C(NCC(O)=O)C[C@@](O)(CO)C1	Amino acids and Peptides|Shikimates and Phenylpropanoids	Mycosporine derivatives	Mycosporine and Mycosporine-like amino acids	false	npclassifier.gnps2.org@2026-09-07
XZVXDGKWYMFGNR-JEHWNZESSA-N	CC(C)[C@@H](O)C(C)/C=C/C=C/C=C(\C)/[C@]1(C)C2CC[C@@H](O)[C@H](C)C=2C2C(=O)NC(=C)C=2[C@@]1([H])C(O)=O	Polyketides			false	npclassifier.gnps2.org@2026-09-07
XZXMNJUMFYDZBE-SICKJCSZSA-N	CN=C(N)NCCC/C=C/CCC[C@H](C)C[C@H](C)[C@H]1OC(=O)[C@H](C)[C@H](O)/C=C/[C@H](C)[C@H](O)C[C@H](O)[C@H](C)[C@@H](O)CC[C@H](C)[C@H](O)C[C@]2(O)O[C@H](C[C@@H](OC(=O)CC(=O)O)C[C@H](O)C[C@@H](O)[C@H](C)[C@H](O)/C=C/C=C/[C@@H]1C)C[C@H](OC(=O)CC(=O)O)[C@H]2O	Polyketides	Macrolides	Polyene macrolides	true	npclassifier.gnps2.org@2026-09-07
XZYJCSZXESVCAB-WFNNRHMCSA-N	C[C@@H]1[C@H](C[C@@H]2[C@]3(CC[C@@H]([C@@]([C@@H]3CC[C@@]2([C@H]1C4=C(C(=O)OC4O)O)C)(C)CO)OC(=O)C5=C(C=CC(=C5)Cl)NC)C)OC	Terpenoids			true	npclassifier.gnps2.org@2026-09-07
YABYTVNSTSAIEE-XBXARRHUSA-N	CC1=C(/C=C/CCC(NC2=C(O)CCC2=O)=O)C=CC=C1	Shikimates and Phenylpropanoids			false	npclassifier.gnps2.org@2026-09-07
YAFBWRNWUKQKQM-VKZIXFSFSA-N	O=C(N(C)[C@@H](CC(C)C)C(N[C@@H](C(C)C)C(N[C@H]([C@@H](C)O)C(N[C@@H](C)C(C1(OC1)C)=O)=O)=O)=O)CCCCCCC(C(C)O)C	Amino acids and Peptides	Oligopeptides	Linear peptides	false	npclassifier.gnps2.org@2026-09-07
YAPYPRCFSPPLSE-UHFFFAOYSA-N	CC1=C(NC(CCC(C)C)=O)C(N2CCCC2=C1O)=O	Alkaloids	Nicotinic acid alkaloids	Pyridine alkaloids	false	npclassifier.gnps2.org@2026-09-07
YAQRIRLOHOPYRB-UHFFFAOYSA-N	CCCCCCCCCC(O)CC(=O)NC(CC(C)C)C(=O)NC(CC(C)C)C(=O)NC(CCC(N)=O)C(=O)NC(CC(C)C)C(=O)NC(C(=O)NC(CC(C)C)C(=O)NC(CC(C)C)C(=O)NC(CC(C)C)C(=O)O)C(C)O	Amino acids and Peptides	Oligopeptides	Linear peptides	false	npclassifier.gnps2.org@2026-09-07
YASKTPKJJBPLQA-LAQSNJLJSA-N	CC1=CC(=O)[C@H]2C3=CC=CC=C3[C@H]3[C@@H]1[C@@H]2CN3C1=CC=C2C(=O)SC3=C2C1=CC1=C3[C@@H](O)[C@H](O)C=C1				false	npclassifier.gnps2.org@2026-09-07
YBJHBAHKTGYVGT-ZKWXMUAHSA-N	OC(=O)CCCC[C@@H]1SC[C@@H]2NC(=O)N[C@H]12	Alkaloids	Histidine alkaloids	Imidazole alkaloids	false	npclassifier.gnps2.org@2026-09-07
YBTINGQYOYMZPD-UHFFFAOYSA-N	OC1=CC=C(CC2=[N+]([O-])C=C(CC3=CC=C(O)C=C3)[N+]([O-])=C2)C=C1	Alkaloids			false	npclassifier.gnps2.org@2026-09-07
YBZRLMLGUBIIDN-NZSGCTDASA-N	CC(C)CCCCCCCCCCCCC(=O)NCC(=O)N[C@@H]1[C@@H](O)[C@@H](O)[C@@H](NC2=C3N=CNC3=NC=N2)O[C@H]1C(O)CO	Alkaloids			true	npclassifier.gnps2.org@2026-09-07
YCENLAAIZVXNOG-JCDMCXPCSA-N	CCC(C)CCCCCCC/C=C\CC(=O)N[C@@H](CC(=O)N)C(=O)N[C@H]1[C@H](NC(=O)[C@@H]2CCCN2C(=O)[C@H](NC(=O)[C@H](NC(=O)CNC(=O)[C@@H](NC(=O)CNC(=O)[C@@H](NC(=O)[C@@H](NC(=O)[C@H]3CCCCN3C1=O)[C@H](C)C(=O)O)CC(=O)O)CC(=O)O)[C@@H](C)N)C(C)C)C	Amino acids and Peptides|Polyketides	Oligopeptides	Cyclic peptides|Depsipeptides	false	npclassifier.gnps2.org@2026-09-07
YCFBNOVXGOIKRF-JCOAXYOVSA-N	CCCCCCCCCCCCCCO[P@]1(=O)OC[C@@H]2COC(=O)C2=C(O1)CC(C)C	Fatty acids	Glycerophospholipids	Long-Chain Bicyclic Phosphotriester	false	npclassifier.gnps2.org@2026-09-07
YCGXMNQNHBKSKZ-YNWZBRBLSA-N	CC(C)[C@@H](C(=O)NC(C(C[C@H]1CN2[C@@H](O1)CC2=O)O)C(=O)O)N	Amino acids and Peptides	β-lactams	Clavams	false	npclassifier.gnps2.org@2026-09-07
YCJUJZCHFIQIEU-NLPFYKDJSA-N	C=C1CCC[C@@]2(C)CC/C3=C(C)/CCC(CC12)[C@]3(C)C	Terpenoids	Diterpenoids	Taxane diterpenoids	false	npclassifier.gnps2.org@2026-09-07
YCLORVUKJQGWLJ-UHFFFAOYSA-N	CCCCCCCC1CC(=O)NC(CO)C(=O)NC(CC(C)C)C(=O)OC(CCCCC)CC(=O)NC(CC(C)C)C(=O)NC(CO)C(=O)O1	Amino acids and Peptides|Polyketides	Oligopeptides	Cyclic peptides|Depsipeptides|Lipopeptides	false	npclassifier.gnps2.org@2026-09-07
YCNMXONAOSPSEX-XLWDLCQDSA-N	C[C@@H]1[C@H](N=C(O1)/C=C/C2=CC=CN2)/C=C(\C)/C=C/C=C/C=C/C=C(\C)/C(=O)NC(CC(=O)N)C(=O)O	Alkaloids|Amino acids and Peptides|Polyketides	Peptide alkaloids|Linear polyketides	DKXanthenes and derivatives|Simple amide alkaloids	false	npclassifier.gnps2.org@2026-09-07
YCRVYSRXMZRXDW-MDYSUIJBSA-N	COC(=O)[C@H]1O[C@@H](OC2=C(C=C(O)C(=C2O)C2=CC=CC=C2)C2=CC=CC=C2)[C@H](O)[C@@H](O)[C@@H]1O	Shikimates and Phenylpropanoids	Terphenyls	p-Terphenyls	true	npclassifier.gnps2.org@2026-09-07
YCXQGZJYZGFQSB-AMMLVUSNSA-N	CCC1CCC(=O)C2=C(O)C(C)=CC3=C2C(=O)C2=C(NC(=O)C=C[C@]2(C)C(=O)O[C@@H](C)[C@@H](O)\C=C\1)C3=O	Polyketides	Macrolides	Ansa macrolides	false	npclassifier.gnps2.org@2026-09-07
YDIKBMCSKOWUBL-KIMNJLMLSA-N	CO[C@H]1[C@@H](CO)O[C@@H](N2C3=C(C=CC=C3Cl)C3=C4C(=O)N(C)C(=O)C4=C4C5=CC(O[C@@H]6C[C@@H](O)[C@@H](N(C)C)CO6)=C(O)C(Cl)=C5NC4=C32)[C@H](O)[C@H]1O	Alkaloids	Tryptophan alkaloids	Carbazole alkaloids	true	npclassifier.gnps2.org@2026-09-07
YDNNIZIPQWRRKH-OUJDMZAPSA-N	C[C@H]([C@H]1C(=O)N[C@H](C2=N[C@@H](CS2)C(=O)N[C@H](C(=O)N[C@H](C(=O)N3CCC[C@H]3C(=O)N[C@H](C(=O)N4CCC[C@H]4C(=O)N1)C(C)C)CC5=CC=CC=C5)[C@@H](C)OC(C)(C)C=C)C(C)C)OC(C)(C)C=C	Amino acids and Peptides	Oligopeptides	Cyclic peptides|RiPPs-Cyanobactins	false	npclassifier.gnps2.org@2026-09-07
YDOTUXAWKBPQJW-NSLWYYNWSA-N	CC(C)C[C@H]1C(=O)N2CCC[C@H]2[C@]3(N1C(=O)[C@](O3)(C(C)C)NC(=O)[C@H]4CN([C@@H]5CC6=CNC7=CC=CC(=C67)C5=C4)C)O	Alkaloids	Tryptophan alkaloids	Ergot alkaloids	false	npclassifier.gnps2.org@2026-09-07
YDVWWMILPXBXSV-UHFFFAOYSA-N	O=C1C=C(O)C=C(CCCCCCCCCCCCCCC)O1	Polyketides	Cyclic polyketides	2-pyrone derivatives	false	npclassifier.gnps2.org@2026-09-07
YECWLNHQVUKZLG-SFOOZHNMSA-N	C[C@H]1[C@H](O)[C@H](N)C[C@@H](O[C@H]2[C@H]3C(N[C@H](C(OC)=O)C4=CC(O)=CC(O[C@H]5[C@@H](O)[C@@H](O)[C@H](O)[C@@H](CO)O5)=C4C6=C(O)C=CC([C@@H](NC([C@H]7C8=CC(OC9=CC=C([C@@H](O)[C@@H]%10C(N[C@H](C(N7)=O)C%11=CC(OC%12=C(O)C=CC([C@@H](N)C(N%10)=O)=C%12)=C(C)C(O)=C%11)=O)C=C9)=C(O[C@H]%13[C@H](O)[C@@H](O)[C@H](O)[C@@H](COC%14[C@H](O)[C@H](O)[C@@H](O)[C@H](C)O%14)O%13)C(OC%15=CC=C2C=C%15)=C8)=O)C(N3)=O)=C6)=O)O1	Amino acids and Peptides	Oligopeptides	Vancomycins and Teicoplanins	true	npclassifier.gnps2.org@2026-09-07
YEDLPYZUUMOKKH-ZRNYENFQSA-N	C1=CC(=C(C(=C1)O)O)C(=O)N[C@H](CCCN=C(N)N)C(=O)N[C@@H](CO)C(=O)OC[C@@H](C(=O)O)NC(=O)[C@@H](CCCN=C(N)N)NC(=O)C2=C(C(=CC=C2)O)O	Amino acids and Peptides	Small peptides	Dipeptides	false	npclassifier.gnps2.org@2026-09-07
YEJRWHAVMIAJKC-UHFFFAOYSA-N	C1CC(=O)OC1	Fatty acids	Fatty esters	Lactones	false	npclassifier.gnps2.org@2026-09-07
YELFBSBOFKWHSL-QDPFKYGGSA-N	CCC(C)\C=C(/C)\C=C\C(=O)C1=C(O)C(=CN(O)C1=O)C1=CC=C(O)C=C1	Alkaloids	Nicotinic acid alkaloids	Pyridine alkaloids	false	npclassifier.gnps2.org@2026-09-07
YEUSSARNQQYBKH-KFIBIINQSA-N	O=C2O[C@H]([C@H](O)C)[C@@H](\C=C(/C)[C@]51O[C@H]4[C@H](\C=C/[C@@H]1C[C@@H]2OC)[C@H]5[C@H](O)[C@H]([C@H]4OC(=O)c3ccc[nH]3)C)C	Polyketides	Macrolides	Oxa-Bridged Macrolides	false	npclassifier.gnps2.org@2026-09-07
YEUSSARNQQYBKH-SIMZXIQRSA-N	C[C@@H]1/C=C(/[C@]23[C@@H](C[C@@H](C(=O)O[C@@H]1[C@@H](C)O)OC)C=C[C@@H]4[C@H]2[C@@H]([C@H]([C@H]([C@@H]4O3)OC(=O)C5=CC=CN5)C)O)\C	Polyketides	Macrolides	Oxa-Bridged Macrolides	false	npclassifier.gnps2.org@2026-09-07
YEVFXGXMSXDKTA-STUIYEDVSA-N	CC[C@H](C)[C@H](NC(=O)CNC(=O)[C@H](CC(C)C)NC(=O)[C@@H](NC(=O)[C@H](CCC(N)=O)NC(=O)[C@H](CCCCN)NC(=O)[C@@H](NC(=O)[C@H](CCCCN)NC(=O)[C@H](CCC(O)=O)NC(=O)[C@@H](NC(=O)[C@@H](NC(=O)[C@H](CC1=CNC2=C1C=CC=C2)NC(=O)[C@H](CC(O)=O)NC(=O)[C@@H](NC(=O)[C@H](C)NC(=O)[C@H](CCC(N)=O)NC(=O)CNC(=O)[C@H](C)NC(=O)[C@H](CC(N)=O)NC(=O)[C@@H](NC(=O)[C@H](CC1=CNC2=C1C=CC=C2)NC(=O)[C@H](CC(O)=O)NC(=O)[C@H](CC(C)C)NC(=O)[C@@H](NC(=O)[C@H](CCCCN)NC(=O)CNC(=O)[C@H](CCCCN)NC(=O)[C@H](CC(N)=O)NC(=O)[C@H](C)NC(=O)[C@H](CC1=CNC2=C1C=CC=C2)NC(=O)[C@H](C)NC(=O)[C@H](CC1=CNC2=C1C=CC=C2)NC(=O)[C@H](CCC(N)=O)NC(=O)[C@@H](NC(=O)[C@H](C)NC(=O)[C@H](CCCCN)NC(=O)[C@H](CO)NC(=O)CNC(=O)[C@H](CC1=CC=C(O)C=C1)NC(=O)[C@H](CCCCN)NC(=O)[C@H](C)NC(=O)[C@H](CC(C)C)NC(=O)[C@@H](NC(=O)[C@H](CCC(N)=O)NC(=O)[C@@H](NC(=O)[C@@H](NC(=O)[C@H](CCCCN)NC(=O)[C@H](CC(C)C)NC(=O)[C@H](CC1=CC=CC=C1)NC(=O)CNC(=O)[C@H](C)NC(=O)[C@@H](N)CCSC)C(C)C)C(C)C)[C@@H](C)CC)C(C)C)[C@@H](C)CC)[C@@H](C)CC)[C@@H](C)CC)C(C)C)C(C)C)[C@@H](C)CC)[C@@H](C)CC)C(=O)N[C@@H](CCCCN)C(O)=O	Amino acids and Peptides	Oligopeptides	RiPPs-Lanthipeptides	false	npclassifier.gnps2.org@2026-09-07
YEVSOYBNHBOQJZ-CXUHLZMHSA-N	CC(C)(C=C)C12C=C(C(=O)N\3C1(NC(=O)/C3=C\C4=CN=CN4)N(C5=CC=CC=C25)O)O	Alkaloids	Histidine alkaloids	Imidazole alkaloids	false	npclassifier.gnps2.org@2026-09-07
YFJGKMTXYRZHKG-UHFFFAOYSA-N	CCCCCCCC1=NC(=CC2=CC=C(O)C=C2)C(=O)O1				false	npclassifier.gnps2.org@2026-09-07
YFQDVXKEMBYFSU-IRLDBZIGSA-N	CC(=O)N[C@@H]1CC2=CN(C3=CC=CC=C23)C(=O)C4=CC=CC=C4NC(=O)[C@@H]5CCCN5C1=O	Alkaloids	Anthranilic acid alkaloids	Benzodiazepine alkaloids	false	npclassifier.gnps2.org@2026-09-07
YGDMZCDTTXTBHS-UHFFFAOYSA-N	CCCCCCCCCCCCN=CC1=C(C=C(N1)C2=CC=CN2)OC	Alkaloids	Proline alkaloids	Prodigiosins	false	npclassifier.gnps2.org@2026-09-07
YGKOWXWMOFTQTG-VWQQNYFNSA-N	C[C@@H]1[C@H](/C=C/O[C@@]2(C(=O)C3=C(O2)C(=C(C4=C5C(=CC(=C43)O)NC(=O)[C@@](O5)(CC(=O)[C@@H]6C[C@@H]6[C@@H]([C@H]([C@H]([C@H]([C@@H]1OC(=O)C)C)O)C)O)C)O)C)C)OC	Polyketides	Macrolides	Ansa macrolides	false	npclassifier.gnps2.org@2026-09-07
YGQKBWQSVIZGFS-UHFFFAOYSA-N	O=C(C(C=CC1=C2C(OC)=C(Cl)C(C)=C1)=C2C3=O)C4=C3C(O)=C(C(OC5(OC)C)=O)C5=C4O	Polyketides	Polycyclic aromatic polyketides	Angucyclines	false	npclassifier.gnps2.org@2026-09-07
YGUKQAWJFUHKHO-SLBZEGPGSA-N	C\C=C1\NC(=O)[C@@H](NC(=O)C2=CSC(=N2)C2=C(N=C(C=C2)C(=O)NC(=C)C(=O)NC(=C)C(=O)NCC(C)=O)C2=COC(=N2)C(=C)NC(=O)C(=C)NC(=O)C2=CSC(=N2)[C@H](C)NC(=O)C2=CSC(CNC(=O)C3=C(C)OC1=N3)=N2)[C@@H](C)O	Amino acids and Peptides	Oligopeptides	Cyclic peptides|RiPPs-Thiopeptides	false	npclassifier.gnps2.org@2026-09-07
YHBAYFBDFCGZTI-HCDFXORVSA-N	C/C=C(/C(=O)NC(CCCN(C(=O)C)O)C(=O)NC(CO)C(=O)NC(CCCN=C(N)N)C(=O)NC1CCCN(C1=O)O)\NC(=O)CNC(=O)C(C(C)O)NC(=O)C(C(C(=O)O)O)NC(=O)C(C)C(C(C)N)O	Amino acids and Peptides	Oligopeptides	Linear peptides	false	npclassifier.gnps2.org@2026-09-07
YHBUARZUCVRARP-RTQHVXCCSA-N	[H][C@@]12CCCNN1C(=O)[C@H](NC(=O)[C@@H](CC1=CC=C(OC)C=C1)NC(=O)[C@@H](NC(=O)[C@@H](NC=O)C(C)C)[C@@H](C)OC(=O)[C@H](C(C)C)N(C)C(=O)[C@H](CC(C)C)NC2=O)C(C)C	Amino acids and Peptides|Polyketides	Oligopeptides	Cyclic peptides|Depsipeptides	false	npclassifier.gnps2.org@2026-09-07
YHCOUDDGGGVTBX-VEMQXTDGSA-N	[H][C@@]1([C@@]23C)[C@@](C[C@](C)(O)C[C@H]1C)([H])C(O)(C(O)(C([C@H](C)CC)3C)C)/C(C2=O)=C/O	Polyketides	Cyclic polyketides	Decalins with side chains	false	npclassifier.gnps2.org@2026-09-07
YHGHPAXZWKFSBY-UHRIAHHDSA-N	C[C@H]1C[C@@H](O)C[C@@H](O)C/C=C/[C@@H](O)C/C=C/[C@@H](O)C[C@@H](O)C[C@@H](O)C/C=C/C=C/C=C/C=C/C=C/C=C/CCC(=O)O1	Polyketides	Macrolides	Polyene macrolides	false	npclassifier.gnps2.org@2026-09-07
YHHLNGAZCXMCEW-YZJMRPAMSA-N	CCC(C)[C@H]1C(=O)OC(CCC(CC(CC(CC(/C=C(/C(=O)N[C@H](C(=O)N1)C(C)C)\C)C)C)C)C)C	Amino acids and Peptides	Macrolides		false	npclassifier.gnps2.org@2026-09-07
YHKHXAQVOCOLJP-CUPPDMCKSA-N	C[C@H]1/C=C/C=C/C=C/[C@H](C[C@H](C[C@H](C/C=C(/C(=O)C[C@@H](CCCCCC(=O)O[C@@H]1C[C@H]([C@H](C)[C@H]([C@@H](C)[C@H](CC(C)C)O[C@H]2C[C@H]([C@@H]([C@H](O2)C)O)O[C@H]3C[C@H]([C@@H]([C@H](O3)C)O)O)O)O)O)\C)O)O[C@H]4C[C@H]([C@@H]([C@H](O4)C)O)OC)O	Polyketides	Macrolides	Macrolide lactones	true	npclassifier.gnps2.org@2026-09-07
YHKNJVBTWBBGKF-UHFFFAOYSA-N	COC1=C(O)C=C2C(=O)C3=C(OC2=C1)C(=O)C1=C(C3=O)C2=C(C=C3C=C(C)N(CCO)C(=O)C3=C2O)CC1	Polyketides	Polycyclic aromatic polyketides	Ericamycins	false	npclassifier.gnps2.org@2026-09-07
YHLKXYXFUCTURZ-MZUZGICHSA-N	[H]C(N(C)C1[C@H]2CN3C1[C@@H](O2)CC3)=O	Alkaloids	Ornithine alkaloids	Pyrrolizidine alkaloids	false	npclassifier.gnps2.org@2026-09-07
YHMLVTRWZBFDAT-ISLYRVAYSA-N	CC1C(OC(=O)CN(C(=O)/C=C/C(=C)NC(=O)CNC(=O)C(C1=O)(C)O)C)CCCCCCCCCCC(C)C	Amino acids and Peptides|Polyketides	Oligopeptides	Cyclic peptides|Depsipeptides|Lipopeptides	false	npclassifier.gnps2.org@2026-09-07
YHMLVTRWZBFDAT-KLSYSPJQSA-N	O=C(CNC([C@](O)(C)C1=O)=O)NC(/C=C/C(N(C)CC(O[C@@H](CCCCCCCCCCC(C)C)[C@@H]1C)=O)=O)=C	Amino acids and Peptides|Polyketides	Oligopeptides	Cyclic peptides|Depsipeptides|Lipopeptides	false	npclassifier.gnps2.org@2026-09-07
YHNIVBVCOOBXOO-UHFFFAOYSA-N	CC(CC=CC=CCCC=CC=CCCC(C)(C)C)C(O)C(O)C(O)C(O)C(O)C1OC(=O)C(O)C1O	Polyketides	Linear polyketides	Open-chain polyketides	false	npclassifier.gnps2.org@2026-09-07
YHRZRWLQHQGLJN-VMAPGKTHSA-N	N[C@@H](CCCNC(N)=N)C(N[C@H](CC(C)C)C(N[C@@H](CCCNC(N)=N)C(N[C@@H](CCCNC(N)=N)C(N[C@H](CCCNC(N)=N)C(NCCCCN)=O)=O)=O)=O)=O	Alkaloids	Ornithine alkaloids	Polyamines	false	npclassifier.gnps2.org@2026-09-07
YHZUHQIORUMYTL-UHFFFAOYSA-N	CCCCCCCCCC(N(CCCNC(CC(C(O)=O)(O)CC(NCCC(N1C(CCC1(C(O)=O)O)=O)C(O)=O)=O)=O)O)=O	Alkaloids	Peptide alkaloids	Simple amide alkaloids	false	npclassifier.gnps2.org@2026-09-07
YHZYLDIUZSZOOB-PYBZOPHZSA-N	[H]C1CCN(C(=O)[C@@H](N)C(C)CC)[C@]1([H])C(CC(O)=O)OC(=O)[C@H](CC1=CC=C(O)C=C1)NC([H])=O	Amino acids and Peptides	Small peptides		false	npclassifier.gnps2.org@2026-09-07
YIAIGJHLHUVSCX-GVPMYBDDSA-N	O/C(CCC/C=C\CCCCCC)=C(C(N1[C@@]2([H])CCC1)=O)/C2=O	Amino acids and Peptides	Linear polyketides	3-acyl tetramic acids	false	npclassifier.gnps2.org@2026-09-07
YIELQFCSZNNHLS-AIGVRGBASA-N	C[C@H]1\C=C\C=C/C(=O)NC2=C(C)C(=O)C3=C(C(O)=C(C)C=C3C2=O)C(=O)\C(C)=C\[C@H](C)[C@H](O)[C@@H](C)[C@@H](O)[C@H](C)[C@H](O)[C@H](C)[C@H]1O	Polyketides	Macrolides	Ansa macrolides	false	npclassifier.gnps2.org@2026-09-07
YIJVJFCLUNYXQX-WGXRPPGPSA-N	CC[C@H](C)[C@@H]1C(=O)N[C@H](C(=O)NC(=C)C2=NC(=CO2)C3=NC(=CO3)C4=NC(=CS4)C5=NC(=CO5)C6=NC(=C(O6)C7=CC=CC=C7)C(=O)N1)C(C)C	Amino acids and Peptides	Oligopeptides	Cyclic peptides	false	npclassifier.gnps2.org@2026-09-07
YILWWVUXGMGOAM-UHFFFAOYSA-N	CC(=O)N(O)CCCNC(=O)CC(O)(CC(=O)NCCCN(O)C(C)=O)C(=O)O	Alkaloids	Ornithine alkaloids	Polyamines	false	npclassifier.gnps2.org@2026-09-07
YIRQWXGQCMAHIW-IRGGMKSGSA-N	CC(C)C[C@@H]1NC(=O)[C@@H](NC(=O)[C@H](CC(C)C)OC(=O)[C@H](CC(C)C)NC(=O)[C@H](CC2=CC=CC=C2)NC1=O)C(C)C	Amino acids and Peptides|Polyketides	Oligopeptides	Cyclic peptides|Depsipeptides	false	npclassifier.gnps2.org@2026-09-07
YIXMOSKWKGHGSQ-LOSJGSFVSA-N	C[C@@]1(CC[C@@]2(O)C3=C1C=CC(C)(C)C1=C3C3=C(N1)C=CC=C3C2(C)C)C=C	Alkaloids	Tryptophan alkaloids	Hapalindole alkaloids	false	npclassifier.gnps2.org@2026-09-07
YJQPYGGHQPGBLI-HHJGLNSVSA-N	CO[C@@H]1[C@@H](OC(N)=O)[C@@H](O)C(OC2=CC=C3C(O)=C(NC(=O)C4=CC(CC=C(C)C)=C(O)C=C4)C(=O)OC3=C2C)OC1(C)C	Shikimates and Phenylpropanoids	Coumarins	Simple coumarins	true	npclassifier.gnps2.org@2026-09-07
YJQYHFMKGAVKDP-UHFFFAOYSA-N	CCCC(=O)C1=CC2=C(C(O)=C1C)C(=O)C(=O)C1=C2C=CC=C1O	Polyketides	Naphthalenes	Naphthoquinones	false	npclassifier.gnps2.org@2026-09-07
YJSXTLYNFBFHAT-OPSQKTBLSA-N	CC[C@@H]1C[C@H](C(=O)/C=C/C(=C/[C@H]([C@H](OC(=O)C[C@H]([C@H]([C@H]1O)C)O)CC)C)/C)C	Polyketides	Macrolides	Tylosins	false	npclassifier.gnps2.org@2026-09-07
YKGUANHFGKFMSZ-UHFFFAOYSA-N	CCC(=O)C1=C(C(C2(CC3=C(C(=O)C4=C(C3=O)C=CC=C4OC)OC2C1=O)C(=O)O)OC)O	Polyketides	Naphthalenes	Naphthoquinones	false	npclassifier.gnps2.org@2026-09-07
YKJILBFISDHBLQ-GSJAERIGSA-N	CC/C(=C(\C(=O)N/C(=C/C(=O)O)/C(=O)O)/NC(=O)[C@@H]1C=CCN1C(=O)[C@@H]2[C@@](OC3=C(C(=CC(=C3)[C@@H]([C@@H](C(=O)N[C@H](C(=O)N2)C(=C)C)N(C)C)O)Cl)O)(C)CC)/C	Amino acids and Peptides	Oligopeptides	Cyclic peptides	false	npclassifier.gnps2.org@2026-09-07
YKJYKKNCCRKFSL-RDBSUJKOSA-N	COC1=CC=C(C[C@H]2NC[C@H](O)[C@H]2OC(C)=O)C=C1	Alkaloids	Ornithine alkaloids	Pyrrolidine alkaloids	false	npclassifier.gnps2.org@2026-09-07
YKPHLXGEPNYRPY-ZIUFDZNVSA-N	CCCCCCCCCCCCCCCC(=O)N[C@H]1C[C@H]([C@H](NC(=O)[C@@H]2[C@H]([C@H](CN2C(=O)[C@@H](NC(=O)[C@@H](NC(=O)[C@@H]3C[C@H](CN3C(=O)[C@@H](NC1=O)[C@@H](C)O)O)[C@@H]([C@H](C4=CC=C(C=C4)O)O)O)[C@@H](C)O)C)O)O)O	Amino acids and Peptides	Oligopeptides	Cyclic peptides	false	npclassifier.gnps2.org@2026-09-07
YKPRQPBIYQBKND-CCJURPRCSA-N	CC(/C=C/C=C(\C)[C@H](O)[C@H](C)C(=O)O[C@H]1C[C@H](C)C=C2C=C[C@@]3(C)O[C@@H](O)CC(=O)[C@]3(C)[C@H]21)=C\C=C\C(=O)O	Polyketides	Cyclic polyketides	Decalins with side chains	true	npclassifier.gnps2.org@2026-09-07
YLBJYVFDYOTYHW-PCKGUDBLSA-N	C/C1=C/[C@@H](C)C/C=C/[C@H]2[C@@H]3O[C@]3(C)[C@@H](C)[C@H]3[C@H]([C@@H](C)C4=C[NH]C5=CC=CC=C45)NC(=O)[C@@]23C(=O)/C=C/C(=O)[C@@H]1O	Alkaloids	Pseudoalkaloids	Cytochalasan alkaloids	false	npclassifier.gnps2.org@2026-09-07
YLCWZFUMYQIMQJ-INIZCTEOSA-N	C[C@@H](CC)CCCCCCC1=CC=CC2=C1CCCN2	Alkaloids	Tryptophan alkaloids|Anthranilic acid alkaloids	Quinoline alkaloids	false	npclassifier.gnps2.org@2026-09-07
YMDXZJFXQJVXBF-STHAYSLISA-N	C[C@H]1[C@H](O1)[P](=O)(O)O				false	npclassifier.gnps2.org@2026-09-07
YMPSZJNRZBHLRI-OGYDQXLWSA-N	CC(O)([C@H]1O[C@H]2CC[C@]3([C@@](CC[C@H]4CC5=C([C@@]43C)NC6=CC(C/C=C(C)/C)=C(C/C=C(C)/C)C=C56)(C2=CC1=O)O)C)C	Alkaloids|Terpenoids	Tryptophan alkaloids	Indole-Diterpenoid alkaloids (Penitrems)	false	npclassifier.gnps2.org@2026-09-07
YMSZNAXJMXNNPT-OPAYXXSESA-N	C[C@@H]1O[C@H](CC[C@@H]1O)O[C@@H]1C[C@H](O[C@@H]2[C@@H](C)O[C@H](C[C@H]2O)O[C@H]2CC[C@H](O[C@@H]3C[C@H](O[C@@H]4[C@@H](C)O[C@H](C[C@H]4O)OC4=CC=C(O)C5=C4C(=O)C4=C(C5=O)C5=C(O)C=C(C)C=C5C[C@H]4O)O[C@H](C)[C@H]3O)O[C@H]2C)O[C@H](C)[C@H]1O	Polyketides	Polycyclic aromatic polyketides	Angucyclines	true	npclassifier.gnps2.org@2026-09-07
YMUAOVHRCGSGJV-UHFFFAOYSA-N	CC1=C2C(=O)NCC(=O)NC(C3=NC(=CS3)C4=NC(=CS4)C5=C(C=CC(=N5)C6=NC(=CS6)C7=NC(CO7)C(=O)N8CCCC8C(=O)N)C9=NC(=CS9)C(=O)NC(C3=NC(=C(S3)COC)C(=O)NC(C(=N2)S1)CC(=O)NC)C(C)C)C(C1=CC=CC=C1)O	Amino acids and Peptides	Oligopeptides	Cyclic peptides|RiPPs-Thiopeptides	false	npclassifier.gnps2.org@2026-09-07
YMWQIYMUNZBOOV-CFYXQOLXSA-N	CCCCC/C=C\CCC(=O)N[C@@H]1[C@H]([C@@H]([C@H](O[C@H]1OC2=C3C=C4C=C2OC5=C(C=C(C=C5)[C@H]([C@H]6C(=O)N[C@@H](C7=CC(=CC(=C7C8=C(C=CC(=C8)[C@H](C(=O)N6)NC(=O)[C@@H]4NC(=O)[C@@H]9C1=CC(=CC(=C1)O)OC1=C(C=CC(=C1)[C@H](C(=O)N[C@H](CC1=CC(=C(O3)C=C1)Cl)C(=O)N9)N)O)O)O[C@@H]1[C@H]([C@H]([C@@H]([C@H](O1)CO)O)O)O)O)C(=O)O)O[C@H]1[C@@H]([C@H]([C@@H]([C@H](O1)CO)O)O)NC(=O)C)Cl)CO)O)O	Amino acids and Peptides	Oligopeptides	Vancomycins and Teicoplanins	true	npclassifier.gnps2.org@2026-09-07
YMYRNIMWOZETPY-OVQJPPBNSA-N	OC[C@@H](NC(=O)[C@H](CO)NC(=O)[C@H]1COC(=N1)C1=CC=CC=C1O)C(=O)N[C@@H](CO)C(=O)N[C@H](CCCN(O)C=O)C(=O)N[C@@H]1CCCN(O)C1=O	Amino acids and Peptides	Oligopeptides	Depsipeptides|Linear peptides	false	npclassifier.gnps2.org@2026-09-07
YNCKCZXUTZJZTQ-ULQDDVLXSA-N	CN[C@H]1CC2=CC=C(O)C(=C2)N2C=NC=C2C[C@@H](C(=O)O)NC(=O)[C@H](CC(C)C)NC1=O	Alkaloids|Amino acids and Peptides	Oligopeptides|Histidine alkaloids	Cyclic peptides|Imidazole alkaloids	false	npclassifier.gnps2.org@2026-09-07
YNCMLFHHXWETLD-UHFFFAOYSA-N	CN1C2=CC=CC=C2N=C2C(=O)C=CC=C12	Alkaloids	Anthranilic acid alkaloids	Phenazine alkaloids	false	npclassifier.gnps2.org@2026-09-07
YNFMRVVYUVPIAN-AQUURSMBSA-N	[H][C@@]12OC\C3=C/C=C/[C@H](C)C\C(C)=C\C[C@@H]4C[C@@H](C[C@]5(C[C@H](O)[C@H](C)[C@H](O5)C(\C)=C\C(C)C)O4)OC(=O)[C@H](C=C(C)[C@H]1O)[C@@]23O	Polyketides	Macrolides	Avermectins	false	npclassifier.gnps2.org@2026-09-07
YNHVZXATNGMVNC-UHFFFAOYSA-N	O=C(C(N1)CC2=CNC3=CC=CC=C32)NC(CC4=CNC=N4)C1=O	Alkaloids|Amino acids and Peptides	Histidine alkaloids|Small peptides	Dipeptides|Imidazole alkaloids	false	npclassifier.gnps2.org@2026-09-07
YNIHZPXTQKTVBC-BACFDPDBSA-N	CC[C@@H]\1CCC(=O)c2c3c(cc(c2O)C)C(=O)C4=C(C3=O)[C@@](C=CC(=O)N4)(C(=O)O[C@H](C/C=C1)CC(C)C)C	Polyketides	Macrolides	Ansa macrolides|Lactam bearing macrolide lactones	false	npclassifier.gnps2.org@2026-09-07
YOHNPDDBVKZQEA-ASHDVBNSSA-N	CC1=C(O)C2=C3C(=O)[C@@H]4[C@@H](C=C[C@@H]5CC(=O)N[C@]54C(=O)C3=C1O)/C=C(\CC(C)C)C(=O)[C@@H](C)[C@H](O)/C=C/[C@@H](C)C2=O	Polyketides	Macrolides	Ansa macrolides	false	npclassifier.gnps2.org@2026-09-07
YOJVEXXBEGGPCU-OAQYLSRUSA-N	CNC(=O)[C@@]1(O)N2C3=C(C=C(Cl)C=C3)C(OC)=C2C2=C(C3=C(N2)C=CC(Cl)=C3)C1=O	Alkaloids	Tryptophan alkaloids	Carbazole alkaloids	false	npclassifier.gnps2.org@2026-09-07
YOOVTUPUBVHMPG-LODYRLCVSA-N	OC[C@H]1O[C@@H](N2C=NC3=C2NC=NC[C@H]3O)[C@H](O)[C@@H]1O	Carbohydrates	Nucleosides	Purine nucleos(t)ides	false	npclassifier.gnps2.org@2026-09-07
YOOWNZNHXMGFGU-CLSQJDTCSA-N	[C@@]1(C)(O)C[C@@](C)(C)C2C1C=C(C)C([H])(/C=C\C=C\C=C/C(C(C)C(C/C=C(/C=C/C(O)=O)\C)O)O)C2C(OC)C1=CC=C(O)C=C1	Polyketides	Linear polyketides		false	npclassifier.gnps2.org@2026-09-07
YOUXQVRIWHZWQN-DKPCRMJRSA-N	CC[C@H](C)[C@@H](C(N1C[C@@H](/C=C\C)C[C@H]1C2=O)=O)NC([C@H]([C@@H](C3=CC=CC=C3)C)NC([C@H](NC([C@H]([C@H](C)C4=CC=CC=C4)NC([C@@H]([C@@H](C)O2)NC([C@H](C[C@H]5[C@H]([N+]([O-])=O)C5)NC(C6=CC=C(Cl)N6O)=O)=O)=O)=O)C[C@H]7[C@H]([N+]([O-])=O)C7)=O)=O	Amino acids and Peptides|Polyketides	Oligopeptides	Cyclic peptides|Depsipeptides	false	npclassifier.gnps2.org@2026-09-07
YPBBSZLQXSUPEP-VFZXOFDQSA-N	C[C@@H]1OC(CC[C@@H]1O[C@@H]1O[C@@H](C)C(=O)C=C1)O[C@@H]1[C@@H](C)O[C@H](C[C@H]1O)C1=C(O)C2=C(C=C1)C(=O)C1=C(C=C[C@]3(O)C[C@@](C)(CC(=O)[C@]13O)O[C@@H]1O[C@@H](C)C(=O)C=C1)C2=O	Polyketides	Polycyclic aromatic polyketides	Angucyclines	true	npclassifier.gnps2.org@2026-09-07
YPHMISFOHDHNIV-GAIPPQHRSA-N	[H][C@@](O)(CC1CC(=O)NC(=O)C1)[C@@]1([H])C[C@@H](C)C[C@H](C)C1=O	Alkaloids	Lysine alkaloids	Piperidine alkaloids	false	npclassifier.gnps2.org@2026-09-07
YPJRKTIWVUVMDI-LSDHHAIUSA-N	CC1=C(C2=C(C=C1)[C@](C[C@]2(C)CO)(C)CO)CO	Terpenoids	Sesquiterpenoids	Botryane sesquiterpenoids	false	npclassifier.gnps2.org@2026-09-07
YPKFJNUZFFXJND-UHFFFAOYSA-N	CC(=O)NC(C(=O)NC1C(=O)NC2CC3=C[NH]C4=C3C=CC(=C4)C3=CC4=CC(=C3O)OC3=CC=C(C=C3)CC3NC(=O)C(CC5=CC=C(O)C(=C5)C5=C(C=C(O)C=C5O)C(C(=O)NC(C(=O)O)C5=CC(O)=CC(O)=C5)NC3=O)NC(=O)C4NC(=O)C(NC2=O)C2=CC(=C(O)C=C2)OC2=CC1=CC(O)=C2)C1=CC=C(O)C=C1	Amino acids and Peptides	Oligopeptides	Vancomycins and Teicoplanins	false	npclassifier.gnps2.org@2026-09-07
YPSASMQTMVWBKP-DTPBOKJKSA-N	O=C(/C(OC)=C/C(C)=C/[C@H]([C@@H](O)[C@H](C)C1)C)O[C@@H]([C@H](/C=C/C=C1\C)OC)[C@H]([C@H]([C@@H]([C@](O)(O[C@@H]2/C=C/C=C/C=C/C=C/C=C/[C@H]([C@H](COC)O)C)C[C@H]([C@@H]2C)O[C@@H]3O[C@@H]([C@H]([C@@H](C3)O)O)C)C)O)C	Polyketides	Macrolides	Bafilomycins	true	npclassifier.gnps2.org@2026-09-07
YPTJPYWKFYBXSN-UHFFFAOYSA-N	COC1C(OC(N)=O)C(OC1C(OC1OC(=CC(O)C1O)C(=O)OC)C(N)=O)N1C=CC(=O)NC1=O	Carbohydrates	Nucleosides	Pyrimidine nucleos(t)ides	true	npclassifier.gnps2.org@2026-09-07
YPUPRVWRYDPGCW-IDBRQATOSA-N	CC[C@@H]1C[C@H]2CC[C@H](O2)[C@@H](C(=O)O[C@H](C[C@@H]3CC[C@@H](O3)[C@H](C(=O)O[C@@H](C[C@H]4CC[C@H](O4)[C@@H](C(=O)O[C@H](C[C@@H]5CC[C@@H](O5)[C@H](C(=O)O1)C)C)C)C)C)C)C	Polyketides	Polyethers	Macrotetrolides	false	npclassifier.gnps2.org@2026-09-07
YPXVSQSYDIMPDZ-AUUHBOKRSA-N	CCCCCCCCCCCCCCCC1[C@H](OC([C@H]([C@@H]1OC(=O)CC(CCCCCCCCCCC)O)O)CO[C@H]2[C@H](C([C@@H](C(O2)CO[C@@]3(CC([C@H](C(O3)C(CO)O)O[C@H]4[C@@H](C([C@@H](C(O4)C(CO)O)OP(=O)(O)OP(=O)(O)OCCN)O[C@@H]5[C@@H](C([C@@H](C(O5)C(CO[C@@H]6[C@@H](C([C@](CO6)(C(CO)O)O)O)O)O)OP(=O)(O)O)O[C@@H]7C(C([C@@H](C(O7)CO[C@@H]8C(C([C@H](C(O8)CO)O)O)O)O)O[C@@H]9C(C([C@H](C(O9)CO)O)O)O[C@@H]1C(C([C@@H](C(O1)CO)O[C@@H]1C(C([C@H](C(O1)CO)O)OC1[C@@H](C(C([C@@H](O1)C)O[C@@H]1C(C([C@@H](C(O1)CO)O)O[C@@H]1C(C[C@H](C(O1)C)O)O)O[C@@H]1C(C([C@H](C(O1)CO)O)O)O)O)O)O)O)O[C@@H]1[C@H](C([C@@H](C(O1)CO)O)O)NC(=O)C)O)O)O)O[C@@]1(CC([C@H](C(O1)C(CO)O)O)O[C@@]1(CC([C@H](C(O1)C(CO)O)O)O)C(=O)O)C(=O)O)C(=O)O)OP(=O)(O)O)OC(=O)CC(CCCCCCCCCCC)OC(=O)CCCCCCCCCCCCC)NC(=O)CC(CCCCCCCCCCC)OC(=O)CCCCCCCCCCC)CP(=O)(O)O	Fatty acids	Glycerophospholipids	Glycerophosphoinositolglycans	true	npclassifier.gnps2.org@2026-09-07
YQDJUXPUIRGKNV-MNOLRWOYSA-N	COC(\C=C\CC\C=C\C(O)=O)C(O)C(C)C(O)C(\C)=C\C(C)C(=O)CCCC1CC(=O)NC(=O)C1	Alkaloids	Lysine alkaloids	Piperidine alkaloids	false	npclassifier.gnps2.org@2026-09-07
YQMGQEJXXQCDAU-SNVRGYBNSA-N	CCC(C)CCC(=O)O[C@H]1[C@H]2[C@](O2)(C(=O)C3=CC(=C4C5=C(C=CC=C5O)C(=O)C4=C13)O)C	Polyketides	Polycyclic aromatic polyketides	Angucyclines	false	npclassifier.gnps2.org@2026-09-07
YQOXDTHSLKEXLH-PMACEKPBSA-N	C1C[C@H]2C(=O)NC3=CC=CC=C3C(=O)N4C=C(C[C@@H](C(=O)N2C1)[N+](=O)[O-])C5=CC=CC=C54	Alkaloids	Anthranilic acid alkaloids	Benzodiazepine alkaloids	false	npclassifier.gnps2.org@2026-09-07
YQULWNMZEPTDEC-CWFDNVPGSA-N	CCC(C)CC(C)/C=C(/C=C(/C)\C=C\C=C\C=C\C=C\C=C\C1=CC(=C(C(=O)O1)[C@H]2[C@@H]([C@H]([C@H]([C@H](O2)CO)O)O)O)O)\C(=O)O	Polyketides	Linear polyketides	Open-chain polyketides	false	npclassifier.gnps2.org@2026-09-07
YQYJSBFKSSDGFO-KEHBMHOOSA-N	CC(=O)[C@H]1O[C@@H](OC2=C(O)C=C(\C=C(/C)C(=O)N[C@@H]3[C@H](O)[C@H]4OCO[C@H]4[C@@H](O)[C@@H]3O)C=C2)[C@@H](O)[C@@H]1O	Terpenoids			true	npclassifier.gnps2.org@2026-09-07
YRARXUIKYFTHNU-GZGBMRHASA-N	OC1=C2C(NC1C(CCNC(/C=C/C=C/C3(CC4(C([H])(C(C)C(CC)C4)C3(C(O)/C=C/C=C/C2=O)[H])[H])[H])=O)O)=O	Amino acids and Peptides|Polyketides	Macrolides	Macrocyclic tetramic acids	false	npclassifier.gnps2.org@2026-09-07
YRECHDUAXCBBOZ-HOCCXODSSA-N	[H][C@]12[C@@](C[C@](C)(O)C[C@H]2C)([H])C([C@@](C)(O)[C@]([H])([C@H](CO)CC)[C@]1(C)C(/C=C\O)=O)=O	Polyketides	Cyclic polyketides	Decalins with side chains	false	npclassifier.gnps2.org@2026-09-07
YRYPVWAJOMXOHH-ITBWMFDCSA-N	[H][C@@](C)(CC)[C@@]1([H])[C@](C)(O)C(=O)[C@@]2([H])C[C@](C)(O)C[C@@H](C)[C@]2([H])[C@@]1(C)C(=O)\C=C/O	Polyketides	Cyclic polyketides	Decalins with side chains	false	npclassifier.gnps2.org@2026-09-07
YRZQCIDLWXTCTJ-GHRAFVERSA-N	CCCCCCCCCCCCCCCO[P@]1(=O)OC[C@@H]2COC(=O)C2=C(O1)CCCC	Fatty acids	Glycerophospholipids	Long-Chain Bicyclic Phosphotriester	false	npclassifier.gnps2.org@2026-09-07
YSKPBPMQZLMBEW-UHFFFAOYSA-N	CCCCCC(N)CCCCCCCC(N)CCCCCCCC(N)CCCCCCCC(N)CCCCCCCC(O)CCNC(CC(CC(O)C(C(C)C)NC(C(C1C)NC(C(NC(C(NC(C(NC(CC(C(O)=O)N)=O)CC2=CN=CN2)=O)CC(N1)=O)=O)CC(N)=O)=O)=O)O)=O	Amino acids and Peptides	Oligopeptides	Lipopeptides	false	npclassifier.gnps2.org@2026-09-07
YSONUVGWOCXRPA-UHFFFAOYSA-N	CC1C(=O)OC(C(=O)NC(C(=O)NC(=C)C(=O)N1)CCC2=CC=C(C=C2)OC)C(C)C	Amino acids and Peptides	Oligopeptides	Cyclic peptides|Depsipeptides	false	npclassifier.gnps2.org@2026-09-07
YSWXFQGDHAFOMX-ADXZGYQBSA-N	CCCCCCCCCCCCCCO[P@]1(=O)OC[C@@H]2COC(=O)C2=C(O1)CC	Fatty acids	Glycerophospholipids	Long-Chain Bicyclic Phosphotriester	false	npclassifier.gnps2.org@2026-09-07
YSXWOFMOJMYBIO-PAAZHNBESA-N	C/C=C/C/C=C(\C)/C(CC/C(=C/C=C(\C)/C(=C\1/C(=O)C=C(OC1=O)[C@H](C)CC/C=C/NC(=O)OC)/O)/C)O	Polyketides			false	npclassifier.gnps2.org@2026-09-07
YSZWKXRRCFZDNI-MJVHAFATSA-N	CCCCC1CCCC[C@H](C)[C@@H](OC(N)=O)C2=CC(O)=C(C(CCCCCl)CCCC[C@H](C)[C@@H](OC(N)=O)C3=CC(O)=C1C(O)=C3)C(O)=C2	Polyketides	Alkylresorcinols	Dialkylresorcinols	false	npclassifier.gnps2.org@2026-09-07
YTCKFKAUGWIMPJ-WVLIHFOGSA-L	[H+].[H+].[H+].[H+].CC1=C(C2=CC3=NC(=CC4=NC(=C(C4(C)CC(=O)[O-])[O-])C=C5C(C(=O)C(=N5)C=C1[N-]2)(C)CC(=O)[O-])C(=C3/C=C/C(=O)[O-])C)CCC(=O)[O-].[Fe+2]				false	npclassifier.gnps2.org@2026-09-07
YTFQPQJITWJRMB-NGNLIAESSA-N	CCCCCCCCC[C@H](O)CC(=O)N[C@H](CC(C)C)C(=O)N[C@H](CC(=O)O)C(=O)N[C@H]1C(=O)N[C@H](CC(C)C)C(=O)N[C@H](CC(C)C)C(=O)N[C@H](CO)C(=O)N[C@@H](CC(C)C)C(=O)N[C@H](CCC(N)=O)C(=O)N[C@@H](CC(C)C)C(=O)N[C@@H]([C@@H](C)CC)C(=O)N[C@@H](CCC(=O)O)C(=O)O[C@@H]1C	Amino acids and Peptides|Polyketides	Oligopeptides	Cyclic peptides|Depsipeptides|Lipopeptides	false	npclassifier.gnps2.org@2026-09-07
YTIOHQGZCPYGOD-FSJACQRISA-N	NCCCC[C@H](NC(=O)C1=C(O)C(O)=CC=C1)C(=O)N[C@@H](COC(=O)[C@H](COC(=O)[C@H](CO)NC(=O)[C@H](CCCCN)NC(=O)C1=C(O)C(O)=CC=C1)NC(=O)[C@H](CCCCN)NC(=O)C1=C(O)C(O)=CC=C1)C(=O)O	Amino acids and Peptides|Polyketides	Oligopeptides	Depsipeptides|Linear peptides	false	npclassifier.gnps2.org@2026-09-07
YTLIJXLOYNCCOO-UHFFFAOYSA-N	CCCCCCCC(O)CC(=O)NC(CC(C)C)C(=O)NC(CC(C)C)C(=O)NC(CCC(N)=O)C(=O)NC(CC(C)C)C(=O)NC(C(=O)NC(CC(C)C)C(=O)NC(CC(C)C)C(=O)NC(CC(C)C)C(=O)O)C(C)O	Amino acids and Peptides	Oligopeptides	Linear peptides	false	npclassifier.gnps2.org@2026-09-07
YUBJKXYXGZMUGT-UHFFFAOYSA-N	OC1=CC=C(C=C1)CC(O)CO	Shikimates and Phenylpropanoids	Phenylethanoids (C6-C2)	Phenylethanoids	false	npclassifier.gnps2.org@2026-09-07
YUNXXJUUIKKYDM-MPBGBICISA-N	CC1=C(C2=C(C3=C(N2)C=CC(=C3)CC=C(C)C)C(=O)C1=O)[C@@H]([C@@H](C)O)O	Alkaloids	Tryptophan alkaloids	Carbazole alkaloids	false	npclassifier.gnps2.org@2026-09-07
YUQDGJSYYKKISE-BUJAFJOKSA-N	C\C=C\[C@H](O)[C@@H](O)\C=C\C1=CC=CC(O)=C1C=O	Polyketides	Miscellaneous polyketides	Miscellaneous polyketides	false	npclassifier.gnps2.org@2026-09-07
YUQWCTIQZZQAKE-OYKVQYDMSA-N	COC1=C(C2=C(CC(N3C2=NC(=C3O)C=C4C=NC5=CC=CC=C54)C(=O)N[C@@H](CC(CO)CO)C(=O)O)C(=C1O)O)O	Alkaloids			false	npclassifier.gnps2.org@2026-09-07
YVFKTBDFYAEHEG-ZYEMZCIWSA-N	CC(=O)N[C@H]1[C@H](OC/C=C/C2=CC=CC=C2/C=C/C(=O)N[C@H]2C(=O)N[C@H](CC(N)=O)C(=O)N[C@H](C(C)C)C(=O)N[C@@H](CC3=CC=CC=C3)C(=O)N[C@H](C(C)C)C(=O)NCC(=O)NCC(=O)N[C@H](C(C)C)C(=O)N[C@@H](CC(C)C)C(=O)O[C@@H]2C)O[C@H](CO)[C@@H](O)[C@@H]1O	Amino acids and Peptides|Polyketides	Oligopeptides	Cyclic peptides|Depsipeptides	true	npclassifier.gnps2.org@2026-09-07
YVQFFNCNPFQQKW-UHFFFAOYSA-N	COC1=C(O)C(C2=CNC3=CC=CC=C23)=C(OC)C(CC=C(C)C)=C1C1=CNC2=C1C=CC=C2	Alkaloids	Tryptophan alkaloids	Simple indole alkaloids	false	npclassifier.gnps2.org@2026-09-07
YVSQVYZBDXIXCC-UHFFFAOYSA-N	CC1=C2N=C(O1)C1CSC(=N1)C1=COC(=N1)C1=COC(=N1)C1=COC(=N1)C1=COC(=N1)C1=COC(=N1)C1=C(C)OC2=N1				false	npclassifier.gnps2.org@2026-09-07
YVYARPMNFXTRBD-UHFFFAOYSA-N	NCCCCCN(O)C(=O)CCC(=O)NCCCCCN(O)C(=O)CCC(=O)NCCCCCN(O)C(=O)CC1=CC=CC=C1	Fatty acids	Fatty amides	N-acyl amines	false	npclassifier.gnps2.org@2026-09-07
YWJXTKHQNKVYNF-VIFPVBQESA-N	OC1=C2C(C[C@@H](CC(O)=O)OC2=O)=CC3=C1C(O)=CC=C3	Polyketides|Shikimates and Phenylpropanoids	Naphthalenes	Bisnaphthalenes	false	npclassifier.gnps2.org@2026-09-07
YWORPEZTBDVGCS-JCMMWUKFSA-N	[H][C@]12C[C@@]3([H])[C@@]1([H])C1=C(CC2=C)C(Cl)=CC2=C1C1=C(N2)[C@@]2(C)[C@@]([H])(CC[C@@]4(O)[C@@]56O[C@@H]5[C@@H](O)[C@H](O[C@@]6([H])CC[C@]24C)C(C)=C)[C@]1([H])OC3(C)C	Alkaloids|Terpenoids	Tryptophan alkaloids	Indole-Diterpenoid alkaloids (Penitrems)	false	npclassifier.gnps2.org@2026-09-07
YWUNVHXKGMPHDM-FATFWGNJSA-N	C[C@H]1[C@@H](C)O[C@]([C@H](O)C(N[C@H]2[C@@]3([H])[C@@H](OCO2)[C@H](OC)C(C)(C)[C@H](C[C@H](O)CCC/C=C/C=C/C=C/C(N[C@H](C(O)=O)CCC/N=C(N)\N)=O)O3)=O)(OC)CC1=C	Polyketides	Linear polyketides	Open-chain polyketides	true	npclassifier.gnps2.org@2026-09-07
YXEPHAVILJDRHK-VIFPVBQESA-N	CC[C@H]1CC2=CC(=C3C(=C2C(=O)C1)C(=O)C4=C(C3=O)C(=CC=C4)O)O	Polyketides	Polycyclic aromatic polyketides	Angucyclines	false	npclassifier.gnps2.org@2026-09-07
YXPSTSCHAVSCKS-UHNFBRDESA-N	C[C@@H]1C[C@H]2O[C@@H]2CCCCC(=O)CC2=C(C(=O)O1)C(O)=CC(O)=C2	Polyketides	Macrolides	Zearalenones	false	npclassifier.gnps2.org@2026-09-07
YYBKJQDTRQASSS-UHFFFAOYSA-N	COC(=O)C1=C(C2=CNC3=C2C=C(Cl)C=C3)C(=C(N1)C(=O)OC)C1=CNC2=C1C=C(Cl)C=C2	Alkaloids	Tryptophan alkaloids	Simple indole alkaloids	false	npclassifier.gnps2.org@2026-09-07
YYCPDMIVKAINAD-KOZYZOHBSA-N	C/C=C(\NC(=O)N[C@@H](CC1=CC=CC=C1)C(=O)O)C(=O)N[C@@H](CO)C(=O)N/C(=C\C)C(=O)N[C@@H](CO)C(=O)N/C(=C\C)C(=O)N[C@@H](CCCN=C(N)N)C(=O)N1CCC[C@H]1[C@H]1NC(C(=O)N[C@@H](CCSC)C(=O)O)CS1	Amino acids and Peptides	Oligopeptides	Linear peptides	false	npclassifier.gnps2.org@2026-09-07
YYLAARMDRFESOL-CVAYNVNESA-N	C[C@H]1C(=O)N2[C@@H]3N1[C@]4(C5=NC6=CC=CC=C6C(=O)N5[C@H](C[C@@]3(C7=CC=CC=C72)O)C(=O)N4)C	Alkaloids	Anthranilic acid alkaloids	Quinazoline alkaloids	false	npclassifier.gnps2.org@2026-09-07
YYSUSRQGRLYIIF-PXNSSMCTSA-N	[H][C@@]23CCc1c(CC)c(C)cc(O)c1[C@@]2(C)CCC[C@@]3(C)C	Terpenoids	Diterpenoids	Cleistanthane diterpenoids	false	npclassifier.gnps2.org@2026-09-07
YZNPCOAYYRGZLU-WHWTZJJYSA-N	CCCCCCCCC[C@@H](O)CC(=O)N[C@@H](CC(C)C)C(=O)N[C@@H](CC(C)C)C(=O)N[C@H](CCC(N)=O)C(=O)N[C@@H](CC(C)C)C(=O)N[C@H](CO)C(=O)N[C@H](C(=O)N[C@H](CC(C)C)C(=O)N[C@@H](CC(C)C)C(=O)O)C(C)C	Amino acids and Peptides	Oligopeptides	Linear peptides	false	npclassifier.gnps2.org@2026-09-07
YZWLXRJGOMYYFA-UHFFFAOYSA-N	COC1=CC(O)=C(C2=C3C(O)=C4C(=O)C5=C(C=C(C)C=C5O)C(C)(C)C4=CC3=CC(OC)=C2)C(C)=C1	Polyketides	Polycyclic aromatic polyketides	Fasamycins and derivatives	false	npclassifier.gnps2.org@2026-09-07
ZALAFWZWSLVCID-VXUQJGMHSA-N	C[C@@H]1C[C@H]([C@@H]([C@@]2(O1)C3=C(C[C@H](O2)CC(=O)O)C(=O)C4=C(C3=O)C(=CC=C4)O)O)OC(=O)C	Polyketides	Naphthalenes	Naphthoquinones	false	npclassifier.gnps2.org@2026-09-07
ZAMAVOUZTQYUMR-MHQRDTTCSA-N	CC[C@@H](O)[C@@H](C)\C=C(/C)\C=C\C1=C(C)C(O)=C(C)C(=O)O1	Polyketides	Linear polyketides	Open-chain polyketides	false	npclassifier.gnps2.org@2026-09-07
ZAWHOLMDNIHGEJ-FPYGCLRLSA-N	CC(CCC1)C(C1C(/C=C/C)O2)C3=C2C(C4=CC=CC=C4)=CN(O)C3=O	Alkaloids	Nicotinic acid alkaloids	Pyridine alkaloids	false	npclassifier.gnps2.org@2026-09-07
ZAWXOCUFQSQDJS-VIFPVBQESA-N	C[C@H]1CC2=C(C(=O)C1)C3=C(C=C2)C(=O)C4=C(C3=O)C=CC=C4O	Polyketides	Polycyclic aromatic polyketides	Angucyclines	false	npclassifier.gnps2.org@2026-09-07
ZBDDFHXUDIPRSM-DQCCILMQSA-N	[H][C@]12C[C@H](O[C@@H]3[C@H](C)O[C@H](C[C@@H]3N(C)C)O[C@H]3C[C@](O)(CC)[C@H](C(=O)OC)C4=CC5=C(C(O)=C34)C(=O)C3=C(O)C=CC(O)=C3C5=O)O[C@@H](C)[C@@]1([H])O[C@]1([H])O[C@@H](C)C(=O)C[C@]1([H])O2	Polyketides	Polycyclic aromatic polyketides	Anthracyclines	true	npclassifier.gnps2.org@2026-09-07
ZBDGIMZKOJALMU-UHFFFAOYSA-N	CCC1CC2CCC(O2)C(C(=O)OC(CC3CCC(O3)C(C(=O)OC(CC4CCC(O4)C(C(=O)OC(CC5CCC(O5)C(C(=O)O1)C)C)C)CC)C)C)C	Polyketides	Polyethers	Macrotetrolides	false	npclassifier.gnps2.org@2026-09-07
ZCIHMQAPACOQHT-YSEOPJLNSA-N	CC1=C(C(=C(C=C1)C)/C=C/C(=C/C=C/C(=C/C=C/C=C(/C=C/C=C(/C=C/C2=C(C=CC(=C2C)C)C)\C)\C)/C)/C)C	Terpenoids	Carotenoids (C40)	Carotenoids (C40, π-π)	false	npclassifier.gnps2.org@2026-09-07
ZDDTZHKHBWNHBP-XEABWGDRSA-N	C1C[C@H](N(C1)C(=O)[C@@H](CCCN)NC(=O)CNC(=O)[C@H]([C@H](CN)O)NC(=O)[C@H]([C@H](CN)O)NC(=O)[C@H](CCCCN)N)C(=O)N[C@@H](CC2=CN=CN2)C(=O)N[C@@H](CC[C@@H](CN)O)C(=O)N/C(=C\CCN=C(N)N)/C(=O)N[C@@H](CC[C@@H](CN)O)C(=O)NCCCCN	Alkaloids			false	npclassifier.gnps2.org@2026-09-07
ZDHIGMAZJWYGPX-YONDKBSQSA-N	CC[C@]1(NC(=O)N(C)C)[C@@H](N)[C@H](NC2=CC(=CC=C2)C(C)=O)[C@](O)(COC(=O)C2=C(O)C=CC=C2C)[C@]1(C)O	Terpenoids			false	npclassifier.gnps2.org@2026-09-07
ZDQSOHOQTUFQEM-YIFKQLMYSA-N	[H][C@]12O[C@](O)([C@H](C)C[C@@H]1OC)C(=O)C(=O)N1CCCC[C@@]1([H])C(=O)O[C@@H]([C@H](C)[C@@H](O)CC(=O)[C@H](CC)\C=C(C)/C[C@H](C)C[C@@H]2OC)C(\C)=C\[C@@H]1CC[C@@H](O)C(C1)OC	Polyketides	Macrolides	Ascomycins and Rapamycins	true	npclassifier.gnps2.org@2026-09-07
ZDTMYQLDHDONSC-NOSQDEANSA-N	CCCCCC1CC(=O)N[C@@H](C(C)C)C(=O)N[C@H](C(O)C(C)C)C(=O)N[C@@H](C)C(=O)N[C@H](C(O)C(C)C)C(=O)N[C@@H](CCC(N)=O)C(=O)N(C)[C@@H]([C@@H](C)CC)C(=O)N[C@H](CC(N)=O)C(=O)N[C@H]([C@H](C)O)C(=O)N2CCC[C@H]2C(=O)N[C@H](CC(C)C)C(=O)N[C@@H]([C@@H](C)O)C(=O)N1	Amino acids and Peptides	Oligopeptides	Cyclic peptides	false	npclassifier.gnps2.org@2026-09-07
ZDYUJCQPAXLSCC-YOQBUGDQSA-N	COC[C@H]1O[C@@H](O[C@@H]2OC[C@@H]3O[C@]4(O[C@H]3[C@H]2OC)OC[C@@](O)([C@H](C)OC)[C@@H]2OCO[C@@H]42)[C@@H](OC)[C@@H](O)[C@@H]1O[C@@H]1O[C@H](C)[C@H](OC)[C@H](O[C@H]2C[C@@]3(C)O[C@@]4(C[C@@H](O)[C@H](O[C@H]5C[C@@H](O[C@H]6C[C@](C)(N=O)[C@@H](OC)[C@H](C)O6)[C@H](OC(=O)C6=C(C)C(Cl)=C(O)C(Cl)=C6OC)[C@@H](C)O5)[C@@H](C)O4)O[C@@H]3[C@@H](C)O2)[C@H]1O	Carbohydrates	Saccharides	Orthosomycins	true	npclassifier.gnps2.org@2026-09-07
ZENJDCYWEAINDP-KLRBJWPJSA-N	C[C@H]1O[C@@H](C2=C(O)C3=C(C=C2)C(=O)C2(O)C(O)(CCC4(O)CC(C)(O)CC(=O)C42O)C3=O)CC[C@@H]1O	Polyketides	Polycyclic aromatic polyketides	Angucyclines	false	npclassifier.gnps2.org@2026-09-07
ZESGNAJSBDILTB-UHFFFAOYSA-N	CCCCC1(CCC2(CCC(C)C(CC=C(C)C=CC(O)C(C)C=CC(O)=O)O2)OC1C=CC(C)=CC(O)=O)OC(=O)CCC(O)=O	Polyketides	Linear polyketides	Open-chain polyketides	false	npclassifier.gnps2.org@2026-09-07
ZEUIHPOXFICJIT-ZVWRMSPBSA-N	[H][C@@]1(CC2=C(O1)C(C)=N(=O)C1=CC=CC=C21)[C@@](C)(O)CC\C=C(/C)CCC=C(C)C	Alkaloids	Tryptophan alkaloids|Anthranilic acid alkaloids	Quinoline alkaloids	false	npclassifier.gnps2.org@2026-09-07
ZEZMMLAWSYXXQV-DZUOILHNSA-N	CCCCCCCCCCCCCC(=O)N[C@@H](CCCN(O)C=O)C(=O)N[C@@H](CO)C(=O)N(O)CCC[C@@H]1NC(=O)[C@H](CCCN(O)C=O)NC1=O	Amino acids and Peptides	Oligopeptides	Linear peptides|Lipopeptides	false	npclassifier.gnps2.org@2026-09-07
ZFCGPWGFGUDLHO-UHFZAUJKSA-N	CC[C@H](C)[C@H]1[C@@H](OC1=O)C(=O)NCCC[C@H](NC(=O)[C@H](C)N)C(O)=O	Amino acids and Peptides	Small peptides	Dipeptides	false	npclassifier.gnps2.org@2026-09-07
ZFHJKIZNPDEJSN-UHFFFAOYSA-N	CC1CC(=O)NC(CCCN(O)C=O)C(O)C(C)C(=O)NC(C(C)O)C(=O)NC(CCCN)C(=O)NC(CO)C(=O)NC(C(O)C(=O)O)C(=O)O1	Amino acids and Peptides|Polyketides	Oligopeptides	Cyclic peptides|Depsipeptides	false	npclassifier.gnps2.org@2026-09-07
ZFOQFRWXAGFXFL-IWRPRKENSA-O	C[C@@H]1CCCCCCCCCCCC[C@H](O)[C@H]2O[C@@H]2[C@@H](OP(=O)(O)OCC[N+](C)(C)C)C=CC=C(O)O1	Polyketides	Macrolides	Macrolide lactones	false	npclassifier.gnps2.org@2026-09-07
ZFPVZBQTCYDNIT-GTOFKKLISA-N	O=C([C@@]([C@@]([C@@](O[C@H]1C[C@H](OC)[C@@H](O)[C@H](C)O1)(CC)[C@@H]2O[C@@H]3C[C@H](O)[C@@H](N(C)C)[C@H](C)O3)([H])C(C(C4=C5C(C6=C(O)C=CC(O)=C6C4=O)=O)=C2C5=[N+]=[N-])=O)([H])[C@@](O[C@@H]7O[C@@H](C)[C@H](O)[C@@H](OC)C7)(CC)[C@@H]8O[C@@H]9C[C@H](O)[C@@H](N(C)C)[C@H](C)O9)C%10=C8C=C%11C%10=C(O)C%12=C(O)C=CC(O)=C%12C%11=O	Polyketides	Polycyclic aromatic polyketides	Angucyclines	true	npclassifier.gnps2.org@2026-09-07
ZFUKGBHZYCUJKU-FKLDRJFQSA-N	C/C=C(\NC(=O)N[C@@H](CC1=CC=C(O)C=C1)C(=O)O)C(=O)N[C@@H](C)C(=O)N[C@@H](CCCN=C(N)N)C(=O)N1CCC[C@H]1C1=NC(C(=O)N[C@@H](CCC(N)=O)C(=O)OC(CC(=O)O)C2C(OC(=O)CC)CCN2C(=O)[C@@H](N)C(C)CC)=CS1	Amino acids and Peptides	Oligopeptides	Linear peptides	false	npclassifier.gnps2.org@2026-09-07
ZFYMCYAXXOXUHT-UHFFFAOYSA-N	CC1=CC2=C(C(=C1)O)OC3=C(O2)C(=O)C(=C4C3(C5C(=CC(=O)C5(C4=O)O)C)C)O	Polyketides	Aromatic polyketides	Depsidones	false	npclassifier.gnps2.org@2026-09-07
ZFZFJUIKYIVPNP-OWTNSLFHSA-N	C[C@H]([C@H]([C@H]1[C@@H]([C@H](C[C@](O1)(C(=O)O)O)O)N)N)O	Carbohydrates	Aminosugars and aminoglycosides	Aminosugars	true	npclassifier.gnps2.org@2026-09-07
ZGGASQUTZHTTQR-KTKKEOCVSA-N	C/C=C(\C)/C=C/C=C/[C@H]1[C@@H]2C[C@@H]2C3=[N+]1CCCC3	Alkaloids	Lysine alkaloids	Indolizidine alkaloids	false	npclassifier.gnps2.org@2026-09-07
ZGJIVWQOEHQWLW-SWTUTNCKSA-N	CC[C@H](C)[C@H]1C2=N[C@@H](CO2)C(=O)N[C@@H](C3=NC(=CS3)C(=O)N[C@H](C4=N[C@@H]([C@H](O4)C)C(=O)N[C@@H](C5=NC(=CS5)C(=O)N1)C(C)C)[C@@H](C)CC)C(C)C	Amino acids and Peptides	Oligopeptides	Cyclic peptides|RiPPs-Cyanobactins	false	npclassifier.gnps2.org@2026-09-07
ZGKNMKBZOSTFCB-UHFFFAOYSA-N	C1=C(C=C(C(=CC1=O)O)O)C(=O)O	Shikimates and Phenylpropanoids	Phenolic acids (C6-C1)	Simple phenolic acids	false	npclassifier.gnps2.org@2026-09-07
ZHECJFNKDQXHIW-UHFFFAOYSA-N	CC1CC(=O)C2=C(O1)C=C3C(=C2O)C(=CC(=C3C4=C(C=C(C5=C(C6=C(C=C54)OC(C(C6=O)C)C)O)O)O)O)O	Polyketides	Naphthalenes	Bisnaphthalenes	false	npclassifier.gnps2.org@2026-09-07
ZHKQTTFILPJNLU-YRXWBPOGSA-N	C[C@]1(O)[C@H](O)c2c(c3C(=O)c4cccc(OC)c4-c3c(O)c2)[C@@H](O)[C@@H]1O	Polyketides	Polycyclic aromatic polyketides	Angucyclines	false	npclassifier.gnps2.org@2026-09-07
ZHLAIRYCTDNCBP-DKGQAOFKSA-N	COC1=CC2=CC3=C(C(=O)O[C@H](C)C3)C(O)=C2C2=C1[C@H]1[C@@]3(O2)C(=[N+]([O-])C2=C3C=CC3=C2C=CC(C)(C)O3)C(C)(C)[C@@H]2C[C@]34CCCN3C(=O)[C@@]21NC4=O	Alkaloids|Amino acids and Peptides	Peptide alkaloids	Indole diketopiperazine alkaloids (L-Trp, L-Pro)	false	npclassifier.gnps2.org@2026-09-07
ZHTRILQJTPJGNK-FYBAATNNSA-N	C[C@@H]1C2=NC(=CS2)/C=C\C=C\C(=O)[C@@H](/C=C(/CC[C@@]3(CC(=O)N1)[C@@](C(=O)SS3=O)(C)O)\C)O	Amino acids and Peptides			false	npclassifier.gnps2.org@2026-09-07
ZHVCUICBHSGXOZ-KURKYZTESA-N	O[C@H]1C[C@]2(O[C@H](CCCCCCCCC)C1)NCCCC2	Alkaloids			false	npclassifier.gnps2.org@2026-09-07
ZIASNLTUSWPFPK-UHFFFAOYSA-N	CCCCCCCCCC1=CC=CC2=C1CCCN2	Alkaloids	Tryptophan alkaloids|Anthranilic acid alkaloids	Quinoline alkaloids	false	npclassifier.gnps2.org@2026-09-07
ZIOBWQJYKHDNKP-UHFFFAOYSA-N	C1=C(C=C(C(=C1Cl)O)CC2=C(C(=C(N2)Cl)Cl)[N+](=O)[O-])Cl	Alkaloids	Proline alkaloids	Pyrrole alkaloids	false	npclassifier.gnps2.org@2026-09-07
ZIRIUMCQSORLJA-RMDRTFJASA-N	CC1(CC1)[C@@H]2C(=O)O[C@H](C(=O)N3[C@@H](CC(C=N3)O)C(=O)N[C@H](C(=O)N[C@@H](C(=O)N4[C@@H](C[C@@]5([C@H]4NC6=C5C=CC(=C6Cl)Cl)O)C(=O)N2)[C@@H](CC(=O)O)O)COC)C(C)(C)C	Amino acids and Peptides	Oligopeptides	Cyclic peptides|Depsipeptides	false	npclassifier.gnps2.org@2026-09-07
ZJMVJDFTNPZVMB-QOCMWZQCSA-N	C/C/1=C\CC/C(=C/C2C(C2(C)C)CC/C(=C/CC1)/C)/C	Terpenoids	Diterpenoids	Casbane diterpenoids	false	npclassifier.gnps2.org@2026-09-07
ZJOSXOOPEBJBMC-LJRWBPDUSA-M	C[C@@H]([C@@H]([C@H]1[C@H]([C@H](C[C@](O1)(C(=O)[O-])O)O)NC(=O)C)NC(=O)C)O	Carbohydrates	Aminosugars and aminoglycosides	Aminosugars	true	npclassifier.gnps2.org@2026-09-07
ZJVLMIIXFNRTNC-GZTRNYRYSA-N	CC(C)[C@@H](C(N1C[C@@H](/C=C\C)C[C@H]1C2=O)=O)NC([C@H]([C@@H](C3=CC=CC=C3)C)NC([C@H](NC([C@H]([C@H](C)C4=CC=CC=C4)NC([C@@H]([C@@H](C)O2)NC([C@H](C[C@H]5[C@H]([N+]([O-])=O)C5)NC(C6=CC=C(Cl)N6O)=O)=O)=O)=O)C[C@H]7[C@H]([N+]([O-])=O)C7)=O)=O	Amino acids and Peptides|Polyketides	Oligopeptides	Cyclic peptides|Depsipeptides	false	npclassifier.gnps2.org@2026-09-07
ZJWQYSDAWSDJRA-QPHFJTKNSA-N	C/C/1=C\CC/C(=C/C[C@@H](CC/C(=C/CC1)/C)C(C)(C)O)/C	Terpenoids	Diterpenoids	Cembrane diterpenoids	false	npclassifier.gnps2.org@2026-09-07
ZJZYSAJQOPJREK-OUIOBULKSA-N	C=C1CC[C@H]2C(C)(C)C(=O)CC[C@]2(C)[C@H]1C[C@]12O[C@H]1[C@H](O)C(CO)=CC2=O	Polyketides|Terpenoids	Meroterpenoids	Tetraketide meroterpenoids	false	npclassifier.gnps2.org@2026-09-07
ZKEUCRCOSHYEPI-DDODTQTESA-N	C[C@H]1C[C@@]23OC(=O)C4=C2O[C@]1(C)[C@@H](O)[C@@H]3[C@H](O)CC(=O)[C@H](C)CCC4=O	Polyketides	Macrolides	Spirotetronate macrolides	false	npclassifier.gnps2.org@2026-09-07
ZKJBREDKJOQBBL-MSVAMHAPSA-N	CCCC(O)C[C@@H]1CC(=O)N[C@@H]([C@H](C)CC)C(=O)N[C@H](C(O)C(C)C)C(=O)N[C@@H](CCOC(N)=O)C(=O)N[C@H](CC(C)C)C(=O)N[C@@H](CCC(N)=O)C(=O)N(C)[C@@H]([C@@H](C)CC)C(=O)N[C@H](C(O)CO)C(=O)N[C@H](C(C)C)C(=O)N2CC(C)C[C@H]2C(=O)N[C@H](CC2=CC=C(O)C=C2)C(=O)N[C@@H]([C@@H](C)O)C(=O)N1	Amino acids and Peptides	Oligopeptides	Cyclic peptides	false	npclassifier.gnps2.org@2026-09-07
ZKSLFHXTWGEITF-JIORRVSTSA-N	CCCC[C@H](C)[C@@H]1CC(=O)N[C@H](C(=O)N[C@H](C(=O)N[C@@H](C(=O)O1)CC(C)C)C)CC2=CC=CC=C2	Amino acids and Peptides|Polyketides	Oligopeptides	Cyclic peptides|Depsipeptides	false	npclassifier.gnps2.org@2026-09-07
ZKVMUPABRRWKON-UHFFFAOYSA-O	C(C(C)=O)(NC(C(C)C)C(NC(CCS(=O)C)C(NC(C(NC(C(NC(C(NC(C(NC1C(=O)NC(C(NC(C)C(=O)NC(CC2C=CC=CC=2)C(NC(C(O)C2N(C)C=[N+](C)C=2)C(=O)NC=CSC1C)=O)=O)C(C)C)=O)C)=S)C)=S)C)=O)C)=S)=S)=O	Amino acids and Peptides	Oligopeptides	Cyclic peptides	false	npclassifier.gnps2.org@2026-09-07
ZKZNAZBSTNVHBZ-UHFFFAOYSA-N	CCCCCCCCCCCC(=O)NC1COC(=O)C(COC(=O)C(COC(=O)C(COC1=O)NC(=O)C1=CC=CC(O)=C1O)NC(=O)C1=CC=CC(O)=C1O)NC(=O)C1=CC=CC(O)=C1O	Polyketides			false	npclassifier.gnps2.org@2026-09-07
ZLBAXRLUOZVNFP-ZLYGYSDWSA-N	CCCCCCC/C=C/C(=O)N[C@H](CCCNC(=O)N)C(=O)N[C@H](CO)C(=O)N[C@H](CCNC(=O)[C@@H]([C@H](C)O)N)C(=O)N[C@H]([C@@H](C(=O)N)O)C(=O)N[C@H](CC(=O)N)CO	Alkaloids			false	npclassifier.gnps2.org@2026-09-07
ZLFSNAGNVUVFPM-MZKRTTBSSA-N	C#CCCCC(=CCl)CC[C@@H](C)C=CCCC(=O)N[C@H](C)C(=O)N(C)[C@H](C(N)=O)C(C)C	Amino acids and Peptides	Oligopeptides	Lipopeptides	false	npclassifier.gnps2.org@2026-09-07
ZLKHATAJGWAFJX-MSSMFAQOSA-N	CCC1CCC(=O)C2=C(O)C(C)=CC3=C2C(=O)C=C(NC(=O)C\C=C(C)\C(=O)O[C@@H](C)[C@@H](O)\C=C\1)C3=O	Polyketides	Macrolides	Ansa macrolides|Lactam bearing macrolide lactones	false	npclassifier.gnps2.org@2026-09-07
ZLUQPKGCJYFQGT-PUWCCGQOSA-N	CC(C)C[C@@H](NC(=O)[C@H](O)CC1=CC=CC=C1)C(=O)N1[C@H]2C[C@@H](CC[C@H]2C[C@H]1C(=O)NCCC1=CCN(C1)C(N)=N)O[C@H]1OC[C@@H](O)[C@H](O)[C@H]1O	Amino acids and Peptides	Oligopeptides	Aeruginosins|Linear peptides	true	npclassifier.gnps2.org@2026-09-07
ZLZLLLUTODJKJA-LQKZRONDSA-N	O=C(N[C@@H]1C(N[C@@H](C(N[C@H](C(NCC(N[C@H](C(N[C@H](C(NCC(N[C@H](C(N[C@H](C(OC1C)=O)C(C)C)=O)Cc2ccc(O)cc2)=O)=O)CC(O)=O)=O)CC(N)=O)=O)=O)CC(O)=O)=O)CCC(N)=O)=O)CCCCCCCCCCCC	Amino acids and Peptides|Polyketides	Oligopeptides	Cyclic peptides|Depsipeptides|Lipopeptides	false	npclassifier.gnps2.org@2026-09-07
ZMCUTJOWWLFLCH-MQMJZJKHSA-N	C[C@@H]1[C@H](N=C(O1)/C=C/C2=CC=CN2)/C=C(\C)/C=C(\C)/C=C/C=C/C=C/C=C(\C)/C(=O)NC(C(C(=O)N)O)C(=O)O	Alkaloids|Amino acids and Peptides|Polyketides	Peptide alkaloids|Linear polyketides	DKXanthenes and derivatives|Simple amide alkaloids	false	npclassifier.gnps2.org@2026-09-07
ZMMKQTMMGUIIJM-UHFFFAOYSA-N	CC1=CC(=O)NC2=C1C(=O)C3=C(C2=O)NC(=O)C=C3CCCCCCC(C)C	Alkaloids	Tryptophan alkaloids	Carbazole alkaloids	false	npclassifier.gnps2.org@2026-09-07
ZMMNIIAMYZOTAD-XKPXZWBCSA-N	[H][C@]12C[C@@]3(O)[C@H](N(C)C)C(O)=C(C(N)=O)C(=O)[C@@]3(O)C(O)=C1C(=O)C1=C(C(Cl)=C(OC)C=C1O)[C@]2(C)O[C@H]1C[C@](C)(NO)[C@@H](OC)[C@H](C)O1	Polyketides	Polycyclic aromatic polyketides	Tetracyclines	true	npclassifier.gnps2.org@2026-09-07
ZMNNNJBGHWVPLI-UHFFFAOYSA-N	CC(C1C(C2=C(C(=C3C(=O)C=C(C4=C5C(=CC(=O)C6=C(C(=C1C(=C56)C2=C43)OC)O)OC)OC)O)OC)C(C)O)O	Polyketides	Polycyclic aromatic polyketides		false	npclassifier.gnps2.org@2026-09-07
ZMQRJWIYMXZORG-GZIFKOAOSA-N	C[C@@](/C=C/[C@@H]1CC=CC(=O)O1)([C@@H](C[C@H](/C=C\C=C/C=C/CO)O)OP(=O)(O)O)O	Polyketides	Linear polyketides	Phoslactomycins or Phosphazomycins	false	npclassifier.gnps2.org@2026-09-07
ZNBNBTIDJSKEAM-UHFFFAOYSA-N	CCC(=O)OC(C(C)C1OC2(CCC(C)(O2)C2CCC(C)(O2)C2OC(CC2C)C2OC(O)(CO)C(C)CC2C)CC(O)C1C)C(C)C(O)=O	Polyketides	Polyethers	Polyether ionophores	true	npclassifier.gnps2.org@2026-09-07
ZNEZZONMADKYTB-VRCUBXEUSA-N	C[C@H]1[C@H](O[C@](CC1=C)([C@@H](C(=O)N[C@H]([C@@H]2C[C@H](C([C@H](O2)C[C@@H](COC)OC)(C)C)O)OC)O)OC)C	Polyketides	Linear polyketides	Open-chain polyketides	true	npclassifier.gnps2.org@2026-09-07
ZNGSMORVYUMUDS-UHFFFAOYSA-N	CCC(C)C=C(C)C=CC(=O)C1=C2CC(O)C(C)(O)C(=O)C2=CO1	Polyketides			false	npclassifier.gnps2.org@2026-09-07
ZNNAUCGMAFZTIY-JVLMLHMMSA-N	C[C@@H](C1CO1)[C@@H]1NC(=O)[C@H](CC2=CC=C(O)C=C2)NC(=O)C2=CSC(=N2)[C@@H](NC(=O)C2=C(C)SC(=N2)[C@H](CC(N)=O)NC(=O)C2=CSC(=N2)C2=C(N=C(C=C2)C2=NC(=CS2)C(=O)NC(=C)C(=O)NC(=C)C(O)=O)C2=CSC(=N2)C2=CSC1=N2)[C@H](O)C1=CC=CC=C1	Amino acids and Peptides	Oligopeptides	Cyclic peptides|RiPPs-Thiopeptides	false	npclassifier.gnps2.org@2026-09-07
ZNVIQQYMJWBKCA-AIQQMXLGSA-N	CC/C=C/C=C/C1(C(=O)C(=C(O1)OC)C(=O)/C=C/C)C	Polyketides	Cyclic polyketides	Furans	true	npclassifier.gnps2.org@2026-09-07
ZOFVRDQQGQLYFI-UHFFFAOYSA-N	O=C(NCC(NCC(NC(CO)C(NC(CO)C(NC(CCCN(O)C(C)=O)C(NC(CCCN1O)C1=O)=O)=O)=O)=O)=O)C2=CC=CC(O)=C2O	Amino acids and Peptides	Oligopeptides|Small peptides	Linear peptides|Tripeptides	false	npclassifier.gnps2.org@2026-09-07
ZONNUJBBGHLVGY-INJBYLFHSA-N	O=C(N[C@H]([C@H](C(O)=O)O[H])C(N[C@@H]([C@@H](C)OC([C@H](NC(CN1)=O)CCC/[N+]([O-])=N/O)=O)C(N[C@H]([C@H](O)C)C(N[C@H](CCC/[N+]([O-])=N/O)C1=O)=O)=O)=O)CCCCCCC	Amino acids and Peptides|Polyketides	Oligopeptides	Cyclic peptides|Depsipeptides|Lipopeptides	false	npclassifier.gnps2.org@2026-09-07
ZONRIYAALKITGT-QMMMGPOBSA-N	OC1=C(OC)C(C[C@](O)(CO)C1)=O	Amino acids and Peptides|Shikimates and Phenylpropanoids	Mycosporine derivatives	Mycosporine and Mycosporine-like amino acids	false	npclassifier.gnps2.org@2026-09-07
ZOQMSOSJEWBMHP-UHFFFAOYSA-N	CC1=CC(=CC2=C1C(=O)C3=C(O2)C(=C4C(=C3O)C(=O)C=C(C4=O)OC)O)OC	Polyketides	Naphthalenes|Xanthones	Methyl xanthones|Naphthoquinones	false	npclassifier.gnps2.org@2026-09-07
ZOYWWAGVGBSJDL-UHFFFAOYSA-N	CC1CC(C(C(O1)O)O)N(C)C	Carbohydrates	Aminosugars and aminoglycosides	Aminosugars	true	npclassifier.gnps2.org@2026-09-07
ZPAIEZMBWAZIJK-UHFFFAOYSA-N	CN1C(=O)C2=CC(C(=O)O)=NC3=C2C1=C(N)C(Cl)=C3N	Alkaloids			false	npclassifier.gnps2.org@2026-09-07
ZPFTUJZLXSKBKE-NZDFSFLRSA-N	CCC(C)/C=C(\C)/CCCC(C)/C=C(\C)/C=C(\C)/CC(C)C1=C(C(=C(C(=O)O1)C)O)C	Polyketides	Linear polyketides	Open-chain polyketides	false	npclassifier.gnps2.org@2026-09-07
ZPHBZEQOLSRPAK-IWOPNAARSA-N	C[C@@H]1[C@@H]([C@H]([C@@H]([C@@H](O1)OP(=O)(N[C@@H](CC(C)C)C(=O)N[C@@H](CC2=CNC3=CC=CC=C32)C(=O)O)O)O)O)O	Amino acids and Peptides	Small peptides	Dipeptides	true	npclassifier.gnps2.org@2026-09-07
ZPJLQAOTGYKOBJ-OVYGPGRDSA-N	C[C@@H](O)[C@@H](NC(=O)[C@H](N)CCCN(O)C=O)C(=O)N(O)CCC[C@H](NC(=O)[C@H](N)CCCN(O)C=O)C(O)=O	Amino acids and Peptides	Oligopeptides|Small peptides	Linear peptides|Tripeptides	false	npclassifier.gnps2.org@2026-09-07
ZPLVYYNMRMBNGE-XNKIQEMOSA-N	CC(C)CCCCC(=O)NC(CO)C(=O)N[C@@H](CC(=C)C)C(=O)[C@]1(CO1)CO	Amino acids and Peptides	Small peptides	Dipeptides	false	npclassifier.gnps2.org@2026-09-07
ZPRWGNIYRGILHV-UHFFFAOYSA-N	CC(=O)NC1CC2=CC(=C(O)C=C2)C2=NC=C(CC(C(=O)O)NC(=O)C(CC3=CC=C(O)C=C3)NC1=O)[NH]2	Amino acids and Peptides	Oligopeptides	Cyclic peptides	false	npclassifier.gnps2.org@2026-09-07
ZPSFNGKZHJLCME-LJIHHBBGSA-N	C#CC#CC=C=C[C@H](O1)[C@@H]1[C@H](O)/C=C/C2CCC(O2)=O	Polyketides			false	npclassifier.gnps2.org@2026-09-07
ZPVRUILMJQYFOY-RBUFGWINSA-N	C[C@@H]1[C@@H](C(=O)N([C@H](C(=O)N[C@H](C(=O)N([C@H](C(=O)N[C@H](C(=O)N([C@H](C(=O)N([C@H](C(=O)N[C@H](C(=O)N[C@H](C(=O)N[C@H](C(=O)O1)C(C)C)[C@@H](C2=CC=CC=C2)O)C(C)C)CC3=CNC4=C3C(=CC=C4)OC)C)C(C)C)C)C(C)C)CC(C)C)C)C(C)C)[C@@H](C)O)C)NC(=O)[C@H](C(C)C)NC(=O)[C@H](C(C)C)N(C)C	Amino acids and Peptides|Polyketides	Oligopeptides	Cyclic peptides|Depsipeptides	false	npclassifier.gnps2.org@2026-09-07
ZQCAUNGVEIYRKP-UHFFFAOYSA-N	CCCC(CC(=O)N(CCCC(C(=O)NC(C(C(=O)O)O)C(=O)NC(CO)C(=O)NC(CCCN(C=O)O)C(=O)NCCCCN)N)O)O				false	npclassifier.gnps2.org@2026-09-07
ZQGMDHCZCLGAKC-UHFFFAOYSA-N	CC1CCC=C(C(=O)OC(CC=CC(CC(CC(C(C(C(C(CC(CC(CC(C(C=C(C(C(C=CC(C(C=CCCC(C(C1O)C)O)C)O)C)O)C)OC2C(C(C(C(O2)CO)O)O)O)O)O)O)O)C)O)C)O)O)O)C(C)C3CCC(O3)O)C	Polyketides	Macrolides	Polyene macrolides	true	npclassifier.gnps2.org@2026-09-07
ZQVAGUCMGLTYLM-XYGWJPTCSA-N	CC(C)CCCCC[C@H](CC(=O)N[C@H](CC(N)=O)C(=O)N[C@@H]([C@@H](O)C(N)=O)C(=O)N[C@H]([C@@H](O)C1=CC=CC=C1)C(O)=O)NC[C@@]1(O)OC[C@@H](O)[C@@H](O)[C@@H]1O	Amino acids and Peptides	Oligopeptides	Linear peptides	true	npclassifier.gnps2.org@2026-09-07
ZQVJBRJGDVZANE-MXDMHAPNSA-N	CCCCCCCCC[C@@H](CC(=O)N[C@H]1COC(=O)[C@@H](NC(=O)[C@@H](NC(=O)/C(=C/C)/NC(=O)[C@@H](NC(=O)[C@@H](NC(=O)[C@@H](NC(=O)[C@H](NC(=O)[C@H](NC1=O)CO)CCN)CCN)CCCN=C(N)N)CC2=CC=CC=C2)[C@@H](C(=O)O)O)[C@@H](CCl)O)O	Amino acids and Peptides|Polyketides	Oligopeptides	Cyclic peptides|Depsipeptides|Lipopeptides	false	npclassifier.gnps2.org@2026-09-07
ZQYLQHFOXSDSHJ-OFBLZTNGSA-N	[H][C@]12C[C@@]3(O[C@]1(C[C@]4(C=CC([C@@](CCC(NC5=C(C=CC(C(S)=O)=C5O)O)=O)([C@]34[H])C)=O)C2)C)[H]	Terpenoids	Diterpenoids	Platensimycin and Platencins	false	npclassifier.gnps2.org@2026-09-07
ZRJBHWIHUMBLCN-UHFFFAOYSA-N	CC=C1C2CC3=C(C=CC(O)=N3)C1(N)CC(C)=C2	Alkaloids			false	npclassifier.gnps2.org@2026-09-07
ZRJPMGCEOCZSQC-GQCTYLIASA-N	O=C(NC(C(C)C)C(O)CC1=O)C(CSSCC/C=C/C2O1)NC(C(NC(C2)=O)CCSC)=O	Amino acids and Peptides|Polyketides	Oligopeptides	Cyclic peptides|Depsipeptides	false	npclassifier.gnps2.org@2026-09-07
ZRKWSOMDKFAQDG-HDZSIYEWSA-M	O=S([O-])(O[C@H]([C@@H]([C@H](O1)CN)O)[C@@H]1O[C@@H]([C@@H]2N(C[C@@H]([C@H](N(C2=O)C)C(O)=O)OC(C[C@@H](OC(C[C@@H](CC(O)=O)C)=O)CC/C=C\CCCCCCCC)=O)C)[C@@H](O[C@H]3N(C(N4)=O)C=CC4=O)[C@H]([C@H]3O)O)=O	Carbohydrates	Nucleosides	Pyrimidine nucleos(t)ides	true	npclassifier.gnps2.org@2026-09-07
ZRLCRYKBMRBAFD-UHFFFAOYSA-N	CCCCCCCC(=O)NC(CC(C)C)C(=O)OC	Fatty acids	Fatty amides	N-acyl amines	false	npclassifier.gnps2.org@2026-09-07
ZRWPUFFVAOMMNM-UHFFFAOYSA-N	C1C=C2C(=CC(=O)O2)C(O1)O	Polyketides	Miscellaneous polyketides	Miscellaneous polyketides	true	npclassifier.gnps2.org@2026-09-07
ZRZNJUXESFHSIO-HXDNZQJBSA-N	C=C[C@]1(C)C[C@@H](OC(=O)CO)[C@]2(C)[C@@H](C)CC[C@]3(CCC(=O)[C@H]32)[C@@H](C)[C@@H]1O	Terpenoids	Diterpenoids		false	npclassifier.gnps2.org@2026-09-07
ZSGBYOOWDWUSGB-ULKWOHBESA-N	CC(C)/C=C/C=C\C(=O)NCCC(=O)N[C@H](CCCNC(=O)CCN)C(=O)NC(CC(O)C1=CC=CC=C1)C(=O)NC(C(=O)N[C@@H](CC1=CC=C(O[C@@H]2OC[C@H](O)[C@H](O)[C@H]2O)C=C1)C(=O)NC1C(=O)N[C@H](CC(C)C)C(=O)N[C@@H](CC(=O)O)C(=O)NCC(=O)N[C@@H](CO)C(=O)NCC(=O)N[C@@H](CC(=O)C2=C(N)C=C(Cl)C=C2)C(=O)N[C@@H](C)C(=O)N2CCC[C@H]2C(=O)NC1C)C(O)CC(=O)O	Amino acids and Peptides	Oligopeptides	Cyclic peptides|RiPPs-Lasso peptides	true	npclassifier.gnps2.org@2026-09-07
ZSJLQEPLLKMAKR-YDEIVXIUSA-N	CN(N=O)C(=O)N[C@H]1C(O)O[C@H](CO)[C@@H](O)[C@@H]1O	Carbohydrates	Aminosugars and aminoglycosides	Aminosugars	true	npclassifier.gnps2.org@2026-09-07
ZSYIAUXMQLVKIL-SMFJDMQNSA-N	CC[C@H](C)[C@H]1[C@@H](OC1=O)C(=O)N[C@H]1C[C@@H]1C[C@H](NC(=O)[C@H](C)N)C(O)=O	Amino acids and Peptides	Small peptides	Dipeptides	false	npclassifier.gnps2.org@2026-09-07
ZSZUTDYWMWIAKG-VSBDOLEISA-N	C/C=C1\NC(=O)[C@@H](CC)NC(=O)CN2C(=O)[C@@](C)(NC(=O)[C@H](CC3=CNC4=C3C(OC)=CC=C4)NC(=O)C3=CSC(=N3)[C@@H](C)NC(=O)CN(C)C1=O)C(=O)[C@@H]2O	Amino acids and Peptides	Oligopeptides	Cyclic peptides	false	npclassifier.gnps2.org@2026-09-07
ZTCHPQNUISFMBP-DYUSRDENSA-N	CC1CCC\2C1CC(C/C2=C(/C)\CO[C@@H]3[C@@H]([C@H]([C@@H]([C@H](O3)CO)O)O)NC(=O)C)(C)C	Terpenoids	Sesquiterpenoids		true	npclassifier.gnps2.org@2026-09-07
ZTMRSAAMNPFCIE-UHFFFAOYSA-N	C1=CC(=CC=C1CC2=CN=C(C=N2)CC3=CC=C(C=C3)O)O	Alkaloids	Tetramate alkaloids|Peptide alkaloids	Pyrazine and Piperazine alkaloids	false	npclassifier.gnps2.org@2026-09-07
ZTQPYZKGVGYZEI-MIHBLRRSSA-N	C[C@H]1C(=O)NCC(=O)N[C@H](C(=O)NCC(=O)N[C@H](C(=O)N2CCC[C@H]2C(=O)N[C@@H](CC(=O)N[C@H](C(=O)N1)CC(C)C)C(=O)N[C@@H](CC(C)C)C(=O)N[C@@H](CC(C)C)C(=O)NCC(=O)NCC(=O)N[C@@H](CC3=CN=CN3)C(=O)N[C@@H](CO)C(=O)N[C@@H](CC(C)C)C(=O)N[C@@H](CC(C)C)C(=O)O)CO)CCC(=O)N	Amino acids and Peptides	Oligopeptides	Cyclic peptides|RiPPs-Lasso peptides	false	npclassifier.gnps2.org@2026-09-07
ZTXDIRCNKYQPHM-SCXJBMIQSA-N	C/C1=C\C[C@]2([H])[C@@](CC[C@@H]2C(C)C)(C)C/C=C(C)/CC[C@]3([H])C(C)CC[C@@]13[H]	Terpenoids	Diterpenoids		false	npclassifier.gnps2.org@2026-09-07
ZUCWNLVDTXGGSU-JTQLQIEISA-N	C[C@H]1CC2=C(C(=O)C1)C3=C(C=C2)C(=O)C4=C(C3=O)C=CC=C4OC	Polyketides	Polycyclic aromatic polyketides	Angucyclines	false	npclassifier.gnps2.org@2026-09-07
ZUDMXUJOZNUCIR-XRARMUINSA-N	O=C([C@H]1CSC(C2=CSC(C3=CSC(C(NC([C@@H]4CSC(C5=CSC(C6=CC=C(C(N[C@@H](CC(N)=O)C7=N[C@H](C(N/C8=C\C)=O)CS7)=O)C([C@H](NC9=O)C)=N6)=N5)=N4)=O)=C)=N3)=N2)=N1)N[C@H](C(O)=O)CS[C@@](C)(C(N[C@@H](CCCCN)C(NCC(NC(C(N%10[C@H]9CCC%10)=O)=C)=O)=O)=O)NC8=O	Amino acids and Peptides	Oligopeptides	Cyclic peptides	false	npclassifier.gnps2.org@2026-09-07
ZUSCJTXGAYBGIW-UHFFFAOYSA-N	CCCCC1OC(C(C(C(O)=O)=C1)=C)=O	Polyketides	Cyclic polyketides	Phthalide derivatives	false	npclassifier.gnps2.org@2026-09-07
ZUTGGQMQIWDJCW-BCPYKWEZSA-N	CC[C@H](C)[C@H](NC(=O)[C@H](CC(C)C)NC(=O)[C@H](C)NC(=O)[C@@H]1CCCN1C(=O)[C@H](CC1=CC=C(O)C=C1)NC(=O)CNC(=O)[C@H](CC(C)C)NC(=O)[C@@H](NC(=O)[C@@H]1CC(=O)N[C@@H](CO)C(=O)N[C@@H](CC(C)C)C(=O)NCC(=O)N[C@@H](CO)C(=O)N[C@@H](CO)C(=O)N2CCC[C@H]2C(=O)N[C@@H](CC2=CC=C(O)C=C2)C(=O)N[C@@H](CC(N)=O)C(=O)N1)[C@@H](C)CC)C(=O)N[C@@H](C(C)C)C(=O)N[C@@H]([C@@H](C)CC)C(=O)N[C@@H](CC1=CC=C(O)C=C1)C(=O)N1CCC[C@H]1C(O)=O	Amino acids and Peptides	Oligopeptides	Cyclic peptides|Depsipeptides|RiPPs-Lasso peptides	false	npclassifier.gnps2.org@2026-09-07
ZUWUQYGHRURWCL-UHFFFAOYSA-N	CC1CC=CC=CC=CCCCC(OP(O)(O)=O)C(C)=CC=CCC(CCC(C)=CC=C)OC(=O)CC1=C	Polyketides	Macrolides	Polyene macrolides	false	npclassifier.gnps2.org@2026-09-07
ZVBCZYGMKQOJFW-QDUSTFBWSA-N	CC1(C)[C@H]2C[C@@H](Cl)[C@@](C)(C=C)C([N+]#[C-])=C2C2=C1NC1=CC=CC=C21	Alkaloids	Tryptophan alkaloids	Hapalindole alkaloids	false	npclassifier.gnps2.org@2026-09-07
ZVBSXPFOVLVNGT-WDCWCBICSA-N	[H]C([H])CCC[C@H]1CCCC[C@H](C)[C@@H](OC(N)=O)C2=CC(O)=C([C@@H](CCCC([H])[H])CCCC[C@H](C)[C@@H](O)C3=CC(O)=C1C(O)=C3)C(O)=C2	Polyketides	Alkylresorcinols	Dialkylresorcinols	false	npclassifier.gnps2.org@2026-09-07
ZVEJGLKGBBJKBW-PKTZIBPZSA-N	[H][C@]12N(C)C3=CC=C(Cl)C=C3[C@@]1(C)C1=CNC(C)=C1C1=C2NC2=CC=C(Cl)C=C12	Alkaloids	Tryptophan alkaloids	Carboline alkaloids	false	npclassifier.gnps2.org@2026-09-07
ZVGNESXIJDCBKN-UUEYKCAUSA-N	[H][C@]1(C\C=C(/C)\C=C(C)\[C@]([H])(O[C@@H]2OC(C)(C)[C@@H](OC(=O)C(C)C)[C@H](O)[C@@H]2O)[C@@H](CC)\C=C(C)\[C@@H](O)C\C=C\C=C(CO[C@@H]2O[C@H](C)[C@@H](OC(=O)C3=C(O)C(Cl)=C(O)C(Cl)=C3CC)[C@H](O)[C@@H]2OC)\C(=O)O1)[C@@H](C)O	Polyketides	Macrolides	Ansa macrolides	true	npclassifier.gnps2.org@2026-09-07
ZVIQDPQQFMVLGU-XTCBYOQUSA-N	CN[C@@H]1C[C@@H](O[C@H](C)[C@H]1O)C1=C(O)C2=C(C(=O)C3=CC=CC(O)=C3C2=O)C2=C(O)C=C(C)C=C12	Polyketides	Polycyclic aromatic polyketides	Angucyclines	false	npclassifier.gnps2.org@2026-09-07
ZWCXYZRRTRDGQE-SORVKSEFSA-N	C[C@@H](C(=O)N[C@H](CC(C)C)C(=O)N[C@@H](C)C(=O)N[C@H](C(C)C)C(=O)N[C@@H](C(C)C)C(=O)N[C@@H](C(C)C)C(=O)N[C@@H](CC1=CNC2=CC=CC=C21)C(=O)N[C@H](CC(C)C)C(=O)N[C@@H](CC3=CNC4=CC=CC=C43)C(=O)N[C@H](CC(C)C)C(=O)N[C@@H](CC5=CNC6=CC=CC=C65)C(=O)N[C@H](CC(C)C)C(=O)N[C@@H](CC7=CNC8=CC=CC=C87)C(=O)NCCO)NC(=O)CNC(=O)[C@H](C(C)C)NC=O	Amino acids and Peptides	Oligopeptides	Linear peptides	false	npclassifier.gnps2.org@2026-09-07
ZWDMPSOTLXQLCF-ZJPXWQARSA-N	O=C1NCC(C1=C2O)=C(Cl)C(C2=C3O)=CC4=C3C(C[C@@H](C)[C@@H]4O[C@@H]5O[C@H](C)[C@@H](OC)[C@@H](O)C5)=O	Polyketides	Polycyclic aromatic polyketides	Anthraquinones and anthrones	true	npclassifier.gnps2.org@2026-09-07
ZWKHDAZPVITMAI-ROUUACIJSA-N	C[C@H]1CCC(=N1)C2=C(C3(CC3)NC2=O)CC(=O)NCC4=NC(=CS4)C(=O)C(=O)C5=NC(=CS5)C(=O)CNC(=O)CC6=C(C(=O)NC67CC7)C8=N[C@H](CC8)C	Amino acids and Peptides			false	npclassifier.gnps2.org@2026-09-07
ZWRUZDWTNUEYFO-QPFHQBAMSA-N	CCC1/C=C/C=C/C=C/C=C/C(OC2O[C@H](C)[C@@H](O)[C@H](N)[C@@H]2O)CC2OC(O)(CC(O)CC(O)C(O)/C=C/C(=O)OC1C)CC(O)C2C(=O)O	Polyketides	Macrolides	Polyene macrolides	true	npclassifier.gnps2.org@2026-09-07
ZXMRRKROYQPXCH-NBINPFOBSA-N	CCCCCC/C=C/C=C/C=C/C(O)=C1C(N(O)CC/1=O)=O	Polyketides	Linear polyketides	3-oligoenoyltetramic acids	false	npclassifier.gnps2.org@2026-09-07
ZXSSCBKIZOGDCJ-GECBTDGCSA-N	CCCC(=O)CC[C@H](C)[C@H]1OC(=O)C/C=C(\C)[C@H](O)/C=C(C)/C=C/[C@H]2C(C)=C(O)C(=O)[C@@H]2/C=C\[C@H](O)C[C@H](O)[C@H]1C	Polyketides	Macrolides	Macrolide lactones	false	npclassifier.gnps2.org@2026-09-07
ZXZKRYZJMLNJBU-UHFFFAOYSA-N	CC(NC(C(NC(CCCNC(N)=N)C=O)=O)CC1=CC=CC=C1)=O	Amino acids and Peptides	Small peptides	Tripeptides	false	npclassifier.gnps2.org@2026-09-07
ZYDSRQPWRLSQHL-UHQLEFCHSA-N	C[C@H]1[C@H](O)[C@H](N)C[C@@H](O[C@H]2[C@H]3C(N[C@H](C(O)=O)C4=CC(O)=CC(O[C@H]5[C@@H](O)[C@@H](O)[C@H](O)[C@@H](CO)O5)=C4C6=C(O)C=CC([C@@H](NC([C@H]7C8=CC(OC9=CC=C([C@@H](O)[C@@H]%10C(N[C@H](C(N7)=O)C%11=CC(OC%12=C(O)C=CC([C@@H](N)C(N%10)=O)=C%12)=C(C)C(O)=C%11)=O)C=C9)=C(O[C@H]%13[C@H](O)[C@@H](O)[C@H](O)[C@@H](COC%14[C@H](O)[C@H](O)[C@@H](O)[C@H](C)O%14)O%13)C(OC%15=CC=C2C=C%15)=C8)=O)C(N3)=O)=C6)=O)O1	Amino acids and Peptides	Oligopeptides	Vancomycins and Teicoplanins	true	npclassifier.gnps2.org@2026-09-07
ZYMBDGAKDFBIOX-MQGQGTHPSA-N	C/C(=C\C(=O)N(CCC[C@H]1C(=O)NCC(=O)NCC(=O)NCC(=O)NCC(=O)N[C@H](C(=O)N[C@H](C(=O)N[C@H](C(=O)N1)CCCN(C(=O)/C=C(\C)/CCO)O)CCCN(C(=O)/C=C(\C)/CCO)O)CCC(=O)N)O)/CCO	Amino acids and Peptides	Oligopeptides	Cyclic peptides	false	npclassifier.gnps2.org@2026-09-07
ZYPXWYPUWAXTQR-JOBJLJCHSA-N	CCCCC\C=C\C(=O)N(O)CCCNC(=O)CC(O)(CC(=O)NCCCN(O)C(=O)\C=C\CCCCC)C(O)=O	Alkaloids			false	npclassifier.gnps2.org@2026-09-07
ZYZCGGRZINLQBL-GWRQVWKTSA-N	C[C@H]1[C@@H](NC(=O)[C@@H](NC(=O)[C@H]([C@@H](NC(=O)[C@@H](NC(=O)[C@H](NC(=O)C(=C)N(C(=O)CC[C@@H](NC1=O)C(=O)O)C)C)CC(C)C)C(=O)O)C)CCCN=C(N)N)/C=C/C(=C/[C@H](C)[C@H](CC2=CC=CC=C2)OC)/C	Amino acids and Peptides	Oligopeptides	Cyclic peptides|Microcystins	false	npclassifier.gnps2.org@2026-09-07
ZYZCGGRZINLQBL-JCGNTXOTSA-N	C[C@H]1[C@@H](NC(=O)[C@@H](NC(=O)[C@H]([C@@H](NC(=O)[C@H](NC(=O)[C@H](NC(=O)C(=C)N(C(=O)CC[C@@H](NC1=O)C(=O)O)C)C)CC(C)C)C(=O)O)C)CCCN=C(N)N)/C=C/C(=C/[C@H](C)[C@H](CC2=CC=CC=C2)OC)/C	Amino acids and Peptides	Oligopeptides	Cyclic peptides|Microcystins	false	npclassifier.gnps2.org@2026-09-07
ZZDYFKJSJLUQON-UFYCRDLUSA-N	CC(=O)N(CCC[C@H]1C(=O)NCC(=O)NCC(=O)NCC(=O)N[C@H](C(=O)N[C@H](C(=O)N1)CCCN(C(=O)C)O)CCCN(C=O)O)O	Amino acids and Peptides	Oligopeptides	Cyclic peptides	false	npclassifier.gnps2.org@2026-09-07
ZZNSFVQRQDZGGX-XRDXNDOHSA-N	COC(CC(C)C(O)\C=C\C=C\CNC(=O)C(C)(C)C(O)C(\C)=C\C=C\C=C\CC1=CN=CO1)C1(O)C(C)C(=O)N(C)C11COC1=O	Amino acids and Peptides|Polyketides	Linear polyketides	Elfamycins	false	npclassifier.gnps2.org@2026-09-07
ZZTNWZPJOCVMIN-AATRIKPKSA-N	NC1=C/C(CNC1=O)=C2C(NC(C=C\2)=O)=O	Alkaloids	Tryptophan alkaloids		false	npclassifier.gnps2.org@2026-09-07
ZZYFEVABIATHRY-ASFDNXIUSA-M	O=S([O-])(O[C@H]([C@@H]([C@H](O1)CN)O)[C@@H]1O[C@@H]([C@@H]2N(C[C@@H]([C@H](N(C2=O)C)C(O)=O)OC(C[C@@H](OC(C[C@@H](CC(O)=O)C)=O)CC/C=C\C/C=C\C/C=C\CCCCC)=O)C)[C@@H](O[C@H]3N(C(N4)=O)C=CC4=O)[C@H]([C@H]3O)O)=O	Carbohydrates	Nucleosides	Pyrimidine nucleos(t)ides	true	npclassifier.gnps2.org@2026-09-07
ZZYMHGCHGDEWKR-LBVFNNMGSA-N	C[C@H](CC(=O)C=C(C)C)[C@H]1CC[C@@]2([C@@]1(CC[C@]34[C@H]2CC[C@@H]5[C@]3(C4)[C@H](C[C@@H](C5(C)C)O)O)C)C	Terpenoids	Triterpenoids	Cycloartane triterpenoids	false	npclassifier.gnps2.org@2026-09-07
