organism_name	taxon_id	name_class	requested_by
Aaptos ciliata	NCBITaxon:1451273	scientific name	lotus
Abies sachalinensis var. mayriana	NCBITaxon:1316782	scientific name	lotus
Abraxas grossulariata	NCBITaxon:1007343	scientific name	lotus
Abuta grisebachii	NCBITaxon:3721355	scientific name	lotus
Abuta velutina	NCBITaxon:3721365	scientific name	lotus
Abutilon pakistanicum	NCBITaxon:2983345	scientific name	chebi_origins,lotus
Abutilon persicum	NCBITaxon:3721561	scientific name	lotus
Acacia angustissima	NCBITaxon:468212	synonym	lotus
Acacia aroma	NCBITaxon:207708	synonym	lotus
Acacia berlandieri	NCBITaxon:138013	synonym	lotus
Acacia burrowii	NCBITaxon:3083471	scientific name	lotus
Acacia conniana	NCBITaxon:3083475	scientific name	lotus
Acacia crombiei	NCBITaxon:3723625	scientific name	lotus
Acacia curvinervia	NCBITaxon:3083478	synonym	lotus
Acacia cyanophylla	NCBITaxon:420411	synonym	lotus
Acacia gracillima	NCBITaxon:1174803	synonym	lotus
Acacia granitica	NCBITaxon:3083494	scientific name	lotus
Acacia jacquemontii	NCBITaxon:1117634	synonym	chebi_origins
Acacia lanigera	NCBITaxon:3083503	scientific name	lotus
Acacia mollissima	NCBITaxon:383656	synonym	lotus
Acacia montana	NCBITaxon:698353	synonym	lotus
Acacia polyacantha	NCBITaxon:875646	synonym	lotus
Acacia rhodoxylon	NCBITaxon:3723773	scientific name	lotus
Acacia sieberiana	NCBITaxon:546664	synonym	lotus
Acacia sieberiana var. woodii	NCBITaxon:875656	synonym	lotus
Acalycigorgia inermis	NCBITaxon:89600	synonym	lotus
Acalypha spiciflora	NCBITaxon:571376	synonym	lotus
Acanthopanax	NCBITaxon:50304	synonym	lotus
Acanthophyllum gypsophiloides	NCBITaxon:2603720	synonym	lotus
Acanthospermum glabratum	NCBITaxon:3727407	scientific name	lotus
Acer duplicatoserratum	NCBITaxon:2972750	scientific name	lotus
Acer ginnala	NCBITaxon:57656	synonym	lotus
Acer leucoderme	NCBITaxon:407037	synonym	lotus
Acer maximowiczianum	NCBITaxon:171213	synonym	lotus
Acer nigrum	NCBITaxon:291207	synonym	lotus
Achillea ageratifolia	NCBITaxon:3378255	scientific name	lotus
Achillea alexandri-regis	NCBITaxon:3727491	scientific name	lotus
Achillea barrelieri	NCBITaxon:3727498	scientific name	lotus
Achillea ceretanica	NCBITaxon:282724	synonym	lotus
Achillea chrysocoma	NCBITaxon:3378251	scientific name	lotus
Achillea conferta	NCBITaxon:3727505	scientific name	lotus
Achillea cucullata	NCBITaxon:3727506	scientific name	lotus
Achillea cuneatiloba	NCBITaxon:3727507	scientific name	lotus
Achillea eriophora	NCBITaxon:3727509	scientific name	lotus
Achillea glaberrima	NCBITaxon:3727511	scientific name	lotus
Achillea goniocephala	NCBITaxon:3727512	scientific name	lotus
Achillea kotschyi	NCBITaxon:3727520	scientific name	lotus
Achillea lingulata	NCBITaxon:3727523	scientific name	lotus
Achillea lycaonica	NCBITaxon:3727524	scientific name	lotus
Achillea magnifica	NCBITaxon:3727525	scientific name	lotus
Achillea odorata	NCBITaxon:1532235	scientific name	chebi_origins,lotus
Achillea phrygia	NCBITaxon:3727534	scientific name	lotus
Achillea roseo-alba	NCBITaxon:282763	synonym	lotus
Achillea santolinoides	NCBITaxon:3727536	scientific name	lotus
Achillea sintenisii	NCBITaxon:3727540	scientific name	lotus
Achillea sipikorensis	NCBITaxon:3727541	scientific name	lotus
Achillea talagonica	NCBITaxon:3727545	scientific name	lotus
Achillea tomentosa	NCBITaxon:1532236	scientific name	lotus
Achillea tuzsonii	NCBITaxon:3727549	scientific name	lotus
Achyranthes ferruginea	NCBITaxon:327016	synonym	lotus
Acinos alpinus	NCBITaxon:224743	synonym	lotus
Acmella alba	NCBITaxon:3026879	scientific name	lotus
Acmella ciliata	NCBITaxon:3122487	scientific name	lotus
Acokanthera laevigata	NCBITaxon:3739633	scientific name	lotus
Aconitum anglicum	NCBITaxon:3739649	scientific name	lotus
Aconitum carmichaeli	NCBITaxon:85363	synonym	lotus
Aconitum cochleare	NCBITaxon:3739675	scientific name	lotus
Aconitum dolichorhynchum	NCBITaxon:3739684	scientific name	lotus
Aconitum fischeri	NCBITaxon:1111064	scientific name	lotus
Aconitum lamarckii	NCBITaxon:1532241	scientific name	lotus
Aconitum lethale	NCBITaxon:3463886	scientific name	lotus
Aconitum macrorhynchum	NCBITaxon:3038291	scientific name	lotus
Aconitum miyabei	NCBITaxon:3739727	scientific name	lotus
Aconitum noveboracense	NCBITaxon:157970	synonym	lotus
Aconitum orochryseum	NCBITaxon:3739734	scientific name	lotus
Aconitum pseudostapfianum	NCBITaxon:3739744	scientific name	lotus
Aconitum raddeanum	NCBITaxon:3739746	scientific name	lotus
Aconitum turczaninowii	NCBITaxon:3739771	scientific name	lotus
Aconitum vulparia	NCBITaxon:516012	synonym	lotus
Aconogonon coriarium	NCBITaxon:457182	synonym	lotus
Acorus calamus var. americanus	NCBITaxon:263995	scientific name	lotus
Acourtia carpholepis	NCBITaxon:3739794	scientific name	lotus
Acourtia cuernavacana	NCBITaxon:3739797	scientific name	lotus
Acourtia longifolia	NCBITaxon:3739823	scientific name	lotus
Acourtia mexicana	NCBITaxon:3739828	scientific name	lotus
Acourtia thurberi	NCBITaxon:3739856	scientific name	lotus
Acremonium byssoides	NCBITaxon:132112	synonym	lotus
Acremonium murorum	NCBITaxon:1036750	synonym	lotus
Acremonium obclavatum	NCBITaxon:132114	synonym	lotus
Acremonium polychromum	NCBITaxon:1036751	scientific name	lotus
Acremonium strictum	NCBITaxon:5046	synonym	lotus
Acridocarpus vivy	NCBITaxon:3739918	scientific name	lotus
Acripeza reticulata	NCBITaxon:3398054	scientific name	lotus
Acritopappus morii	NCBITaxon:3739931	scientific name	lotus
Acritopappus prunifolius	NCBITaxon:3739934	scientific name	lotus
Acritopappus teixeirae	NCBITaxon:3739936	scientific name	lotus
Acronychia aberrans	NCBITaxon:3739964	scientific name	lotus
Acroptilon repens	NCBITaxon:41466	synonym	lotus
Actinidia chinensis var. deliciosa	NCBITaxon:3627	synonym	lotus
Actinodaphne speciosa	NCBITaxon:3740117	scientific name	lotus
Actinostemma lobatum	NCBITaxon:1635145	scientific name	lotus
Actinostrobus acuminatus	NCBITaxon:103962	synonym	lotus
Actinostrobus pyramidalis	NCBITaxon:214228	synonym	lotus
Adelanthus decipiens	NCBITaxon:402628	synonym	lotus
Adenia reticulata	NCBITaxon:3740567	scientific name	lotus
Adenium boehmianum	NCBITaxon:3740575	scientific name	lotus
Adenostemma brasilianum	NCBITaxon:3740681	scientific name	lotus
Adesmia aconcaguensis	NCBITaxon:3740696	scientific name	lotus
Adina cordifolia	NCBITaxon:43493	synonym	lotus
Adina trichotoma	NCBITaxon:170058	scientific name	lotus
Adonis aleppica	NCBITaxon:3392209	scientific name	lotus
Adonis leiosepala	NCBITaxon:3740841	scientific name	lotus
Adonis tianschanica	NCBITaxon:3366734	scientific name	lotus
Adonis wolgensis	NCBITaxon:2898461	synonym	lotus
Aegilops ovata	NCBITaxon:130459	synonym	lotus
Aegiphila obducta	NCBITaxon:3741014	scientific name	lotus
Aeollanthus parvifolius	NCBITaxon:3741092	scientific name	lotus
Aeollanthus pubescens	NCBITaxon:3741096	scientific name	lotus
Aeollanthus rydingianus	NCBITaxon:3741099	scientific name	lotus
Aerva lanata	NCBITaxon:292353	synonym	lotus
Aeschynomene brasiliana	NCBITaxon:449473	synonym	lotus
Aeschynomene mimosifolia	NCBITaxon:3083617	scientific name	chebi_origins,lotus
Aetokthonos hydrillicola	NCBITaxon:1550245	scientific name	cyanometdb
Affonsea aptera	NCBITaxon:2793455	synonym	lotus
Aframomum aulacocarpos	NCBITaxon:3741756	scientific name	lotus
Aframomum cereum	NCBITaxon:3741757	scientific name	lotus
Aframomum exscapum	NCBITaxon:3741763	scientific name	lotus
Aframomum giganteum	NCBITaxon:3741765	scientific name	lotus
Aframomum kayserianum	NCBITaxon:3741768	scientific name	lotus
Aganosma heynei	NCBITaxon:3741950	scientific name	lotus
Agapanthus inapertus	NCBITaxon:3741954	scientific name	lotus
Agaricus amboinensis	NCBITaxon:2952274	synonym	lotus
Agaricus bisporus	NCBITaxon:5341	scientific name	bindingdb
Agaricus praeclaresquamosus	NCBITaxon:314553	synonym	lotus
Agaricus smithii	NCBITaxon:3422570	synonym	lotus
Agastache cusickii	NCBITaxon:3057180	scientific name	lotus
Agastache occidentalis	NCBITaxon:3057182	scientific name	lotus
Agastache parvifolia	NCBITaxon:3057183	scientific name	lotus
Agasthiyamalaia pauciflora	NCBITaxon:3138976	synonym	lotus
Agathis palmerstoni	NCBITaxon:58028	synonym	lotus
Agathosma affinis	NCBITaxon:3742072	scientific name	lotus
Agathosma cedrimontana	NCBITaxon:3742083	scientific name	lotus
Agathosma collina	NCBITaxon:3742086	scientific name	lotus
Agathosma dielsiana	NCBITaxon:3742095	scientific name	lotus
Agathosma mucronulata	NCBITaxon:3742127	scientific name	lotus
Agathosma peglerae	NCBITaxon:3742133	scientific name	lotus
Agathosma puberula	NCBITaxon:3742139	scientific name	lotus
Agathosma recurvifolia	NCBITaxon:3742143	scientific name	lotus
Agathosma scaberula	NCBITaxon:3742153	scientific name	lotus
Agathosma spinosa	NCBITaxon:3742158	scientific name	lotus
Agathosma venusta	NCBITaxon:3742171	scientific name	lotus
Agave brittoniana	NCBITaxon:3742189	scientific name	lotus
Agave cantala	NCBITaxon:2992182	synonym	lotus
Agave gracilipes	NCBITaxon:3742212	scientific name	lotus
Agave karatto	NCBITaxon:3742226	scientific name	lotus
Agave macroacantha	NCBITaxon:382123	synonym	lotus
Agave toumeyana	NCBITaxon:3742275	scientific name	lotus
Ageratina anisochroma	NCBITaxon:1807068	scientific name	lotus
Ageratina arsenei	NCBITaxon:3046110	scientific name	lotus
Ageratina cronquistii	NCBITaxon:3742397	scientific name	lotus
Ageratina espinosarum	NCBITaxon:3742417	scientific name	lotus
Ageratina gilbertii	NCBITaxon:3742427	scientific name	lotus
Ageratina glabrata	NCBITaxon:3742428	scientific name	lotus
Ageratina ixiocladon	NCBITaxon:1194225	scientific name	lotus
Ageratina jocotepecana	NCBITaxon:3742461	scientific name	lotus
Ageratina petiolaris	NCBITaxon:3742517	scientific name	lotus
Ageratina prunellifolia	NCBITaxon:3742523	scientific name	lotus
Ageratina scorodonioides	NCBITaxon:3742550	scientific name	lotus
Ageratina sternbergiana	NCBITaxon:3742563	scientific name	lotus
Ageratina tinifolia	NCBITaxon:573713	scientific name	lotus
Ageratina tristis	NCBITaxon:3742581	scientific name	lotus
Ageratina viscosa	NCBITaxon:3742589	scientific name	lotus
Ageratum corymbosum	NCBITaxon:2653732	scientific name	chebi_origins
Ageratum myriadenium	NCBITaxon:580427	scientific name	lotus
Aglaia abbreviata	NCBITaxon:1679372	scientific name	chebi_origins
Aglaia elliptifolia	NCBITaxon:1609848	scientific name	chebi_origins
Aglaia erythrosperma	NCBITaxon:3742631	scientific name	lotus
Aglaia foveolata	NCBITaxon:1475093	scientific name	chebi_origins
Aglaia gracilis	NCBITaxon:3742633	scientific name	lotus
Aglaia leptantha	NCBITaxon:1472161	scientific name	chebi_origins
Aglaia roxburghiana	NCBITaxon:3742639	scientific name	lotus
Ahnfeltia tobuchiensis	NCBITaxon:2964773	scientific name	lotus
Aiouea tonduzii	NCBITaxon:3743040	scientific name	lotus
Ajania przewalskii	NCBITaxon:463587	synonym	lotus
Ajuga australis	NCBITaxon:2848356	scientific name	lotus
Ajuga bracteosa	NCBITaxon:1585251	scientific name	chebi_origins
Ajuga incisa	NCBITaxon:3743082	scientific name	lotus
Ajuga macrosperma	NCBITaxon:3081611	scientific name	lotus
Ajuga turkestanica	NCBITaxon:3014252	scientific name	lotus
Aka	NCBITaxon:178515	scientific name	lotus
Albatrellus caeruleoporus	NCBITaxon:2530190	synonym	lotus
Albertisia delagoensis	NCBITaxon:3021348	scientific name	lotus
Albertisia villosa	NCBITaxon:3743176	scientific name	lotus
Albizia chinensis	NCBITaxon:587869	scientific name	chebi_origins
Albizia gummifera	NCBITaxon:1561840	scientific name	chebi_origins
Albizia inundata	NCBITaxon:1954508	synonym	chebi_origins
Albonectria rigidiuscula	NCBITaxon:57161	synonym	lotus
Albuca fastigiata	NCBITaxon:3743242	scientific name	lotus
Alcea nudiflora	NCBITaxon:3367341	scientific name	lotus
Alchemilla speciosa	NCBITaxon:3083757	scientific name	lotus
Alchornea rugosa	NCBITaxon:2093295	scientific name	lotus
Aldama atacamensis	NCBITaxon:3746686	scientific name	lotus
Aldama buddlejiformis	NCBITaxon:3746692	scientific name	lotus
Aldama cordifolia	NCBITaxon:684029	scientific name	lotus
Aldama ghiesbreghtii	NCBITaxon:3746701	scientific name	lotus
Aldama gilliesii	NCBITaxon:3746702	scientific name	lotus
Aldama helianthoides	NCBITaxon:3746707	scientific name	lotus
Aldama hypochlora	NCBITaxon:684037	scientific name	lotus
Aldama incana	NCBITaxon:3746713	scientific name	lotus
Aldama lanceolata	NCBITaxon:1048887	scientific name	lotus
Aldama latibracteata	NCBITaxon:3746716	scientific name	lotus
Aldama oblongifolia	NCBITaxon:3746728	scientific name	lotus
Aldama squarrosa	NCBITaxon:684042	scientific name	lotus
Aldama tucumanensis	NCBITaxon:2805006	equivalent name	lotus
Alectoria nigricans	NCBITaxon:413822	synonym	lotus
Alectra arvensis	NCBITaxon:3710940	synonym	lotus
Alepidea comosa	NCBITaxon:3746791	scientific name	lotus
Alepidea insculpta	NCBITaxon:3746797	scientific name	lotus
Alepidea woodii	NCBITaxon:3746805	scientific name	lotus
Aleuritopteris agetae	NCBITaxon:872473	synonym	lotus
Aleuritopteris krameri	NCBITaxon:872473	synonym	lotus
Aleuritopteris mexicana	NCBITaxon:414589	synonym	lotus
Alexa confusa	NCBITaxon:3083775	scientific name	lotus
Alexa cowanii	NCBITaxon:3746815	scientific name	lotus
Alexa herminiana	NCBITaxon:3746817	scientific name	lotus
Alexa leiopetala	NCBITaxon:3746818	scientific name	lotus
Alhagi kirghisorum	NCBITaxon:2689382	scientific name	lotus
Alhagi pseudalhagi	NCBITaxon:47037	synonym	lotus
Alisma plantago	NCBITaxon:15000	equivalent name	lotus
Allanblackia gabonensis	NCBITaxon:3737845	scientific name	lotus
Allanblackia stuhlmannii	NCBITaxon:1548897	scientific name	chebi_origins,lotus
Allium macrochaetum	NCBITaxon:3747136	scientific name	lotus
Allium myrianthum	NCBITaxon:3747167	scientific name	lotus
Allium odorum	NCBITaxon:105309	synonym	lotus
Allium porrum	NCBITaxon:4681	synonym	lotus
Allium turcomanicum	NCBITaxon:3747313	scientific name	lotus
Alnus maximowiczii	NCBITaxon:253216	synonym	lotus
Alnus rugosa	NCBITaxon:109070	synonym	lotus
Aloe adigratana	NCBITaxon:3161444	scientific name	lotus
Aloe barbadensis	NCBITaxon:34199	synonym	chebi_origins,lotus
Aloe bargalensis	NCBITaxon:3161375	scientific name	lotus
Aloe brachystachys	NCBITaxon:3161241	scientific name	lotus
Aloe catengiana	NCBITaxon:3161453	scientific name	lotus
Aloe christianii	NCBITaxon:3161431	scientific name	lotus
Aloe dichotoma	NCBITaxon:888276	synonym	lotus
Aloe gilbertii	NCBITaxon:3161522	scientific name	lotus
Aloe gossweileri	NCBITaxon:3161454	scientific name	lotus
Aloe gracilicaulis	NCBITaxon:3161427	scientific name	lotus
Aloe hemmingii	NCBITaxon:3161430	scientific name	lotus
Aloe hendrickxii	NCBITaxon:3161439	scientific name	lotus
Aloe jacksonii	NCBITaxon:1080450	scientific name	lotus
Aloe labworana	NCBITaxon:3161219	scientific name	lotus
Aloe longistyla	NCBITaxon:3161237	scientific name	lotus
Aloe macleayi	NCBITaxon:3161440	scientific name	lotus
Aloe macrosiphon	NCBITaxon:3161244	scientific name	lotus
Aloe microdonta	NCBITaxon:3161253	scientific name	lotus
Aloe milne-redheadii	NCBITaxon:3161257	scientific name	lotus
Aloe murina	NCBITaxon:3161342	scientific name	lotus
Aloe mutabilis	NCBITaxon:3161398	scientific name	lotus
Aloe officinalis	NCBITaxon:3161272	scientific name	lotus
Aloe otallensis	NCBITaxon:3161246	scientific name	lotus
Aloe palmiformis	NCBITaxon:3161234	scientific name	lotus
Aloe parvidens	NCBITaxon:3161388	scientific name	lotus
Aloe pirottae	NCBITaxon:3161223	scientific name	lotus
Aloe pubescens	NCBITaxon:3161446	scientific name	lotus
Aloe pulcherrima	NCBITaxon:3161391	scientific name	lotus
Aloe pustuligemma	NCBITaxon:3161345	scientific name	lotus
Aloe rabaiensis	NCBITaxon:3161423	scientific name	lotus
Aloe rigens	NCBITaxon:3161429	scientific name	lotus
Aloe rubroviolacea	NCBITaxon:3161476	scientific name	lotus
Aloe rupicola	NCBITaxon:3161451	scientific name	lotus
Aloe saponaria	NCBITaxon:1155789	synonym	lotus
Aloe scorpioides	NCBITaxon:3161332	scientific name	lotus
Aloe squarrosa	NCBITaxon:3161231	scientific name	lotus
Aloe striatula	NCBITaxon:1128809	synonym	lotus
Aloe tororoana	NCBITaxon:3161436	scientific name	lotus
Aloe wickensii	NCBITaxon:3161405	scientific name	lotus
Aloe wilsonii	NCBITaxon:3161442	scientific name	lotus
Aloe yavellana	NCBITaxon:3161438	scientific name	lotus
Aloysia citriodora	NCBITaxon:925377	equivalent name	lotus
Alphonsea gaudichaudiana	NCBITaxon:2998628	scientific name	chebi_origins
Alphonsea lutea	NCBITaxon:3040791	scientific name	lotus
Alphonsea philastreana	NCBITaxon:3059347	scientific name	chebi_origins
Alpinia breviligulata	NCBITaxon:3098691	scientific name	lotus
Alpinia carinata	NCBITaxon:3401241	scientific name	lotus
Alpinia densibracteata	NCBITaxon:3747683	scientific name	chebi_origins
Alpinia katsumadai	NCBITaxon:125259	synonym	chebi_origins,lotus
Alpinia pulcherrima	NCBITaxon:3747747	scientific name	lotus
Alseodaphne paludosa	NCBITaxon:3747822	scientific name	lotus
Alsophila lepifera	NCBITaxon:29636	synonym	lotus
Alstonia angustifolia	NCBITaxon:2516457	scientific name	chebi_origins
Alstonia balansae	NCBITaxon:3747847	scientific name	lotus
Alstonia boulindaensis	NCBITaxon:3747848	scientific name	lotus
Alstonia congensis	NCBITaxon:3747849	scientific name	lotus
Alstonia deplanchei	NCBITaxon:3747851	scientific name	lotus
Alstonia lanceolata	NCBITaxon:3747852	scientific name	lotus
Alstonia lanceolifera	NCBITaxon:3747853	scientific name	lotus
Alstonia legouixiae	NCBITaxon:3747854	scientific name	lotus
Alstonia lenormandii	NCBITaxon:3747855	scientific name	lotus
Alstonia odontophora	NCBITaxon:3747857	scientific name	lotus
Alstonia pneumatophora	NCBITaxon:3747860	scientific name	lotus
Alstonia quaternata	NCBITaxon:3747861	scientific name	lotus
Alstonia spatulata	NCBITaxon:3747863	scientific name	chebi_origins,lotus
Alstonia spectabilis	NCBITaxon:675579	scientific name	lotus
Alstonia sphaerocapitata	NCBITaxon:3747864	scientific name	lotus
Alstroemeria aurantiaca	NCBITaxon:56742	synonym	lotus
Alstroemeria magnifica var. magenta	NCBITaxon:502233	synonym	lotus
Alternaria raphani	NCBITaxon:119919	synonym	lotus
Alternaria tenuis	NCBITaxon:5599	synonym	lotus
Alvaradoa haitiensis	NCBITaxon:2686335	scientific name	chebi_origins
Alyssum argenteum	NCBITaxon:226021	synonym	lotus
Amanita amerivirosa	NCBITaxon:1906117	scientific name	lotus
Amanita hygroscopica	NCBITaxon:103604	scientific name	lotus
Amanoa oblongifolia	NCBITaxon:3748180	scientific name	lotus
Amaranthus bouchonii	NCBITaxon:1454546	synonym	lotus
Amaranthus lividus	NCBITaxon:124762	synonym	lotus
Amauria rotundifolia	NCBITaxon:160430	synonym	lotus
Ambrosia confertiflora	NCBITaxon:2067512	scientific name	chebi_origins
Ambrosia microcephala	NCBITaxon:3748251	scientific name	lotus
Amelanchier alnifolia var. semiintegrifolia	NCBITaxon:1768852	synonym	lotus
Ammodendron eichwaldii	NCBITaxon:3083804	scientific name	lotus
Ammodendron karelinii	NCBITaxon:3748389	scientific name	lotus
Ammonia	NCBITaxon:29189	scientific name	lotus
Amomum compactum	NCBITaxon:252847	synonym	lotus
Amomum tsao-ko	NCBITaxon:252867	synonym	lotus
Amorphophallus annulifer	NCBITaxon:3748458	scientific name	lotus
Amorphophallus fallax	NCBITaxon:3748481	scientific name	lotus
Amorphophallus rivieri	NCBITaxon:78372	synonym	lotus
Ampelocissus leonensis	NCBITaxon:3748563	scientific name	lotus
Ampelopsis heterophylla var. hancei	NCBITaxon:416086	synonym	lotus
Amphiachyris amoena	NCBITaxon:3748605	scientific name	lotus
Amphidinium	NCBITaxon:2960	scientific name	lotus
Amphilectus digitatus	NCBITaxon:1495197	scientific name	lotus
Amphora coffeaeformis	NCBITaxon:265554	synonym	lotus
Amsinckia carinata	NCBITaxon:3748677	scientific name	lotus
Amsonia grandiflora	NCBITaxon:3143280	scientific name	lotus
Amsonia tomentosa var. tomentosa	NCBITaxon:3475983	scientific name	lotus
Amyloporia sinuosa	NCBITaxon:1333626	synonym	lotus
Amyris balsamifera	NCBITaxon:3748741	scientific name	lotus
Amyris barbata	NCBITaxon:3748742	scientific name	lotus
Amyris brenesii	NCBITaxon:3748743	scientific name	lotus
Amyris lineata	NCBITaxon:3748758	scientific name	lotus
Amyris plumieri	NCBITaxon:3748768	scientific name	lotus
Anabaena	NCBITaxon:1163	scientific name	lotus
Anabaena circinalis	NCBITaxon:109265	synonym	cyanometdb,lotus
Anabaena compacta	NCBITaxon:136073	synonym	cyanometdb,lotus
Anabaena constricta	NCBITaxon:1499110	scientific name	cyanometdb
Anabaena cylindrica	NCBITaxon:1165	scientific name	cyanometdb
Anabaena flos-aquae	NCBITaxon:1166	synonym	lotus
Anabaena flosaquae	NCBITaxon:1166	synonym	lotus
Anabaena laxa	NCBITaxon:518128	scientific name	cyanometdb
Anabaena minutissima	NCBITaxon:2303152	scientific name	cyanometdb
Anabaena oumiana	NCBITaxon:747503	synonym	cyanometdb
Anabaena sp.	NCBITaxon:1167	scientific name	cyanometdb
Anabaena spiroides	NCBITaxon:135104	synonym	cyanometdb,lotus
Anabaena torulosa	NCBITaxon:156211	scientific name	cyanometdb
Anabaena viguieri	NCBITaxon:289436	synonym	lotus
Anabasis setifera	NCBITaxon:264974	synonym	lotus
Anacystis montana	NCBITaxon:2170624	synonym	cyanometdb,lotus
Anaerolineaceae	NCBITaxon:292628	scientific name	chebi_origins
Anagallis monelli	NCBITaxon:306291	synonym	lotus
Anaphalis subumbellata	NCBITaxon:3749087	scientific name	lotus
Anaptychia palmulata	NCBITaxon:373581	synonym	lotus
Anarrhinum orientale	NCBITaxon:3116578	scientific name	chebi_origins,lotus
Andrographis rothii	NCBITaxon:3750004	scientific name	lotus
Andrographis stenophylla	NCBITaxon:3750008	scientific name	lotus
Andrographis viscosula	NCBITaxon:3750010	scientific name	lotus
Andromeda japonica	NCBITaxon:317406	synonym	lotus
Anemonastrum flaccidum	NCBITaxon:174164	scientific name	lotus
Anemonastrum narcissiflorum	NCBITaxon:168002	scientific name	lotus
Anemonastrum obtusilobum	NCBITaxon:174167	scientific name	lotus
Anemonastrum polyanthes	NCBITaxon:2977046	scientific name	lotus
Anemonastrum tetrasepalum	NCBITaxon:666732	scientific name	lotus
Anemone altaica	NCBITaxon:2291097	scientific name	lotus
Anemone lancifolia	NCBITaxon:3132355	synonym	lotus
Anemone patens var. multifida	NCBITaxon:1301371	synonym	lotus
Anerincleistus grandiflorus	NCBITaxon:2136413	scientific name	lotus
Anerincleistus pauciflorus	NCBITaxon:2136418	scientific name	lotus
Anerincleistus purpureus	NCBITaxon:2136420	scientific name	lotus
Angelica adzharica	NCBITaxon:3750226	scientific name	lotus
Angelica komarovii	NCBITaxon:3750234	scientific name	lotus
Angiococcus	NCBITaxon:47	synonym	lotus
Angiococcus disciformis	NCBITaxon:38	synonym	lotus
Angiopteris latipinna	NCBITaxon:3418171	scientific name	lotus
Angostura longiflora	NCBITaxon:3750267	scientific name	lotus
Angostura trifoliata	NCBITaxon:3750274	scientific name	lotus
Angylocalyx boutiqueanus	NCBITaxon:3750727	scientific name	lotus
Aniba burchellii	NCBITaxon:3750732	scientific name	lotus
Aniba coto	NCBITaxon:3750733	scientific name	lotus
Aniba ferrea	NCBITaxon:3750736	scientific name	lotus
Aniba kappleri	NCBITaxon:3750743	scientific name	lotus
Aniba lancifolia	NCBITaxon:3750744	scientific name	lotus
Aniba megaphylla	NCBITaxon:3750746	scientific name	lotus
Aniba muca	NCBITaxon:3750747	scientific name	lotus
Aniba permollis	NCBITaxon:3750752	scientific name	lotus
Aniba puchury-minor	NCBITaxon:1421047	scientific name	lotus
Aniba riparia	NCBITaxon:3750755	scientific name	lotus
Aniba santalodora	NCBITaxon:3750758	scientific name	lotus
Anisochilus harmandii	NCBITaxon:204105	synonym	lotus
Anisocycla cymosa	NCBITaxon:3021355	synonym	lotus
Anisocycla grandidieri	NCBITaxon:3021356	scientific name	lotus
Anisocycla jollyana	NCBITaxon:3021357	scientific name	lotus
Anisodoris	NCBITaxon:190915	synonym	lotus
Anisodoris nobilis	NCBITaxon:589681	synonym	lotus
Anisotes sessiliflorus	NCBITaxon:3750907	scientific name	lotus
Anisotome antipoda	NCBITaxon:3750915	scientific name	lotus
Anisotome latifolia	NCBITaxon:3750919	scientific name	lotus
Annona bullata	NCBITaxon:3040794	scientific name	lotus
Annona cacans	NCBITaxon:2998641	scientific name	lotus
Annona cascarilloides	NCBITaxon:3436404	scientific name	lotus
Annona cherimolioides	NCBITaxon:2969850	scientific name	lotus
Annona cristalensis	NCBITaxon:3750943	scientific name	lotus
Annona densicoma	NCBITaxon:2998650	scientific name	lotus
Annona dioica	NCBITaxon:2986273	scientific name	lotus
Annona diversifolia	NCBITaxon:1217401	scientific name	lotus
Annona glauca	NCBITaxon:3436506	scientific name	lotus
Annona haematantha	NCBITaxon:2998656	scientific name	lotus
Annona jahnii	NCBITaxon:2998659	scientific name	lotus
Annona monticola	NCBITaxon:3040809	scientific name	lotus
Annona neolaurifolia	NCBITaxon:2998620	scientific name	lotus
Annona neoulei	NCBITaxon:2945004	scientific name	lotus
Annona nutans	NCBITaxon:3040812	scientific name	chebi_origins,lotus
Annona salzmannii	NCBITaxon:2998672	scientific name	lotus
Annona tomentosa	NCBITaxon:1385696	scientific name	lotus
Annona warmingiana	NCBITaxon:2998673	scientific name	lotus
Anochetus kempfi	NCBITaxon:602487	scientific name	lotus
Anomianthus dulcis	NCBITaxon:174962	synonym	lotus
Anoplophora malasiaca	NCBITaxon:3680197	scientific name	lotus
Anredera vesicaria	NCBITaxon:3751019	scientific name	lotus
Anthemis austriaca	NCBITaxon:589814	synonym	lotus
Anthemis segetalis	NCBITaxon:589835	synonym	lotus
Anthemis tinctoria	NCBITaxon:99028	synonym	lotus
Anthemis triumfetti	NCBITaxon:158232	synonym	lotus
Antheroporum pierrei	NCBITaxon:1993783	scientific name	chebi_origins
Anthocercis genistoides	NCBITaxon:3751101	scientific name	lotus
Anthocleista djalonensis	NCBITaxon:3751105	scientific name	lotus
Anthocleista vogelii	NCBITaxon:84938	scientific name	chebi_origins
Anthriscus nitidus	NCBITaxon:109081	synonym	lotus
Anthurium barclayanum	NCBITaxon:3751290	scientific name	lotus
Anthurium versicolor	NCBITaxon:3752332	scientific name	lotus
Anthurium wagenerianum	NCBITaxon:3752346	scientific name	lotus
Anthyllis onobrychioides	NCBITaxon:181248	synonym	lotus
Anthyllis subsimplex	NCBITaxon:3083820	scientific name	lotus
Antillogorgia kallos	NCBITaxon:3097295	scientific name	lotus
Antipathes subpinnata	NCBITaxon:406748	synonym	lotus
Antrodia salmonea	NCBITaxon:410307	synonym	lotus
Antrodiella gypsea	NCBITaxon:1765008	synonym	lotus
Aosa gilgiana	NCBITaxon:3752618	scientific name	lotus
Aphanizomenon flos-aquae	NCBITaxon:1176	scientific name	cyanometdb
Aphanizomenon issatschenkoi	NCBITaxon:230752	synonym	cyanometdb
Aphanizomenon ovalisporum	NCBITaxon:75695	synonym	cyanometdb
Aphanothece halophytica	NCBITaxon:72020	scientific name	cyanometdb
Aphanothece sacrum	NCBITaxon:1122	scientific name	cyanometdb
Aphelandra arborea	NCBITaxon:3752662	scientific name	lotus
Aphelandra chamissoniana	NCBITaxon:3752677	scientific name	lotus
Aphelandra flava	NCBITaxon:3752706	scientific name	lotus
Apium graveolens var. dulce	NCBITaxon:117781	synonym	lotus
Apium nodiflorum	NCBITaxon:99497	synonym	lotus
Aplidium multiplicatum	NCBITaxon:3106037	scientific name	lotus
Aplidium pallidum	NCBITaxon:2980188	scientific name	lotus
Aplysia brasiliana	NCBITaxon:144767	synonym	lotus
Aplysinella strongylata	NCBITaxon:1162742	scientific name	lotus
Apodanthera undulata	NCBITaxon:3083828	scientific name	lotus
Apometzgeria pubescens	NCBITaxon:357979	synonym	lotus
Apomyelois ceratoniae	NCBITaxon:1032508	synonym	lotus
Aptenia cordifolia	NCBITaxon:107607	synonym	lotus
Aquarius grandiflorus	NCBITaxon:55312	synonym	lotus
Aquarius macrophyllus	NCBITaxon:3237189	scientific name	lotus
Aquilaria agallocha	NCBITaxon:1472648	synonym	lotus
Aquilegia ballii	NCBITaxon:3755133	scientific name	lotus
Aquilegia caerulea	NCBITaxon:218851	synonym	lotus
Arachniotus dankaliensis	NCBITaxon:166389	synonym	lotus
Aralia montana	NCBITaxon:3755277	scientific name	lotus
Araucaria cookii	NCBITaxon:2898861	scientific name	lotus
Archidendron molle	NCBITaxon:3755356	scientific name	lotus
Archidoris montereyensis	NCBITaxon:1265871	synonym	lotus
Archidoris odhneri	NCBITaxon:54992	synonym	lotus
Archilejeunea olivacea	NCBITaxon:1795078	synonym	lotus
Arctomecon californica	NCBITaxon:2992620	scientific name	lotus
Ardisia colorata	NCBITaxon:1009002	synonym	lotus
Ardisia iwahigensis	NCBITaxon:3755663	scientific name	lotus
Ardisia macrocarpa	NCBITaxon:3114517	scientific name	lotus
Ardisia serrata	NCBITaxon:2508486	scientific name	lotus
Ardisia staudtii	NCBITaxon:3755915	scientific name	lotus
Argemone aenea	NCBITaxon:3756001	scientific name	lotus
Argemone brevicornuta	NCBITaxon:3756002	scientific name	lotus
Argyreia cuneata	NCBITaxon:1281414	synonym	lotus
Argyreia nervosa	NCBITaxon:139741	synonym	lotus
Argyreia populifolia	NCBITaxon:2918508	synonym	lotus
Argyreia speciosa	NCBITaxon:139741	synonym	lotus
Argyrolobium crassifolium	NCBITaxon:3756315	scientific name	lotus
Argyrolobium frutescens	NCBITaxon:3083849	scientific name	lotus
Argyrolobium lotoides	NCBITaxon:3083852	scientific name	lotus
Argyrolobium sankeyi	NCBITaxon:508343	scientific name	lotus
Argyrolobium speciosum	NCBITaxon:3756335	scientific name	lotus
Argyrolobium tomentosum	NCBITaxon:3083860	scientific name	lotus
Arisaema echinatum	NCBITaxon:3736825	scientific name	lotus
Aristea compressa	NCBITaxon:3756404	scientific name	lotus
Aristea ensifolia	NCBITaxon:3237329	scientific name	lotus
Aristea lugens	NCBITaxon:3756417	scientific name	lotus
Aristea montana	NCBITaxon:3756420	scientific name	lotus
Aristea singularis	NCBITaxon:3756437	scientific name	lotus
Aristeguietia discolor	NCBITaxon:3122680	scientific name	lotus
Aristeguietia gayana	NCBITaxon:3756452	scientific name	lotus
Aristeguietia pseudarborea	NCBITaxon:3756455	scientific name	lotus
Aristeguietia salvia	NCBITaxon:3060459	scientific name	lotus
Aristolochia auricularia	NCBITaxon:3754498	scientific name	lotus
Aristolochia birostris	NCBITaxon:3754513	scientific name	lotus
Aristolochia bodamae	NCBITaxon:3754514	scientific name	lotus
Aristolochia brevipes	NCBITaxon:3754521	scientific name	lotus
Aristolochia constricta	NCBITaxon:3754551	scientific name	lotus
Aristolochia coryi	NCBITaxon:3754556	scientific name	lotus
Aristolochia didyma	NCBITaxon:3754569	scientific name	lotus
Aristolochia gehrtii	NCBITaxon:3754590	scientific name	lotus
Aristolochia iquitensis	NCBITaxon:3754624	scientific name	lotus
Aristolochia lagesiana	NCBITaxon:3754639	scientific name	lotus
Aristolochia littoralis	NCBITaxon:325095	scientific name	lotus
Aristolochia macrocarpa	NCBITaxon:2708923	synonym	lotus
Aristolochia mathewsii	NCBITaxon:3754677	scientific name	lotus
Aristolochia orbicularis	NCBITaxon:3754706	scientific name	lotus
Aristolochia pubescens	NCBITaxon:3754841	scientific name	lotus
Aristolochia ridicula	NCBITaxon:3754749	scientific name	lotus
Arivela viscosa	NCBITaxon:190804	synonym	lotus
Armillaria novae-zelandiae	NCBITaxon:153914	scientific name	lotus
Arnebia speciosa	NCBITaxon:3756679	scientific name	lotus
Arnebia tschimganica	NCBITaxon:650328	synonym	lotus
Arnica frigida	NCBITaxon:436200	synonym	lotus
Arrabidaea patellifera	NCBITaxon:353946	synonym	lotus
Artabotrys lastoursvillensis	NCBITaxon:2998674	scientific name	lotus
Artemisia aethiopica	NCBITaxon:3756737	scientific name	lotus
Artemisia asiatica	NCBITaxon:1827451	synonym	chebi_origins
Artemisia caruifolia	NCBITaxon:496566	synonym	lotus
Artemisia dalai-lamae	NCBITaxon:3004394	scientific name	lotus
Artemisia dubia var. subdigitata	NCBITaxon:1027797	scientific name	lotus
Artemisia glauca	NCBITaxon:401895	synonym	lotus
Artemisia klotzschiana	NCBITaxon:1227627	synonym	lotus
Artemisia latifolia	NCBITaxon:3844206	scientific name	lotus
Artemisia lerchiana	NCBITaxon:1903215	synonym	lotus
Artemisia mexicana	NCBITaxon:72346	synonym	lotus
Artemisia mongolorum	NCBITaxon:2991489	scientific name	lotus
Artemisia moorcroftiana	NCBITaxon:2800585	scientific name	lotus
Artemisia pectinata	NCBITaxon:217471	synonym	lotus
Artemisia saissanica	NCBITaxon:3756820	scientific name	lotus
Artemisia subchrysolepis	NCBITaxon:3756825	scientific name	lotus
Artemisia szowitziana	NCBITaxon:3756829	scientific name	lotus
Artemisia valentina	NCBITaxon:1903205	synonym	lotus
Artemisia verlotorum	NCBITaxon:72356	synonym	lotus
Arthonia leucopellaea	NCBITaxon:1542750	synonym	lotus
Arthrobacter protophormiae	NCBITaxon:37930	synonym	lotus
Arthrobacter ureafaciens	NCBITaxon:37931	synonym	lotus
Arthrobotrys brochopaga	NCBITaxon:3140254	synonym	lotus
Arthrobotrys dactyloides	NCBITaxon:74499	synonym	lotus
Arthrobotrys oligosporus	NCBITaxon:2813651	synonym	lotus
Arthrocnemum fruticosum	NCBITaxon:224149	synonym	lotus
Arthrocnemum macrostachyum	NCBITaxon:239181	synonym	lotus
Arthroderma gypseum	NCBITaxon:63402	synonym	lotus
Arthrospira platensis	NCBITaxon:118562	synonym	cyanometdb
Artocarpus chaplasha	NCBITaxon:709040	synonym	lotus
Artocarpus lanceaefolia	NCBITaxon:709049	synonym	lotus
Aschersonia aleyrodis	NCBITaxon:324773	synonym	lotus
Asparagus curillus	NCBITaxon:3757199	scientific name	lotus
Asparagus dumosus	NCBITaxon:3757201	scientific name	lotus
Asparagus mairei	NCBITaxon:3041915	synonym	lotus
Asparagus meioclados	NCBITaxon:3041915	scientific name	lotus
Asparagus plumosus	NCBITaxon:272863	synonym	lotus
Aspergillus echinulatus	NCBITaxon:41418	synonym	lotus
Aspergillus repens	NCBITaxon:1405805	synonym	lotus
Aspergillus saitoi	NCBITaxon:5063	synonym	lotus
Aspergillus similanensis	NCBITaxon:3080545	scientific name	lotus
Asphodeline globifera	NCBITaxon:3757325	scientific name	lotus
Asphodeline tenuior	NCBITaxon:3757328	scientific name	lotus
Asphodelus microcarpus	NCBITaxon:221659	synonym	chebi_origins,lotus
Aspidosperma auriculatum	NCBITaxon:3757706	scientific name	lotus
Aspidosperma discolor	NCBITaxon:3757716	scientific name	lotus
Aspidosperma formosanum	NCBITaxon:3757722	scientific name	lotus
Aspidosperma limae	NCBITaxon:3757731	scientific name	lotus
Aspidosperma macrocarpon	NCBITaxon:3757732	scientific name	lotus
Aspidosperma nigricans	NCBITaxon:3757738	scientific name	lotus
Aspidosperma pachypterum	NCBITaxon:3757740	scientific name	lotus
Aspidosperma pyricollum	NCBITaxon:3757742	scientific name	chebi_origins,lotus
Aspidosperma ulei	NCBITaxon:3757756	scientific name	lotus
Aspilia africana	NCBITaxon:3466087	scientific name	lotus
Aspilia eenii	NCBITaxon:3757804	scientific name	lotus
Aspilia foliosa	NCBITaxon:3434161	scientific name	lotus
Aspilia jolyana	NCBITaxon:3757814	scientific name	lotus
Aspilia kotschyi	NCBITaxon:2494599	scientific name	lotus
Aspilia paludosa	NCBITaxon:3757824	scientific name	lotus
Aspilia platyphylla	NCBITaxon:3757827	scientific name	lotus
Asplenium unilaterale	NCBITaxon:147939	synonym	lotus
Aspropaxillus giganteus	NCBITaxon:1167592	synonym	lotus
Aster acuminatus	NCBITaxon:1539883	synonym	lotus
Aster conspicuus	NCBITaxon:481916	synonym	lotus
Aster heliopsis	NCBITaxon:3757938	scientific name	lotus
Aster shimadai	NCBITaxon:2750693	equivalent name	lotus
Asterolasia trymalioides	NCBITaxon:2981368	scientific name	lotus
Asterotremella humicola	NCBITaxon:5417	synonym	lotus
Astragalus altaicola	NCBITaxon:3725501	scientific name	lotus
Astragalus amarus	NCBITaxon:3725505	scientific name	lotus
Astragalus arequipensis	NCBITaxon:3083928	scientific name	lotus
Astragalus atropubescens	NCBITaxon:3083934	scientific name	lotus
Astragalus babatagi	NCBITaxon:3114731	scientific name	lotus
Astragalus brachystachys	NCBITaxon:3003250	scientific name	chebi_origins
Astragalus buchtormensis	NCBITaxon:3242442	scientific name	lotus
Astragalus bungeanus	NCBITaxon:3083988	scientific name	lotus
Astragalus canadensis var. mortonii	NCBITaxon:3144681	scientific name	lotus
Astragalus captiosus	NCBITaxon:3083996	scientific name	lotus
Astragalus caucasicus	NCBITaxon:3084001	scientific name	lotus
Astragalus chrysopterus	NCBITaxon:3695046	scientific name	lotus
Astragalus circassicus	NCBITaxon:3725722	scientific name	lotus
Astragalus cryptanthus	NCBITaxon:3084027	scientific name	lotus
Astragalus dissectus	NCBITaxon:3084101	scientific name	lotus
Astragalus emoryanus	NCBITaxon:3084112	scientific name	lotus
Astragalus eupeplus	NCBITaxon:3725862	scientific name	lotus
Astragalus exilis	NCBITaxon:3725869	scientific name	lotus
Astragalus flexus	NCBITaxon:2764613	scientific name	lotus
Astragalus floccosifolius	NCBITaxon:3725890	scientific name	lotus
Astragalus fruticosus	NCBITaxon:3081191	scientific name	lotus
Astragalus galegiformis	NCBITaxon:3084132	scientific name	lotus
Astragalus globiceps	NCBITaxon:3084141	scientific name	lotus
Astragalus iliensis	NCBITaxon:3726022	scientific name	lotus
Astragalus kabadianus	NCBITaxon:3084172	scientific name	lotus
Astragalus kulabensis	NCBITaxon:3084183	scientific name	lotus
Astragalus laguroides	NCBITaxon:3374563	scientific name	lotus
Astragalus miser var. oblongifolius	NCBITaxon:3144684	scientific name	lotus
Astragalus mucidus	NCBITaxon:3084242	scientific name	lotus
Astragalus muelleri	NCBITaxon:3726271	scientific name	lotus
Astragalus multiceps	NCBITaxon:3726273	scientific name	lotus
Astragalus orbiculatus	NCBITaxon:3084270	scientific name	lotus
Astragalus pamirensis	NCBITaxon:3084275	scientific name	lotus
Astragalus prusianus	NCBITaxon:3726435	scientific name	lotus
Astragalus pterocarpus	NCBITaxon:3084308	scientific name	lotus
Astragalus pterocephalus	NCBITaxon:3084309	scientific name	lotus
Astragalus quisqualis	NCBITaxon:3084315	scientific name	lotus
Astragalus siculus	NCBITaxon:3391572	scientific name	lotus
Astragalus syriacus	NCBITaxon:3092333	scientific name	lotus
Astragalus taschkendicus	NCBITaxon:3084377	scientific name	lotus
Astragalus testiculatus	NCBITaxon:3074037	scientific name	lotus
Astragalus trigonus	NCBITaxon:3084393	scientific name	lotus
Astragalus trimestris	NCBITaxon:3084394	scientific name	lotus
Astragalus uninodis	NCBITaxon:3726774	scientific name	lotus
Astragalus villosissimus	NCBITaxon:3726802	scientific name	lotus
Astrotrichilia voamatata	NCBITaxon:3758198	scientific name	lotus
Asystasia intrusa	NCBITaxon:3238782	scientific name	chebi_origins,lotus
Atalantia wightii	NCBITaxon:3758228	scientific name	lotus
Ateleia apetala	NCBITaxon:3084429	scientific name	lotus
Athalia rosae	NCBITaxon:37344	scientific name	chebi_origins
Athamanta ramosissima	NCBITaxon:2675303	synonym	lotus
Athamanta vayredana	NCBITaxon:3758241	scientific name	lotus
Athyrium niponicum	NCBITaxon:65715	synonym	lotus
Atractylis gummifera	NCBITaxon:143183	synonym	lotus
Atraphaxis muschketovii	NCBITaxon:1526676	synonym	lotus
Atriolum robustum	NCBITaxon:1836342	scientific name	lotus
Atriplex griffithii	NCBITaxon:2908440	scientific name	lotus
Atriplex hastata	NCBITaxon:46090	synonym	lotus
Atriplex stocksii	NCBITaxon:2908468	scientific name	lotus
Aucklandia lappa	NCBITaxon:324593	synonym	lotus
Aurantiporus fissilis	NCBITaxon:1040649	synonym	lotus
Auricula	NCBITaxon:1952198	scientific name	lotus
Austrocylindropuntia exaltata	NCBITaxon:1157649	scientific name	lotus
Austroeupatorium chaparense	NCBITaxon:3758466	scientific name	lotus
Austromyrtus tenuifolia	NCBITaxon:3758476	scientific name	lotus
Axinyssa aplysinoides	NCBITaxon:3290687	scientific name	lotus
Baccaurea courtallensis	NCBITaxon:3369414	scientific name	lotus
Baccharis concava	NCBITaxon:3027730	scientific name	lotus
Baccharis crispa	NCBITaxon:1926966	synonym	lotus
Baccharis kingii	NCBITaxon:3026883	scientific name	lotus
Baccharis linearis	NCBITaxon:1654441	scientific name	lotus
Baccharis macraei	NCBITaxon:1654443	scientific name	lotus
Baccharis magellanica	NCBITaxon:3342982	scientific name	lotus
Baccharis rhomboidalis	NCBITaxon:3027732	scientific name	lotus
Baccharis salzmannii	NCBITaxon:2707522	synonym	lotus
Baccharis santelicis	NCBITaxon:1654449	scientific name	lotus
Baccharis scandens	NCBITaxon:2601728	scientific name	lotus
Baccharoides filigera	NCBITaxon:3760066	scientific name	lotus
Baccharoides guineensis	NCBITaxon:3760068	scientific name	lotus
Bacillus schlegelii	NCBITaxon:1484	synonym	lotus
Bacopa crenata	NCBITaxon:3071836	scientific name	lotus
Bacopa monniera	NCBITaxon:263974	equivalent name	lotus
Bactrocera cucumis	NCBITaxon:47774	synonym	lotus
Badilloa salicina	NCBITaxon:3709056	scientific name	lotus
Badilloa steetzii	NCBITaxon:3709059	scientific name	lotus
Baeckea gunniana	NCBITaxon:3760148	scientific name	lotus
Baeria	NCBITaxon:283885	synonym	lotus
Bahiopsis chenopodina	NCBITaxon:3760161	scientific name	lotus
Balanophora abbreviata	NCBITaxon:2906540	scientific name	chebi_origins
Balanophora papuana	NCBITaxon:3760210	scientific name	lotus
Ballota acetabulosa	NCBITaxon:483793	synonym	lotus
Ballota africana	NCBITaxon:379205	synonym	lotus
Ballota andreuzziana	NCBITaxon:3760235	scientific name	lotus
Ballota glandulosissima	NCBITaxon:3760240	scientific name	lotus
Ballota hirsuta	NCBITaxon:1138119	synonym	lotus
Ballota hispanica	NCBITaxon:155229	synonym	lotus
Ballota limbata	NCBITaxon:483858	synonym	chebi_origins
Ballota undulata	NCBITaxon:694343	synonym	lotus
Balsamorhiza macrophylla	NCBITaxon:3760258	scientific name	lotus
Baptisia arachnifera	NCBITaxon:3120269	scientific name	lotus
Baptisia nuttalliana	NCBITaxon:3120271	scientific name	lotus
Barbacenia macrantha	NCBITaxon:3373633	scientific name	lotus
Baroniella acuminata	NCBITaxon:3760603	scientific name	lotus
Bartlettina karwinskiana	NCBITaxon:3046114	scientific name	lotus
Bathydoris hodgsoni	NCBITaxon:3053262	scientific name	lotus
Bauhinia glauca	NCBITaxon:228520	synonym	lotus
Bauhinia guianensis	NCBITaxon:508984	synonym	lotus
Bauhinia holophylla	NCBITaxon:3314501	scientific name	lotus
Bauhinia saccocalyx	NCBITaxon:1707764	scientific name	chebi_origins
Bauhinia tarapotensis	NCBITaxon:871993	scientific name	lotus
Bauhinia vahlii	NCBITaxon:653097	synonym	lotus
Beilschmiedia anacardioides	NCBITaxon:3760903	scientific name	lotus
Beilschmiedia cryptocaryoides	NCBITaxon:3760931	scientific name	lotus
Beilschmiedia ferruginea	NCBITaxon:3789274	synonym	lotus
Beilschmiedia oligandra	NCBITaxon:3761008	scientific name	lotus
Beilschmiedia penangiana	NCBITaxon:3761018	scientific name	lotus
Beilschmiedia tsangii	NCBITaxon:1603694	scientific name	chebi_origins
Beilschmiedia zenkeri	NCBITaxon:3761069	scientific name	lotus
Bellamya chinensis	NCBITaxon:527796	synonym	lotus
Bellevalia eigii	NCBITaxon:3761078	scientific name	lotus
Bellidiastrum michelii	NCBITaxon:191233	synonym	lotus
Berberis fremontii	NCBITaxon:258163	synonym	lotus
Berberis swaseyi	NCBITaxon:1813938	synonym	lotus
Berberis trifoliolata	NCBITaxon:102689	synonym	lotus
Berchemia floribunda	NCBITaxon:1226760	scientific name	chebi_origins
Bergenia cordifolia	NCBITaxon:885526	synonym	lotus
Bergenia hissarica	NCBITaxon:3761252	scientific name	lotus
Bergera koenigii	NCBITaxon:159030	synonym	lotus
Berkheya bergiana	NCBITaxon:3761260	scientific name	lotus
Bersama yangambiensis	NCBITaxon:3761376	scientific name	lotus
Besseya alpina	NCBITaxon:264888	synonym	lotus
Beta procumbens	NCBITaxon:19768	synonym	lotus
Betonica orientalis	NCBITaxon:3761562	scientific name	lotus
Betula dahurica	NCBITaxon:253224	synonym	lotus
Betula davurica	NCBITaxon:253224	scientific name	lotus
Betula exilis	NCBITaxon:717482	synonym	chebi_origins
Betula kirghisorum	NCBITaxon:3076647	scientific name	lotus
Betula resinifera	NCBITaxon:216987	synonym	lotus
Beyeria calycina	NCBITaxon:3761581	scientific name	lotus
Bhesa indica	NCBITaxon:3761602	scientific name	lotus
Bhesa nitidissima	NCBITaxon:3761603	scientific name	lotus
Bidens parviflora	NCBITaxon:1527830	scientific name	chebi_origins
Bidens rubicundula	NCBITaxon:3761709	scientific name	lotus
Billbergia buchholtzii	NCBITaxon:3761805	scientific name	lotus
Bionectria	NCBITaxon:110564	synonym	lotus
Bionectria byssicola	NCBITaxon:160290	synonym	lotus
Bionectria ochroleuca	NCBITaxon:29856	synonym	lotus
Biophytum sensitivum	NCBITaxon:1898900	scientific name	chebi_origins
Bipolaris brizae	NCBITaxon:2591492	synonym	lotus
Bipolaris coicis	NCBITaxon:91367	synonym	lotus
Bishovia boliviensis	NCBITaxon:3709061	scientific name	lotus
Bistorta elliptica	NCBITaxon:3420121	scientific name	lotus
Bituminaria morisiana	NCBITaxon:3474877	scientific name	chebi_origins,lotus
Bituminaria plumosa	NCBITaxon:3474878	scientific name	lotus
Blainvillea dichotoma	NCBITaxon:243762	synonym	lotus
Blechnum fluviatile	NCBITaxon:393573	synonym	lotus
Blechnum gibbum	NCBITaxon:120697	synonym	lotus
Blechnum minus	NCBITaxon:393576	synonym	lotus
Blechnum novae-zelandiae	NCBITaxon:393580	synonym	lotus
Blechnum palmiforme	NCBITaxon:3471475	scientific name	lotus
Blechnum procerum	NCBITaxon:393583	synonym	lotus
Blechnum spicant	NCBITaxon:114457	synonym	lotus
Blechnum vulcanicum	NCBITaxon:393586	synonym	lotus
Blumea malcolmii	NCBITaxon:3762939	scientific name	lotus
Blumea obliqua	NCBITaxon:3762944	scientific name	lotus
Blutaparon portulacoides	NCBITaxon:1611269	synonym	lotus
Boehmeria excelsa	NCBITaxon:3084583	scientific name	lotus
Boehmeria holosericea	NCBITaxon:3084586	scientific name	lotus
Boletus bovinus	NCBITaxon:48563	synonym	lotus
Boletus erythropus	NCBITaxon:2268947	synonym	lotus
Boletus radicans	NCBITaxon:2100787	synonym	lotus
Bombax malabaricum	NCBITaxon:45325	synonym	lotus
Boronia bipinnata	NCBITaxon:3786679	synonym	chebi_origins,lotus
Boronia inconspicua	NCBITaxon:2749874	synonym	lotus
Boronia inornata	NCBITaxon:1764338	scientific name	chebi_origins
Boronia koniambiensis	NCBITaxon:2986621	scientific name	lotus
Boronia megastigma	NCBITaxon:709985	scientific name	lotus
Boronia ramosa	NCBITaxon:1764353	synonym	lotus
Borreria latifolia	NCBITaxon:2516533	synonym	lotus
Bos taurus	NCBITaxon:9913	scientific name	bindingdb
Bosistoa floydii	NCBITaxon:3158610	scientific name	lotus
Bosistoa selwynii	NCBITaxon:3763309	scientific name	lotus
Bossiaea pulchella	NCBITaxon:3763332	scientific name	lotus
Bossiaea webbii	NCBITaxon:3763337	scientific name	lotus
Boswellia carteri	NCBITaxon:173701	synonym	lotus
Bothriocline fusca	NCBITaxon:3122684	scientific name	lotus
Bothriocline longipes	NCBITaxon:3709396	scientific name	lotus
Bothriocline ripensis	NCBITaxon:3763404	scientific name	lotus
Botrychium multifidum	NCBITaxon:41914	synonym	lotus
Botrychium rugulosum	NCBITaxon:2072990	synonym	lotus
Botryosphaeria australis	NCBITaxon:240362	synonym	lotus
Botryosphaeria mamane	NCBITaxon:144557	synonym	lotus
Botryosphaeria obtusa	NCBITaxon:420778	synonym	lotus
Botryosphaeria stevensii	NCBITaxon:85927	synonym	lotus
Botryotinia fuckeliana	NCBITaxon:40559	synonym	lotus
Botryotinia squamosa	NCBITaxon:139640	synonym	lotus
Bowdichia nitida	NCBITaxon:595543	scientific name	chebi_origins
Bowdichia virgilioides	NCBITaxon:149685	scientific name	chebi_origins
Brachyclados megalanthus	NCBITaxon:3763637	scientific name	lotus
Brachyglottis bidwillii	NCBITaxon:3825203	scientific name	lotus
Brachylaena nereifolia	NCBITaxon:379209	synonym	lotus
Brachypterum eriocarpum	NCBITaxon:1225685	scientific name	lotus
Brachypterum robustum	NCBITaxon:100139	scientific name	lotus
Brachystemma calycinum	NCBITaxon:1205701	scientific name	chebi_origins
Bracon hebetor	NCBITaxon:69819	synonym	lotus
Bracteantha viscosa	NCBITaxon:125667	synonym	lotus
Bracteolaria racemosa	NCBITaxon:143050	synonym	lotus
Brasilonema sp.	NCBITaxon:3100218	scientific name	cyanometdb
Brassica campestris	NCBITaxon:145471	synonym	lotus
Brassica napobrassica	NCBITaxon:3709	synonym	lotus
Brenandendron frondosum	NCBITaxon:3709439	scientific name	lotus
Brenneria quercina	NCBITaxon:71657	synonym	lotus
Breynia androgyna	NCBITaxon:283133	scientific name	lotus
Breynia quadrangularis	NCBITaxon:545005	scientific name	lotus
Brickellia kellermanii	NCBITaxon:3763945	scientific name	lotus
Briza uniolae	NCBITaxon:511989	synonym	lotus
Brocchia cinerea	NCBITaxon:282208	synonym	lotus
Brongniartia intermedia	NCBITaxon:3086195	scientific name	lotus
Brongniartia podalyrioides	NCBITaxon:3086203	scientific name	lotus
Brucea tonkinensis	NCBITaxon:3764210	scientific name	lotus
Bruguiera gymnorrhiza	NCBITaxon:39984	equivalent name	lotus
Brumus quadripustulatus	NCBITaxon:115346	synonym	lotus
Brunsvigia josephinae	NCBITaxon:3156542	scientific name	lotus
Brunsvigia litoralis	NCBITaxon:3764246	scientific name	lotus
Bubon macedonicum	NCBITaxon:109086	synonym	lotus
Buccinulum corneum	NCBITaxon:490537	synonym	lotus
Buchanania cochinchinensis	NCBITaxon:2662204	scientific name	lotus
Buddleja brasiliensis	NCBITaxon:1281846	scientific name	lotus
Bulbine annua	NCBITaxon:3764490	scientific name	lotus
Bulbine capitata	NCBITaxon:3764495	scientific name	lotus
Bulbine narcissifolia	NCBITaxon:3764533	scientific name	lotus
Bulbinella floribunda	NCBITaxon:3764565	scientific name	lotus
Bulbocodium vernum	NCBITaxon:225779	synonym	lotus
Bulbophyllum auricomum	NCBITaxon:3764681	scientific name	lotus
Bulbophyllum elatum	NCBITaxon:3764969	scientific name	lotus
Bulbophyllum ipanemense	NCBITaxon:3765180	scientific name	lotus
Bupleurum handiense	NCBITaxon:199145	synonym	lotus
Bupleurum nanum	NCBITaxon:3766149	scientific name	lotus
Bupleurum spinosum	NCBITaxon:199135	synonym	lotus
Bupleurum subovatum	NCBITaxon:3766180	scientific name	lotus
Burasaia australis	NCBITaxon:3128717	scientific name	lotus
Burasaia congesta	NCBITaxon:3766194	scientific name	lotus
Burkholderia andropogonis	NCBITaxon:28092	synonym	lotus
Burkholderia caryophylli	NCBITaxon:28094	synonym	lotus
Burkholderia fungorum	NCBITaxon:134537	synonym	lotus
Burkholderia rhizoxinica	NCBITaxon:412963	synonym	lotus
Burkholderia tropica	NCBITaxon:92647	synonym	lotus
Burkholderia xenovorans	NCBITaxon:36873	synonym	lotus
Butea frondosa	NCBITaxon:56060	synonym	lotus
Butyriboletus peckii	NCBITaxon:1964344	synonym	lotus
Buxus malayana	NCBITaxon:3766324	scientific name	lotus
Buxus natalensis	NCBITaxon:153577	scientific name	chebi_origins
Buxus papillosa	NCBITaxon:2201907	scientific name	chebi_origins
Byasa polyeuctes	NCBITaxon:129444	scientific name	lotus
Byssochlamys nivea	NCBITaxon:5093	synonym	lotus
Byssomerulius incarnatus	NCBITaxon:1045806	synonym	lotus
Cadaba fruticosa	NCBITaxon:3115669	scientific name	lotus
Caesalpinia bonducella	NCBITaxon:191881	synonym	chebi_origins,lotus
Caesalpinia crista	NCBITaxon:509004	synonym	lotus
Caesalpinia magnifoliolata	NCBITaxon:2961965	synonym	lotus
Caiophora tenuis	NCBITaxon:3766494	scientific name	lotus
Cajanus trinervius	NCBITaxon:3085934	scientific name	lotus
Calamagrostis fauriei	NCBITaxon:3766742	scientific name	lotus
Calamagrostis sachalinensis	NCBITaxon:3766783	scientific name	lotus
Calamagrostis tashiroi	NCBITaxon:3766798	scientific name	lotus
Calamintha incana	NCBITaxon:3389765	synonym	lotus
Calamintha nepeta	NCBITaxon:306383	synonym	lotus
Calanthe masuca	NCBITaxon:3452428	scientific name	lotus
Calceolaria densifolia	NCBITaxon:3474280	scientific name	lotus
Calceolaria glandulosa	NCBITaxon:3474281	scientific name	lotus
Calceolaria hypericina	NCBITaxon:3027735	scientific name	lotus
Calceolaria irazuensis	NCBITaxon:3474327	scientific name	lotus
Calceolaria lepida	NCBITaxon:3767122	scientific name	lotus
Calceolaria paposana	NCBITaxon:3474329	scientific name	lotus
Calceolaria petioalaris	NCBITaxon:660138	synonym	lotus
Caldora penicillata	NCBITaxon:1702241	scientific name	cyanometdb
Caldora sp.	NCBITaxon:3100357	scientific name	cyanometdb
Calea clematidea	NCBITaxon:3464887	scientific name	lotus
Calea crocinervosa	NCBITaxon:3767190	scientific name	lotus
Calea cuneifolia	NCBITaxon:3464889	scientific name	lotus
Calea divaricata	NCBITaxon:3767193	scientific name	lotus
Calea harleyi	NCBITaxon:3767203	scientific name	lotus
Calea hymenolepis	NCBITaxon:3464899	scientific name	lotus
Calea lantanoides	NCBITaxon:3464902	scientific name	lotus
Calea mediterranea	NCBITaxon:3767219	scientific name	lotus
Calea morii	NCBITaxon:3767221	scientific name	lotus
Calea nelsonii	NCBITaxon:3767224	scientific name	lotus
Calea oxylepis	NCBITaxon:3464916	scientific name	lotus
Calea pilosa	NCBITaxon:3767234	scientific name	lotus
Calea pinnatifida	NCBITaxon:1980287	scientific name	lotus
Calea prunifolia	NCBITaxon:3767237	scientific name	lotus
Calea reticulata	NCBITaxon:3767241	scientific name	lotus
Calea rotundifolia	NCBITaxon:3464924	scientific name	chebi_origins,lotus
Calea rupicola	NCBITaxon:3767245	scientific name	lotus
Calea septuplinervia	NCBITaxon:3767249	scientific name	lotus
Calea sickii	NCBITaxon:3464925	scientific name	lotus
Calea solidaginea	NCBITaxon:3464926	scientific name	lotus
Calea subcordata	NCBITaxon:3767254	scientific name	lotus
Calea szyszylowiczii	NCBITaxon:3767257	scientific name	lotus
Calea triantha	NCBITaxon:3464928	scientific name	lotus
Calea trichotoma	NCBITaxon:3464930	scientific name	lotus
Calea urticifolia	NCBITaxon:3046117	scientific name	lotus
Calea villosa	NCBITaxon:3464932	scientific name	lotus
Calliandra densifolia	NCBITaxon:3086215	scientific name	lotus
Calliandra houstoniana var. calothyrsus	NCBITaxon:560018	synonym	lotus
Callicarpa dolichophylla	NCBITaxon:3767362	scientific name	lotus
Calloria	NCBITaxon:67865	scientific name	lotus
Callyspongia aculeata	NCBITaxon:3122434	scientific name	lotus
Callyspongia fibrosa	NCBITaxon:744266	scientific name	lotus
Calobota cuspidosa	NCBITaxon:3084662	scientific name	lotus
Calobota elongata	NCBITaxon:3767511	scientific name	lotus
Calomeria infausta	NCBITaxon:3030153	scientific name	lotus
Calonectria morganii	NCBITaxon:40624	synonym	lotus
Calophyllum apetalum	NCBITaxon:1265540	scientific name	lotus
Calophyllum austroindicum	NCBITaxon:3767556	scientific name	lotus
Calophyllum bracteatum	NCBITaxon:3767563	scientific name	lotus
Calophyllum brasiliense	NCBITaxon:280748	scientific name	chebi_origins
Calophyllum brasiliense var. antillanum	NCBITaxon:693369	synonym	lotus
Calophyllum caledonicum	NCBITaxon:3767566	scientific name	lotus
Calophyllum cerasiferum	NCBITaxon:3767572	scientific name	lotus
Calophyllum chapelieri	NCBITaxon:3767574	scientific name	lotus
Calophyllum cordato-oblongum	NCBITaxon:3767580	scientific name	lotus
Calophyllum cuneifolium	NCBITaxon:3767586	scientific name	lotus
Calophyllum dispar	NCBITaxon:3767588	scientific name	lotus
Calophyllum enervosum	NCBITaxon:3767593	scientific name	lotus
Calophyllum hosei	NCBITaxon:3767609	scientific name	lotus
Calophyllum lankaensis	NCBITaxon:3767614	scientific name	lotus
Calophyllum laxiflorum	NCBITaxon:3767617	scientific name	lotus
Calophyllum molle	NCBITaxon:3767627	scientific name	lotus
Calophyllum moonii	NCBITaxon:3767628	scientific name	lotus
Calophyllum pauciflorum	NCBITaxon:3767642	scientific name	chebi_origins,lotus
Calophyllum pervillei	NCBITaxon:3767647	scientific name	lotus
Calophyllum pinetorum	NCBITaxon:3767649	scientific name	lotus
Calophyllum recedens	NCBITaxon:3767656	scientific name	lotus
Calophyllum sclerophyllum	NCBITaxon:3767667	scientific name	lotus
Calophyllum scriblitifolium	NCBITaxon:3767668	scientific name	lotus
Calophyllum thwaitesii	NCBITaxon:3767683	scientific name	lotus
Calophyllum tomentosum	NCBITaxon:3767684	scientific name	lotus
Calophyllum trapezifolium	NCBITaxon:3767687	scientific name	lotus
Calophyllum walkeri	NCBITaxon:3767695	scientific name	lotus
Caloplaca lenae	NCBITaxon:2005592	synonym	lotus
Calothrix	NCBITaxon:1186	scientific name	lotus
Calothrix fusca	NCBITaxon:1565293	scientific name	cyanometdb
Calothrix sp.	NCBITaxon:1187	scientific name	cyanometdb
Calvatia nipponica	NCBITaxon:3447100	scientific name	lotus
Calycolpus warszewiczianus	NCBITaxon:3767755	scientific name	lotus
Calyptranthes tricona	NCBITaxon:3853735	synonym	lotus
Camellia crassicolumna var. multiplex	NCBITaxon:3122348	scientific name	lotus
Camellia kissi	NCBITaxon:319927	synonym	lotus
Camellia multisepala	NCBITaxon:3386291	scientific name	lotus
Campanula saxifraga	NCBITaxon:428198	scientific name	lotus
Campnosperma panamense	NCBITaxon:3768110	scientific name	lotus
Campomanesia lineatifolia	NCBITaxon:3768121	scientific name	lotus
Campsiandra guayanensis	NCBITaxon:3768145	scientific name	lotus
Canarium asperum	NCBITaxon:3768257	scientific name	lotus
Canarium australianum	NCBITaxon:3768258	scientific name	lotus
Canarium manii	NCBITaxon:3768288	scientific name	lotus
Canarium tramdenum	NCBITaxon:210350	synonym	lotus
Canavalia maritima	NCBITaxon:3825	synonym	lotus
Canavalia virosa	NCBITaxon:28958	synonym	lotus
Candida albicans	NCBITaxon:5476	scientific name	bindingdb
Candida bogoriensis	NCBITaxon:106002	synonym	lotus
Candida lipolytica	NCBITaxon:4952	synonym	lotus
Candida pulcherrima	NCBITaxon:27326	synonym	lotus
Candida utilis	NCBITaxon:4903	synonym	lotus
Canthium berberidifolium	NCBITaxon:3768361	scientific name	lotus
Canthium schimperianum	NCBITaxon:258757	synonym	lotus
Capparicordis tweediana	NCBITaxon:2321258	synonym	lotus
Capparis flavicans	NCBITaxon:3768500	scientific name	lotus
Capparis formosana	NCBITaxon:3768502	scientific name	lotus
Capparis nobilis	NCBITaxon:3461126	scientific name	lotus
Capsicum annuum var. conoides	NCBITaxon:1499976	synonym	lotus
Capsicum annuum var. grossum	NCBITaxon:40321	synonym	lotus
Caragana alaica	NCBITaxon:3086226	scientific name	lotus
Carapichea affinis	NCBITaxon:3393781	scientific name	lotus
Cardamine komarovii	NCBITaxon:3148870	scientific name	lotus
Carduus getulus	NCBITaxon:3042177	scientific name	lotus
Carduus nigrescens	NCBITaxon:1532313	scientific name	lotus
Carduus vivariensis	NCBITaxon:3042186	synonym	lotus
Carmona retusa	NCBITaxon:263604	synonym	lotus
Caroxylon tuberculatiforme	NCBITaxon:3768772	scientific name	lotus
Carphochaete pringlei	NCBITaxon:558440	synonym	lotus
Carterothamnus anomalochaeta	NCBITaxon:3824789	synonym	lotus
Carthamus arborescens	NCBITaxon:121177	synonym	lotus
Carthamus oxyacantha	NCBITaxon:122010	synonym	lotus
Carum montanum	NCBITaxon:1981248	synonym	lotus
Caryocar coriaceum	NCBITaxon:3768843	scientific name	lotus
Caryodaphnopsis baviensis	NCBITaxon:3109060	scientific name	lotus
Caryomene olivascens	NCBITaxon:3768859	scientific name	lotus
Caryopteris glutinosa	NCBITaxon:2290795	scientific name	chebi_origins
Cascabela thevetia	NCBITaxon:52862	synonym	lotus
Casearia clarkei	NCBITaxon:3768901	scientific name	lotus
Casearia corymbulosa	NCBITaxon:3141196	scientific name	lotus
Casearia grewiifolia	NCBITaxon:2780149	scientific name	chebi_origins
Casearia ilicifolia	NCBITaxon:3768935	scientific name	lotus
Casearia membranacea	NCBITaxon:1609857	scientific name	chebi_origins
Casearia nigrescens	NCBITaxon:2662994	scientific name	chebi_origins
Casearia nigrescens var. lucida	NCBITaxon:1304319	synonym	lotus
Casearia rupestris	NCBITaxon:3769005	scientific name	chebi_origins,lotus
Casearia zeylanica	NCBITaxon:3769042	scientific name	lotus
Casimirella rupestris	NCBITaxon:3769046	scientific name	lotus
Casimiroa greggii	NCBITaxon:985676	scientific name	lotus
Casimiroa pubescens	NCBITaxon:3769051	scientific name	lotus
Cassia angolensis	NCBITaxon:3769070	scientific name	lotus
Cassia nodosa	NCBITaxon:648864	synonym	lotus
Cassia sieberiana	NCBITaxon:1977551	scientific name	chebi_origins
Cassinia quinquefaria	NCBITaxon:3242708	scientific name	lotus
Cassipourea madagascariensis	NCBITaxon:3769122	scientific name	lotus
Castanopsis purpurella	NCBITaxon:3109068	scientific name	lotus
Castilleja rhexifolia	NCBITaxon:624188	synonym	lotus
Castilleja wightii	NCBITaxon:3769339	scientific name	lotus
Catharanthus pusillus	NCBITaxon:3769544	scientific name	chebi_origins,lotus
Catoferia spicata	NCBITaxon:3769551	scientific name	lotus
Caucasalia macrophylla	NCBITaxon:3769628	scientific name	lotus
Caucasalia pontica	NCBITaxon:3039461	scientific name	lotus
Caulerpa annulata	NCBITaxon:1402142	synonym	lotus
Caulerpa bikinensis	NCBITaxon:3102909	scientific name	lotus
Caustis recurvata	NCBITaxon:3049580	scientific name	lotus
Cavia porcellus	NCBITaxon:10141	scientific name	bindingdb
Cayaponia tayuya	NCBITaxon:3085944	scientific name	lotus
Cayratia japonica	NCBITaxon:149353	synonym	lotus
Cecropia pachystachya	NCBITaxon:1472306	scientific name	chebi_origins
Celastrus gemmata	NCBITaxon:1172576	synonym	lotus
Celastrus stephanotiifolius	NCBITaxon:2755329	scientific name	chebi_origins
Celastrus vulcanicolus	NCBITaxon:489983	synonym	lotus
Celerina heffernani	NCBITaxon:556814	synonym	lotus
Celmisia petriei	NCBITaxon:3733588	scientific name	lotus
Centaurea achaia	NCBITaxon:2990542	scientific name	lotus
Centaurea ainetensis	NCBITaxon:3769864	scientific name	lotus
Centaurea amanicola	NCBITaxon:3769869	scientific name	lotus
Centaurea australis	NCBITaxon:1486582	synonym	lotus
Centaurea axillaris	NCBITaxon:1079205	scientific name	lotus
Centaurea ferox	NCBITaxon:3769933	scientific name	lotus
Centaurea fragilis	NCBITaxon:3769936	scientific name	lotus
Centaurea furfuracea	NCBITaxon:3769938	scientific name	lotus
Centaurea gabrieljanae	NCBITaxon:3769940	scientific name	lotus
Centaurea hololeuca	NCBITaxon:3769973	scientific name	lotus
Centaurea hyalolepis	NCBITaxon:3769976	scientific name	lotus
Centaurea hyrcanica	NCBITaxon:3769978	scientific name	lotus
Centaurea malacitana	NCBITaxon:3770030	scientific name	lotus
Centaurea maroccana	NCBITaxon:3735786	scientific name	lotus
Centaurea nicolai	NCBITaxon:3770051	scientific name	lotus
Centaurea oltensis	NCBITaxon:3770060	scientific name	lotus
Centaurea orphanidea	NCBITaxon:3770063	scientific name	lotus
Centaurea pabotii	NCBITaxon:3770068	scientific name	lotus
Centaurea ruthenica	NCBITaxon:305388	synonym	lotus
Centaurea senegalensis	NCBITaxon:3770113	scientific name	lotus
Centaurea sinaica	NCBITaxon:3770125	scientific name	lotus
Centaurea urvillei	NCBITaxon:3770148	scientific name	lotus
Centrosema haitiense	NCBITaxon:3086261	scientific name	lotus
Cephalanthus tetrandra	NCBITaxon:1442741	equivalent name	lotus
Cephalaria ambrosioides	NCBITaxon:3770252	scientific name	lotus
Cephalaria kotschyi	NCBITaxon:3770290	scientific name	lotus
Cephalaria nachiczevanica	NCBITaxon:3770298	scientific name	lotus
Cephalaria pastricensis	NCBITaxon:3770300	scientific name	lotus
Cephalaria scoparia	NCBITaxon:3770308	scientific name	lotus
Cephalaria uralensis	NCBITaxon:1907874	scientific name	lotus
Cephalodiscus gilchristi	NCBITaxon:1443225	scientific name	lotus
Cephalosporium acremonium	NCBITaxon:5044	synonym	lotus
Cephalosporium aphidicola	NCBITaxon:2231603	synonym	lotus
Cephalotaxus harringtonia var. harringtonia	NCBITaxon:2900543	scientific name	lotus
Cephalotaxus harringtonia var. nana	NCBITaxon:2795278	scientific name	lotus
Cephalotaxus harringtonia var. wilsoniana	NCBITaxon:50179	scientific name	lotus
Ceramium flaccidum	NCBITaxon:342851	synonym	lotus
Cerastium orithales	NCBITaxon:3721865	scientific name	lotus
Ceratiomyxa	NCBITaxon:435414	scientific name	lotus
Ceratium hexacanthum	NCBITaxon:644173	synonym	lotus
Ceratocystis coerulescens	NCBITaxon:1580845	synonym	lotus
Ceratocystis minor	NCBITaxon:150568	synonym	lotus
Ceratosanthes hilariana	NCBITaxon:3086265	scientific name	lotus
Cerbera inflata	NCBITaxon:3771169	scientific name	lotus
Cercophora areolata	NCBITaxon:288678	synonym	lotus
Cercospora arachidicola	NCBITaxon:143450	synonym	lotus
Ceriporia lacerata	NCBITaxon:194684	synonym	lotus
Ceriporiopsis subvermispora	NCBITaxon:42742	synonym	lotus
Ceriscoides turgida	NCBITaxon:3771196	scientific name	lotus
Cetraria alaskana	NCBITaxon:2026232	synonym	lotus
Cetraria ambigua	NCBITaxon:170995	synonym	lotus
Cetraria andrejevii	NCBITaxon:326049	synonym	lotus
Cetraria komarovii	NCBITaxon:180483	synonym	lotus
Cetraria ornata	NCBITaxon:180485	synonym	lotus
Chaenomeles lagenaria	NCBITaxon:106546	synonym	lotus
Chaetomium carinthiacum	NCBITaxon:1036264	synonym	lotus
Chaetomium retardatum	NCBITaxon:2082612	synonym	chebi_origins
Chamaecrista greggii	NCBITaxon:3085875	scientific name	lotus
Chamaecytisus austriacus	NCBITaxon:49804	synonym	lotus
Chamaecytisus eriocarpus	NCBITaxon:3771606	scientific name	lotus
Chamaecytisus hirsutus	NCBITaxon:1211454	scientific name	lotus
Chamaecytisus jankae	NCBITaxon:3771609	scientific name	lotus
Chamaecytisus proliferus	NCBITaxon:49805	scientific name	lotus
Chamaecytisus pygmaeus	NCBITaxon:3771624	scientific name	lotus
Chamaecytisus ratisbonensis	NCBITaxon:1530449	synonym	lotus
Chamaecytisus ruthenicus	NCBITaxon:2040551	scientific name	lotus
Chamaeleon gummifer	NCBITaxon:143183	scientific name	lotus
Chamaelirium japonicum	NCBITaxon:119999	scientific name	lotus
Chamaemelum mixtum	NCBITaxon:179396	synonym	lotus
Chara intermedia	NCBITaxon:2967356	synonym	lotus
Chaunopycnis	NCBITaxon:29909	synonym	lotus
Cheilocostus speciosus	NCBITaxon:49577	synonym	lotus
Cheimonophyllum candidissimum	NCBITaxon:181981	equivalent name	lotus
Cheniella tenuiflora	NCBITaxon:3078824	scientific name	lotus
Chenopodium ambrosioides	NCBITaxon:330163	synonym	lotus
Chenopodium bonus-henricus	NCBITaxon:122298	synonym	lotus
Chenopodium chilense	NCBITaxon:2570620	synonym	lotus
Chenopodium foliosum	NCBITaxon:240048	synonym	lotus
Chenopodium hybridum	NCBITaxon:434243	synonym	lotus
Chenopodium multifidum	NCBITaxon:1072223	synonym	lotus
Chenopodium murale	NCBITaxon:46091	synonym	lotus
Chenopodium rubrum	NCBITaxon:3560	synonym	lotus
Chenopodium simplex	NCBITaxon:932096	synonym	lotus
Chironia krebsii	NCBITaxon:3773552	scientific name	chebi_origins,lotus
Chitinophaga japonensis	NCBITaxon:104662	scientific name	chebi_origins
Chloranthus anhuiensis	NCBITaxon:3773629	scientific name	lotus
Chloranthus tianmushanensis	NCBITaxon:3773631	scientific name	lotus
Chlorella emersonii	NCBITaxon:95581	synonym	lotus
Chlorella pyrenoidosa	NCBITaxon:3078	synonym	lotus
Chlorobium luteolum	NCBITaxon:1100	synonym	lotus
Chlorobium tepidum	NCBITaxon:1097	synonym	lotus
Chlorogloeopsis sp.	NCBITaxon:28069	scientific name	cyanometdb
Chlorophytum inornatum	NCBITaxon:3773901	scientific name	lotus
Chondria acrorhizophora	NCBITaxon:1930586	scientific name	lotus
Chondria armata	NCBITaxon:860625	scientific name	cyanometdb
Chondrodendron platiphyllum	NCBITaxon:3774097	scientific name	lotus
Chondromyces crocatus	NCBITaxon:52	scientific name	cyanometdb
Chondrus canaliculatus	NCBITaxon:38340	synonym	lotus
Chromelosporium fulvum	NCBITaxon:44115	synonym	lotus
Chromodoris dalli	NCBITaxon:3244121	synonym	lotus
Chromolaena arnottiana	NCBITaxon:3774199	scientific name	lotus
Chromolaena bigelovii	NCBITaxon:3774210	scientific name	lotus
Chromolaena chaseae	NCBITaxon:3774217	scientific name	lotus
Chromolaena connivens	NCBITaxon:3774221	scientific name	lotus
Chromolaena farinosa	NCBITaxon:3774232	scientific name	lotus
Chromolaena glaberrima	NCBITaxon:3774235	scientific name	lotus
Chromolaena hirsuta	NCBITaxon:3055032	scientific name	lotus
Chromolaena meridensis	NCBITaxon:3774264	scientific name	lotus
Chromolaena moritziana	NCBITaxon:3774269	scientific name	lotus
Chromolaena opadoclinia	NCBITaxon:3774274	scientific name	lotus
Chromolaena pulchella	NCBITaxon:3774294	scientific name	lotus
Chromolaena tunariensis	NCBITaxon:3774318	scientific name	lotus
Chromolaena tyleri	NCBITaxon:3774319	scientific name	lotus
Chrozophora plicata	NCBITaxon:1932729	scientific name	lotus
Chrozophora rottleri	NCBITaxon:3774407	scientific name	lotus
Chrysanthemum coccineum	NCBITaxon:301880	synonym	lotus
Chrysanthemum coreanum	NCBITaxon:159693	synonym	lotus
Chrysanthemum maximum	NCBITaxon:13423	synonym	lotus
Chrysanthemum monspeliense	NCBITaxon:1155851	synonym	lotus
Chrysanthemum naktongense	NCBITaxon:146998	synonym	lotus
Chrysanthemum segetum	NCBITaxon:118509	synonym	lotus
Chrysitrix distigmatosa	NCBITaxon:2848428	scientific name	lotus
Chrysochlamys ulei	NCBITaxon:3774482	scientific name	lotus
Chrysocoma cernua	NCBITaxon:3136713	scientific name	lotus
Chrysocoma microphylla	NCBITaxon:3774491	scientific name	lotus
Chrysolaena cognata	NCBITaxon:3775278	scientific name	lotus
Chrysolaena verbascifolia	NCBITaxon:3775287	scientific name	lotus
Chrysophyllum africanum	NCBITaxon:2851913	synonym	lotus
Chrysophyllum perpulchrum	NCBITaxon:233676	synonym	lotus
Chrysotila lamellosa	NCBITaxon:424539	synonym	lotus
Cicer baldshuanicum	NCBITaxon:3775507	scientific name	lotus
Cicer mogoltavicum	NCBITaxon:3775515	scientific name	lotus
Cienfuegosia drummondii	NCBITaxon:3775530	scientific name	lotus
Ciliosemina purdieana	NCBITaxon:3775585	scientific name	lotus
Cimicifuga simplex	NCBITaxon:64042	synonym	lotus
Cineraria anampoza	NCBITaxon:3775606	scientific name	lotus
Cineraria atriplicifolia	NCBITaxon:317287	scientific name	lotus
Cineraria britteniae	NCBITaxon:3775607	scientific name	lotus
Cineraria dieterlenii	NCBITaxon:3775610	scientific name	lotus
Cineraria grandibracteata	NCBITaxon:3775613	scientific name	lotus
Cinnamomum cassia	NCBITaxon:230708	synonym	lotus
Cinnamomum impressinervium	NCBITaxon:3727263	scientific name	lotus
Cinnamomum japonicum	NCBITaxon:119264	synonym	lotus
Cinnamomum pachyphyllum	NCBITaxon:3727295	scientific name	lotus
Cinnamomum pedunculatum	NCBITaxon:2047775	synonym	lotus
Cinnamomum zeylanicum	NCBITaxon:128608	synonym	lotus
Cirrhopetalum andersonii	NCBITaxon:1185423	synonym	lotus
Cirsium arvense var. integrifolium	NCBITaxon:3391699	scientific name	lotus
Cirsium chinense	NCBITaxon:3775707	scientific name	lotus
Cirsium dipsacolepis	NCBITaxon:3366973	scientific name	lotus
Cirsium maritimum	NCBITaxon:2968782	scientific name	lotus
Cirsium oligophyllum	NCBITaxon:3367090	scientific name	lotus
Cirsium wallichii	NCBITaxon:3367118	scientific name	lotus
Cissampelos glaberrima	NCBITaxon:3775876	scientific name	lotus
Cissampelos sympodialis	NCBITaxon:3775883	scientific name	lotus
Cissus antarctica	NCBITaxon:149359	synonym	lotus
Cissus rheifolia	NCBITaxon:3776003	scientific name	lotus
Cissus sicyoides	NCBITaxon:289665	synonym	lotus
Cistanche mongolica	NCBITaxon:3776040	scientific name	lotus
Citropsis articulata	NCBITaxon:1762906	scientific name	chebi_origins
Citrus garrawayae	NCBITaxon:231467	synonym	lotus
Citrus grandis	NCBITaxon:37334	synonym	lotus
Citrus reticulata	NCBITaxon:85571	scientific name	chebi_origins
Cladobotryum verticillatum	NCBITaxon:101002	synonym	lotus
Cladonia cervicornis subsp. verticillata	NCBITaxon:174052	synonym	lotus
Cladonia mascarena	NCBITaxon:2718546	synonym	lotus
Cladonia pacifica	NCBITaxon:3125960	synonym	lotus
Cladonia sandstedei	NCBITaxon:3259514	scientific name	lotus
Cladonia transcendens	NCBITaxon:3679983	scientific name	lotus
Cladophora pellucida	NCBITaxon:34130	synonym	lotus
Cladophoropsis fasciculata	NCBITaxon:162054	scientific name	lotus
Claoxylon parviflorum	NCBITaxon:3128556	scientific name	lotus
Clarkia exilis	NCBITaxon:3069546	scientific name	lotus
Clarkia speciosa	NCBITaxon:3069547	scientific name	lotus
Clathria vulpina	NCBITaxon:1088850	scientific name	lotus
Clathrotropis glaucophylla	NCBITaxon:3388855	synonym	lotus
Clausena dentata	NCBITaxon:159034	synonym	lotus
Clausena engleri	NCBITaxon:3776255	scientific name	chebi_origins
Clausena indica	NCBITaxon:3776257	scientific name	lotus
Clavija procera	NCBITaxon:3776287	scientific name	lotus
Clavularia flava	NCBITaxon:2486329	synonym	lotus
Cleistanthus gracilis	NCBITaxon:3777672	scientific name	lotus
Cleistanthus indochinensis	NCBITaxon:3777676	scientific name	lotus
Cleistanthus monoicus	NCBITaxon:3777699	scientific name	lotus
Cleistanthus patulus	NCBITaxon:3777712	scientific name	chebi_origins,lotus
Cleistocalyx operculatus	NCBITaxon:219895	synonym	chebi_origins
Clematicissus simsiana	NCBITaxon:3127371	scientific name	lotus
Clematis terniflora var. mandshurica	NCBITaxon:748703	synonym	lotus
Cleome chrysantha	NCBITaxon:1522775	synonym	lotus
Cleome dodecandra	NCBITaxon:72660	synonym	lotus
Cleome dolichostyla	NCBITaxon:860714	synonym	lotus
Cleome droserifolia	NCBITaxon:511510	synonym	lotus
Cleome hirta	NCBITaxon:860697	synonym	lotus
Cleome monophylla	NCBITaxon:202654	synonym	lotus
Cleome quinquenervia	NCBITaxon:860714	synonym	lotus
Cleome rosea	NCBITaxon:310234	synonym	lotus
Cleome spinosa	NCBITaxon:228870	synonym	lotus
Clerodendrum brachyanthum	NCBITaxon:3778070	scientific name	lotus
Clerodendrum formicarum	NCBITaxon:3778100	scientific name	lotus
Clerodendrum grayi	NCBITaxon:3778107	scientific name	lotus
Clerodendrum kaichianum	NCBITaxon:3051270	scientific name	lotus
Clerodendrum nutans	NCBITaxon:2926890	scientific name	lotus
Clethra macrophylla	NCBITaxon:3778205	scientific name	lotus
Clibadium eggersii	NCBITaxon:3778252	scientific name	lotus
Clibadium glabrescens	NCBITaxon:3122694	scientific name	lotus
Clibadium glomeratum	NCBITaxon:3778254	scientific name	lotus
Clibadium laxum	NCBITaxon:3778256	scientific name	lotus
Clibadium microcephalum	NCBITaxon:3778260	scientific name	lotus
Clibadium pentaneuron	NCBITaxon:3778262	scientific name	lotus
Clibadium sprucei	NCBITaxon:3778268	scientific name	lotus
Clibadium terebinthinaceum	NCBITaxon:3778270	scientific name	lotus
Clidemia rubra	NCBITaxon:119881	synonym	lotus
Clinopodium albanicum	NCBITaxon:3778348	scientific name	lotus
Clinopodium album	NCBITaxon:3778349	scientific name	lotus
Clinopodium brevifolium	NCBITaxon:3389765	scientific name	lotus
Clinopodium congestum	NCBITaxon:2998185	scientific name	lotus
Clinopodium laxiflorum	NCBITaxon:2809248	scientific name	lotus
Clinopodium odorum	NCBITaxon:3778422	scientific name	lotus
Clitocybe candicans	NCBITaxon:230765	synonym	lotus
Clitocybe candida	NCBITaxon:1574062	synonym	lotus
Clitocybe catinus	NCBITaxon:880273	synonym	lotus
Clitocybe clavipes	NCBITaxon:56467	synonym	lotus
Clitocybe eucalyptorum	NCBITaxon:1574060	synonym	lotus
Clitocybe hydrogramma	NCBITaxon:230769	synonym	lotus
Clonostachys	NCBITaxon:110564	scientific name	lotus
Clostridium cellulolyticum	NCBITaxon:1521	synonym	lotus
Clusia ellipticifolia	NCBITaxon:3778577	scientific name	lotus
Clusia havetioides	NCBITaxon:3778600	scientific name	lotus
Clusia plukenetii	NCBITaxon:3778668	scientific name	lotus
Clusia portlandiana	NCBITaxon:3778674	scientific name	lotus
Clusia sandiensis	NCBITaxon:3778691	scientific name	lotus
Cnicus benedictus	NCBITaxon:50282	synonym	lotus
Cnidium dahuricum	NCBITaxon:239637	synonym	lotus
Cochliobolus	NCBITaxon:33194	synonym	lotus
Cochliobolus bicolor	NCBITaxon:102001	synonym	lotus
Cochliobolus eleusines	NCBITaxon:91366	synonym	lotus
Cochliobolus geniculatus	NCBITaxon:418126	synonym	lotus
Cochliobolus luttrellii	NCBITaxon:90979	synonym	lotus
Cochliobolus setariae	NCBITaxon:74419	synonym	lotus
Cochlospermum angolense	NCBITaxon:2086532	scientific name	chebi_origins
Coespeletia timotensis	NCBITaxon:183013	synonym	lotus
Coffea bengalensis	NCBITaxon:213306	synonym	lotus
Colchicum burkei	NCBITaxon:3780789	scientific name	lotus
Colchicum hierosolymitanum	NCBITaxon:3780797	scientific name	lotus
Colchicum hungaricum	NCBITaxon:225784	synonym	lotus
Colchicum striatum	NCBITaxon:225775	scientific name	lotus
Coleus barbatus	NCBITaxon:41228	synonym	lotus
Coleus comosus	NCBITaxon:3682660	scientific name	lotus
Coleus forskohlii	NCBITaxon:41228	synonym	chebi_origins
Coleus grandidentatus	NCBITaxon:3780953	scientific name	lotus
Coleus hereroensis	NCBITaxon:3780961	scientific name	lotus
Coleus parvifolius	NCBITaxon:3781022	scientific name	lotus
Collinsonia japonica	NCBITaxon:1874237	synonym	lotus
Colubrina greggii	NCBITaxon:3781100	scientific name	lotus
Colubrina retusa	NCBITaxon:3085962	scientific name	lotus
Colubrina texensis	NCBITaxon:3085963	scientific name	lotus
Comanthosphace stellipila	NCBITaxon:694321	synonym	lotus
Combretum aculeatum	NCBITaxon:3781244	scientific name	lotus
Combretum fragrans	NCBITaxon:578538	scientific name	chebi_origins
Combretum griffithii	NCBITaxon:3781354	scientific name	chebi_origins
Combretum inflatum	NCBITaxon:3781363	scientific name	lotus
Combretum malabaricum	NCBITaxon:3781381	scientific name	lotus
Combretum quadrangulare	NCBITaxon:2998934	scientific name	chebi_origins,lotus
Commelina chamissonis	NCBITaxon:3781496	scientific name	lotus
Commiphora confusa	NCBITaxon:3781641	scientific name	lotus
Commiphora dalzielii	NCBITaxon:3781643	scientific name	lotus
Commiphora erlangeriana	NCBITaxon:3781648	scientific name	lotus
Commiphora mukul	NCBITaxon:2067815	scientific name	chebi_origins
Commiphora socotrana	NCBITaxon:3781688	scientific name	lotus
Compositae	NCBITaxon:4210	equivalent name	lotus
Conchocarpus guyanensis	NCBITaxon:3781833	scientific name	lotus
Conchocarpus inopinatus	NCBITaxon:3781834	scientific name	lotus
Conchocarpus macrocarpus	NCBITaxon:3781840	scientific name	lotus
Conchocarpus marginatus	NCBITaxon:3781841	scientific name	lotus
Conchocarpus paniculatus	NCBITaxon:3781846	scientific name	lotus
Condalia buxifolia	NCBITaxon:3781856	scientific name	lotus
Condea undulata	NCBITaxon:3781883	scientific name	lotus
Conidiobolus paulus	NCBITaxon:1342296	synonym	lotus
Conioselinum anthriscoides	NCBITaxon:3420723	scientific name	lotus
Conioselinum smithii	NCBITaxon:3420727	scientific name	lotus
Conioselinum tenuissimum	NCBITaxon:110318	scientific name	lotus
Coniothyrium cerealis	NCBITaxon:2718965	synonym	lotus
Coniothyrium olivaceum	NCBITaxon:255777	synonym	lotus
Conocephalum supradecompositum	NCBITaxon:134427	synonym	lotus
Conospermum brachyphyllum	NCBITaxon:3781990	scientific name	lotus
Conospermum incurvum	NCBITaxon:3782012	scientific name	lotus
Conospermum sphacelatum	NCBITaxon:3782024	scientific name	lotus
Conospermum stoechadis	NCBITaxon:3782025	scientific name	lotus
Convolvulus krauseanus	NCBITaxon:3782074	scientific name	lotus
Conyza canadensis	NCBITaxon:72917	synonym	lotus
Conyza linifolia	NCBITaxon:91242	synonym	lotus
Conyza schimperi	NCBITaxon:2984649	synonym	lotus
Conyza steudelii	NCBITaxon:2984650	synonym	lotus
Copaifera pubiflora	NCBITaxon:1928081	scientific name	lotus
Copaifera venezuelana	NCBITaxon:3782118	scientific name	lotus
Coprinus cinereus	NCBITaxon:5346	synonym	lotus
Coprinus micaceus	NCBITaxon:71717	synonym	lotus
Coprinus plicatilis	NCBITaxon:76939	synonym	lotus
Coprinus quadrifidus	NCBITaxon:104335	synonym	lotus
Cordia anisophylla	NCBITaxon:3782213	scientific name	lotus
Cordia fragrantissima	NCBITaxon:3782243	scientific name	lotus
Cordia globifera	NCBITaxon:3782248	scientific name	lotus
Cordiera macrophylla	NCBITaxon:136659	scientific name	lotus
Cordyceps nipponica	NCBITaxon:577453	synonym	lotus
Cordyceps ophioglossoides	NCBITaxon:71617	synonym	lotus
Cordyla madagascariensis	NCBITaxon:149643	synonym	lotus
Cordyla pinnata	NCBITaxon:3085967	scientific name	lotus
Cordylanthus parviflorus	NCBITaxon:3782419	scientific name	lotus
Coreocarpus arizonicus	NCBITaxon:172209	synonym	lotus
Coreopsis bigelovii	NCBITaxon:159656	synonym	lotus
Coreopsis californica	NCBITaxon:159657	synonym	lotus
Coreopsis calliopsidea	NCBITaxon:159658	synonym	lotus
Coreopsis douglasii	NCBITaxon:159662	synonym	lotus
Coreopsis falcata	NCBITaxon:3782435	scientific name	lotus
Coreopsis gigantea	NCBITaxon:159663	synonym	lotus
Coreopsis hamiltonii	NCBITaxon:159665	synonym	lotus
Coreopsis longula	NCBITaxon:3782440	scientific name	lotus
Coreopsis maritima	NCBITaxon:159671	synonym	lotus
Coreopsis stillmanii	NCBITaxon:159684	synonym	lotus
Coronilla cretica	NCBITaxon:3782514	scientific name	lotus
Coronilla elegans	NCBITaxon:181251	synonym	lotus
Coronilla glauca	NCBITaxon:118894	synonym	lotus
Coronilla varia	NCBITaxon:53861	synonym	lotus
Cortinarius claricolor	NCBITaxon:304709	synonym	lotus
Cortinarius croceocoeruleus	NCBITaxon:183880	synonym	lotus
Cortinarius fulvoincarnatus	NCBITaxon:392349	synonym	lotus
Cortinarius rufo-olivaceus	NCBITaxon:222049	synonym	lotus
Cortinarius sodagnitus	NCBITaxon:201461	synonym	lotus
Cortinarius umidicola	NCBITaxon:323716	synonym	lotus
Cortinarius vibratilis	NCBITaxon:47332	synonym	lotus
Corydalis bulbosa	NCBITaxon:38914	synonym	lotus
Corydalis calliantha	NCBITaxon:3782725	scientific name	lotus
Corydalis campulicarpa	NCBITaxon:3782727	scientific name	lotus
Corydalis caucasica	NCBITaxon:3396328	scientific name	lotus
Corydalis cava	NCBITaxon:581246	scientific name	chebi_origins
Corydalis chaerophylla	NCBITaxon:3396329	scientific name	lotus
Corydalis clarkei	NCBITaxon:3782737	scientific name	lotus
Corydalis crystallina	NCBITaxon:3782743	scientific name	lotus
Corydalis curvisiliqua	NCBITaxon:3782744	scientific name	lotus
Corydalis flabellata	NCBITaxon:3396346	scientific name	lotus
Corydalis gigantea	NCBITaxon:2992610	scientific name	lotus
Corydalis glaucescens	NCBITaxon:2764625	scientific name	lotus
Corydalis gortschakovii	NCBITaxon:2764626	scientific name	lotus
Corydalis govaniana	NCBITaxon:3044013	scientific name	lotus
Corydalis longicalcarata	NCBITaxon:2993895	scientific name	lotus
Corydalis meifolia	NCBITaxon:3782811	scientific name	lotus
Corydalis orthopoda	NCBITaxon:3396401	scientific name	lotus
Corydalis paniculigera	NCBITaxon:3396409	scientific name	lotus
Corydalis persica	NCBITaxon:3782837	scientific name	lotus
Corydalis pseudoadunca	NCBITaxon:3140264	scientific name	lotus
Corydalis scouleri	NCBITaxon:1549780	scientific name	chebi_origins
Corydalis sewerzowii	NCBITaxon:3396423	synonym	lotus
Corydalis sibirica	NCBITaxon:3396425	scientific name	lotus
Corydalis thyrsiflora	NCBITaxon:3044016	scientific name	lotus
Corydalis vaginans	NCBITaxon:3044017	scientific name	lotus
Corydalis verticillaris	NCBITaxon:3782907	scientific name	lotus
Cosmos pringlei	NCBITaxon:3782979	scientific name	lotus
Cota coelopoda	NCBITaxon:589816	synonym	lotus
Cota nigellifolia	NCBITaxon:2267881	synonym	lotus
Cota samuelssonii	NCBITaxon:589834	synonym	lotus
Cota triumfetti	NCBITaxon:158232	scientific name	lotus
Cotoneaster glabratus	NCBITaxon:3050849	scientific name	lotus
Cotoneaster integrifolius	NCBITaxon:3059406	scientific name	lotus
Cotoneaster lacteus	NCBITaxon:36608	synonym	lotus
Coulteria cubensis	NCBITaxon:3085969	scientific name	lotus
Cowania mexicana	NCBITaxon:1795987	synonym	lotus
Craibia grandiflora	NCBITaxon:3085971	scientific name	lotus
Craibiodendron henryi	NCBITaxon:3783884	scientific name	lotus
Crassothonna cylindrica	NCBITaxon:3784076	scientific name	lotus
Crassothonna floribunda	NCBITaxon:3784078	scientific name	lotus
Crassothonna sedifolia	NCBITaxon:405100	scientific name	lotus
Crataegus germanica	NCBITaxon:36616	synonym	lotus
Crataegus microphylla	NCBITaxon:3086390	scientific name	lotus
Crataegus oxyacantha	NCBITaxon:510738	synonym	lotus
Crataegus stevenii	NCBITaxon:3784199	scientific name	lotus
Crataegus tanacetifolia	NCBITaxon:659337	scientific name	lotus
Craterellus lutescens	NCBITaxon:104198	scientific name	lotus
Crateva magna	NCBITaxon:3784362	scientific name	lotus
Cratoxylum Sumatranum	NCBITaxon:2516474	scientific name	chebi_origins
Cratoxylum neriifolium	NCBITaxon:3784367	scientific name	lotus
Cratoxylum pruniflorum	NCBITaxon:1137046	scientific name	chebi_origins
Cremanthodium nanum	NCBITaxon:3784391	scientific name	lotus
Crepidiastrum akagii	NCBITaxon:3116457	scientific name	lotus
Crepidiastrum chelidoniifolium	NCBITaxon:77560	synonym	lotus
Crepidium grandifolium	NCBITaxon:3784523	scientific name	lotus
Crepis divaricata	NCBITaxon:2326773	scientific name	lotus
Crepis napifera	NCBITaxon:3784819	scientific name	lotus
Crepis phoenix	NCBITaxon:3784825	scientific name	lotus
Cribraria cancellata var. cancellata	NCBITaxon:3449907	scientific name	lotus
Cribraria meylanii	NCBITaxon:3449923	scientific name	lotus
Cribraria purpurea	NCBITaxon:3449925	scientific name	lotus
Crinitaria tatarica	NCBITaxon:1591275	synonym	lotus
Crinum album	NCBITaxon:3784848	scientific name	lotus
Crinum kunthianum	NCBITaxon:3784868	scientific name	lotus
Crinum lorifolium	NCBITaxon:3055764	scientific name	lotus
Crinum viviparum	NCBITaxon:209086	synonym	lotus
Crinum zeylanicum	NCBITaxon:2212453	scientific name	lotus
Crioceras dipladeniiflorus	NCBITaxon:761037	synonym	lotus
Critonia quadrangularis	NCBITaxon:1475404	scientific name	chebi_origins
Critoniopsis jalcana	NCBITaxon:3784949	scientific name	lotus
Critoniopsis paradoxa	NCBITaxon:434689	synonym	lotus
Crocosmia masoniorum	NCBITaxon:3784994	scientific name	lotus
Crocus albiflorus	NCBITaxon:481123	synonym	lotus
Cronquistianthus bishopii	NCBITaxon:3709082	scientific name	lotus
Cronquistianthus chachapoyensis	NCBITaxon:3709086	scientific name	lotus
Cronquistianthus trianae	NCBITaxon:3709102	scientific name	lotus
Crosslandia setifolia	NCBITaxon:269573	synonym	lotus
Crossopetalum lobatum	NCBITaxon:3785190	scientific name	lotus
Crotalaria anagyroides	NCBITaxon:1127386	synonym	lotus
Crotalaria candicans	NCBITaxon:3785248	scientific name	lotus
Crotalaria lachnophora	NCBITaxon:1237651	scientific name	chebi_origins
Crotalaria naragutensis	NCBITaxon:3785373	scientific name	lotus
Crotalaria sericea	NCBITaxon:3477390	scientific name	lotus
Croton betulaster	NCBITaxon:3785554	scientific name	lotus
Croton costatus	NCBITaxon:3785626	scientific name	lotus
Croton diasii	NCBITaxon:3785644	scientific name	lotus
Croton hieronymi	NCBITaxon:2896018	scientific name	chebi_origins
Croton hovarum	NCBITaxon:3785727	scientific name	lotus
Croton joufra	NCBITaxon:3785754	scientific name	lotus
Croton laui	NCBITaxon:3785777	scientific name	lotus
Croton membranaceus	NCBITaxon:3785820	scientific name	lotus
Croton oblongifolius	NCBITaxon:344429	synonym	lotus
Croton phyllanthus	NCBITaxon:3785897	scientific name	lotus
Croton pulegiodorus	NCBITaxon:2815087	scientific name	chebi_origins
Croton setigerus	NCBITaxon:316793	synonym	lotus
Croton stelluliferus	NCBITaxon:1704634	synonym	lotus
Croton tonkinensis	NCBITaxon:1294550	scientific name	chebi_origins
Croton turumiquirensis	NCBITaxon:3786035	scientific name	lotus
Crucianella graeca	NCBITaxon:3786087	scientific name	lotus
Cryptantha virgata	NCBITaxon:203732	synonym	lotus
Cryptocarya agathophylla	NCBITaxon:3732650	scientific name	lotus
Cryptocarya chartacea	NCBITaxon:3379795	scientific name	chebi_origins,lotus
Cryptocarya idenburgensis	NCBITaxon:3379801	scientific name	lotus
Cryptocarya laotica	NCBITaxon:3732742	scientific name	lotus
Cryptocarya longifolia	NCBITaxon:3379803	scientific name	lotus
Cryptocarya phyllostemon	NCBITaxon:3379809	scientific name	chebi_origins,lotus
Cryptocarya strictifolia	NCBITaxon:3732814	scientific name	lotus
Cryptocarya velutinosa	NCBITaxon:3379829	scientific name	lotus
Cryptocarya wightiana	NCBITaxon:1789563	scientific name	lotus
Cryptochilus strictus	NCBITaxon:1508133	scientific name	lotus
Cryptococcus humicola	NCBITaxon:5417	synonym	lotus
Cryptococcus laurentii	NCBITaxon:5418	synonym	lotus
Cryptosepalum exfoliatum	NCBITaxon:3786261	scientific name	lotus
Cryptosepalum maraviense	NCBITaxon:3786264	scientific name	lotus
Cryptothladia chinensis	NCBITaxon:180071	synonym	lotus
Cucumis callosus	NCBITaxon:217619	synonym	lotus
Cucurbita andreana	NCBITaxon:61888	synonym	lotus
Cudrania	NCBITaxon:3495	synonym	lotus
Cudrania tricuspidata	NCBITaxon:210328	synonym	lotus
Culcitium albifolium	NCBITaxon:3786359	scientific name	lotus
Culicinomyces clavisporus	NCBITaxon:3043269	scientific name	lotus
Cullen drupaceum	NCBITaxon:3088822	scientific name	lotus
Cullen plicatum	NCBITaxon:3786374	scientific name	lotus
Cullen tomentosum	NCBITaxon:3086499	scientific name	lotus
Cunila fasciculata	NCBITaxon:3786394	scientific name	lotus
Cunila spicata	NCBITaxon:3786403	scientific name	lotus
Cupaniopsis azantha	NCBITaxon:3786450	scientific name	lotus
Cupressus arizonica var. stephensonii	NCBITaxon:48932	synonym	lotus
Cupressus bakeri	NCBITaxon:329080	synonym	lotus
Cupressus funebris	NCBITaxon:74301	synonym	lotus
Cupressus lusitanica var. lusitanica	NCBITaxon:257621	synonym	lotus
Cupressus macnabiana	NCBITaxon:103969	synonym	lotus
Cupressus macrocarpa	NCBITaxon:76352	synonym	lotus
Cupressus sargentii	NCBITaxon:48930	synonym	lotus
Cupressus sempervirens var. dupreziana	NCBITaxon:329083	synonym	lotus
Curculigo breviscapa	NCBITaxon:3786583	scientific name	lotus
Curculigo capitulata	NCBITaxon:72645	scientific name	lotus
Curculigo crassifolia	NCBITaxon:1037992	scientific name	lotus
Curcuma trichosantha	NCBITaxon:3761901	scientific name	lotus
Curcuma zanthorrhiza	NCBITaxon:136222	synonym	lotus
Curio corymbifer	NCBITaxon:3786601	scientific name	lotus
Curio ovoideus	NCBITaxon:3786602	scientific name	lotus
Cuscuta scandens	NCBITaxon:1824558	scientific name	lotus
Cuspidothrix issatschenkoi	NCBITaxon:230752	scientific name	cyanometdb
Cussonia bancoensis	NCBITaxon:2708779	scientific name	chebi_origins
Cyanea sessilifolia	NCBITaxon:3786653	scientific name	lotus
Cyanobium sp.	NCBITaxon:2164130	scientific name	cyanometdb
Cyanothamnus bipinnatus	NCBITaxon:3786679	scientific name	lotus
Cyanothece sp.	NCBITaxon:3100426	scientific name	cyanometdb
Cyathea podophylla	NCBITaxon:204585	synonym	lotus
Cyathocalyx maingayi	NCBITaxon:2506376	synonym	lotus
Cyathocline lutea	NCBITaxon:2926232	scientific name	lotus
Cyathostegia weberbaueri	NCBITaxon:3786724	scientific name	lotus
Cyclachaena xanthiifolia	NCBITaxon:1447767	synonym	lotus
Cyclea hainanensis	NCBITaxon:3786904	scientific name	lotus
Cyclea sutchuenensis	NCBITaxon:3414764	scientific name	lotus
Cyclosorus acuminatus	NCBITaxon:2137817	synonym	lotus
Cyclosorus parasiticus	NCBITaxon:714463	synonym	lotus
Cyerce cristallina	NCBITaxon:3061048	scientific name	lotus
Cylindrocarpon ianthothele	NCBITaxon:303672	synonym	lotus
Cylindrocarpon obtusisporum	NCBITaxon:78417	synonym	lotus
Cylindrospermopsis raciborskii	NCBITaxon:77022	scientific name	cyanometdb
Cylindrospermum alatosporum	NCBITaxon:765170	scientific name	cyanometdb
Cylindrospermum licheniforme	NCBITaxon:184932	scientific name	cyanometdb
Cylindrospermum stagnale	NCBITaxon:142864	scientific name	cyanometdb
Cymbaria borysthenica	NCBITaxon:3776401	scientific name	lotus
Cymbopogon khasianus	NCBITaxon:2024910	scientific name	lotus
Cymbopogon nervatus	NCBITaxon:3776440	scientific name	lotus
Cymophyllus fraserianus	NCBITaxon:100288	synonym	lotus
Cynanchum japonicum	NCBITaxon:228721	scientific name	lotus
Cynanchum liukiuense	NCBITaxon:3787282	scientific name	lotus
Cynanchum maximoviczii	NCBITaxon:3787305	scientific name	lotus
Cynara scolymus	NCBITaxon:59895	synonym	lotus
Cynoglossum gansuense	NCBITaxon:3715701	scientific name	lotus
Cyperus articulatus	NCBITaxon:1352543	scientific name	chebi_origins
Cyperus corymbosus	NCBITaxon:1352546	scientific name	chebi_origins
Cyperus scariosus	NCBITaxon:1517522	scientific name	lotus
Cyperus sphaeroideus	NCBITaxon:2848449	scientific name	lotus
Cyperus stoloniferus	NCBITaxon:2233994	synonym	lotus
Cyphanthera myosotidea	NCBITaxon:196374	synonym	lotus
Cyphostemma crotalarioides	NCBITaxon:3787725	scientific name	lotus
Cyrtocymura cincta	NCBITaxon:3788463	scientific name	lotus
Cyrtopodium paniculatum	NCBITaxon:3788460	scientific name	lotus
Cystophora brownii	NCBITaxon:3591913	scientific name	lotus
Cystoseira algeriensis	NCBITaxon:2778306	synonym	lotus
Cystoseira corniculata	NCBITaxon:2993899	synonym	lotus
Cystoseira crinita	NCBITaxon:590114	synonym	cyanometdb
Cytinus visseri	NCBITaxon:2979310	scientific name	chebi_origins
Cytisus baeticus	NCBITaxon:176349	synonym	lotus
Cytospora chrysosperma	NCBITaxon:252740	scientific name	lotus
Dactylaria candida	NCBITaxon:313362	equivalent name	lotus
Dactylella candida	NCBITaxon:313362	equivalent name	lotus
Dahlia variabilis	NCBITaxon:101596	synonym	lotus
Dalbergia calycina	NCBITaxon:2961633	scientific name	lotus
Dalbergia coromandeliana	NCBITaxon:3788685	scientific name	lotus
Dalbergia densa	NCBITaxon:3086537	scientific name	lotus
Dalbergia malabarica	NCBITaxon:3788684	scientific name	lotus
Dalbergia ovalis	NCBITaxon:450027	synonym	lotus
Dalbergia paniculata	NCBITaxon:1357585	synonym	lotus
Dalbergia peguensis	NCBITaxon:3788661	scientific name	lotus
Dalea boliviana	NCBITaxon:3788766	scientific name	chebi_origins,lotus
Dalea coerulea	NCBITaxon:3788796	scientific name	lotus
Dalea frutescens	NCBITaxon:3086554	scientific name	lotus
Dalea gattingeri	NCBITaxon:3788791	scientific name	lotus
Dalea purpurea var. purpurea	NCBITaxon:3158587	scientific name	lotus
Damburneya cufodontisii	NCBITaxon:3789041	scientific name	lotus
Daphnandra dielsii	NCBITaxon:3789113	scientific name	lotus
Daphne arisanensis	NCBITaxon:3039606	scientific name	lotus
Daphne composita	NCBITaxon:223763	synonym	lotus
Daphne esquirolii	NCBITaxon:3789178	scientific name	lotus
Daphne genkwa	NCBITaxon:1477590	scientific name	chebi_origins
Daphne gnidioides	NCBITaxon:3039609	scientific name	lotus
Daphne holosericea	NCBITaxon:3039610	scientific name	lotus
Daphne kamtschatica	NCBITaxon:3436069	scientific name	lotus
Daphne mucronata	NCBITaxon:3427935	scientific name	chebi_origins
Daphne pedunculata	NCBITaxon:3789183	scientific name	lotus
Daphne sericea	NCBITaxon:3039617	scientific name	lotus
Daphniphyllum griffithianum	NCBITaxon:3789015	scientific name	lotus
Daphniphyllum himalayense	NCBITaxon:482935	synonym	lotus
Daphniphyllum himalense	NCBITaxon:482935	scientific name	lotus
Daphniphyllum longeracemosum	NCBITaxon:937822	scientific name	lotus
Daphniphyllum majus	NCBITaxon:2753887	scientific name	lotus
Daphniphyllum subverticillatum	NCBITaxon:3789131	scientific name	lotus
Daphnopsis macrophylla	NCBITaxon:3789008	scientific name	lotus
Daphnopsis sellowiana	NCBITaxon:3789072	scientific name	lotus
Darwinella	NCBITaxon:253178	scientific name	lotus
Darwinia citriodora	NCBITaxon:3789000	scientific name	lotus
Darwinia oldfieldii	NCBITaxon:3789047	scientific name	lotus
Dasymaschalon glaucum	NCBITaxon:1202397	scientific name	chebi_origins
Datura alba	NCBITaxon:35625	synonym	lotus
Datura arborea	NCBITaxon:41689	synonym	lotus
Datura innoxia	NCBITaxon:4075	synonym	lotus
Datura pruinosa	NCBITaxon:1274348	synonym	lotus
Davallia bullata	NCBITaxon:49860	synonym	lotus
Davidiella rosigena	NCBITaxon:706555	synonym	lotus
Debaryomyces delbrueckii	NCBITaxon:4950	synonym	lotus
Decachaeta haenkeana	NCBITaxon:3709111	scientific name	lotus
Decachaeta ovatifolia	NCBITaxon:3709114	scientific name	lotus
Decachaeta scabrella	NCBITaxon:3709116	scientific name	lotus
Decachaeta thieleana	NCBITaxon:3709118	scientific name	lotus
Decalobanthus mammosus	NCBITaxon:1729749	scientific name	lotus
Decaspermum blancoi	NCBITaxon:3789386	scientific name	lotus
Deguelia rariflora	NCBITaxon:3713531	scientific name	lotus
Deguelia rufescens	NCBITaxon:3713532	scientific name	lotus
Deguelia scandens	NCBITaxon:3086583	scientific name	lotus
Deguelia urucu	NCBITaxon:3713517	scientific name	lotus
Dehaasia kurzii	NCBITaxon:3789551	scientific name	lotus
Dehaasia longipedicellata	NCBITaxon:3789273	scientific name	lotus
Dekkera anomala	NCBITaxon:37662	synonym	lotus
Delosperma brunnthaleri	NCBITaxon:3789252	scientific name	lotus
Delosperma lavisiae	NCBITaxon:3789526	scientific name	lotus
Delosperma luteum	NCBITaxon:3789488	scientific name	lotus
Delosperma pottsii	NCBITaxon:3789243	scientific name	lotus
Delosperma sutherlandii	NCBITaxon:3789240	scientific name	lotus
Delphinium aconiti	NCBITaxon:984837	synonym	lotus
Delphinium ajacis	NCBITaxon:37494	scientific name	lotus
Delphinium albiflorum	NCBITaxon:3733900	scientific name	lotus
Delphinium ambiguum	NCBITaxon:46986	synonym	lotus
Delphinium anthoroideum	NCBITaxon:984838	synonym	lotus
Delphinium armeniacum	NCBITaxon:984845	synonym	lotus
Delphinium campylocentrum	NCBITaxon:3733922	scientific name	lotus
Delphinium consolida	NCBITaxon:984867	synonym	lotus
Delphinium corymbosum	NCBITaxon:3733937	scientific name	lotus
Delphinium denudatum	NCBITaxon:1127156	scientific name	chebi_origins
Delphinium dictyocarpum	NCBITaxon:3435637	scientific name	lotus
Delphinium dissectum	NCBITaxon:3733951	scientific name	lotus
Delphinium dzavakhischwilii	NCBITaxon:3733954	scientific name	lotus
Delphinium giraldii	NCBITaxon:3733961	scientific name	lotus
Delphinium glandulosum	NCBITaxon:984852	synonym	lotus
Delphinium gueneri	NCBITaxon:3733966	scientific name	lotus
Delphinium hellesponticum	NCBITaxon:984853	synonym	lotus
Delphinium hohenackeri	NCBITaxon:136313	synonym	lotus
Delphinium honanense	NCBITaxon:3733976	scientific name	lotus
Delphinium iliense	NCBITaxon:3068903	scientific name	lotus
Delphinium majus	NCBITaxon:3734023	scientific name	lotus
Delphinium mollipilum	NCBITaxon:3734035	scientific name	lotus
Delphinium munzianum	NCBITaxon:3734037	scientific name	lotus
Delphinium nordhagenii	NCBITaxon:3734046	scientific name	lotus
Delphinium occidentale	NCBITaxon:176325	synonym	lotus
Delphinium oliverianum	NCBITaxon:984861	synonym	lotus
Delphinium orientale	NCBITaxon:37494	synonym	lotus
Delphinium pictum	NCBITaxon:984882	synonym	lotus
Delphinium poltaratzkii	NCBITaxon:3734068	scientific name	lotus
Delphinium potaninii var. bonvalotii	NCBITaxon:640774	synonym	lotus
Delphinium pubescens	NCBITaxon:984865	synonym	lotus
Delphinium raveyi	NCBITaxon:984866	synonym	lotus
Delphinium retropilosum	NCBITaxon:3734094	scientific name	lotus
Delphinium roylei	NCBITaxon:3734097	scientific name	lotus
Delphinium scabriflorum	NCBITaxon:3734104	scientific name	lotus
Delphinium sclerocladum	NCBITaxon:984841	synonym	lotus
Delphinium shawurense	NCBITaxon:3068906	scientific name	chebi_origins,lotus
Delphinium siwanense	NCBITaxon:3734115	scientific name	lotus
Delphinium staphisagria	NCBITaxon:104301	synonym	lotus
Delphinium stenocarpum	NCBITaxon:984842	synonym	lotus
Delphinium thamarae	NCBITaxon:3734127	scientific name	lotus
Delphinium trifoliolatum	NCBITaxon:3734131	scientific name	lotus
Delphinium triste	NCBITaxon:3734133	scientific name	lotus
Delphinium umbrosum	NCBITaxon:3734138	scientific name	lotus
Delphinium uncinatum	NCBITaxon:3734139	scientific name	lotus
Delphinium winklerianum	NCBITaxon:3068907	scientific name	lotus
Delphinium zalil	NCBITaxon:3734159	scientific name	lotus
Dendranthema	NCBITaxon:13422	synonym	lotus
Dendranthema arcticum	NCBITaxon:99030	synonym	lotus
Dendranthema indicum	NCBITaxon:146995	synonym	lotus
Dendranthema morifolium	NCBITaxon:41568	synonym	lotus
Dendrobium fuscescens	NCBITaxon:3137226	scientific name	lotus
Dendrobium xantholeucum	NCBITaxon:3790628	scientific name	lotus
Dendrolirium lasiopetalum	NCBITaxon:3020928	scientific name	lotus
Dendrophorbium amplexicaule	NCBITaxon:3790758	scientific name	lotus
Dendrophorbium balsapampae	NCBITaxon:3790936	scientific name	lotus
Dendrophorbium elatum	NCBITaxon:3790954	scientific name	lotus
Dendrophorbium pericaule	NCBITaxon:3790975	scientific name	lotus
Dendroviguiera pringlei	NCBITaxon:3791165	scientific name	lotus
Dennstaedtia zeylanica	NCBITaxon:3376930	scientific name	lotus
Deplanchea speciosa	NCBITaxon:3791187	scientific name	lotus
Dermatophyllum gypsophilum	NCBITaxon:2932918	scientific name	lotus
Dermocybe cardinalis	NCBITaxon:183877	synonym	lotus
Dermocybe icterinoides	NCBITaxon:702292	synonym	lotus
Dermocybe splendida	NCBITaxon:742022	synonym	lotus
Derris canarensis	NCBITaxon:1898865	scientific name	lotus
Derris hainesiana	NCBITaxon:3086589	scientific name	lotus
Derris scandens	NCBITaxon:1225699	synonym	chebi_origins
Desfontainia fulgens	NCBITaxon:3060456	scientific name	lotus
Desmanthodium perfoliatum	NCBITaxon:3791289	scientific name	lotus
Desmodium gangeticum	NCBITaxon:670324	synonym	lotus
Desmodium hookerianum	NCBITaxon:3791324	scientific name	lotus
Desmodium molliculum	NCBITaxon:3046120	scientific name	lotus
Desmodium styracifolium	NCBITaxon:648866	synonym	lotus
Desmodium triflorum	NCBITaxon:670328	synonym	lotus
Desmonostoc muscorum	NCBITaxon:1179	scientific name	cyanometdb
Desmos yunnanensis	NCBITaxon:1202402	synonym	lotus
Dhofaria macleishii	NCBITaxon:3768523	synonym	lotus
Dianthus hoeltzeri	NCBITaxon:2764630	scientific name	lotus
Diascia cordata	NCBITaxon:3791678	scientific name	lotus
Diascia integerrima	NCBITaxon:3791694	scientific name	lotus
Diascia megathura	NCBITaxon:3791698	scientific name	lotus
Diascia purpurea	NCBITaxon:3791709	scientific name	lotus
Diascia vigilis	NCBITaxon:3791721	scientific name	lotus
Dichapetalum braunii	NCBITaxon:3791953	scientific name	lotus
Dichapetalum stuhlmannii	NCBITaxon:3792054	scientific name	lotus
Dichapetalum toxicarium	NCBITaxon:3792062	scientific name	lotus
Dichothrix baueriana	NCBITaxon:1316775	scientific name	cyanometdb
Dicliptera japonica	NCBITaxon:1082503	scientific name	lotus
Dicliptera riparia	NCBITaxon:3792305	scientific name	lotus
Dicoma macrocephala	NCBITaxon:3792350	scientific name	lotus
Dicoma schinzii	NCBITaxon:3792357	scientific name	lotus
Dicranopteris dichotoma	NCBITaxon:37229	synonym	lotus
Dicranostigma franchetianum	NCBITaxon:56851	synonym	lotus
Dictyonella marsilii	NCBITaxon:3031421	scientific name	lotus
Dictyopteris acrostichoides	NCBITaxon:157155	scientific name	lotus
Dictyota	NCBITaxon:2875	scientific name	lotus
Dictyota cervicornis	NCBITaxon:499615	synonym	lotus
Didemnum lithostrotum	NCBITaxon:3410511	scientific name	lotus
Didymella fabae	NCBITaxon:372025	synonym	lotus
Didymella lentis	NCBITaxon:205686	synonym	lotus
Didymella pisi	NCBITaxon:749586	synonym	lotus
Didymella rabiei	NCBITaxon:5454	synonym	lotus
Didymocarpus albicalyx	NCBITaxon:3792511	scientific name	lotus
Didymocarpus aurantiacus	NCBITaxon:3792515	scientific name	chebi_origins,lotus
Didymocarpus pedicellatus	NCBITaxon:3792546	scientific name	lotus
Didymoglossum godmanii	NCBITaxon:1481375	scientific name	lotus
Dillenia bracteata	NCBITaxon:3740176	scientific name	lotus
Dillenia serrata	NCBITaxon:3458154	scientific name	lotus
Dimelaena thysanota	NCBITaxon:3839797	scientific name	lotus
Dimerostemma lippioides	NCBITaxon:3792840	scientific name	lotus
Dimorphotheca jucunda	NCBITaxon:379268	scientific name	lotus
Dioclea grandiflora	NCBITaxon:3837	synonym	lotus
Dioclea megacarpa	NCBITaxon:232298	synonym	lotus
Dioscorea bartlettii	NCBITaxon:3793032	scientific name	lotus
Dioscorea bernoulliana	NCBITaxon:3793038	scientific name	lotus
Dioscorea cyphocarpa	NCBITaxon:3793092	scientific name	lotus
Dioscorea dugesii	NCBITaxon:3793105	scientific name	lotus
Dioscorea hondurensis	NCBITaxon:3793143	scientific name	lotus
Dioscorea jaliscana	NCBITaxon:3793156	scientific name	lotus
Dioscorea nelsonii	NCBITaxon:3793223	scientific name	lotus
Dioscorea pringlei	NCBITaxon:3793279	scientific name	lotus
Dioscorea remotiflora	NCBITaxon:3793299	scientific name	lotus
Dioscorea subtomentosa	NCBITaxon:3793345	scientific name	lotus
Dioscorea ulinei	NCBITaxon:3793381	scientific name	lotus
Dioscorea urceolata	NCBITaxon:3793382	scientific name	lotus
Dioscoreophyllum volkensii	NCBITaxon:3793395	scientific name	lotus
Diosma pilosa	NCBITaxon:3793408	scientific name	lotus
Diospyros acuta	NCBITaxon:3793421	scientific name	lotus
Diospyros alboflavescens	NCBITaxon:3793428	scientific name	lotus
Diospyros bussei	NCBITaxon:3793477	scientific name	lotus
Diospyros chaetocarpa	NCBITaxon:3793489	scientific name	lotus
Diospyros chloroxylon	NCBITaxon:3793491	scientific name	lotus
Diospyros evena	NCBITaxon:3793526	scientific name	lotus
Diospyros heterotricha	NCBITaxon:3793564	scientific name	lotus
Diospyros longiflora	NCBITaxon:3793603	scientific name	lotus
Diospyros loureiroana	NCBITaxon:3793605	scientific name	lotus
Diospyros lycioides	NCBITaxon:413802	scientific name	lotus
Diospyros mafiensis	NCBITaxon:3793612	scientific name	lotus
Diospyros mcphersonii	NCBITaxon:3793626	scientific name	lotus
Diospyros oppositifolia	NCBITaxon:3793668	scientific name	lotus
Diospyros palmeri	NCBITaxon:3793674	scientific name	lotus
Diospyros paniculata	NCBITaxon:3095971	scientific name	lotus
Diospyros pegophila	NCBITaxon:3793680	scientific name	lotus
Diospyros quaesita	NCBITaxon:3793707	scientific name	chebi_origins,lotus
Diospyros rheophytica	NCBITaxon:3793721	scientific name	lotus
Diospyros srilankana	NCBITaxon:3793755	scientific name	lotus
Diospyros sylvatica	NCBITaxon:3231515	scientific name	lotus
Diospyros whyteana	NCBITaxon:1367329	scientific name	lotus
Diospyros zombensis	NCBITaxon:1367330	scientific name	lotus
Dipetalogaster maxima	NCBITaxon:72496	synonym	lotus
Diphysa carthagenensis	NCBITaxon:3086650	scientific name	lotus
Diphysa minutifolia	NCBITaxon:3086651	scientific name	lotus
Diphysa occidentalis	NCBITaxon:3086652	scientific name	lotus
Diphysa puberulenta	NCBITaxon:3086653	scientific name	lotus
Diplolophium buchananii	NCBITaxon:3793895	scientific name	lotus
Dipsacus azureus	NCBITaxon:3367343	scientific name	lotus
Dipsacus comosus	NCBITaxon:3794027	scientific name	lotus
Dipsacus sylvestris	NCBITaxon:183561	synonym	lotus
Discina ancilis	NCBITaxon:1385994	scientific name	lotus
Discina perlata	NCBITaxon:2508942	scientific name	lotus
Discodermia calyx	NCBITaxon:1451276	scientific name	lotus
Discodermia kiiensis	NCBITaxon:1451277	scientific name	lotus
Dissochaeta sagittata	NCBITaxon:3794381	scientific name	lotus
Dissotis rotundifolia	NCBITaxon:40000	synonym	lotus
Distephanus angulifolius	NCBITaxon:3123265	scientific name	lotus
Distephanus anisochaetoides	NCBITaxon:3794395	scientific name	lotus
Disynaphia halimifolia	NCBITaxon:3794454	scientific name	lotus
Ditaxis heterantha	NCBITaxon:3018710	synonym	lotus
Dodonaea angustifolia	NCBITaxon:379228	synonym	lotus
Doellingeria scabra	NCBITaxon:385370	synonym	lotus
Dolabella auricularia	NCBITaxon:6511	scientific name	cyanometdb
Dolichospermum circinale	NCBITaxon:109265	scientific name	cyanometdb
Dolichospermum sp.	NCBITaxon:2720786	scientific name	cyanometdb
Doliocarpus schottianus	NCBITaxon:2184392	scientific name	lotus
Doliocarpus verruculosus	NCBITaxon:3794743	scientific name	lotus
Dolomiaea costus	NCBITaxon:324593	scientific name	lotus
Dorstenia convexa	NCBITaxon:3086673	scientific name	lotus
Dorstenia gigas	NCBITaxon:3795193	scientific name	lotus
Dorycnium pentaphyllum	NCBITaxon:181254	synonym	lotus
Dracaena hyacinthoides	NCBITaxon:693383	scientific name	lotus
Dracaena mannii	NCBITaxon:1237547	scientific name	chebi_origins
Dracaena nitens	NCBITaxon:3798655	scientific name	lotus
Dracaena surculosa	NCBITaxon:1857799	scientific name	lotus
Dracocephalum foetidum	NCBITaxon:2668594	scientific name	lotus
Dracocephalum komarovii	NCBITaxon:2904094	scientific name	chebi_origins,lotus
Dracocephalum peregrinum	NCBITaxon:2668595	scientific name	chebi_origins,lotus
Dracontium spruceanum	NCBITaxon:1835384	scientific name	lotus
Drakaea livida	NCBITaxon:1048779	scientific name	lotus
Drimia calcarata	NCBITaxon:143573	synonym	lotus
Drimia macrocentra	NCBITaxon:1207269	synonym	lotus
Drimia sanguinea	NCBITaxon:143579	synonym	lotus
Drimys aromatica	NCBITaxon:3420	synonym	lotus
Drosera bulbosa	NCBITaxon:3795588	scientific name	lotus
Drosera longifolia	NCBITaxon:173389	synonym	lotus
Drosera macrophylla	NCBITaxon:3795647	scientific name	lotus
Drosera microphylla	NCBITaxon:3795655	scientific name	lotus
Drosera modesta	NCBITaxon:3795658	scientific name	lotus
Drosera whittakeri	NCBITaxon:3795711	scientific name	lotus
Drymaria arenarioides	NCBITaxon:3721985	scientific name	lotus
Drymaria diandra	NCBITaxon:191453	synonym	lotus
Drynaria propinqua	NCBITaxon:1882416	synonym	lotus
Drynaria quercifolia	NCBITaxon:272679	synonym	lotus
Drynaria roosii	NCBITaxon:872542	synonym	lotus
Dryopteris paleacea	NCBITaxon:3235726	scientific name	lotus
Dryopteris parasitica	NCBITaxon:714463	synonym	lotus
Drypetes paxii	NCBITaxon:3795935	scientific name	lotus
Duboscia macrocarpa	NCBITaxon:3105915	scientific name	lotus
Duchesnea chrysantha	NCBITaxon:176126	synonym	lotus
Duchesnea indica	NCBITaxon:13044	synonym	lotus
Ducrosia ismaelis	NCBITaxon:3796005	scientific name	lotus
Duguetia glabriuscula	NCBITaxon:2949143	scientific name	lotus
Duguetia spixiana	NCBITaxon:2944974	scientific name	lotus
Duguetia vallicola	NCBITaxon:2969877	scientific name	lotus
Dunalia solanacea	NCBITaxon:362347	synonym	lotus
Dunaliella bardawil	NCBITaxon:3046	synonym	lotus
Dunbaria bella	NCBITaxon:3796045	scientific name	lotus
Dysidea granulosa	NCBITaxon:491210	scientific name	lotus
Dysidea pallescens	NCBITaxon:1147785	scientific name	lotus
Dysidea tupha	NCBITaxon:909610	scientific name	lotus
Dysophylla stellata	NCBITaxon:1081573	synonym	lotus
Dysosma majorensis	NCBITaxon:153728	synonym	lotus
Dysoxylum beddomei	NCBITaxon:3774974	scientific name	lotus
Dysoxylum cumingianum	NCBITaxon:2731602	synonym	chebi_origins
Dysoxylum laxiracemosum	NCBITaxon:3025154	scientific name	lotus
Dysoxylum lenticellare	NCBITaxon:2731573	synonym	lotus
Dysoxylum lenticellatum	NCBITaxon:1679374	synonym	chebi_origins
Dysoxylum macranthum	NCBITaxon:2731574	synonym	lotus
Dysoxylum roseum	NCBITaxon:2731581	synonym	lotus
Dysoxylum variabile	NCBITaxon:2905641	synonym	lotus
Dyssodia decipiens	NCBITaxon:3774998	scientific name	lotus
Ecbolium ligustrinum	NCBITaxon:3736645	scientific name	lotus
Echinops davuricus	NCBITaxon:2599465	scientific name	lotus
Echinops galalensis	NCBITaxon:3796521	scientific name	lotus
Echinops pappii	NCBITaxon:3796540	scientific name	lotus
Echinops transiliensis	NCBITaxon:3796563	scientific name	lotus
Echinopsis terscheckii	NCBITaxon:1170790	synonym	lotus
Echinospartum lusitanicum	NCBITaxon:3086042	scientific name	lotus
Echium lancerottense	NCBITaxon:2583934	scientific name	lotus
Echium rubrum	NCBITaxon:3046405	scientific name	lotus
Ehretia alba	NCBITaxon:3796630	scientific name	lotus
Ehretia aspera	NCBITaxon:3796632	scientific name	lotus
Ehretia dicksonii	NCBITaxon:1398146	scientific name	chebi_origins
Ehretia matthewii	NCBITaxon:3796645	scientific name	lotus
Eirmocephala megaphylla	NCBITaxon:3796669	scientific name	lotus
Elaeagnus orientalis	NCBITaxon:1350042	synonym	lotus
Elaeocarpus chelonimorphus	NCBITaxon:3796782	scientific name	lotus
Elaeocarpus densiflorus	NCBITaxon:3796811	scientific name	lotus
Elaeocarpus fuscoides	NCBITaxon:3796836	scientific name	lotus
Elaeocarpus habbemensis	NCBITaxon:3796853	scientific name	lotus
Elaeocarpus persicifolius	NCBITaxon:3796962	scientific name	lotus
Elaeodendron glaucum	NCBITaxon:1378000	synonym	chebi_origins,lotus
Elaeodendron papillosum	NCBITaxon:3797070	scientific name	lotus
Elaeoselinum asclepium	NCBITaxon:571611	scientific name	lotus
Electranthera cuneifolia	NCBITaxon:3797597	scientific name	lotus
Electranthera parvifolia	NCBITaxon:3797598	scientific name	lotus
Eleocharis difformis	NCBITaxon:3797641	scientific name	lotus
Elephantopus hirtiflorus	NCBITaxon:3797750	scientific name	lotus
Elephantopus tomentosus	NCBITaxon:318057	synonym	lotus
Elymus smithii	NCBITaxon:86023	synonym	lotus
Elysia grandifolia	NCBITaxon:1460388	scientific name	lotus
Elytranthe parasitica	NCBITaxon:3134736	synonym	lotus
Embelia keniensis	NCBITaxon:3797944	scientific name	lotus
Embelia schimperi	NCBITaxon:2595069	scientific name	chebi_origins
Emericella nidulans	NCBITaxon:162425	synonym	lotus
Eminium lehmannii	NCBITaxon:3798084	scientific name	lotus
Empetrum hermaphroditum	NCBITaxon:199171	synonym	lotus
Enantia	NCBITaxon:320276	scientific name	lotus
Encelia actonii	NCBITaxon:372413	synonym	lotus
Encelia stenophylla	NCBITaxon:3798134	scientific name	lotus
Endiandra anthropophagorum	NCBITaxon:3798215	scientific name	lotus
Endiandra baillonii	NCBITaxon:3256305	scientific name	lotus
Endiandra introrsa	NCBITaxon:1508303	scientific name	lotus
Endlicheria sericea	NCBITaxon:3798318	scientific name	lotus
Engelhardtia roxburghiana	NCBITaxon:139932	synonym	lotus
Enicosanthum membranifolium	NCBITaxon:235726	synonym	lotus
Enicostema littorale	NCBITaxon:1136293	scientific name	lotus
Entandrophragma delevoyi	NCBITaxon:3379976	scientific name	lotus
Entandrophragma spicatum	NCBITaxon:3379979	scientific name	lotus
Enteridium lycoperdon	NCBITaxon:1334562	synonym	lotus
Enterobacter aerogenes	NCBITaxon:548	synonym	lotus
Enteromorpha clathrata	NCBITaxon:99494	synonym	lotus
Enteromorpha compressa	NCBITaxon:63659	synonym	lotus
Enteromorpha intestinalis	NCBITaxon:3116	synonym	lotus
Enteromorpha linza	NCBITaxon:63409	synonym	lotus
Enteromorpha prolifera	NCBITaxon:3117	synonym	lotus
Epaltes brasiliensis	NCBITaxon:3800870	scientific name	lotus
Epaltes mexicana	NCBITaxon:3800873	scientific name	lotus
Ephedra gerardiana var. sikkimensis	NCBITaxon:289428	synonym	lotus
Ephedra procera	NCBITaxon:288836	synonym	lotus
Epicauta pennsylvanica	NCBITaxon:443656	synonym	lotus
Epichloe coenophiala	NCBITaxon:5047	scientific name	lotus
Epicoccum purpurascens	NCBITaxon:105696	synonym	lotus
Epilobium angustifolium	NCBITaxon:13055	synonym	lotus
Epilobium capense	NCBITaxon:3802595	scientific name	lotus
Epilobium salignum	NCBITaxon:3802649	scientific name	lotus
Equisetum debile	NCBITaxon:232203	synonym	lotus
Eremanthus brasiliensis	NCBITaxon:3803054	scientific name	lotus
Eremocitrus glauca	NCBITaxon:76963	synonym	lotus
Eremophila mitchellii	NCBITaxon:2652576	scientific name	chebi_origins
Eremurus lactiflorus	NCBITaxon:3033824	scientific name	lotus
Eremurus roseolus	NCBITaxon:3033826	scientific name	lotus
Eremurus turkestanicus	NCBITaxon:3033832	scientific name	lotus
Erepsia ramosa	NCBITaxon:3803148	scientific name	lotus
Erica spiculifolia	NCBITaxon:49138	synonym	lotus
Ericameria diffusa	NCBITaxon:199529	synonym	lotus
Ericameria nauseosa var. nauseosa	NCBITaxon:3682743	scientific name	lotus
Ericameria parryi var. parryi	NCBITaxon:3712052	scientific name	lotus
Erigeron bonariensis	NCBITaxon:91242	synonym	lotus
Erigeron flagellifolius	NCBITaxon:3750468	scientific name	lotus
Erigeron trihecatactis	NCBITaxon:3750636	scientific name	lotus
Eriobotrya deflexa	NCBITaxon:1143234	scientific name	lotus
Eriocapitella hupehensis	NCBITaxon:168000	scientific name	lotus
Eriocapitella rivularis	NCBITaxon:168006	scientific name	lotus
Eriocapitella tomentosa	NCBITaxon:1484106	scientific name	lotus
Eriocephalus giessii	NCBITaxon:3803815	scientific name	lotus
Eriocephalus kingesii	NCBITaxon:3803819	scientific name	lotus
Eriocephalus pauperrimus	NCBITaxon:3803828	scientific name	lotus
Eriocephalus punctulatus	NCBITaxon:3803831	scientific name	lotus
Eriocephalus scariosus	NCBITaxon:3803833	scientific name	lotus
Erioderma physcioides	NCBITaxon:3383923	scientific name	lotus
Erioderma wrightii	NCBITaxon:3383924	scientific name	lotus
Eriophyllum confertiflorum	NCBITaxon:3753180	scientific name	lotus
Eriostemon rhomboideus	NCBITaxon:2999145	synonym	chebi_origins
Eritrichium pauciflorum	NCBITaxon:3715571	scientific name	lotus
Erodium pulverulentum	NCBITaxon:3804212	scientific name	lotus
Eruca sativa	NCBITaxon:29727	synonym	lotus
Ervatamia hainanensis	NCBITaxon:403123	synonym	chebi_origins
Ervatamia pandacaqui	NCBITaxon:761085	synonym	chebi_origins
Erycibe expansa	NCBITaxon:3804245	scientific name	chebi_origins,lotus
Erycibe hainanensis	NCBITaxon:3804249	scientific name	lotus
Erylus placenta	NCBITaxon:1451278	scientific name	lotus
Erysimum boissieri	NCBITaxon:3804395	scientific name	lotus
Erysimum contractum	NCBITaxon:3804404	scientific name	lotus
Erysimum gladiiferum	NCBITaxon:3804424	scientific name	lotus
Erythrina barqueroana	NCBITaxon:3804552	scientific name	lotus
Erythrina burttii	NCBITaxon:2590687	scientific name	chebi_origins
Erythrina caribaea	NCBITaxon:3804555	scientific name	lotus
Erythrina indica	NCBITaxon:3845	synonym	lotus
Erythrina mildbraedii	NCBITaxon:2708827	scientific name	chebi_origins
Erythrina mulungu	NCBITaxon:3086802	scientific name	lotus
Erythrina orophila	NCBITaxon:3804562	scientific name	lotus
Erythrina poeppigiana	NCBITaxon:647292	scientific name	chebi_origins
Erythrina sigmoidea	NCBITaxon:1977555	scientific name	chebi_origins
Erythrina stricta	NCBITaxon:1679267	scientific name	chebi_origins
Erythrina subumbrans	NCBITaxon:1288014	scientific name	chebi_origins
Erythrina tholloniana	NCBITaxon:3086803	scientific name	lotus
Erythrophleum couminga	NCBITaxon:3086805	scientific name	lotus
Erythrophleum succirubrum	NCBITaxon:3086806	scientific name	lotus
Erythrospermum monticolum	NCBITaxon:1077893	synonym	lotus
Erythroxylum dekindtii	NCBITaxon:3804685	scientific name	lotus
Erythroxylum gonocladum	NCBITaxon:2589468	equivalent name	lotus
Erythroxylum hypericifolium	NCBITaxon:3115574	scientific name	lotus
Erythroxylum leal-costae	NCBITaxon:3804697	scientific name	lotus
Erythroxylum macrocarpum	NCBITaxon:3115576	scientific name	lotus
Erythroxylum moonii	NCBITaxon:3804703	scientific name	lotus
Eschenbachia japonica	NCBITaxon:1196513	synonym	lotus
Esenbeckia	NCBITaxon:124297	scientific name	lotus
Esenbeckia alata	NCBITaxon:3804775	scientific name	lotus
Esenbeckia flava	NCBITaxon:3804785	scientific name	lotus
Esenbeckia hieronymi	NCBITaxon:3804787	scientific name	lotus
Esenbeckia nesiotica	NCBITaxon:3804791	scientific name	lotus
Esenbeckia pentaphylla	NCBITaxon:3804794	scientific name	lotus
Esenbeckia pilocarpoides	NCBITaxon:3804795	scientific name	lotus
Espeletia	NCBITaxon:185152	scientific name	chebi_origins
Espeletia margarita	NCBITaxon:1873695	scientific name	lotus
Espeletiopsis guacharaca	NCBITaxon:1933562	synonym	lotus
Espeletiopsis jimenez-quesadae	NCBITaxon:185156	synonym	lotus
Espeletiopsis purpurascens	NCBITaxon:1933566	synonym	lotus
Etlingera cevuga	NCBITaxon:3743423	scientific name	lotus
Etlingera coccinea	NCBITaxon:3443518	scientific name	lotus
Etlingera megalocheilos	NCBITaxon:3098693	scientific name	lotus
Etlingera philippinensis	NCBITaxon:3743479	scientific name	lotus
Etlingera walang	NCBITaxon:3743509	scientific name	lotus
Eubacterium saburreum	NCBITaxon:467210	synonym	lotus
Eucalyptus bicostata	NCBITaxon:71272	synonym	lotus
Eucalyptus camfieldii	NCBITaxon:3804841	scientific name	lotus
Eucalyptus campanulata	NCBITaxon:3804842	scientific name	lotus
Eucalyptus dendromorpha	NCBITaxon:3804852	scientific name	lotus
Eucalyptus drepanophylla	NCBITaxon:3804854	scientific name	lotus
Eucalyptus exserta	NCBITaxon:2490922	scientific name	lotus
Eucalyptus jensenii	NCBITaxon:3804869	scientific name	lotus
Eucalyptus maidenii	NCBITaxon:183835	synonym	lotus
Eucalyptus staigeriana	NCBITaxon:3804905	scientific name	lotus
Eucarpha strobilina	NCBITaxon:3804917	scientific name	lotus
Eucomis comosa	NCBITaxon:3804943	scientific name	lotus
Eucomis pallidiflora	NCBITaxon:3804945	scientific name	lotus
Eucomis schijffii	NCBITaxon:3804946	scientific name	lotus
Eugenia caryophyllata	NCBITaxon:219868	synonym	chebi_origins
Eugenia choapamensis	NCBITaxon:3805188	scientific name	lotus
Eugenia doubledayi	NCBITaxon:3805282	scientific name	lotus
Eugenia hyemalis	NCBITaxon:1231848	scientific name	chebi_origins
Eugenia longifolia	NCBITaxon:3805488	scientific name	lotus
Eugenia zuchowskiae	NCBITaxon:3805933	scientific name	lotus
Euhalothece sp.	NCBITaxon:3100299	scientific name	cyanometdb
Eulophia bicallosa	NCBITaxon:3118512	scientific name	lotus
Eulophia macrobulbon	NCBITaxon:3806038	scientific name	lotus
Eulophia nuda	NCBITaxon:78774	synonym	lotus
Eulophia ochreata	NCBITaxon:3806058	scientific name	lotus
Eumachia montana	NCBITaxon:180036	scientific name	lotus
Eumitria baileyi	NCBITaxon:142669	synonym	lotus
Eumorphia prostrata	NCBITaxon:3122720	scientific name	lotus
Eunicella labiata	NCBITaxon:2018709	scientific name	lotus
Euodia rutaecarpa	NCBITaxon:354523	synonym	lotus
Euonymus lucidus	NCBITaxon:3723036	scientific name	lotus
Euonymus nanoides	NCBITaxon:1442725	scientific name	chebi_origins
Euonymus phellomana	NCBITaxon:1089404	synonym	lotus
Euonymus revolutus	NCBITaxon:3723047	scientific name	lotus
Eupatoriastrum nelsonii	NCBITaxon:3709130	scientific name	lotus
Eupatorium altissimum	NCBITaxon:102769	scientific name	chebi_origins
Eupatorium anomalum	NCBITaxon:3806234	scientific name	lotus
Eupatorium microphyllum	NCBITaxon:3709190	synonym	lotus
Eupatorium petiolare	NCBITaxon:3742517	synonym	lotus
Eupatorium quadrangulare	NCBITaxon:1475404	synonym	chebi_origins
Eupatorium riparium	NCBITaxon:287013	synonym	lotus
Eupatorium rufescens	NCBITaxon:1745085	synonym	chebi_origins
Eupenicillium	NCBITaxon:5073	synonym	lotus
Eupenicillium crustaceum	NCBITaxon:1132638	synonym	lotus
Euphorbia amplophylla	NCBITaxon:1129971	synonym	lotus
Euphorbia bifida	NCBITaxon:3351422	scientific name	lotus
Euphorbia bupleuroides	NCBITaxon:3687112	scientific name	lotus
Euphorbia micractina	NCBITaxon:1333928	scientific name	chebi_origins
Euphorbia parviflora	NCBITaxon:1980284	scientific name	lotus
Euphorbia pilulifera	NCBITaxon:318062	synonym	lotus
Euphorbia prolifera	NCBITaxon:1333941	scientific name	chebi_origins
Euphorbia scripta	NCBITaxon:3073093	scientific name	lotus
Euphorbia semiperfoliata	NCBITaxon:3030976	scientific name	lotus
Euphorbia sogdiana	NCBITaxon:3687136	scientific name	chebi_origins
Euphorbia tommasiniana	NCBITaxon:2943612	scientific name	lotus
Euphorbia wulfenii	NCBITaxon:526192	synonym	lotus
Euphoria longana	NCBITaxon:128017	synonym	lotus
Euphrosyne dealbata	NCBITaxon:2364184	scientific name	lotus
Euphrosyne nevadensis	NCBITaxon:2364177	scientific name	lotus
Euploca procumbens	NCBITaxon:168355	synonym	lotus
Euplotes crassus	NCBITaxon:5936	synonym	lotus
Eurya tigang	NCBITaxon:3806566	scientific name	lotus
Eurycoma harmandiana	NCBITaxon:3806579	scientific name	lotus
Euryops arabicus	NCBITaxon:551048	scientific name	chebi_origins
Euryops floribundus	NCBITaxon:3806598	scientific name	lotus
Euryops jacksonii	NCBITaxon:3806605	scientific name	lotus
Euryops pedunculatus	NCBITaxon:3806621	scientific name	lotus
Euryops rupestris	NCBITaxon:3806626	scientific name	lotus
Eustoma russellianum	NCBITaxon:52518	scientific name	lotus
Eusynstyela misakiensis	NCBITaxon:2979651	scientific name	lotus
Euxylophora paraensis	NCBITaxon:3806693	scientific name	lotus
Evodia	NCBITaxon:354493	synonym	lotus
Excoecaria kawakamii	NCBITaxon:3806850	scientific name	lotus
Excoecaria parvifolia	NCBITaxon:3806855	scientific name	lotus
Eysenhardtia subcoriacea	NCBITaxon:3086815	scientific name	lotus
Fagopyrum megacarpum	NCBITaxon:154596	synonym	lotus
Fagraea blumei	NCBITaxon:3806936	scientific name	lotus
Fagraea fragrans	NCBITaxon:84942	synonym	lotus
Falconeria insignis	NCBITaxon:2662996	scientific name	lotus
Fallopia cilinode	NCBITaxon:105046	synonym	lotus
Fallopia japonica var. japonica	NCBITaxon:580467	synonym	lotus
Fehmii	NCBITaxon:2690080	scientific name	lotus
Feijoa sellowiana	NCBITaxon:260130	scientific name	lotus
Ferreyranthus fruticosus	NCBITaxon:3807322	scientific name	lotus
Ferula arrigonii	NCBITaxon:3807329	scientific name	lotus
Ferula calcarea	NCBITaxon:3807336	scientific name	lotus
Ferula conocaula	NCBITaxon:2976224	scientific name	chebi_origins,lotus
Ferula dshaudshamyr	NCBITaxon:371339	synonym	lotus
Ferula fukanensis	NCBITaxon:1271630	scientific name	chebi_origins
Ferula lancerotensis	NCBITaxon:2050570	scientific name	lotus
Ferula lancerottensis	NCBITaxon:2050570	synonym	lotus
Ferula latipinna	NCBITaxon:3807345	scientific name	lotus
Ferula lycia	NCBITaxon:3807346	scientific name	lotus
Ferula malacophylla	NCBITaxon:3807347	scientific name	lotus
Ferula mongolica	NCBITaxon:3807348	scientific name	lotus
Ferula persica var. latisecta	NCBITaxon:3091376	synonym	lotus
Ferula soongarica	NCBITaxon:371388	synonym	lotus
Ferula vicaria	NCBITaxon:3807364	scientific name	lotus
Ferulago contracta	NCBITaxon:3350077	synonym	lotus
Festuca arundinacea	NCBITaxon:4606	synonym	lotus
Festuca versuta	NCBITaxon:1510394	scientific name	lotus
Ficus salicifolia	NCBITaxon:106724	synonym	lotus
Filifolium sibiricum	NCBITaxon:217469	scientific name	lotus
Filipendula purpurea	NCBITaxon:32227	synonym	lotus
Fimbristylis acicularis	NCBITaxon:3807975	scientific name	lotus
Fimbristylis caespitosa	NCBITaxon:3808004	scientific name	lotus
Fimbristylis eremophila	NCBITaxon:3808042	scientific name	lotus
Fimbristylis macrantha	NCBITaxon:3721199	synonym	lotus
Fimbristylis nuda	NCBITaxon:3808116	scientific name	lotus
Fischerella ambigua	NCBITaxon:56108	scientific name	cyanometdb
Fischerella muscicola	NCBITaxon:92938	scientific name	cyanometdb
Fischerella sp.	NCBITaxon:1191	scientific name	cyanometdb
Fissistigma balansae	NCBITaxon:2998686	scientific name	lotus
Fissistigma bracteolatum	NCBITaxon:2998623	scientific name	lotus
Fissistigma cavaleriei	NCBITaxon:3808244	scientific name	lotus
Fissistigma lanuginosum	NCBITaxon:3040826	scientific name	lotus
Fissistigma latifolium	NCBITaxon:2986191	scientific name	lotus
Fissistigma pallens	NCBITaxon:3057630	scientific name	lotus
Fissistigma punctulatum	NCBITaxon:3039113	synonym	lotus
Fissistigma retusum	NCBITaxon:3054219	scientific name	lotus
Fitzalania heteropetala	NCBITaxon:235732	synonym	lotus
Fleischmannia deborabellae	NCBITaxon:3808305	scientific name	lotus
Fleischmannia hymenophylla	NCBITaxon:3808321	scientific name	lotus
Fleischmannia microstemon	NCBITaxon:3808337	scientific name	lotus
Fleischmannia multinervis	NCBITaxon:3808340	scientific name	lotus
Fleischmannia pratensis	NCBITaxon:3808351	scientific name	lotus
Flindersia bennettii	NCBITaxon:3158614	scientific name	lotus
Floribundaria aurea	NCBITaxon:245400	synonym	lotus
Floricola striata	NCBITaxon:394658	synonym	lotus
Flourensia cernua	NCBITaxon:2604028	scientific name	chebi_origins
Flourensia ilicifolia	NCBITaxon:3808406	scientific name	lotus
Flourensia macrophylla	NCBITaxon:3709531	synonym	lotus
Foeniculum dulce	NCBITaxon:427764	synonym	chebi_origins
Foetidia africana	NCBITaxon:3808419	scientific name	lotus
Fokienia hodginsii	NCBITaxon:89191	synonym	lotus
Fomes senex	NCBITaxon:1050263	synonym	lotus
Fomitopsis officinalis	NCBITaxon:270279	synonym	lotus
Fontanesia fortunei	NCBITaxon:126411	synonym	lotus
Fontanesia philliraeoides	NCBITaxon:126410	scientific name	lotus
Fordia fruticosa	NCBITaxon:3808453	scientific name	lotus
Fortunella crassifolia	NCBITaxon:76966	synonym	chebi_origins
Fortunella obovata	NCBITaxon:76966	synonym	chebi_origins
Fragilaria cylindrus	NCBITaxon:186039	synonym	lotus
Fragilaria oceanica	NCBITaxon:858357	synonym	lotus
Francisella tularensis	NCBITaxon:263	scientific name	bindingdb
Frangula granulosa	NCBITaxon:3086055	scientific name	lotus
Frankenia thymifolia	NCBITaxon:3056616	scientific name	lotus
Friesodielsia enghiana	NCBITaxon:1202417	synonym	lotus
Fritillaria camtschatcensis	NCBITaxon:61236	synonym	lotus
Fuchsia abrupta	NCBITaxon:3809497	scientific name	lotus
Fuchsia ampliata	NCBITaxon:3809499	scientific name	lotus
Fuchsia apetala	NCBITaxon:3809500	scientific name	lotus
Fuchsia austromontana	NCBITaxon:3809502	scientific name	lotus
Fuchsia ayavacensis	NCBITaxon:3809503	scientific name	lotus
Fuchsia cestroides	NCBITaxon:3809508	scientific name	lotus
Fuchsia chloroloba	NCBITaxon:3809509	scientific name	lotus
Fuchsia corollata	NCBITaxon:3809514	scientific name	lotus
Fuchsia corymbiflora	NCBITaxon:3809515	scientific name	lotus
Fuchsia decidua	NCBITaxon:3809518	scientific name	lotus
Fuchsia dependens	NCBITaxon:3809519	scientific name	lotus
Fuchsia ferreyrae	NCBITaxon:3809520	scientific name	lotus
Fuchsia fontinalis	NCBITaxon:3809521	scientific name	lotus
Fuchsia furfuracea	NCBITaxon:3809522	scientific name	lotus
Fuchsia gehrigeri	NCBITaxon:3809523	scientific name	lotus
Fuchsia harlingii	NCBITaxon:3809525	scientific name	lotus
Fuchsia hirtella	NCBITaxon:3809526	scientific name	lotus
Fuchsia juntasensis	NCBITaxon:3809529	scientific name	lotus
Fuchsia lehmannii	NCBITaxon:3809530	scientific name	lotus
Fuchsia loxensis	NCBITaxon:3809532	scientific name	lotus
Fuchsia macrophylla	NCBITaxon:3809534	scientific name	lotus
Fuchsia mathewsii	NCBITaxon:3809535	scientific name	lotus
Fuchsia membranacea	NCBITaxon:3809536	scientific name	lotus
Fuchsia obconica	NCBITaxon:3809539	scientific name	lotus
Fuchsia ovalis	NCBITaxon:3809541	scientific name	lotus
Fuchsia pallescens	NCBITaxon:3809542	scientific name	lotus
Fuchsia petiolaris	NCBITaxon:3809543	scientific name	lotus
Fuchsia polyantha	NCBITaxon:3809545	scientific name	lotus
Fuchsia pringsheimii	NCBITaxon:3809546	scientific name	lotus
Fuchsia putumayensis	NCBITaxon:3809547	scientific name	lotus
Fuchsia rivularis	NCBITaxon:3809549	scientific name	lotus
Fuchsia sanctae-rosae	NCBITaxon:3809551	scientific name	lotus
Fuchsia scabriuscula	NCBITaxon:3809553	scientific name	lotus
Fuchsia sessilifolia	NCBITaxon:3809555	scientific name	lotus
Fuchsia simplicicaulis	NCBITaxon:3809556	scientific name	lotus
Fuchsia steyermarkii	NCBITaxon:3809557	scientific name	lotus
Fuchsia sylvatica	NCBITaxon:3809559	scientific name	lotus
Fuchsia tillettiana	NCBITaxon:3809560	scientific name	lotus
Fuchsia tincta	NCBITaxon:3809561	scientific name	lotus
Fuchsia tunariensis	NCBITaxon:3809562	scientific name	lotus
Fuchsia venusta	NCBITaxon:3809563	scientific name	lotus
Fuchsia wurdackii	NCBITaxon:3809564	scientific name	lotus
Fuirena incrassata	NCBITaxon:3809593	scientific name	lotus
Fulvifomes merrillii	NCBITaxon:475282	scientific name	lotus
Fumaria parviflora	NCBITaxon:1464625	scientific name	chebi_origins
Fumaria schleicheri	NCBITaxon:1532837	scientific name	lotus
Fungi	NCBITaxon:4751	scientific name	chebi_origins
Furcraea hexapetala	NCBITaxon:3686047	scientific name	lotus
Fusarium crookwellense	NCBITaxon:56641	synonym	lotus
Fusarium pallidoroseum	NCBITaxon:298378	synonym	lotus
Fusarium roseum	NCBITaxon:5128	synonym	lotus
Fusarium sp.	NCBITaxon:29916	scientific name	chebi_origins
Fuscoporia rhabarbarina	NCBITaxon:183307	synonym	lotus
Fusidium viride	NCBITaxon:61182	synonym	lotus
Gahnia filifolia	NCBITaxon:3809804	scientific name	lotus
Gahnia lanigera	NCBITaxon:3809810	scientific name	lotus
Gahnia microstachya	NCBITaxon:3809813	scientific name	lotus
Gahnia subaequiglumis	NCBITaxon:3809819	scientific name	lotus
Gaillardia cabrerae	NCBITaxon:3809822	scientific name	lotus
Gaillardia grandiflora	NCBITaxon:931221	synonym	lotus
Gaillardia tontalensis	NCBITaxon:3809824	scientific name	lotus
Galaxaura marginata	NCBITaxon:268567	synonym	lotus
Galega battiscombei	NCBITaxon:3086062	scientific name	lotus
Galeola septentrionalis	NCBITaxon:112170	synonym	lotus
Galianthe thalictroides	NCBITaxon:3399547	scientific name	lotus
Galinsoga ciliata	NCBITaxon:183030	synonym	lotus
Galipea panamensis	NCBITaxon:3809984	scientific name	lotus
Galium aegeum	NCBITaxon:3810038	scientific name	lotus
Galium heldreichii	NCBITaxon:3810194	scientific name	lotus
Galium macedonicum	NCBITaxon:3810240	scientific name	lotus
Galium melanantherum	NCBITaxon:3810250	scientific name	lotus
Galium semiamictum	NCBITaxon:3810353	scientific name	lotus
Galium sinaicum	NCBITaxon:3810364	scientific name	lotus
Gallus gallus	NCBITaxon:9031	scientific name	bindingdb
Gambierdiscus	NCBITaxon:373097	scientific name	lotus
Gamochaeta malvinensis	NCBITaxon:1906820	equivalent name	lotus
Ganoderma amboinense	NCBITaxon:2952274	scientific name	lotus
Ganophyllum giganteum	NCBITaxon:3810458	scientific name	lotus
Garcia parviflora	NCBITaxon:3810459	scientific name	chebi_origins,lotus
Garcinia acuminata	NCBITaxon:231903	scientific name	lotus
Garcinia aristata	NCBITaxon:3240331	scientific name	lotus
Garcinia binucao	NCBITaxon:3457547	scientific name	lotus
Garcinia brasiliensis	NCBITaxon:3446931	scientific name	chebi_origins,lotus
Garcinia buchananii	NCBITaxon:3737495	scientific name	lotus
Garcinia buchneri	NCBITaxon:3737496	scientific name	lotus
Garcinia calcicola	NCBITaxon:3737508	scientific name	lotus
Garcinia cochinchinensis	NCBITaxon:3737523	scientific name	lotus
Garcinia corallina	NCBITaxon:3737525	scientific name	lotus
Garcinia cornea	NCBITaxon:469923	synonym	lotus
Garcinia crassifolia	NCBITaxon:3737529	scientific name	lotus
Garcinia cymosa	NCBITaxon:198793	scientific name	lotus
Garcinia densivenia	NCBITaxon:3737540	scientific name	chebi_origins,lotus
Garcinia diospyrifolia	NCBITaxon:3737543	scientific name	lotus
Garcinia echinocarpa	NCBITaxon:3737548	scientific name	chebi_origins,lotus
Garcinia esculenta	NCBITaxon:3106216	scientific name	lotus
Garcinia fusca	NCBITaxon:3737560	scientific name	lotus
Garcinia gardneriana	NCBITaxon:469955	synonym	lotus
Garcinia gaudichaudii	NCBITaxon:2516490	scientific name	chebi_origins
Garcinia huillensis	NCBITaxon:3737580	scientific name	lotus
Garcinia lancilimba	NCBITaxon:1679433	scientific name	chebi_origins
Garcinia linii	NCBITaxon:3737605	scientific name	lotus
Garcinia merguensis	NCBITaxon:1489654	scientific name	chebi_origins
Garcinia morella	NCBITaxon:1585849	scientific name	chebi_origins
Garcinia myrtifolia	NCBITaxon:3737643	scientific name	lotus
Garcinia neglecta	NCBITaxon:3737644	scientific name	lotus
Garcinia oligantha	NCBITaxon:3737652	scientific name	lotus
Garcinia pedunculata	NCBITaxon:1220708	scientific name	chebi_origins
Garcinia pseudoguttifera	NCBITaxon:3737681	scientific name	lotus
Garcinia puat	NCBITaxon:3737682	scientific name	lotus
Garcinia pyrifera	NCBITaxon:3737686	scientific name	lotus
Garcinia quaesita	NCBITaxon:3737690	scientific name	lotus
Garcinia terpnophylla	NCBITaxon:3737734	scientific name	chebi_origins,lotus
Garcinia thwaitesii	NCBITaxon:3737739	scientific name	lotus
Garcinia vieillardii	NCBITaxon:3737756	scientific name	chebi_origins,lotus
Garcinia virgata	NCBITaxon:3737757	scientific name	lotus
Gardenia crameri	NCBITaxon:3737784	scientific name	lotus
Gardenia fosbergii	NCBITaxon:3737792	scientific name	lotus
Gardenia gordonii	NCBITaxon:3737795	scientific name	lotus
Gardenia hillii	NCBITaxon:3737798	scientific name	lotus
Gardenia storckii	NCBITaxon:3737830	scientific name	lotus
Garrya longifolia	NCBITaxon:3737871	scientific name	lotus
Gaultheria leucocarpa var. yunnanensis	NCBITaxon:2934325	scientific name	lotus
Gaultheria miqueliana	NCBITaxon:95633	synonym	lotus
Geigeria africana	NCBITaxon:3737081	scientific name	lotus
Gelonium aequoreum	NCBITaxon:316818	synonym	chebi_origins
Genipa spruceana	NCBITaxon:3082575	scientific name	lotus
Genista anatolica	NCBITaxon:3811265	scientific name	lotus
Genista ancistrocarpa	NCBITaxon:3811266	scientific name	lotus
Genista burdurensis	NCBITaxon:3811271	scientific name	lotus
Genista cadasonensis	NCBITaxon:3811272	scientific name	lotus
Genista compacta	NCBITaxon:3811273	scientific name	lotus
Genista cupanii	NCBITaxon:238484	synonym	lotus
Genista dracunculoides	NCBITaxon:3811275	scientific name	lotus
Genista libanotica	NCBITaxon:3811283	scientific name	lotus
Genista linifolia	NCBITaxon:319663	scientific name	lotus
Genista maderensis	NCBITaxon:175407	scientific name	lotus
Genista morisii	NCBITaxon:3811287	scientific name	lotus
Genista pichisermolliana	NCBITaxon:3811292	scientific name	lotus
Genista stenopetala	NCBITaxon:49851	scientific name	lotus
Genista subcapitata	NCBITaxon:3811299	scientific name	lotus
Genista transcaucasica	NCBITaxon:2707136	scientific name	lotus
Gentiana barbata	NCBITaxon:156522	synonym	chebi_origins
Gentiana bellidifolia	NCBITaxon:85040	synonym	chebi_origins
Gentiana crassa	NCBITaxon:3097544	scientific name	lotus
Gentiana detonsa	NCBITaxon:669700	synonym	chebi_origins
Gentiana elwesii	NCBITaxon:3811388	scientific name	lotus
Gentiana formosa	NCBITaxon:3811392	scientific name	lotus
Gentiana germanica	NCBITaxon:49961	synonym	chebi_origins
Gentiana ramosa	NCBITaxon:242218	synonym	chebi_origins
Gentiana schleicheri	NCBITaxon:442721	scientific name	chebi_origins
Gentiana tenella	NCBITaxon:49963	synonym	chebi_origins
Gentianella multicaulis	NCBITaxon:3811609	scientific name	lotus
Gentianella selaginifolia	NCBITaxon:3811667	scientific name	lotus
Gentianopsis barbellata	NCBITaxon:3811701	scientific name	lotus
Gentianopsis simplex	NCBITaxon:3811703	scientific name	lotus
Geodia barretti	NCBITaxon:519541	scientific name	chebi_origins
Geomyces pannorum	NCBITaxon:79858	synonym	lotus
Geosmithia namyslowskii	NCBITaxon:96007	synonym	lotus
Geranium bellum	NCBITaxon:3811786	scientific name	lotus
Geranium niveum	NCBITaxon:3811872	scientific name	chebi_origins,lotus
Geranium yemense	NCBITaxon:3811953	scientific name	lotus
Gerbera linnaei	NCBITaxon:3811960	scientific name	lotus
Gibberella	NCBITaxon:5506	synonym	lotus
Gibberella fujikuroi	NCBITaxon:5127	synonym	lotus
Gibberella zeae	NCBITaxon:5518	synonym	lotus
Gigartina leptorhynchos	NCBITaxon:29233	synonym	lotus
Glandularia quadrangulata	NCBITaxon:3812311	scientific name	lotus
Glaucium contortuplicatum	NCBITaxon:3800551	scientific name	lotus
Glaucium elegans	NCBITaxon:2770818	scientific name	lotus
Glaucium grandiflorum	NCBITaxon:3800554	scientific name	lotus
Glaucium vitellinum	NCBITaxon:3800560	scientific name	chebi_origins
Glebionis carinata	NCBITaxon:99064	synonym	lotus
Glenodinium	NCBITaxon:304052	scientific name	lotus
Gliocladium flavofuscum	NCBITaxon:29875	synonym	lotus
Gliocladium roseum	NCBITaxon:29856	synonym	lotus
Globularia alypum	NCBITaxon:1533088	scientific name	chebi_origins
Glochidion eriocarpum	NCBITaxon:648869	scientific name	chebi_origins
Glossocarya calcicola	NCBITaxon:3812718	scientific name	lotus
Glossocarya scandens	NCBITaxon:3812723	scientific name	lotus
Gluconacetobacter europaeus	NCBITaxon:33995	synonym	lotus
Gluconacetobacter xylinus	NCBITaxon:28448	synonym	lotus
Glycosmis angustifolia	NCBITaxon:2767045	scientific name	lotus
Glycosmis lanceolata	NCBITaxon:3812792	scientific name	lotus
Glycosmis petelotii	NCBITaxon:3812799	scientific name	lotus
Glycosmis puberula	NCBITaxon:3027331	scientific name	lotus
Glyptopetalum sclerocarpum	NCBITaxon:3812832	scientific name	lotus
Gmelina vitiensis	NCBITaxon:3812863	scientific name	lotus
Gnaphalium liebmannii	NCBITaxon:3398169	synonym	lotus
Gnaphalium oxyphyllum	NCBITaxon:1754127	synonym	lotus
Gnaphalium viravira	NCBITaxon:1754180	synonym	lotus
Gnetum venosum	NCBITaxon:3812935	scientific name	lotus
Gnidia chrysantha	NCBITaxon:2979313	scientific name	lotus
Gnidia glauca	NCBITaxon:360584	synonym	lotus
Gnidia involucrata	NCBITaxon:3812950	scientific name	lotus
Gnidia kraussiana	NCBITaxon:142746	synonym	lotus
Gnidia subcordata	NCBITaxon:2806817	synonym	lotus
Gobius niger	NCBITaxon:85417	scientific name	chebi_origins
Gochnatia glutinosa	NCBITaxon:1542365	synonym	lotus
Gomphostemma microdon	NCBITaxon:3025155	scientific name	lotus
Gomphostemma niveum	NCBITaxon:1579018	scientific name	lotus
Gonioma malagasy	NCBITaxon:3813371	scientific name	lotus
Goniothalamus donnaiensis	NCBITaxon:3054242	scientific name	lotus
Goniothalamus leiocarpus	NCBITaxon:3813380	scientific name	lotus
Goniothalamus wightii	NCBITaxon:3075256	scientific name	lotus
Gonocytisus angulatus	NCBITaxon:3259513	scientific name	lotus
Gonocytisus dirmilensis	NCBITaxon:3813413	scientific name	lotus
Gonospermum elegans	NCBITaxon:99056	synonym	lotus
Gonospermum revolutum	NCBITaxon:99078	scientific name	lotus
Gonyaulax catenella	NCBITaxon:2925	synonym	lotus
Gonyaulax tamarensis	NCBITaxon:2926	synonym	lotus
Gonzalezia decurrens	NCBITaxon:1048926	scientific name	lotus
Gonzalezia hypargyrea	NCBITaxon:1048925	scientific name	lotus
Gouania ulmifolia	NCBITaxon:3089872	scientific name	lotus
Gracilaria coronopifolia	NCBITaxon:439548	scientific name	cyanometdb
Gracilaria lemaneiformis	NCBITaxon:2782	synonym	lotus
Gracilaria verrucosa	NCBITaxon:172976	synonym	lotus
Grammosolen odgersii	NCBITaxon:195734	scientific name	lotus
Grazielia gaudichaudiana	NCBITaxon:3813790	scientific name	lotus
Grevillea pyramidalis	NCBITaxon:3814020	scientific name	lotus
Grewia bilamellata	NCBITaxon:3741280	scientific name	lotus
Griffitharia lanata	NCBITaxon:3095447	scientific name	lotus
Grosvenoria rimbachii	NCBITaxon:3709149	scientific name	lotus
Guarea rhopalocarpa	NCBITaxon:3814258	scientific name	lotus
Guatteria hirsuta	NCBITaxon:3126640	scientific name	lotus
Guatteria lucens	NCBITaxon:343326	scientific name	lotus
Guatteria ucayalina	NCBITaxon:2949179	scientific name	lotus
Guettarda grazielae	NCBITaxon:2315992	scientific name	lotus
Guevaria sodiroi	NCBITaxon:3709154	scientific name	lotus
Guignardia laricina	NCBITaxon:121618	synonym	lotus
Guilandina minax	NCBITaxon:857496	scientific name	lotus
Guilandina volkensii	NCBITaxon:1387603	scientific name	lotus
Guillonea scabra	NCBITaxon:571615	synonym	lotus
Gutierrezia espinosae	NCBITaxon:3814616	scientific name	lotus
Gutierrezia grandis	NCBITaxon:3814619	scientific name	lotus
Gutierrezia microcephala	NCBITaxon:1873157	scientific name	lotus
Gutierrezia resinosa	NCBITaxon:3027739	scientific name	lotus
Gutierrezia solbrigii	NCBITaxon:3814631	scientific name	lotus
Gutierrezia sphaerocephala	NCBITaxon:3814632	scientific name	lotus
Gymnanthemum extensum	NCBITaxon:3814808	scientific name	lotus
Gymnascella hyalinospora	NCBITaxon:78596	synonym	lotus
Gymnoascus reticulatus	NCBITaxon:113397	synonym	lotus
Gymnocladus dioica	NCBITaxon:53883	synonym	lotus
Gymnodinium breve	NCBITaxon:156230	synonym	lotus
Gymnodinium lunula	NCBITaxon:2972	synonym	lotus
Gymnodinium sanguineum	NCBITaxon:143672	synonym	lotus
Gymnogongrus furcellatus	NCBITaxon:38470	synonym	lotus
Gymnospermium smirnovii	NCBITaxon:1898434	synonym	lotus
Gymnosporia acuminata	NCBITaxon:205464	synonym	lotus
Gymnosporia buchananii	NCBITaxon:3814943	scientific name	lotus
Gymnosporia confertiflora	NCBITaxon:593755	scientific name	lotus
Gymnosporia dryandri	NCBITaxon:2915321	synonym	lotus
Gymnosporia emarginata	NCBITaxon:1789567	scientific name	chebi_origins
Gymnosporia ovata	NCBITaxon:3814977	scientific name	lotus
Gymnosporia serrata	NCBITaxon:1696185	scientific name	lotus
Gymnosporia szyszylowiczii	NCBITaxon:992706	synonym	lotus
Gynoxys dielsiana	NCBITaxon:3815132	scientific name	lotus
Gynura elliptica	NCBITaxon:3815218	scientific name	lotus
Gynura scandens	NCBITaxon:3815234	scientific name	lotus
Gypsophila oldhamiana	NCBITaxon:1830165	scientific name	chebi_origins
Gyrodinium	NCBITaxon:60594	scientific name	lotus
Gyrodinium resplendens	NCBITaxon:1760868	synonym	lotus
Gyrophora esculenta	NCBITaxon:161684	synonym	lotus
Habenaria digitata	NCBITaxon:3815468	scientific name	lotus
Habranthus brachyandrus	NCBITaxon:146427	synonym	lotus
Hackelia latifolia	NCBITaxon:1288173	scientific name	lotus
Haeckeria pholidota	NCBITaxon:1284897	scientific name	lotus
Haemanthus carneus	NCBITaxon:3058980	scientific name	lotus
Haematococcus pluvialis	NCBITaxon:44745	synonym	lotus
Haematomma puniceum	NCBITaxon:3104692	scientific name	lotus
Haemodorum corymbosum	NCBITaxon:3230503	scientific name	lotus
Hakea amplexicaulis	NCBITaxon:3815947	scientific name	lotus
Hakea bakeriana	NCBITaxon:3815949	scientific name	lotus
Halenia elata	NCBITaxon:3816006	scientific name	lotus
Halichondria genitrix	NCBITaxon:3292564	scientific name	lotus
Haliclona chilensis	NCBITaxon:608184	scientific name	lotus
Haliclona lacazei	NCBITaxon:1385798	scientific name	lotus
Haliclona nigra	NCBITaxon:608312	scientific name	lotus
Haliclona tulearensis	NCBITaxon:608125	scientific name	lotus
Halimione portulacoides	NCBITaxon:376799	synonym	lotus
Halityle regularis	NCBITaxon:3055462	scientific name	lotus
Halla parthenopeia	NCBITaxon:3089405	scientific name	lotus
Halobacterium halobium	NCBITaxon:2242	synonym	lotus
Halomicronema hongdechloris	NCBITaxon:1209493	scientific name	cyanometdb
Halosarcia doleiformis	NCBITaxon:279020	synonym	lotus
Haloxylon scoparium	NCBITaxon:1665493	synonym	lotus
Haloxylon tamariscifolium	NCBITaxon:996503	synonym	lotus
Halymenia floresia	NCBITaxon:118377	synonym	lotus
Hamelia magnifolia	NCBITaxon:3816093	scientific name	lotus
Handroanthus chrysotrichus	NCBITaxon:69902	synonym	lotus
Handroanthus incanus	NCBITaxon:3816142	scientific name	lotus
Hansenula anomala	NCBITaxon:4927	scientific name	lotus
Hansfordia sinuosae	NCBITaxon:1217297	synonym	lotus
Hapalopilus nidulans	NCBITaxon:114826	synonym	lotus
Hapalosiphon delicatulus	NCBITaxon:210996	scientific name	cyanometdb
Hapalosiphon hibernicus	NCBITaxon:481449	scientific name	cyanometdb
Hapalosiphon welwitschii	NCBITaxon:162986	scientific name	cyanometdb
Haploclathra leiantha	NCBITaxon:3816184	scientific name	lotus
Haplopappus angustifolius	NCBITaxon:3816217	scientific name	lotus
Haplopappus baylahuen	NCBITaxon:3816218	scientific name	lotus
Haplopappus canescens	NCBITaxon:2907093	synonym	lotus
Haplopappus chrysanthemifolius	NCBITaxon:3051055	scientific name	lotus
Haplopappus deserticola	NCBITaxon:3816223	scientific name	lotus
Haplopappus diplopappus	NCBITaxon:3816224	scientific name	lotus
Haplopappus hirtellus	NCBITaxon:3816228	scientific name	lotus
Haplopappus integerrimus	NCBITaxon:3027741	scientific name	lotus
Haplopappus marginalis	NCBITaxon:147775	synonym	lotus
Haplopappus pulchellus	NCBITaxon:3816243	scientific name	lotus
Haplopappus remyanus	NCBITaxon:3027746	scientific name	lotus
Haplopappus rengifoanus	NCBITaxon:3816247	scientific name	lotus
Haplopappus taeda	NCBITaxon:3027748	scientific name	lotus
Haplophyllum ferganicum	NCBITaxon:3753257	scientific name	lotus
Haplophyllum multicaule	NCBITaxon:3753262	scientific name	lotus
Haplophyllum pedicellatum	NCBITaxon:3753263	scientific name	lotus
Haplophyllum rosmarinifolium	NCBITaxon:266082	synonym	lotus
Haplophyllum vulcanicum	NCBITaxon:3753269	scientific name	lotus
Haplophyton cimicidum	NCBITaxon:3753271	scientific name	lotus
Haplophyton cimicidum var. crooksii	NCBITaxon:141567	synonym	lotus
Haplostichanthus johnsonii	NCBITaxon:1255794	synonym	lotus
Haptocillium balanoides	NCBITaxon:93589	synonym	lotus
Hasteola suaveolens	NCBITaxon:422328	synonym	lotus
Hebe parviflora	NCBITaxon:163752	synonym	lotus
Hedeoma mandoniana	NCBITaxon:3816448	scientific name	lotus
Hedera	NCBITaxon:4051	scientific name	lotus
Hedera taurica	NCBITaxon:3816479	scientific name	lotus
Hedychium champasakense	NCBITaxon:2827368	scientific name	lotus
Hedychium longipetalum	NCBITaxon:3770401	scientific name	lotus
Hedyotis auricularia	NCBITaxon:462683	synonym	lotus
Hedyotis capitellata	NCBITaxon:499957	synonym	lotus
Hedyotis pruinosa	NCBITaxon:3770489	scientific name	lotus
Hedypnois cretica	NCBITaxon:268036	synonym	lotus
Hedysarum branthii	NCBITaxon:3089888	scientific name	lotus
Hedysarum coronarium	NCBITaxon:299721	synonym	lotus
Hedysarum sachalinense	NCBITaxon:3816539	scientific name	lotus
Hedysarum sajanicum	NCBITaxon:3816540	scientific name	lotus
Hedysarum setigerum	NCBITaxon:2023785	scientific name	lotus
Heisteria nitida	NCBITaxon:3816578	scientific name	lotus
Helianthus lehmannii	NCBITaxon:1048905	synonym	lotus
Helianthus petiolaris var. canescens	NCBITaxon:74145	synonym	lotus
Helichrysum albirosulatum	NCBITaxon:3162147	scientific name	lotus
Helichrysum argyrolepis	NCBITaxon:3030056	scientific name	lotus
Helichrysum athrixiifolium	NCBITaxon:3030057	scientific name	lotus
Helichrysum bracteiferum	NCBITaxon:3030062	scientific name	lotus
Helichrysum cameroonense	NCBITaxon:3030065	scientific name	lotus
Helichrysum coriaceum	NCBITaxon:3030069	scientific name	lotus
Helichrysum decorum	NCBITaxon:3030072	scientific name	lotus
Helichrysum drakensbergense	NCBITaxon:3030076	scientific name	lotus
Helichrysum gymnocomum	NCBITaxon:3030087	scientific name	lotus
Helichrysum harveyanum	NCBITaxon:3030088	scientific name	lotus
Helichrysum heterolasium	NCBITaxon:3030090	scientific name	lotus
Helichrysum hyphocephalum	NCBITaxon:3162091	scientific name	lotus
Helichrysum krebsianum	NCBITaxon:3030097	scientific name	lotus
Helichrysum luteoalbum	NCBITaxon:59425	synonym	lotus
Helichrysum moeserianum	NCBITaxon:3030113	scientific name	lotus
Helichrysum nanum	NCBITaxon:3030116	scientific name	lotus
Helichrysum nitens	NCBITaxon:3030118	scientific name	lotus
Helichrysum nudifolium var. nudifolium	NCBITaxon:3119074	scientific name	lotus
Helichrysum nudifolium var. oxyphyllum	NCBITaxon:3030042	scientific name	lotus
Helichrysum nudifolium var. pilosellum	NCBITaxon:3119075	scientific name	lotus
Helichrysum oocephalum	NCBITaxon:3132128	scientific name	lotus
Helichrysum pedunculatum	NCBITaxon:3162086	scientific name	lotus
Helichrysum revolutum	NCBITaxon:2584535	scientific name	lotus
Helichrysum rotundatum	NCBITaxon:3162081	scientific name	lotus
Helichrysum subfalcatum	NCBITaxon:3030136	scientific name	lotus
Helichrysum subglomeratum	NCBITaxon:3030137	scientific name	lotus
Helichrysum tenuiculum	NCBITaxon:3162061	scientific name	lotus
Helichrysum tenuifolium	NCBITaxon:3030141	scientific name	lotus
Helichrysum thapsus	NCBITaxon:3030143	scientific name	lotus
Helicteres hirsuta	NCBITaxon:1489665	scientific name	chebi_origins
Helinus ovatus	NCBITaxon:3089893	scientific name	lotus
Heliotropium acutiflorum	NCBITaxon:2764649	scientific name	lotus
Heliotropium bovei	NCBITaxon:3816775	scientific name	lotus
Heliotropium bracteatum	NCBITaxon:2860759	synonym	lotus
Heliotropium circinatum	NCBITaxon:3816782	scientific name	lotus
Heliotropium crassifolium	NCBITaxon:244094	scientific name	lotus
Heliotropium disciforme	NCBITaxon:3816788	scientific name	lotus
Heliotropium dissitiflorum	NCBITaxon:3816789	scientific name	lotus
Heliotropium esfandiarii	NCBITaxon:3816795	scientific name	lotus
Heliotropium keralense	NCBITaxon:3031181	scientific name	lotus
Heliotropium maris-mortui	NCBITaxon:3816833	scientific name	lotus
Heliotropium olgae	NCBITaxon:3816841	scientific name	lotus
Heliotropium racemosum	NCBITaxon:1799586	synonym	lotus
Heliotropium rotundifolium	NCBITaxon:3816859	scientific name	lotus
Heliotropium sarmentosum	NCBITaxon:3816867	scientific name	lotus
Helipterum floribundum	NCBITaxon:2529049	synonym	lotus
Helix aspersa	NCBITaxon:6535	synonym	lotus
Helminthosporium maydis	NCBITaxon:5016	synonym	lotus
Helogyne apaloidea	NCBITaxon:3709170	scientific name	lotus
Helogyne hutchisonii	NCBITaxon:3709173	scientific name	lotus
Hemsleya dolichocarpa	NCBITaxon:3817074	scientific name	lotus
Heptaptera anatolica	NCBITaxon:3818724	scientific name	lotus
Heptaptera triquetra	NCBITaxon:3818728	scientific name	lotus
Heracleum lanatum	NCBITaxon:40918	synonym	lotus
Heracleum pinnatum	NCBITaxon:376875	synonym	lotus
Heracleum pyrenaicum	NCBITaxon:489412	synonym	lotus
Heritiera ornithocephala	NCBITaxon:3818788	scientific name	lotus
Herniaria fontanesii	NCBITaxon:3752918	scientific name	lotus
Herniaria mauritanica	NCBITaxon:3752925	scientific name	lotus
Herniaria polygama	NCBITaxon:3752934	scientific name	lotus
Herrania balaensis	NCBITaxon:3133873	scientific name	lotus
Hesperantha falcata	NCBITaxon:3809291	scientific name	lotus
Hesperozygis ringens	NCBITaxon:3809266	scientific name	lotus
Heterocondylus didymus	NCBITaxon:3818997	scientific name	lotus
Heterodermia domingensis	NCBITaxon:3384073	scientific name	lotus
Heterodermia galactophylla	NCBITaxon:1301572	synonym	lotus
Heteronema erecta	NCBITaxon:279628	synonym	lotus
Heteropappus altaicus	NCBITaxon:983245	synonym	lotus
Heterophragma quadriloculare	NCBITaxon:3819022	scientific name	lotus
Heteropolygonatum alte-lobatum	NCBITaxon:1618030	scientific name	lotus
Heterosigma	NCBITaxon:2828	scientific name	lotus
Hexastylis arifolia	NCBITaxon:76093	synonym	lotus
Hexastylis virginica	NCBITaxon:76095	synonym	lotus
Hibiscus elatus	NCBITaxon:343497	synonym	lotus
Hibiscus huegelii	NCBITaxon:183225	synonym	lotus
Hibiscus liliastrum	NCBITaxon:3749491	scientific name	lotus
Hibiscus palustris	NCBITaxon:241599	synonym	lotus
Hieracium coloriscapum	NCBITaxon:3820474	scientific name	lotus
Hieracium guentheri-beckii	NCBITaxon:3821259	scientific name	lotus
Hijmania angusticornis	NCBITaxon:2604972	scientific name	lotus
Hijmania turbinata	NCBITaxon:3453197	scientific name	lotus
Hilliardiella hirsuta	NCBITaxon:3824270	scientific name	lotus
Hilliardiella smithiana	NCBITaxon:3824271	scientific name	lotus
Hilliardiella sutherlandii	NCBITaxon:3824272	scientific name	lotus
Himalaiella deltoidea	NCBITaxon:243811	synonym	lotus
Himalrandia tetrasperma	NCBITaxon:3824274	scientific name	lotus
Himatanthus phagedaenicus	NCBITaxon:3824276	scientific name	lotus
Himatanthus sucuuba	NCBITaxon:872002	scientific name	lotus
Hippeastrum morelianum	NCBITaxon:1263218	scientific name	chebi_origins
Hoehnephytum imbricatum	NCBITaxon:3824701	scientific name	lotus
Hoffmannanthus abbotianus	NCBITaxon:3708955	scientific name	lotus
Hoffmannia strigillosa	NCBITaxon:3824774	scientific name	lotus
Hohenbuehelia horakii	NCBITaxon:3071139	scientific name	lotus
Hohenbuehelia serotina	NCBITaxon:40488	synonym	lotus
Holarrhena mitis	NCBITaxon:3824833	scientific name	lotus
Holocarpha macradenia	NCBITaxon:3753312	scientific name	lotus
Holocarpha obconica	NCBITaxon:3753313	scientific name	lotus
Homalanthus acuminatus	NCBITaxon:3824878	scientific name	lotus
Homalium guillainii	NCBITaxon:3824940	scientific name	lotus
Homalium longifolium	NCBITaxon:3824955	scientific name	lotus
Homalocladium platycladum	NCBITaxon:106205	synonym	lotus
Homalothecium lutescens	NCBITaxon:184650	scientific name	lotus
Homo sapiens	NCBITaxon:9606	scientific name	bindingdb,chebi_origins
Homoranthus biflorus	NCBITaxon:3825167	scientific name	lotus
Homoranthus binghiensis	NCBITaxon:3825168	scientific name	lotus
Homoranthus cernuus	NCBITaxon:3825171	scientific name	lotus
Homoranthus croftianus	NCBITaxon:3825174	scientific name	lotus
Homoranthus decasetus	NCBITaxon:3825176	scientific name	lotus
Homoranthus decumbens	NCBITaxon:3825177	scientific name	lotus
Homoranthus flavescens	NCBITaxon:3825179	scientific name	lotus
Homoranthus floydii	NCBITaxon:3825180	scientific name	lotus
Homoranthus homoranthoides	NCBITaxon:3825181	scientific name	lotus
Homoranthus lunatus	NCBITaxon:3825183	scientific name	lotus
Homoranthus melanostictus	NCBITaxon:3825184	scientific name	lotus
Homoranthus montanus	NCBITaxon:3825185	scientific name	lotus
Homoranthus papillatus	NCBITaxon:3825186	scientific name	lotus
Homoranthus porteri	NCBITaxon:3825187	scientific name	lotus
Homoranthus prolixus	NCBITaxon:3825188	scientific name	lotus
Homoranthus virgatus	NCBITaxon:3049590	scientific name	lotus
Homoranthus wilhelmii	NCBITaxon:3825191	scientific name	lotus
Homoranthus zeteticorum	NCBITaxon:3825192	scientific name	lotus
Hopea malibato	NCBITaxon:3825229	scientific name	lotus
Hordeum distichon	NCBITaxon:1288821	synonym	lotus
Hormoscilla sp.	NCBITaxon:3100402	scientific name	cyanometdb
Hormoscilla spongeliae	NCBITaxon:190968	scientific name	cyanometdb
Hormothamnion enteromorphoides	NCBITaxon:3680572	synonym	cyanometdb,lotus
Hornschuchia obliqua	NCBITaxon:2949187	scientific name	lotus
Hortia brasiliana	NCBITaxon:549435	synonym	lotus
Hortia regia	NCBITaxon:3825387	scientific name	lotus
Hortonia angustifolia	NCBITaxon:3825389	scientific name	lotus
Hortonia ovalifolia	NCBITaxon:74875	synonym	lotus
Hovea parvicalyx	NCBITaxon:3770538	scientific name	lotus
Hovenia tomentella	NCBITaxon:3770546	scientific name	lotus
Hoya bandaensis	NCBITaxon:3770569	scientific name	lotus
Hubera cerasoides	NCBITaxon:235797	synonym	lotus
Hubera nitidissima	NCBITaxon:1271594	synonym	lotus
Hubera pendula	NCBITaxon:235809	synonym	lotus
Hugonia tomentosa	NCBITaxon:3825515	scientific name	lotus
Humata pectinata	NCBITaxon:1144422	synonym	lotus
Humicola subspiralis	NCBITaxon:2074845	synonym	lotus
Hunteria camerunensis	NCBITaxon:3825581	scientific name	lotus
Huperzia intermedia	NCBITaxon:2137709	synonym	lotus
Huperzia javanica	NCBITaxon:384043	synonym	lotus
Huperzia kunmingensis	NCBITaxon:3109613	scientific name	lotus
Hyacinthus litwinovii	NCBITaxon:208720	synonym	lotus
Hyattella cavernosa	NCBITaxon:3293048	scientific name	lotus
Hydnocarpus alpinus	NCBITaxon:3825646	scientific name	lotus
Hydnocarpus castaneus	NCBITaxon:467743	scientific name	lotus
Hydnocarpus kurzii	NCBITaxon:3240908	scientific name	lotus
Hydnocarpus octandrus	NCBITaxon:3825659	scientific name	lotus
Hydnocarpus pentandrus	NCBITaxon:3404954	scientific name	lotus
Hydrocoleum majus	NCBITaxon:933340	synonym	cyanometdb
Hydropisphaera fusigera	NCBITaxon:905824	synonym	lotus
Hygrophila erecta	NCBITaxon:3825876	scientific name	lotus
Hylocereus undatus	NCBITaxon:176265	synonym	lotus
Hylotelephium caucasicum	NCBITaxon:596346	scientific name	lotus
Hymeniacidon perleve	NCBITaxon:177573	synonym	lotus
Hymeniacidon sanguinea	NCBITaxon:177573	synonym	lotus
Hymenidium densiflorum	NCBITaxon:3825961	scientific name	lotus
Hymenocallis sonorensis	NCBITaxon:3825990	scientific name	lotus
Hymenomonas	NCBITaxon:418936	scientific name	lotus
Hymenoscyphus epiphyllus	NCBITaxon:1490151	synonym	lotus
Hymenoscyphus pseudoalbidus	NCBITaxon:746836	synonym	lotus
Hymenoxys brachyactis	NCBITaxon:3826076	scientific name	lotus
Hymenoxys insignis	NCBITaxon:3826079	scientific name	lotus
Hymenoxys robusta	NCBITaxon:3826084	scientific name	lotus
Hymenoxys rusbyi	NCBITaxon:3826085	scientific name	lotus
Hyoscyamus tibesticus	NCBITaxon:3776680	scientific name	lotus
Hypecoum lactiflorum	NCBITaxon:3044018	scientific name	lotus
Hyperbaena columbica	NCBITaxon:3826105	scientific name	lotus
Hyperbaena valida	NCBITaxon:3826115	scientific name	lotus
Hypericum amblycalyx	NCBITaxon:1321320	synonym	lotus
Hypericum aucheri	NCBITaxon:1321321	scientific name	chebi_origins
Hypericum caprifoliatum	NCBITaxon:3826152	scientific name	lotus
Hypericum cerastoides	NCBITaxon:268982	synonym	lotus
Hypericum chinense	NCBITaxon:1692142	scientific name	chebi_origins
Hypericum choisianum	NCBITaxon:268984	synonym	lotus
Hypericum cohaerens	NCBITaxon:3826159	scientific name	lotus
Hypericum formosissimum	NCBITaxon:3826181	scientific name	lotus
Hypericum hyssopifolium	NCBITaxon:1136984	scientific name	chebi_origins
Hypericum jovis	NCBITaxon:3826206	scientific name	lotus
Hypericum kingdonii	NCBITaxon:3826212	scientific name	lotus
Hypericum mysorense	NCBITaxon:1234818	scientific name	lotus
Hypericum mysurense	NCBITaxon:3479978	scientific name	lotus
Hypericum scabrum	NCBITaxon:1137022	scientific name	chebi_origins
Hypericum styphelioides	NCBITaxon:3826287	scientific name	chebi_origins,lotus
Hypericum subalatum	NCBITaxon:3826288	scientific name	lotus
Hypericum umbellatum	NCBITaxon:1851371	scientific name	lotus
Hyphear kaoi	NCBITaxon:1248967	synonym	lotus
Hyphozyma lignicola	NCBITaxon:177195	synonym	lotus
Hypochoeris	NCBITaxon:58643	synonym	lotus
Hypochoeris radicata	NCBITaxon:58656	synonym	lotus
Hypocrea	NCBITaxon:5543	synonym	lotus
Hypocrea pachybasioides	NCBITaxon:40695	synonym	lotus
Hypocrea vinosa	NCBITaxon:398674	synonym	lotus
Hypodematium squamuloso-pilosum	NCBITaxon:2488282	synonym	lotus
Hypogymnia imshaugii var. inactiva	NCBITaxon:541052	synonym	lotus
Hypolytrum hainanense	NCBITaxon:3826518	scientific name	lotus
Hypopitys monotropa	NCBITaxon:176248	synonym	lotus
Hypotrachyna bonariensis	NCBITaxon:3046171	scientific name	lotus
Hypoxis acuminata	NCBITaxon:3826554	scientific name	lotus
Hypoxis multiceps	NCBITaxon:3826590	scientific name	lotus
Hypoxylon deustum	NCBITaxon:110526	synonym	lotus
Hypoxylon submonticulosum	NCBITaxon:152308	synonym	lotus
Hyptis dilatata	NCBITaxon:3826662	scientific name	lotus
Hyptis emoryi	NCBITaxon:260635	synonym	lotus
Hyptis mutabilis	NCBITaxon:996322	synonym	lotus
Hyptis pectinata	NCBITaxon:986232	synonym	lotus
Hyptis suaveolens	NCBITaxon:204129	synonym	lotus
Hyptis tomentosa	NCBITaxon:1140079	synonym	lotus
Ichthyothere connata	NCBITaxon:3826788	scientific name	lotus
Ilex amplifolia	NCBITaxon:3826829	scientific name	lotus
Ilex belizensis	NCBITaxon:3826846	scientific name	lotus
Ilex diuretica	NCBITaxon:3826890	scientific name	lotus
Ilex guayusa	NCBITaxon:872003	scientific name	lotus
Ilex kudingcha	NCBITaxon:1006183	synonym	lotus
Ilex oblonga	NCBITaxon:2033754	scientific name	chebi_origins
Ilex ovalis	NCBITaxon:3827022	scientific name	lotus
Ilex psammophila	NCBITaxon:3827045	scientific name	lotus
Ilex pseudovaccinium	NCBITaxon:3827051	scientific name	lotus
Ilex sideroxyloides	NCBITaxon:3827077	scientific name	lotus
Ilex tectonica	NCBITaxon:3827099	scientific name	lotus
Ilex theezans	NCBITaxon:185555	synonym	lotus
Illicium merrillianum	NCBITaxon:3827178	scientific name	lotus
Ilyonectria radicicola	NCBITaxon:64609	synonym	lotus
Imleria badia	NCBITaxon:36058	scientific name	lotus
Imperatoria ostruthium	NCBITaxon:52477	synonym	lotus
Indigofera longeracemosa	NCBITaxon:198892	synonym	lotus
Indigofera pilosa	NCBITaxon:3089969	scientific name	lotus
Indigofera tsiangiana	NCBITaxon:3828094	scientific name	lotus
Inga feuilleei	NCBITaxon:486058	synonym	lotus
Inga longispica	NCBITaxon:3090005	scientific name	lotus
Inocybe coelestium	NCBITaxon:3160855	scientific name	lotus
Inula britannica	NCBITaxon:119176	synonym	lotus
Inula crithmoides	NCBITaxon:119182	synonym	lotus
Inula hupehensis	NCBITaxon:1805964	scientific name	chebi_origins
Inula indica	NCBITaxon:441203	synonym	lotus
Inula multicaulis	NCBITaxon:3828226	scientific name	lotus
Inula saxatilis	NCBITaxon:119175	synonym	lotus
Inula verbascifolia	NCBITaxon:313946	scientific name	lotus
Inulanthera montana	NCBITaxon:3828248	scientific name	lotus
Inulanthera nuda	NCBITaxon:3828249	scientific name	lotus
Inulanthera thodei	NCBITaxon:3828251	scientific name	lotus
Inulanthera tridens	NCBITaxon:3828252	scientific name	lotus
Iodina rhombifolia	NCBITaxon:350583	synonym	lotus
Iotrochota purpurea	NCBITaxon:2561935	scientific name	lotus
Iphiona grantioides	NCBITaxon:2052343	scientific name	lotus
Ipomoea fistulosa	NCBITaxon:693375	synonym	lotus
Ipomoea stolonifera	NCBITaxon:89646	synonym	lotus
Ipomoea turbinata	NCBITaxon:231710	synonym	lotus
Iresine lindenii	NCBITaxon:270120	synonym	lotus
Iridomyrmex conifer	NCBITaxon:610601	scientific name	lotus
Iris cengialti	NCBITaxon:1533148	synonym	lotus
Iris crocea	NCBITaxon:3828568	scientific name	lotus
Iris kashmiriana	NCBITaxon:3828578	scientific name	chebi_origins,lotus
Iris pseudopumila	NCBITaxon:2050662	scientific name	chebi_origins
Irpex consors	NCBITaxon:76333	synonym	lotus
Irpiciporus pachyodon	NCBITaxon:2650729	synonym	lotus
Iryanthera coriacea	NCBITaxon:3828624	scientific name	lotus
Iryanthera elliptica	NCBITaxon:1079061	scientific name	lotus
Iryanthera grandis	NCBITaxon:3828627	scientific name	lotus
Iryanthera juruensis	NCBITaxon:3126644	scientific name	lotus
Iryanthera laevis	NCBITaxon:1076881	scientific name	lotus
Iryanthera megistophylla	NCBITaxon:3828630	scientific name	lotus
Iryanthera paraensis	NCBITaxon:1569004	scientific name	lotus
Iryanthera polyneura	NCBITaxon:3828634	scientific name	lotus
Isaria cicadae	NCBITaxon:218633	synonym	lotus
Isaria tenuipes	NCBITaxon:45847	synonym	lotus
Isatis costata	NCBITaxon:1439905	scientific name	chebi_origins
Ismene	NCBITaxon:112560	scientific name	lotus
Isocarpha atriplicifolia	NCBITaxon:3776829	scientific name	lotus
Isocoma coronopifolia	NCBITaxon:3776841	scientific name	lotus
Isodon eriocalyx	NCBITaxon:662907	scientific name	chebi_origins
Isodon henryi	NCBITaxon:1237717	scientific name	chebi_origins
Isodon liangshanicus	NCBITaxon:3390428	scientific name	lotus
Isolatocereus dumortieri	NCBITaxon:867529	synonym	lotus
Isotrema fangchi	NCBITaxon:425107	synonym	lotus
Itea amoena	NCBITaxon:3787050	scientific name	lotus
Itea indochinensis	NCBITaxon:3787078	scientific name	lotus
Itea nutans	NCBITaxon:3787073	scientific name	lotus
Iva hayesiana	NCBITaxon:3828793	scientific name	lotus
Ixeris sonchifolia	NCBITaxon:77563	synonym	lotus
Ixora foetida	NCBITaxon:3829060	scientific name	lotus
Jaborosa araucana	NCBITaxon:3829355	scientific name	lotus
Jacaranda caucana	NCBITaxon:3829359	scientific name	lotus
Jacobaea candida	NCBITaxon:3829427	scientific name	lotus
Jacobaea morrisonensis	NCBITaxon:2803535	scientific name	lotus
Jacobaea pancicii	NCBITaxon:189245	synonym	lotus
Jacobaea renardii	NCBITaxon:3829439	scientific name	lotus
Jacquinia pungens	NCBITaxon:1841235	synonym	lotus
Jamesoniella autumnalis	NCBITaxon:53015	synonym	lotus
Jasminum humile	NCBITaxon:126430	synonym	lotus
Jasminum urophyllum	NCBITaxon:3163194	scientific name	lotus
Jateorhiza palmata	NCBITaxon:3829647	scientific name	lotus
Jatropha chevalieri	NCBITaxon:3829667	scientific name	lotus
Jatropha divaricata	NCBITaxon:3829681	scientific name	lotus
Jatropha grossidentata	NCBITaxon:3366561	scientific name	lotus
Jatropha macrorhiza	NCBITaxon:3829708	scientific name	lotus
Jatropha mahafalensis	NCBITaxon:3829709	scientific name	lotus
Jatropha neopauciflora	NCBITaxon:3829722	scientific name	lotus
Jatropha variegata	NCBITaxon:3829771	scientific name	lotus
Jatropha weddeliana	NCBITaxon:3829777	scientific name	lotus
Jefea phyllocephala	NCBITaxon:3829780	scientific name	lotus
Jessea megaphylla	NCBITaxon:3829788	scientific name	lotus
Jubula japonica	NCBITaxon:203668	synonym	lotus
Julella avicenniae	NCBITaxon:193131	synonym	lotus
Junellia spissa	NCBITaxon:3830032	scientific name	lotus
Jungermannia comata	NCBITaxon:1527725	synonym	lotus
Jungermannia hyalina	NCBITaxon:389507	synonym	lotus
Jungermannia truncata	NCBITaxon:1527748	synonym	lotus
Jungia axillaris	NCBITaxon:3830043	scientific name	lotus
Jungia stuebelii	NCBITaxon:3830061	scientific name	lotus
Juniperus communis var. montana	NCBITaxon:244309	synonym	lotus
Juniperus gamboana	NCBITaxon:884037	synonym	lotus
Juniperus polycarpos var. seravschanica	NCBITaxon:993107	synonym	lotus
Justicia buchii	NCBITaxon:3830218	scientific name	lotus
Justicia canbyi	NCBITaxon:3830229	scientific name	lotus
Justicia glauca	NCBITaxon:3839103	scientific name	lotus
Justicia secunda	NCBITaxon:3791484	synonym	lotus
Justicia sessilis	NCBITaxon:3791486	synonym	lotus
Justicia tranquebariensis	NCBITaxon:3839105	scientific name	lotus
Kadsura heteroclita	NCBITaxon:124781	scientific name	chebi_origins
Kadsura interior	NCBITaxon:2126358	scientific name	chebi_origins
Kadsura philippinensis	NCBITaxon:1652688	scientific name	chebi_origins
Kadsura renchangiana	NCBITaxon:3832132	scientific name	lotus
Kadsura verrucosa	NCBITaxon:3832133	scientific name	lotus
Kalanchoe ceratophylla	NCBITaxon:3391070	scientific name	lotus
Kalanchoe integra	NCBITaxon:3390896	scientific name	lotus
Kalanchoe tubiflora	NCBITaxon:84209	synonym	lotus
Kartalinia acaulis	NCBITaxon:1888360	scientific name	lotus
Karwinskia mollis	NCBITaxon:3090034	scientific name	lotus
Karwinskia parvifolia	NCBITaxon:106683	synonym	lotus
Karwinskia subcordata	NCBITaxon:3090036	scientific name	lotus
Kermadecia rotundifolia	NCBITaxon:2994405	scientific name	lotus
Khaya grandifoliola	NCBITaxon:859838	scientific name	chebi_origins
Kibatalia laurifolia	NCBITaxon:1489671	scientific name	chebi_origins
Kibatalia maingayi	NCBITaxon:3832544	scientific name	lotus
Kielmeyera rubriflora	NCBITaxon:3832586	scientific name	lotus
Klattia partita	NCBITaxon:3832627	scientific name	lotus
Kleinia anteuphorbium	NCBITaxon:405104	synonym	lotus
Kleinia grandiflora	NCBITaxon:767805	scientific name	lotus
Kleinia implexa	NCBITaxon:3832638	scientific name	lotus
Kleinia kleinioides	NCBITaxon:3832640	scientific name	lotus
Kleinia madagascariensis	NCBITaxon:3128662	scientific name	lotus
Kleinia pendula	NCBITaxon:3235048	scientific name	lotus
Knautia tatarica	NCBITaxon:3832665	scientific name	lotus
Knema austrosiamensis	NCBITaxon:3832670	scientific name	lotus
Knema glauca	NCBITaxon:2979294	scientific name	lotus
Knema glomerata	NCBITaxon:3832681	scientific name	lotus
Knema pierrei	NCBITaxon:3372912	scientific name	lotus
Kniphofia flammula	NCBITaxon:3832742	scientific name	lotus
Kniphofia reynoldsii	NCBITaxon:3832752	scientific name	lotus
Koanophyllon albicaulis	NCBITaxon:1127049	synonym	lotus
Koanophyllon conglobatum	NCBITaxon:3832780	scientific name	lotus
Koanophyllon monanthum	NCBITaxon:3832825	scientific name	lotus
Koanophyllon simillimum	NCBITaxon:3832864	scientific name	lotus
Kobayasia nipponica	NCBITaxon:1419007	synonym	lotus
Kobresia myosuroides	NCBITaxon:140873	synonym	lotus
Kokoona zeylanica	NCBITaxon:1503175	scientific name	lotus
Kolobopetalum auriculatum	NCBITaxon:3832996	scientific name	lotus
Kopsia arborea	NCBITaxon:453901	scientific name	chebi_origins
Kopsia dasyrachis	NCBITaxon:3832999	scientific name	chebi_origins,lotus
Kopsia deverrei	NCBITaxon:3833000	scientific name	lotus
Kopsia grandifolia	NCBITaxon:1750995	scientific name	chebi_origins
Kopsia hainanensis	NCBITaxon:3036755	scientific name	lotus
Kopsia lapidilecta	NCBITaxon:3833001	scientific name	lotus
Kopsia larutensis	NCBITaxon:3833002	scientific name	lotus
Kopsia macrophylla	NCBITaxon:3833003	scientific name	lotus
Kopsia teoi	NCBITaxon:3833007	scientific name	lotus
Kretzschmaria deusta	NCBITaxon:110526	synonym	lotus
Krubera peregrina	NCBITaxon:3102650	scientific name	lotus
Kydia glabrescens	NCBITaxon:3025159	scientific name	lotus
Kyrsteniopsis dibollii	NCBITaxon:3833081	scientific name	lotus
Kyrtuthrix maculans	NCBITaxon:3693871	scientific name	cyanometdb,lotus
Laccocephalum tumulosum	NCBITaxon:2082149	synonym	lotus
Lactarius piperatus	NCBITaxon:71966	synonym	lotus
Lactarius volemus	NCBITaxon:71967	synonym	lotus
Lactifluus pergamenus	NCBITaxon:1032844	synonym	lotus
Lactifluus subpiperatus	NCBITaxon:2742445	scientific name	lotus
Lactifluus vellereus	NCBITaxon:152950	scientific name	lotus
Lactuca triquetra	NCBITaxon:1941389	synonym	lotus
Laennecia filaginoides	NCBITaxon:2490659	synonym	lotus
Laetia corymbulosa	NCBITaxon:3141196	synonym	lotus
Laeticutis cristata	NCBITaxon:234796	scientific name	lotus
Laetiporus miniatus	NCBITaxon:447505	synonym	lotus
Lagenidium callinectes	NCBITaxon:135480	synonym	lotus
Laggera tomentosa	NCBITaxon:3833332	scientific name	lotus
Lagochilus olgae	NCBITaxon:3386046	scientific name	lotus
Lagochilus proskorjakovii	NCBITaxon:3386047	scientific name	lotus
Lagunaria patersonii	NCBITaxon:183274	synonym	lotus
Lambertella	NCBITaxon:38462	scientific name	lotus
Laminaria japonica	NCBITaxon:88149	synonym	lotus
Laminaria saccharina	NCBITaxon:309358	synonym	lotus
Lampranthus aureus	NCBITaxon:3833409	scientific name	lotus
Lampranthus coccineus	NCBITaxon:3833411	scientific name	lotus
Lampranthus glaucoides	NCBITaxon:3157256	scientific name	lotus
Lampranthus multiradiatus	NCBITaxon:3157259	scientific name	lotus
Lampranthus peersii	NCBITaxon:3833434	scientific name	lotus
Lampranthus zeyheri	NCBITaxon:3157290	scientific name	lotus
Lannea acida	NCBITaxon:3833511	scientific name	lotus
Lannea microcarpa	NCBITaxon:3833526	scientific name	chebi_origins
Lantana radula	NCBITaxon:3833591	scientific name	lotus
Lasallia asiae-orientalis	NCBITaxon:580042	synonym	lotus
Lasianthus acuminatissimus	NCBITaxon:3833698	scientific name	lotus
Lasianthus gardneri	NCBITaxon:3833772	scientific name	lotus
Lathyrus articulatus	NCBITaxon:471141	synonym	lotus
Lathyrus chrysanthus	NCBITaxon:3833978	scientific name	lotus
Lathyrus tremolsianus	NCBITaxon:3834007	scientific name	lotus
Laumoniera bruceadelpha	NCBITaxon:3764208	synonym	lotus
Laurencia elata	NCBITaxon:3101723	synonym	lotus
Laurencia flexilis	NCBITaxon:201069	synonym	lotus
Laurencia mariannensis	NCBITaxon:689806	scientific name	lotus
Laurencia subopposita	NCBITaxon:3071698	scientific name	lotus
Lavandula gibsonii	NCBITaxon:3834052	scientific name	lotus
Lebeckia sarcophylloides	NCBITaxon:3090059	scientific name	lotus
Lecanora achariana	NCBITaxon:1518601	synonym	lotus
Lecanora novomexicana	NCBITaxon:112051	synonym	lotus
Lecanora parmelinoides	NCBITaxon:3083415	scientific name	lotus
Lecanora pinguis	NCBITaxon:2696913	synonym	lotus
Lecanora rubina	NCBITaxon:2885717	scientific name	lotus
Lecanora semipallida	NCBITaxon:1222200	synonym	lotus
Lecanora stenotropa	NCBITaxon:3113343	scientific name	lotus
Leccinum pachyderme	NCBITaxon:1325520	scientific name	lotus
Lecidella asema	NCBITaxon:2789175	scientific name	lotus
Lecythophora	NCBITaxon:79808	synonym	lotus
Ledebouria zebrina	NCBITaxon:3835278	scientific name	lotus
Ledum columbianum	NCBITaxon:1980289	synonym	lotus
Leea guineense	NCBITaxon:39334	synonym	lotus
Leea thorelii	NCBITaxon:3835311	scientific name	lotus
Leibleinia	NCBITaxon:3115833	scientific name	lotus
Leibleinia gracilis	NCBITaxon:3115834	scientific name	cyanometdb,lotus
Leionema bilobum	NCBITaxon:2981377	scientific name	lotus
Leionema coxii	NCBITaxon:2981382	scientific name	lotus
Leionema dentatum	NCBITaxon:2981383	scientific name	lotus
Leionema gracile	NCBITaxon:2981384	scientific name	lotus
Lemmaphyllum microphyllum	NCBITaxon:449854	synonym	lotus
Lentinus fasciatus	NCBITaxon:580083	synonym	lotus
Lentzea atacamensis	NCBITaxon:531938	scientific name	chebi_origins
Lenzites tricolor	NCBITaxon:76330	synonym	lotus
Leobordea carinata	NCBITaxon:2093303	scientific name	lotus
Leobordea lanceolata	NCBITaxon:2086525	scientific name	lotus
Leobordea mucronata	NCBITaxon:3089607	scientific name	lotus
Leontodon autumnalis	NCBITaxon:212686	synonym	lotus
Leontodon cichoraceus	NCBITaxon:379119	synonym	lotus
Leontodon pyrenaicus	NCBITaxon:379629	synonym	lotus
Leonurus persicus	NCBITaxon:3567877	scientific name	lotus
Lepechinia chilensis	NCBITaxon:3027714	scientific name	lotus
Lepechinia urbani	NCBITaxon:1405049	synonym	lotus
Lepidagathis fasciculata	NCBITaxon:3242062	scientific name	chebi_origins
Lepidaploa lilacina	NCBITaxon:3838476	scientific name	lotus
Lepidaploa pineticola	NCBITaxon:3838492	scientific name	lotus
Lepidium sordidum	NCBITaxon:3838619	scientific name	lotus
Lepidosperma filiforme	NCBITaxon:372294	scientific name	lotus
Lepidosperma flexuosum	NCBITaxon:3838689	scientific name	lotus
Lepidosperma lineare	NCBITaxon:3838703	scientific name	lotus
Lepidosperma neesii	NCBITaxon:3838707	scientific name	lotus
Lepidosperma pruinosum	NCBITaxon:3838717	scientific name	lotus
Lepidosperma tenue	NCBITaxon:3838726	scientific name	lotus
Lepidosperma urophorum	NCBITaxon:3838728	scientific name	lotus
Lepidosperma ustulatum	NCBITaxon:3838729	scientific name	lotus
Leptadenia hastata	NCBITaxon:156241	synonym	lotus
Leptadenia madagascariensis	NCBITaxon:3838774	scientific name	lotus
Leptocarpha rivularis	NCBITaxon:3027750	scientific name	lotus
Leptochromothrix valpauliae	NCBITaxon:2831760	scientific name	cyanometdb
Leptolyngbya foveolarum	NCBITaxon:47253	synonym	cyanometdb
Leptolyngbya sp.	NCBITaxon:47254	scientific name	cyanometdb
Leptomitaceae	NCBITaxon:3457202	scientific name	lotus
Leptosphaeria obiones	NCBITaxon:2203068	synonym	lotus
Leptothyrsa sprucei	NCBITaxon:3475394	scientific name	lotus
Lespedeza formosa	NCBITaxon:109221	synonym	lotus
Lessingianthus compactiflorus	NCBITaxon:3838915	scientific name	lotus
Lessingianthus venosissimus	NCBITaxon:3838999	scientific name	lotus
Lessonia	NCBITaxon:105411	scientific name	lotus
Lethasterias fusca	NCBITaxon:3076157	scientific name	lotus
Lethedon tannensis	NCBITaxon:3839014	scientific name	lotus
Leucania loreyi	NCBITaxon:667449	synonym	lotus
Leucanthemopsis flaveola	NCBITaxon:3839022	scientific name	lotus
Leucas nutans	NCBITaxon:3839062	scientific name	lotus
Leucas stelligera	NCBITaxon:3839080	scientific name	lotus
Leucojum autumnale	NCBITaxon:59043	synonym	lotus
Leucoptera nodosa	NCBITaxon:3840015	scientific name	lotus
Leucothoe grayana	NCBITaxon:586123	synonym	lotus
Leutea turcomanica	NCBITaxon:3091379	scientific name	lotus
Leuzea carthamoides	NCBITaxon:362630	scientific name	lotus
Leuzea centauroides	NCBITaxon:1284457	scientific name	lotus
Leuzea conifera	NCBITaxon:145817	scientific name	lotus
Leuzea longifolia	NCBITaxon:362638	scientific name	lotus
Leuzea rhapontica	NCBITaxon:1533341	scientific name	lotus
Libanothamnus occultus	NCBITaxon:1692177	synonym	lotus
Libanothamnus spectabilis	NCBITaxon:1873686	synonym	lotus
Libanothamnus tamanus	NCBITaxon:1873687	synonym	lotus
Libertia grandiflora	NCBITaxon:3403206	scientific name	lotus
Licania apetala	NCBITaxon:1272976	synonym	lotus
Licania cariae	NCBITaxon:3852314	synonym	lotus
Licania heteromorpha	NCBITaxon:123495	synonym	lotus
Licania intrapetiolaris	NCBITaxon:1671072	synonym	lotus
Licania pittieri	NCBITaxon:3840178	scientific name	lotus
Licaria aurea	NCBITaxon:3840207	scientific name	lotus
Licaria brasiliensis	NCBITaxon:3840209	scientific name	lotus
Licaria macrophylla	NCBITaxon:3126645	scientific name	lotus
Licaria polyphylla	NCBITaxon:3840250	scientific name	lotus
Ligularia fauriei	NCBITaxon:3840308	scientific name	lotus
Ligularia odontomanes	NCBITaxon:3233151	scientific name	lotus
Ligularia thomsonii	NCBITaxon:2771590	synonym	lotus
Ligularia vorobievii	NCBITaxon:3840345	scientific name	lotus
Ligusticopsis multivittata	NCBITaxon:2448751	scientific name	lotus
Ligusticum officinale	NCBITaxon:54711	synonym	lotus
Ligusticum wallichii	NCBITaxon:1508160	synonym	chebi_origins
Lilium dauricum	NCBITaxon:79000	synonym	lotus
Limadendron amazonicum	NCBITaxon:1477433	scientific name	lotus
Limadendron hostmannii	NCBITaxon:3388869	scientific name	lotus
Limnophila geoffrayi	NCBITaxon:3840427	scientific name	lotus
Limnophila heterophylla	NCBITaxon:3243283	scientific name	lotus
Limnophila indica	NCBITaxon:3128665	scientific name	lotus
Limnophila repens	NCBITaxon:3243284	scientific name	lotus
Limnophila rugosa	NCBITaxon:3243285	scientific name	lotus
Limnoraphis sp.	NCBITaxon:3100480	scientific name	cyanometdb
Limonium popovii	NCBITaxon:3840657	scientific name	lotus
Limonium ramosissimum	NCBITaxon:3840671	scientific name	lotus
Linaria arcusangeli	NCBITaxon:3840755	scientific name	lotus
Linaria kokanica	NCBITaxon:3840776	scientific name	lotus
Lindelofia anchusoides	NCBITaxon:1421735	synonym	lotus
Lindelofia stylosa	NCBITaxon:1330320	synonym	lotus
Lindera citriodora	NCBITaxon:3840841	scientific name	lotus
Lindera myrrha	NCBITaxon:3840861	scientific name	lotus
Lindera pipericarpa	NCBITaxon:3840866	scientific name	lotus
Lineus fuscoviridis	NCBITaxon:2929765	synonym	lotus
Linum boissieri	NCBITaxon:3841018	scientific name	lotus
Linum salsoloides	NCBITaxon:3841083	scientific name	lotus
Linum thracicum	NCBITaxon:3686056	scientific name	lotus
Linzia rosenii	NCBITaxon:3841105	scientific name	lotus
Liparia laevigata	NCBITaxon:3841108	scientific name	lotus
Liparis nakaharae	NCBITaxon:1237122	scientific name	lotus
Liparis nakaharai	NCBITaxon:1237122	synonym	lotus
Lipocarpha microcephala	NCBITaxon:76471	synonym	lotus
Lippia abyssinica	NCBITaxon:3841466	scientific name	lotus
Lippia alnifolia	NCBITaxon:3841468	scientific name	lotus
Lippia carviodora	NCBITaxon:3841482	scientific name	lotus
Lippia dauensis	NCBITaxon:3841488	scientific name	lotus
Lippia dulcis	NCBITaxon:542674	synonym	lotus
Lippia gracilis	NCBITaxon:1974198	scientific name	lotus
Lippia grata	NCBITaxon:3841506	scientific name	lotus
Lippia kituiensis	NCBITaxon:3841516	scientific name	lotus
Lippia multiflora	NCBITaxon:3841539	scientific name	lotus
Lippia scaberrima	NCBITaxon:3841564	scientific name	lotus
Lipschitziella heteromalla	NCBITaxon:258793	synonym	lotus
Lithocarpus irwinii	NCBITaxon:3841659	scientific name	lotus
Lithocarpus polystachyus	NCBITaxon:2518020	scientific name	chebi_origins
Lithospermum caroliniense	NCBITaxon:650306	scientific name	lotus
Lithraea caustica	NCBITaxon:2486985	scientific name	lotus
Lithrea molleoides	NCBITaxon:289720	synonym	lotus
Litogyne gariepina	NCBITaxon:3710696	scientific name	lotus
Litoria splendida	NCBITaxon:30345	synonym	lotus
Litsea calophylla	NCBITaxon:3837313	scientific name	lotus
Litsea gardneri	NCBITaxon:3837366	scientific name	lotus
Litsea laeta	NCBITaxon:3837405	scientific name	lotus
Litsea mushaensis	NCBITaxon:3740089	synonym	chebi_origins
Litsea nitida	NCBITaxon:3837441	scientific name	lotus
Litsea pedunculata	NCBITaxon:3837456	scientific name	lotus
Litsea turfosa	NCBITaxon:3837523	scientific name	lotus
Lloydia serotina	NCBITaxon:59080	synonym	lotus
Loasa placei	NCBITaxon:3836943	scientific name	lotus
Lobaria crassior	NCBITaxon:1441997	scientific name	lotus
Lobaria ferax	NCBITaxon:3453093	scientific name	lotus
Lobaria lobulifera	NCBITaxon:2713117	synonym	lotus
Lobelia berlandieri	NCBITaxon:3415704	scientific name	lotus
Lobelia hassleri	NCBITaxon:3837043	scientific name	lotus
Lobelia nummularia	NCBITaxon:368691	synonym	lotus
Lobophora variegata	NCBITaxon:157001	scientific name	lotus
Lolium pratense	NCBITaxon:4608	synonym	lotus
Lomatium parryi	NCBITaxon:3239080	scientific name	lotus
Lomelosia comosa	NCBITaxon:3841894	scientific name	lotus
Lomelosia micrantha	NCBITaxon:3713986	scientific name	lotus
Lomelosia olgae	NCBITaxon:3841907	scientific name	lotus
Lomelosia rotata	NCBITaxon:3479206	scientific name	lotus
Lomelosia variifolia	NCBITaxon:3713996	scientific name	lotus
Lonchocarpus montanus	NCBITaxon:3852809	synonym	chebi_origins
Lonchocarpus nitidus	NCBITaxon:3089699	scientific name	lotus
Lonchocarpus salvadorensis	NCBITaxon:3128864	scientific name	lotus
Lonchocarpus urucu	NCBITaxon:3713517	synonym	chebi_origins
Lonchocarpus utilis	NCBITaxon:1421005	scientific name	chebi_origins
Lonicera morrowii	NCBITaxon:255350	synonym	lotus
Lophanthus chinensis	NCBITaxon:2668598	scientific name	lotus
Lopholaena dregeana	NCBITaxon:3842059	scientific name	lotus
Lopholaena segmentata	NCBITaxon:3842065	scientific name	lotus
Lophopetalum javanicum	NCBITaxon:3776878	scientific name	lotus
Lophopetalum wallichii	NCBITaxon:3776887	scientific name	lotus
Lotononis arenicola	NCBITaxon:3842105	scientific name	lotus
Lotononis caerulescens	NCBITaxon:3842108	scientific name	lotus
Lotononis carnea	NCBITaxon:3842109	scientific name	lotus
Lotononis comptonii	NCBITaxon:3842111	scientific name	lotus
Lotononis perplexa	NCBITaxon:3842130	scientific name	lotus
Lotononis stenophylla	NCBITaxon:3842138	scientific name	lotus
Lotononis trichodes	NCBITaxon:3842141	scientific name	lotus
Lotononis wilmsii	NCBITaxon:3835468	synonym	lotus
Lotus conjugatus	NCBITaxon:3377096	scientific name	lotus
Lotus glaber	NCBITaxon:347996	synonym	lotus
Lotus hispidus	NCBITaxon:3090100	scientific name	lotus
Lotus polyphyllos	NCBITaxon:347387	synonym	lotus
Lourteigia ballotifolia	NCBITaxon:3709184	scientific name	lotus
Lourteigia microphylla	NCBITaxon:3709190	scientific name	lotus
Lourteigia stoechadifolia	NCBITaxon:3709194	scientific name	lotus
Luehea candicans	NCBITaxon:3842285	scientific name	lotus
Luisia brachystachys	NCBITaxon:3023711	scientific name	lotus
Luisia volucris	NCBITaxon:3842329	scientific name	lotus
Lunasia amara	NCBITaxon:68546	scientific name	chebi_origins
Lupinus ananeanus	NCBITaxon:3722275	scientific name	lotus
Lupinus argenteus var. argenteus	NCBITaxon:3682744	scientific name	lotus
Lupinus argenteus var. rubricaulis	NCBITaxon:3089703	scientific name	lotus
Lupinus barbiger	NCBITaxon:3842388	scientific name	lotus
Lupinus barkeri	NCBITaxon:3090110	scientific name	lotus
Lupinus evermannii	NCBITaxon:3090125	scientific name	lotus
Lupinus gredensis	NCBITaxon:3090131	scientific name	lotus
Lupinus heptaphyllus	NCBITaxon:3842470	scientific name	lotus
Lupinus holosericeus	NCBITaxon:3090137	scientific name	lotus
Lupinus kingii	NCBITaxon:3090143	scientific name	lotus
Lupinus ornatus	NCBITaxon:3090155	scientific name	lotus
Lupinus oscar-haughtii	NCBITaxon:3842533	scientific name	lotus
Lupinus polycarpus	NCBITaxon:53238	synonym	lotus
Lupinus subcarnosus	NCBITaxon:3090167	scientific name	lotus
Lupinus tassilicus	NCBITaxon:925616	synonym	lotus
Lupinus verbasciformis	NCBITaxon:3842617	scientific name	lotus
Luvunga angustifolia	NCBITaxon:3842635	scientific name	lotus
Luxemburgia nobilis	NCBITaxon:3842645	scientific name	lotus
Lychnis fulgens	NCBITaxon:1137874	synonym	lotus
Lychnocephalus sellovii	NCBITaxon:3842707	scientific name	lotus
Lychnophora blanchetii	NCBITaxon:3842727	synonym	lotus
Lychnophora markgravii	NCBITaxon:1569415	equivalent name	lotus
Lychnophora pohlii	NCBITaxon:3842721	scientific name	lotus
Lychnophora rupestris	NCBITaxon:3842723	scientific name	lotus
Lychnophora staavioides	NCBITaxon:3842726	scientific name	lotus
Lycianthes marlipoensis	NCBITaxon:3842799	scientific name	lotus
Lycium bridgesii	NCBITaxon:540826	scientific name	lotus
Lycopersicon	NCBITaxon:49274	synonym	lotus
Lycopodiella cernua	NCBITaxon:73621	synonym	lotus
Lycopodium complanatum	NCBITaxon:34168	synonym	lotus
Lycopodium dendroideum	NCBITaxon:1539865	synonym	lotus
Lycopodium fastigiatum	NCBITaxon:73628	synonym	lotus
Lycopodium obscurum	NCBITaxon:62333	synonym	lotus
Lycopodium sieboldii	NCBITaxon:73614	synonym	chebi_origins
Lycopodium tristachyum	NCBITaxon:37432	synonym	lotus
Lycopodium volubile	NCBITaxon:73631	synonym	lotus
Lycopus australis	NCBITaxon:3754322	scientific name	lotus
Lycoris guangxiensis	NCBITaxon:3799737	scientific name	lotus
Lygodium circinnatum	NCBITaxon:84615	synonym	lotus
Lyngbya aestuarii	NCBITaxon:118322	scientific name	cyanometdb
Lyngbya bouillonii	NCBITaxon:207920	synonym	cyanometdb
Lyngbya confervoides	NCBITaxon:207921	scientific name	cyanometdb
Lyngbya gracilis	NCBITaxon:3115834	synonym	lotus
Lyngbya majuscula	NCBITaxon:158786	scientific name	cyanometdb
Lyngbya polychroa	NCBITaxon:207922	scientific name	cyanometdb
Lyngbya semiplena	NCBITaxon:207923	scientific name	cyanometdb
Lyngbya sordida	NCBITaxon:748015	scientific name	cyanometdb
Lyngbya sp.	NCBITaxon:3100233	scientific name	cyanometdb
Lyngbya wollei	NCBITaxon:467598	synonym	cyanometdb
Lysiana subfalcata	NCBITaxon:3799875	scientific name	lotus
Lysimachia arvensis	NCBITaxon:4337	scientific name	lotus
Lythrum anceps	NCBITaxon:13129	synonym	lotus
Maackia fauriei	NCBITaxon:53896	synonym	lotus
Mabea excelsa	NCBITaxon:3800038	scientific name	lotus
Macaranga pleiostemon	NCBITaxon:3762876	scientific name	lotus
Macaranga vedeliana	NCBITaxon:3762922	scientific name	lotus
Macfadyena unguis-cati	NCBITaxon:73871	synonym	lotus
Machaerina huttonii	NCBITaxon:3842949	scientific name	lotus
Machaerina juncea	NCBITaxon:874446	scientific name	lotus
Machaerium mucronulatum	NCBITaxon:3842997	scientific name	chebi_origins,lotus
Machaerium nyctitans	NCBITaxon:450035	scientific name	lotus
Machilus edulis	NCBITaxon:3424187	scientific name	lotus
Machilus forrestii	NCBITaxon:325545	scientific name	lotus
Machilus glaucescens	NCBITaxon:3723522	scientific name	lotus
Machilus macranthus	NCBITaxon:3723523	scientific name	lotus
Machilus obovatifolia	NCBITaxon:325538	synonym	lotus
Maclurodendron oligophlebium	NCBITaxon:3843163	scientific name	lotus
Macrohyporia cocos	NCBITaxon:81056	synonym	lotus
Macrolepiota albuminosa	NCBITaxon:79931	scientific name	lotus
Macropiper methysticum	NCBITaxon:511541	synonym	lotus
Macrosolen globosus	NCBITaxon:3843503	scientific name	lotus
Macrosolen parasiticus	NCBITaxon:3134736	scientific name	lotus
Madia anomala	NCBITaxon:3753400	scientific name	lotus
Madia citrigracilis	NCBITaxon:3753401	scientific name	lotus
Maerua aethiopica	NCBITaxon:3843568	scientific name	lotus
Maerua gilgii	NCBITaxon:3843587	scientific name	lotus
Maerua pseudopetalosa	NCBITaxon:3843606	scientific name	lotus
Maesa balansae	NCBITaxon:2890110	scientific name	lotus
Maesa chisia	NCBITaxon:2890122	scientific name	lotus
Maesa laxiflora	NCBITaxon:2890147	scientific name	lotus
Maesa macrophylla	NCBITaxon:2890153	scientific name	lotus
Maesa perlarius	NCBITaxon:1303658	scientific name	lotus
Maesobotrya floribunda	NCBITaxon:3843694	scientific name	lotus
Magnaporthe grisea	NCBITaxon:148305	synonym	lotus
Magnolia gloriensis	NCBITaxon:152188	synonym	lotus
Mahonia bealei	NCBITaxon:13601	synonym	lotus
Mahonia breviracema	NCBITaxon:2833874	scientific name	chebi_origins
Mahonia eurybracteata	NCBITaxon:258158	synonym	lotus
Mahonia fortunei	NCBITaxon:258162	synonym	lotus
Mahonia gracilipes	NCBITaxon:258165	synonym	lotus
Mahonia napaulensis	NCBITaxon:258187	synonym	lotus
Mahonia philippinensis	NCBITaxon:1813933	synonym	lotus
Mahonia polyodonta	NCBITaxon:258195	synonym	lotus
Malleastrum boivinianum	NCBITaxon:3843999	scientific name	lotus
Malouetia heudelotii	NCBITaxon:3844097	scientific name	lotus
Malus toringo	NCBITaxon:106566	synonym	lotus
Malva multiflora	NCBITaxon:1819483	scientific name	lotus
Malva weinmanniana	NCBITaxon:3845237	scientific name	lotus
Mammea acuminata	NCBITaxon:3845261	scientific name	lotus
Mammea nervosa	NCBITaxon:3845281	scientific name	lotus
Mammillaria sphaerica	NCBITaxon:3845313	scientific name	lotus
Manfreda virginica	NCBITaxon:39545	synonym	lotus
Manihot catingae	NCBITaxon:3780408	scientific name	lotus
Mappia nimmoniana	NCBITaxon:159386	synonym	lotus
Maprounea africana	NCBITaxon:316848	scientific name	chebi_origins
Marah fabaceus	NCBITaxon:329128	synonym	lotus
Marah oreganus	NCBITaxon:252534	synonym	lotus
Marasmiellus ramealis	NCBITaxon:71897	synonym	lotus
Marasmius scorodonius	NCBITaxon:182058	synonym	lotus
Marchantia romanica	NCBITaxon:3062406	scientific name	lotus
Marginisporum aberrans	NCBITaxon:1148799	synonym	lotus
Marila podantha	NCBITaxon:3845474	scientific name	lotus
Marsdenia hainanensis	NCBITaxon:3721070	scientific name	lotus
Marsdenia incisa	NCBITaxon:3695180	synonym	lotus
Marsdenia koi	NCBITaxon:3721076	scientific name	lotus
Marsdenia roylei	NCBITaxon:3721096	scientific name	lotus
Matelea vailiana	NCBITaxon:3846308	scientific name	lotus
Matricaria recutita	NCBITaxon:127986	synonym	lotus
Mattfeldanthus andrade-limae	NCBITaxon:3711241	scientific name	lotus
Maytenus amazonica	NCBITaxon:3846477	scientific name	lotus
Maytenus chiapensis	NCBITaxon:3846488	scientific name	lotus
Maytenus emarginata	NCBITaxon:1789567	synonym	chebi_origins
Maytenus gonoclada	NCBITaxon:1825839	synonym	lotus
Maytenus myrsinoides	NCBITaxon:1186160	synonym	lotus
Maytenus phyllanthoides	NCBITaxon:3846545	scientific name	lotus
Maytenus spinosa	NCBITaxon:490012	synonym	lotus
Maytenus umbellata	NCBITaxon:2915321	scientific name	lotus
Medicosma subsessilis	NCBITaxon:3846674	scientific name	lotus
Megalomyrmex foreli	NCBITaxon:611824	scientific name	lotus
Megaselia flavescens	NCBITaxon:3693966	scientific name	lotus
Megaselia hirsuta	NCBITaxon:3152260	scientific name	lotus
Megaselia sylvatica	NCBITaxon:3152287	scientific name	lotus
Meiorganum curtisii	NCBITaxon:693315	synonym	lotus
Melaleuca dissitiflora	NCBITaxon:3847691	scientific name	lotus
Melaleuca gilesii	NCBITaxon:73739	scientific name	lotus
Melaleuca hislopii	NCBITaxon:3847726	scientific name	lotus
Melaleuca huegelii	NCBITaxon:3847730	scientific name	lotus
Melaleuca lutea	NCBITaxon:3847760	scientific name	lotus
Melaleuca quadrifida	NCBITaxon:410697	scientific name	lotus
Melaleuca rhaphiophylla	NCBITaxon:3847815	scientific name	lotus
Melaleuca squamophloia	NCBITaxon:3847844	scientific name	lotus
Melaleuca squarrosa	NCBITaxon:2518019	scientific name	lotus
Melaleuca torulosa	NCBITaxon:3847863	scientific name	lotus
Melaleuca triumphalis	NCBITaxon:3847866	scientific name	lotus
Melampyrum chlorostachyum	NCBITaxon:3847892	scientific name	lotus
Melanothamnus sphaerocarpus	NCBITaxon:397012	scientific name	lotus
Melicope affinis	NCBITaxon:3848110	scientific name	lotus
Melicope confusa	NCBITaxon:1487100	synonym	lotus
Melicope erromangensis	NCBITaxon:3848137	scientific name	lotus
Melicope fatraina	NCBITaxon:3848141	scientific name	lotus
Melicope fellii	NCBITaxon:3848143	scientific name	lotus
Melicope indica	NCBITaxon:3848153	scientific name	lotus
Melicope leptococca	NCBITaxon:3848163	scientific name	lotus
Melicope littoralis	NCBITaxon:3848164	scientific name	lotus
Melicope patulinervia	NCBITaxon:3050830	scientific name	lotus
Melicope peninsularis	NCBITaxon:3848185	scientific name	lotus
Melicope reticulata	NCBITaxon:3848194	scientific name	lotus
Melilotus siculus	NCBITaxon:1279044	synonym	lotus
Melilotus suaveolens	NCBITaxon:74781	synonym	lotus
Meliosma henryi	NCBITaxon:3025161	scientific name	lotus
Melittangium boletus	NCBITaxon:83453	scientific name	chebi_origins
Melochia chamaedrys	NCBITaxon:3026910	scientific name	lotus
Melochia odorata	NCBITaxon:3848355	scientific name	lotus
Melodinus aeneus	NCBITaxon:3848376	scientific name	lotus
Melodinus axillaris	NCBITaxon:3848378	scientific name	lotus
Melodinus balansae	NCBITaxon:3848379	scientific name	lotus
Melodinus orientalis	NCBITaxon:3848386	scientific name	lotus
Melodinus philliraeoides	NCBITaxon:3848387	scientific name	lotus
Melodinus reticulatus	NCBITaxon:3848388	scientific name	lotus
Melodinus tenuicaudatus	NCBITaxon:3036756	scientific name	chebi_origins,lotus
Melolobium burchellii	NCBITaxon:508320	scientific name	lotus
Mentha gentilis	NCBITaxon:292239	synonym	lotus
Mentha grandiflora	NCBITaxon:3848732	scientific name	lotus
Mentha longifolia var. asiatica	NCBITaxon:300220	synonym	lotus
Mentha microphylla	NCBITaxon:1150290	synonym	lotus
Mentha piperita	NCBITaxon:34256	synonym	lotus
Mentha villosa	NCBITaxon:292239	synonym	lotus
Mentzelia heterosepala	NCBITaxon:3848738	scientific name	lotus
Mentzelia incisa	NCBITaxon:3848739	scientific name	lotus
Mentzelia lindheimeri	NCBITaxon:3848741	scientific name	lotus
Meriandra	NCBITaxon:392635	synonym	lotus
Merismopedia tranquilla	NCBITaxon:3434510	scientific name	lotus
Merrillia caloxylon	NCBITaxon:159055	scientific name	lotus
Merwilla dracomontana	NCBITaxon:3848862	scientific name	lotus
Mesomelaena preissii	NCBITaxon:3848900	scientific name	lotus
Mesomelaena stygia	NCBITaxon:3848901	scientific name	lotus
Mespilodaphne corymbosa	NCBITaxon:881598	synonym	lotus
Metacordyceps chlamydosporia	NCBITaxon:280754	synonym	lotus
Metacordyceps taii	NCBITaxon:169041	synonym	lotus
Metarhizium anisopliae var. anisopliae	NCBITaxon:5530	synonym	lotus
Metarungia longistrobus	NCBITaxon:992734	synonym	lotus
Metatrichia vesparia	NCBITaxon:208474	scientific name	lotus
Meteorium aureum	NCBITaxon:245400	synonym	lotus
Methanobrevibacter arboriphilicus	NCBITaxon:39441	synonym	lotus
Methylobacterium extorquens	NCBITaxon:408	synonym	lotus
Metternichia macrocalyx	NCBITaxon:3849026	scientific name	chebi_origins
Miconia eriodonta	NCBITaxon:1420008	scientific name	chebi_origins
Miconia lacunosa	NCBITaxon:476990	scientific name	lotus
Miconia langsdorffii	NCBITaxon:3849430	scientific name	lotus
Microascus brevicaulis	NCBITaxon:561152	synonym	lotus
Microchloropsis	NCBITaxon:2511164	scientific name	lotus
Microcitrus australasica	NCBITaxon:416196	synonym	lotus
Microcitrus inodora	NCBITaxon:416197	synonym	lotus
Microcitrus warburgiana	NCBITaxon:416199	synonym	lotus
Microcladia	NCBITaxon:326256	scientific name	lotus
Microcoleus amoenus	NCBITaxon:212355	scientific name	lotus
Microcoleus chthonoplastes	NCBITaxon:64178	synonym	cyanometdb,lotus
Microcos philippinensis	NCBITaxon:3850395	scientific name	lotus
Microcosmus vulgaris	NCBITaxon:3720029	scientific name	lotus
Microcystis aeruginosa	NCBITaxon:1126	scientific name	cyanometdb
Microcystis ichthyoblabe	NCBITaxon:75561	scientific name	cyanometdb
Microcystis panniformis	NCBITaxon:513223	scientific name	cyanometdb
Microcystis sp.	NCBITaxon:1127	scientific name	cyanometdb
Microcystis viridis	NCBITaxon:44822	scientific name	cyanometdb
Microcystis wesenbergii	NCBITaxon:44823	scientific name	cyanometdb
Microglossa pyrrhopappa	NCBITaxon:72919	scientific name	lotus
Microliabum candidum	NCBITaxon:2575453	synonym	lotus
Micromeles ferruginea	NCBITaxon:2873989	synonym	lotus
Micromelum compressum	NCBITaxon:3850613	scientific name	lotus
Micromeria douglasii	NCBITaxon:751793	scientific name	lotus
Micromeria pseudocroatica	NCBITaxon:3850637	scientific name	lotus
Micromyrtus striata	NCBITaxon:3850683	scientific name	lotus
Microsporum gypseum	NCBITaxon:63402	synonym	lotus
Microsporum incurvatum	NCBITaxon:1524823	synonym	lotus
Mikania alvimii	NCBITaxon:3850854	scientific name	lotus
Mikania arrojadoi	NCBITaxon:3850868	scientific name	lotus
Mikania banisteriae	NCBITaxon:3850872	scientific name	lotus
Mikania congesta	NCBITaxon:3850912	scientific name	lotus
Mikania dusenii	NCBITaxon:3850939	scientific name	lotus
Mikania grazielae	NCBITaxon:3850963	scientific name	lotus
Mikania hoehnei	NCBITaxon:3850975	scientific name	lotus
Mikania holwayana	NCBITaxon:3850978	scientific name	lotus
Mikania mendocina	NCBITaxon:3851029	scientific name	lotus
Mikania microptera	NCBITaxon:3851034	scientific name	lotus
Mikania monagasensis	NCBITaxon:3851036	scientific name	lotus
Mikania parodii	NCBITaxon:3851075	scientific name	lotus
Mikania parviflora	NCBITaxon:3851077	scientific name	lotus
Mikania periplocifolia	NCBITaxon:3851083	scientific name	lotus
Mikania pohlii	NCBITaxon:3851091	scientific name	lotus
Mikania rimachii	NCBITaxon:3851114	scientific name	lotus
Mikania saltensis	NCBITaxon:3851127	scientific name	lotus
Mikania sessilifolia	NCBITaxon:3851139	scientific name	lotus
Mikania shushunensis	NCBITaxon:3851140	scientific name	lotus
Mikania stipulacea	NCBITaxon:3851157	scientific name	lotus
Mikania urticifolia	NCBITaxon:3851184	scientific name	lotus
Mikaniopsis cissampelina	NCBITaxon:3851204	scientific name	lotus
Miliusa sinensis	NCBITaxon:3051279	scientific name	chebi_origins,lotus
Millettia conraui	NCBITaxon:3090219	scientific name	lotus
Millettia griffoniana	NCBITaxon:3090223	scientific name	lotus
Millettia pinnata	NCBITaxon:56065	synonym	lotus
Millettia puguensis	NCBITaxon:3090234	scientific name	lotus
Millettia sanagana	NCBITaxon:3851305	scientific name	lotus
Millettia vatkei	NCBITaxon:3851323	scientific name	lotus
Millettia versicolor	NCBITaxon:3090240	scientific name	lotus
Millettia xylocarpa	NCBITaxon:1712210	synonym	lotus
Mimosa tenuifolia	NCBITaxon:1130855	synonym	lotus
Mimosa zimapanensis	NCBITaxon:3090262	scientific name	lotus
Mimulus cardinalis	NCBITaxon:188299	synonym	lotus
Mimulus guttatus	NCBITaxon:4155	synonym	lotus
Mimulus lewisii	NCBITaxon:69919	synonym	lotus
Mimulus moschatus	NCBITaxon:270993	synonym	lotus
Mimulus pilosus	NCBITaxon:271002	synonym	lotus
Minthostachys glabrescens	NCBITaxon:3851599	scientific name	lotus
Minuartia graminifolia	NCBITaxon:308170	synonym	lotus
Mitragyna ciliata	NCBITaxon:3851726	scientific name	lotus
Mitragyna ledermannii	NCBITaxon:1317839	synonym	lotus
Mitragyna rubrostipulacea	NCBITaxon:43495	synonym	lotus
Mitragyna rubrostipulata	NCBITaxon:43495	synonym	lotus
Mitragyna stipulosa	NCBITaxon:170033	synonym	lotus
Mitrephora heyneana	NCBITaxon:3062118	scientific name	lotus
Mitrephora teysmannii	NCBITaxon:235764	synonym	lotus
Mitrephora vulpina	NCBITaxon:3436370	scientific name	lotus
Moghania macrophylla	NCBITaxon:520843	synonym	lotus
Moldenhawera nutans	NCBITaxon:3851780	scientific name	lotus
Mollinedia glaziovii	NCBITaxon:3851809	scientific name	lotus
Mollinedia marliae	NCBITaxon:3851824	scientific name	lotus
Mollinedia salicifolia	NCBITaxon:3851835	scientific name	lotus
Mollugo pentaphylla	NCBITaxon:254024	synonym	lotus
Monactis macbridei	NCBITaxon:3851858	scientific name	lotus
Monanthotaxis velutina	NCBITaxon:2027493	scientific name	lotus
Monascus anka	NCBITaxon:5098	synonym	lotus
Monnina sylvatica	NCBITaxon:3057214	scientific name	lotus
Monochaetum multiflorum	NCBITaxon:3476105	scientific name	lotus
Monodora undulata	NCBITaxon:2951566	scientific name	lotus
Monographella cucumerina	NCBITaxon:40658	synonym	lotus
Monomorium delagoense	NCBITaxon:612244	scientific name	lotus
Monomorium indicum	NCBITaxon:612325	scientific name	lotus
Monoon barnesii	NCBITaxon:3057603	scientific name	lotus
Monoon simiarum	NCBITaxon:1679363	scientific name	lotus
Monosis parishii	NCBITaxon:3025173	scientific name	lotus
Monosis travancorica	NCBITaxon:3852130	scientific name	lotus
Monotes africanus	NCBITaxon:3852151	scientific name	lotus
Monotes engleri	NCBITaxon:1902362	scientific name	chebi_origins
Montanoa gigas	NCBITaxon:3852221	scientific name	lotus
Monteverdia aquifolium	NCBITaxon:1081512	scientific name	lotus
Monteverdia macrocarpa	NCBITaxon:1569009	scientific name	lotus
Monticalia teretifolia	NCBITaxon:3852293	scientific name	lotus
Moorea bouillonii	NCBITaxon:207920	synonym	cyanometdb
Moorea producens	NCBITaxon:1155739	synonym	cyanometdb
Moquilea cariae	NCBITaxon:3852314	scientific name	lotus
Morella nagi	NCBITaxon:36012	synonym	lotus
Morina kokanica	NCBITaxon:3852431	scientific name	lotus
Morinda umbellata	NCBITaxon:268745	synonym	lotus
Moringa pterygosperma	NCBITaxon:3735	synonym	lotus
Moronobea pulchra	NCBITaxon:3852553	scientific name	lotus
Mortonia latisepala	NCBITaxon:3852554	scientific name	lotus
Mortonia palmeri	NCBITaxon:3852555	scientific name	lotus
Morus lhou	NCBITaxon:226896	scientific name	lotus
Morus tinctoria	NCBITaxon:681456	synonym	chebi_origins
Mucuna curranii	NCBITaxon:3852742	scientific name	lotus
Mucuna membranacea	NCBITaxon:3852766	scientific name	lotus
Muellera montana	NCBITaxon:3852809	scientific name	lotus
Muellera unifoliolata	NCBITaxon:3089617	scientific name	lotus
Mundulea chapelieri	NCBITaxon:3089754	scientific name	chebi_origins,lotus
Munronia unifoliolata	NCBITaxon:3852890	scientific name	lotus
Muricella flexuosa	NCBITaxon:1123729	scientific name	lotus
Murraya siamensis	NCBITaxon:159029	scientific name	chebi_origins
Mus musculus	NCBITaxon:10090	scientific name	bindingdb
Muscari comosum	NCBITaxon:81770	scientific name	lotus
Mussaenda hirsutissima	NCBITaxon:3774876	scientific name	lotus
Muyocopron sahnii	NCBITaxon:2576771	scientific name	lotus
Mycale magellanica	NCBITaxon:1451279	scientific name	lotus
Mycale mytilorum	NCBITaxon:1140104	scientific name	lotus
Mycetinis prasiosmus	NCBITaxon:1965453	scientific name	lotus
Mycoacia uda	NCBITaxon:139123	synonym	lotus
Mycosphaerella cruenta	NCBITaxon:179343	synonym	lotus
Mycosphaerella gibsonii	NCBITaxon:858812	synonym	lotus
Mycosphaerella pinodes	NCBITaxon:749589	synonym	lotus
Mycosphaerella rabiei	NCBITaxon:5454	synonym	lotus
Myoporum crassifolium	NCBITaxon:3853086	scientific name	lotus
Myosotis palustris	NCBITaxon:519065	synonym	lotus
Myosotis soleirolii	NCBITaxon:3853154	scientific name	lotus
Myracrodruon urundeuva	NCBITaxon:261998	scientific name	lotus
Myrceugenia euosma	NCBITaxon:1130220	scientific name	chebi_origins
Myrcia hedraiophylla	NCBITaxon:3853416	scientific name	lotus
Myrcia tricona	NCBITaxon:3853735	scientific name	lotus
Myrcia tylophylla	NCBITaxon:3853739	scientific name	lotus
Myrcianthes rhopaloides	NCBITaxon:2650232	scientific name	chebi_origins
Myrciaria floribunda	NCBITaxon:375265	scientific name	chebi_origins
Myrciaria glomerata	NCBITaxon:3853942	scientific name	lotus
Myrciaria rupestris	NCBITaxon:3853958	scientific name	lotus
Myrica adenophora	NCBITaxon:384999	synonym	chebi_origins
Myrica cerifera	NCBITaxon:3510	synonym	lotus
Myrica nana	NCBITaxon:385008	scientific name	chebi_origins
Myrica rubra	NCBITaxon:262757	synonym	lotus
Myrioneuron nutans	NCBITaxon:1712818	synonym	lotus
Myristica cagayanensis	NCBITaxon:2803340	synonym	lotus
Myristica cinnamomea	NCBITaxon:1504465	scientific name	chebi_origins
Myrmicaria melanogaster	NCBITaxon:612923	scientific name	lotus
Myrmicaria opaciventris	NCBITaxon:612932	scientific name	lotus
Myrmicaria striata	NCBITaxon:612942	scientific name	lotus
Myrothamnus flabellifolius	NCBITaxon:83223	scientific name	lotus
Myroxylon peruiferum	NCBITaxon:1231556	scientific name	chebi_origins
Myrsine guianensis	NCBITaxon:681410	synonym	lotus
Myrsine laetevirens	NCBITaxon:2597335	scientific name	lotus
Myrsine pellucida	NCBITaxon:1835400	scientific name	lotus
Myrtella bennigseniana	NCBITaxon:3854208	scientific name	lotus
Myrtillocactus eichlamii	NCBITaxon:3854210	scientific name	lotus
Myrtopsis novae-caledoniae	NCBITaxon:3854214	scientific name	lotus
Myrtopsis sellingii	NCBITaxon:3854216	scientific name	lotus
Nabalus acerifolius	NCBITaxon:3854223	scientific name	lotus
Nadsoniella nigra	NCBITaxon:52866	synonym	lotus
Nama johnstonii	NCBITaxon:3854260	scientific name	lotus
Nannochloropsis	NCBITaxon:5748	scientific name	lotus
Nanuza plicata	NCBITaxon:145245	scientific name	lotus
Narcissus bujei	NCBITaxon:54866	synonym	lotus
Narcissus cuneiflorus	NCBITaxon:3854324	scientific name	lotus
Narcissus pachybolbus	NCBITaxon:1077149	synonym	lotus
Narcissus triandrus subsp. pallidulus	NCBITaxon:54871	synonym	lotus
Nauclea latifolia	NCBITaxon:43573	synonym	lotus
Nauclea parva	NCBITaxon:3854446	scientific name	lotus
Naucleopsis oblongifolia	NCBITaxon:3089757	scientific name	lotus
Naucleopsis stipularis	NCBITaxon:3854453	scientific name	lotus
Navicula delognei	NCBITaxon:1259760	synonym	lotus
Neanthes succinea	NCBITaxon:981110	synonym	lotus
Nectandra gardneri	NCBITaxon:3854619	scientific name	lotus
Nectandra pichurim	NCBITaxon:3854635	scientific name	lotus
Nectria decora	NCBITaxon:2025089	synonym	lotus
Nelsonia canescens	NCBITaxon:4193	synonym	lotus
Nematochrysopsis marina	NCBITaxon:74375	scientific name	lotus
Nematolepis ovatifolia	NCBITaxon:2108062	scientific name	lotus
Neobalanocarpus heimii	NCBITaxon:64595	synonym	lotus
Neobeguea leandriana	NCBITaxon:3128761	scientific name	lotus
Neobeguea mahafaliensis	NCBITaxon:587581	synonym	lotus
Neobellieria bullata	NCBITaxon:7385	synonym	lotus
Neoboutonia melleri	NCBITaxon:3854824	scientific name	lotus
Neobuxbaumia multiareolata	NCBITaxon:223059	synonym	lotus
Neobuxbaumia scoparia	NCBITaxon:223061	synonym	lotus
Neobuxbaumia tetetzo	NCBITaxon:171976	synonym	lotus
Neocallitropsis pancheri	NCBITaxon:89193	synonym	lotus
Neofinetia falcata	NCBITaxon:78812	synonym	lotus
Neolitsea fischeri	NCBITaxon:3854855	scientific name	lotus
Neolitsea foliosa	NCBITaxon:3854856	scientific name	lotus
Neolitsea parvigemma	NCBITaxon:2306984	scientific name	chebi_origins
Neomirandea parasitica	NCBITaxon:3854901	scientific name	lotus
Neomitranthes obscura	NCBITaxon:3854913	scientific name	chebi_origins
Neonauclea purpurea	NCBITaxon:3854946	scientific name	lotus
Neonauclea sessilifolia	NCBITaxon:3854949	scientific name	lotus
Neonectria fuckeliana	NCBITaxon:930093	synonym	lotus
Neonectria ramulariae	NCBITaxon:1634535	synonym	lotus
Neopetromyces muricatus	NCBITaxon:469875	synonym	lotus
Neopetrosia contignata	NCBITaxon:595368	scientific name	lotus
Neopetrosia sapra	NCBITaxon:595382	scientific name	lotus
Neopetrosia similis	NCBITaxon:595384	scientific name	lotus
Neopetrosia vanilla	NCBITaxon:595389	scientific name	lotus
Neopetrosia zumi	NCBITaxon:595390	scientific name	lotus
Neoporteria	NCBITaxon:3716358	scientific name	lotus
Neoregelia eleutheropetala	NCBITaxon:2707079	synonym	lotus
Neosartorya fennelliae	NCBITaxon:41048	synonym	lotus
Neosartorya fischeri	NCBITaxon:36630	synonym	lotus
Neosartorya fischeri var. fischeri	NCBITaxon:1590842	synonym	lotus
Neosartorya laciniosa	NCBITaxon:388753	synonym	lotus
Neosartorya pseudofischeri	NCBITaxon:41047	synonym	lotus
Neosartorya tsunodae	NCBITaxon:620818	synonym	lotus
Neosartorya udagawae	NCBITaxon:91492	synonym	lotus
Neosiphonia	NCBITaxon:110919	scientific name	lotus
Nepeta annua	NCBITaxon:2668600	synonym	lotus
Nepeta argolica	NCBITaxon:3057216	scientific name	lotus
Nepeta bucharica	NCBITaxon:3733289	scientific name	lotus
Nepeta caesarea	NCBITaxon:3733290	scientific name	chebi_origins,lotus
Nepeta ciliaris	NCBITaxon:3733292	scientific name	lotus
Nepeta clarkei	NCBITaxon:2904115	scientific name	lotus
Nepeta concolor	NCBITaxon:3057217	scientific name	lotus
Nepeta daenensis	NCBITaxon:2905767	scientific name	chebi_origins
Nepeta elliptica	NCBITaxon:3733305	scientific name	lotus
Nepeta eriostachya	NCBITaxon:3733308	scientific name	lotus
Nepeta hindostana	NCBITaxon:3733321	scientific name	lotus
Nepeta multifida	NCBITaxon:392704	synonym	lotus
Nepeta nepetoides	NCBITaxon:3443892	scientific name	lotus
Nepeta nuda	NCBITaxon:1533225	scientific name	chebi_origins
Nepeta parnassica	NCBITaxon:3386288	scientific name	chebi_origins,lotus
Nepeta persica	NCBITaxon:2905768	scientific name	chebi_origins
Nepeta prattii	NCBITaxon:2904116	scientific name	lotus
Nepeta rtanjensis	NCBITaxon:2721193	scientific name	chebi_origins
Nepeta sorgerae	NCBITaxon:3733379	scientific name	lotus
Nepeta suavis	NCBITaxon:3733386	scientific name	lotus
Nepeta trachonitica	NCBITaxon:3057225	scientific name	lotus
Nepeta velutina	NCBITaxon:3733402	scientific name	lotus
Nepeta viscida	NCBITaxon:3733403	scientific name	lotus
Nephila clavata	NCBITaxon:2740835	synonym	lotus
Nephromopsis endocrocea	NCBITaxon:1874035	scientific name	lotus
Nephromopsis nivalis	NCBITaxon:95627	scientific name	lotus
Nephthea erecta	NCBITaxon:1176642	synonym	lotus
Neptunia prostrata	NCBITaxon:196674	synonym	lotus
Nerine filamentosa	NCBITaxon:3741521	scientific name	lotus
Nerine filifolia	NCBITaxon:3741522	scientific name	lotus
Nerine krigei	NCBITaxon:3156550	scientific name	lotus
Nerine pudica	NCBITaxon:3741530	scientific name	lotus
Nerium indicum	NCBITaxon:63479	synonym	lotus
Neurolaena cobanensis	NCBITaxon:3855224	scientific name	chebi_origins
Neurolaena macrocephala	NCBITaxon:3855228	scientific name	lotus
Neurolaena macrophylla	NCBITaxon:3855229	scientific name	lotus
Neurolaena oaxacana	NCBITaxon:3855230	scientific name	lotus
Neurolaena venturana	NCBITaxon:3855233	scientific name	lotus
Neurospora heterospora	NCBITaxon:2075006	scientific name	lotus
Nicotiana ameghinoi	NCBITaxon:3750696	scientific name	lotus
Nicotiana ingulba	NCBITaxon:200307	synonym	lotus
Nidorella aegyptiaca	NCBITaxon:741633	scientific name	lotus
Nidorella agria	NCBITaxon:3855267	scientific name	lotus
Nidorella anomala	NCBITaxon:3855268	scientific name	lotus
Nidorella elliotii	NCBITaxon:3855272	scientific name	lotus
Nidorella hottentotica	NCBITaxon:3855274	scientific name	lotus
Nidorella podocephala	NCBITaxon:3855282	scientific name	lotus
Niesslia nordinii	NCBITaxon:3412472	scientific name	lotus
Nitzschia	NCBITaxon:2857	scientific name	lotus
Nitzschia closterium	NCBITaxon:2856	synonym	lotus
Nivenia fruticosa	NCBITaxon:3366701	scientific name	lotus
Nocardioides simplex	NCBITaxon:2045	synonym	lotus
Noctiluca miliaris	NCBITaxon:2966	synonym	lotus
Nodosilinea sp.	NCBITaxon:2497642	scientific name	cyanometdb
Nodularia harveyana	NCBITaxon:114805	scientific name	cyanometdb
Nodularia sp.	NCBITaxon:2047085	equivalent name	cyanometdb
Nodularia spumigena	NCBITaxon:70799	scientific name	cyanometdb
Nodulisporium hinnuleum	NCBITaxon:455034	synonym	lotus
Nostoc calcicola	NCBITaxon:212354	scientific name	cyanometdb
Nostoc commune	NCBITaxon:1178	scientific name	cyanometdb
Nostoc edaphicum	NCBITaxon:264686	scientific name	cyanometdb
Nostoc ellipsosporum	NCBITaxon:45916	scientific name	cyanometdb
Nostoc insulare	NCBITaxon:436398	scientific name	cyanometdb
Nostoc linckia	NCBITaxon:92942	scientific name	cyanometdb
Nostoc minutum	NCBITaxon:1841509	scientific name	cyanometdb
Nostoc muscorum	NCBITaxon:1179	synonym	cyanometdb,lotus
Nostoc punctiforme	NCBITaxon:272131	scientific name	cyanometdb
Nostoc sp.	NCBITaxon:1180	scientific name	cyanometdb
Nostoc sphaericum	NCBITaxon:217115	scientific name	cyanometdb
Nostoc spongiaeforme	NCBITaxon:502487	scientific name	cyanometdb
Notholaena ekmanii	NCBITaxon:3125805	synonym	lotus
Notopleura camponutans	NCBITaxon:3856023	scientific name	lotus
Notylia fragrans	NCBITaxon:3856216	scientific name	lotus
Notylia microchila	NCBITaxon:3856229	scientific name	lotus
Nuxia sphaerocephala	NCBITaxon:3856260	scientific name	lotus
Oceanapia incrustata	NCBITaxon:3294474	scientific name	lotus
Ochrocarpos punctatus	NCBITaxon:2899635	synonym	chebi_origins
Ochromonas	NCBITaxon:2985	scientific name	lotus
Ochromonas malhamensis	NCBITaxon:88167	synonym	lotus
Ochrosia acuminata	NCBITaxon:453904	scientific name	chebi_origins,lotus
Ochrosia alyxioides	NCBITaxon:3856551	scientific name	lotus
Ochrosia balansae	NCBITaxon:3856553	scientific name	lotus
Ochrosia glomerata	NCBITaxon:453903	synonym	lotus
Ochrosia lifuana	NCBITaxon:3856561	scientific name	lotus
Ochthocharis decumbens	NCBITaxon:3856570	scientific name	lotus
Ocimum africanum	NCBITaxon:204098	synonym	lotus
Ocimum kenyense	NCBITaxon:3856605	scientific name	lotus
Ocimum obovatum	NCBITaxon:3856616	scientific name	lotus
Ocimum spicatum	NCBITaxon:3856622	scientific name	lotus
Ocotea acutangula	NCBITaxon:3856636	scientific name	lotus
Ocotea acutifolia	NCBITaxon:3053638	scientific name	lotus
Ocotea caesia	NCBITaxon:3856685	scientific name	lotus
Ocotea gomezii	NCBITaxon:3856760	scientific name	lotus
Ocotea heterochroma	NCBITaxon:3059154	scientific name	lotus
Ocotea macropoda	NCBITaxon:3856819	scientific name	lotus
Ocotea magnilimba	NCBITaxon:3856822	scientific name	lotus
Ocotea mollicella	NCBITaxon:3856843	scientific name	lotus
Ocotea pittieri	NCBITaxon:3856893	scientific name	lotus
Ocotea quixos	NCBITaxon:121078	synonym	lotus
Ocotea usambarensis	NCBITaxon:1291626	synonym	lotus
Ocotea veraguensis	NCBITaxon:128677	synonym	lotus
Octopus macropus	NCBITaxon:3740757	synonym	lotus
Octospora coccinea	NCBITaxon:3049151	scientific name	lotus
Odontadenia semidigyna	NCBITaxon:3103446	scientific name	lotus
Oedera corymbosa	NCBITaxon:1973297	synonym	lotus
Oenothera coryi	NCBITaxon:3035434	scientific name	lotus
Oenothera depressa	NCBITaxon:2994660	scientific name	lotus
Oenothera deserticola	NCBITaxon:3857397	scientific name	lotus
Oenothera erythrosepala	NCBITaxon:1692144	scientific name	lotus
Oenothera suaveolens	NCBITaxon:3942	synonym	lotus
Oenothera tetragona	NCBITaxon:3857419	scientific name	lotus
Oenothera texensis	NCBITaxon:3857420	scientific name	lotus
Okeania hirsuta	NCBITaxon:1458930	scientific name	cyanometdb
Okeania sp.	NCBITaxon:3100323	scientific name	cyanometdb
Olax obtusifolia	NCBITaxon:3770843	scientific name	lotus
Olax phyllanthi	NCBITaxon:3770846	scientific name	lotus
Olax psittacorum	NCBITaxon:3770847	scientific name	lotus
Olax thouarsii	NCBITaxon:3770856	scientific name	lotus
Oldenlandia lactea	NCBITaxon:3770902	scientific name	lotus
Olea verrucosa	NCBITaxon:129566	synonym	lotus
Olearia brachyphylla	NCBITaxon:3109453	scientific name	lotus
Olearia lepidophylla	NCBITaxon:3109466	scientific name	lotus
Olearia subspicata	NCBITaxon:3109471	scientific name	lotus
Olinia usambarensis	NCBITaxon:3857506	scientific name	lotus
Omphalanthus filiformis	NCBITaxon:264466	synonym	lotus
Omphalia lapidescens	NCBITaxon:2962918	synonym	lotus
Omphalodes linifolia	NCBITaxon:317957	synonym	lotus
Oncosiphon grandiflorum	NCBITaxon:99086	synonym	lotus
Oncosiphon pilulifer	NCBITaxon:1721064	scientific name	lotus
Oncosiphon sabulosum	NCBITaxon:1721065	synonym	lotus
Onobrychis angustifolia	NCBITaxon:3857895	scientific name	lotus
Onobrychis ebenoides	NCBITaxon:3021493	scientific name	lotus
Onobrychis ferganica	NCBITaxon:3021495	scientific name	lotus
Onobrychis kemulariae	NCBITaxon:3090313	scientific name	lotus
Onobrychis tanaitica	NCBITaxon:83864	synonym	lotus
Onoclea struthiopteris	NCBITaxon:3277	synonym	lotus
Onopordum ambiguum	NCBITaxon:3857969	scientific name	lotus
Onopordum boissierianum	NCBITaxon:3857972	scientific name	lotus
Onopordum carmanicum	NCBITaxon:3857976	scientific name	lotus
Onopordum cyrenaicum	NCBITaxon:3857979	scientific name	lotus
Onopordum laconicum	NCBITaxon:3857987	scientific name	lotus
Onopordum myriacanthum	NCBITaxon:3857993	scientific name	lotus
Onoseris alata	NCBITaxon:3153322	scientific name	lotus
Onoseris albicans	NCBITaxon:3858003	scientific name	lotus
Onoseris gnaphalioides	NCBITaxon:3858014	scientific name	lotus
Onoseris lopezii	NCBITaxon:3858017	scientific name	lotus
Onosma caucasica	NCBITaxon:3880027	scientific name	lotus
Onosma hispida	NCBITaxon:2583492	scientific name	chebi_origins
Oocephala staehelinoides	NCBITaxon:3708977	scientific name	lotus
Oocephalus oppositiflorus	NCBITaxon:3858146	scientific name	lotus
Oonopsis foliosa	NCBITaxon:3858155	scientific name	lotus
Ophiorrhiza acuminata	NCBITaxon:3798690	scientific name	lotus
Ophiorrhiza blumeana	NCBITaxon:3798711	scientific name	lotus
Ophiorrhiza ferruginea	NCBITaxon:3798763	scientific name	lotus
Ophiorrhiza filistipula	NCBITaxon:3798766	scientific name	lotus
Ophiorrhiza kunstleri	NCBITaxon:3798807	scientific name	lotus
Ophiorrhiza marginata	NCBITaxon:3798846	scientific name	lotus
Ophiorrhiza nutans	NCBITaxon:3799182	scientific name	lotus
Ophiorrhiza pectinata	NCBITaxon:3028931	scientific name	lotus
Ophiorrhiza rosacea	NCBITaxon:3798921	scientific name	lotus
Ophiorrhiza shendurunii	NCBITaxon:3028936	scientific name	lotus
Ophryosporus angustifolius	NCBITaxon:3858246	scientific name	lotus
Ophryosporus axilliflorus	NCBITaxon:3858249	scientific name	lotus
Ophryosporus charua	NCBITaxon:3858253	scientific name	lotus
Ophryosporus chilca	NCBITaxon:3858254	scientific name	lotus
Ophryosporus floribundus	NCBITaxon:3858259	scientific name	lotus
Ophryosporus heptanthus	NCBITaxon:3858262	scientific name	lotus
Ophryosporus lorentzii	NCBITaxon:3858267	scientific name	lotus
Ophryosporus macrodon	NCBITaxon:3858269	scientific name	lotus
Ophrys arachnitiformis	NCBITaxon:882724	synonym	lotus
Opopanax chironium	NCBITaxon:1533233	scientific name	lotus
Opuntia comonduensis	NCBITaxon:3081414	scientific name	lotus
Opuntia stricta var. dillenii	NCBITaxon:308223	synonym	lotus
Orbivestus karaguensis	NCBITaxon:211153	scientific name	lotus
Orconectes limosus	NCBITaxon:28379	synonym	lotus
Oreocarya insolita	NCBITaxon:3858416	scientific name	lotus
Oreocome striata	NCBITaxon:1508160	scientific name	lotus
Oreopteris quelpartensis	NCBITaxon:872897	scientific name	lotus
Oreoseris delavayi	NCBITaxon:1962729	synonym	lotus
Oriastrum lycopodioides	NCBITaxon:3046662	scientific name	lotus
Origanum akhdarense	NCBITaxon:3777498	scientific name	lotus
Origanum dubium	NCBITaxon:268884	synonym	lotus
Origanum floribundum	NCBITaxon:3777502	scientific name	lotus
Origanum heracleoticum	NCBITaxon:925987	synonym	lotus
Origanum pampaninii	NCBITaxon:3777506	scientific name	lotus
Origanum virens	NCBITaxon:497765	synonym	lotus
Ormosia cinerea	NCBITaxon:3777527	scientific name	lotus
Ormosia nobilis	NCBITaxon:1993840	synonym	lotus
Ormosia panamensis	NCBITaxon:3388858	scientific name	lotus
Ornduffia reniformis	NCBITaxon:435388	scientific name	lotus
Ornithogalum magnum	NCBITaxon:3858725	scientific name	lotus
Ornithogalum nutans	NCBITaxon:535968	synonym	lotus
Orobanche arenaria	NCBITaxon:223091	synonym	lotus
Orobanche connata	NCBITaxon:3242440	scientific name	lotus
Orobanche denudata	NCBITaxon:3858815	scientific name	lotus
Orobanche ramosa	NCBITaxon:46066	synonym	lotus
Orobanche sanguinea	NCBITaxon:3858854	scientific name	lotus
Orobanche variegata	NCBITaxon:3858872	scientific name	lotus
Orophea hexandra	NCBITaxon:3436362	scientific name	lotus
Orostachys japonica	NCBITaxon:202985	scientific name	chebi_origins
Orthanthera viminea	NCBITaxon:2946848	synonym	lotus
Orthosia guilleminiana	NCBITaxon:3162395	scientific name	lotus
Orthosiphon aristatus var. aristatus	NCBITaxon:3104704	scientific name	lotus
Orthosiphon pallidus	NCBITaxon:3858971	scientific name	chebi_origins
Oryctanthus spicatus	NCBITaxon:3141193	scientific name	lotus
Oryctolagus cuniculus	NCBITaxon:9986	scientific name	bindingdb
Osbeckia brachystemon	NCBITaxon:3777559	scientific name	lotus
Oscillatoria acuminata	NCBITaxon:118323	synonym	cyanometdb
Oscillatoria acutissima	NCBITaxon:1574325	synonym	lotus
Oscillatoria formosa	NCBITaxon:331992	synonym	lotus
Oscillatoria geminata	NCBITaxon:1521554	synonym	lotus
Oscillatoria perornata	NCBITaxon:1463337	synonym	cyanometdb,lotus
Oscillatoria rubescens	NCBITaxon:59512	synonym	lotus
Oscillatoria sp.	NCBITaxon:1159	scientific name	cyanometdb
Oscillatoria splendida	NCBITaxon:358560	synonym	lotus
Oscillatoria tenuis	NCBITaxon:126345	scientific name	cyanometdb
Osmanthus ilicifolius	NCBITaxon:126555	synonym	lotus
Osmitopsis afra	NCBITaxon:3858997	scientific name	lotus
Osteospermum auriculatum	NCBITaxon:3859064	scientific name	lotus
Osteospermum ilicifolium	NCBITaxon:1641146	synonym	lotus
Osteospermum incanum	NCBITaxon:662739	synonym	lotus
Osteospermum microcarpum	NCBITaxon:662753	synonym	lotus
Osteospermum thodei	NCBITaxon:3859097	scientific name	lotus
Osteospermum vaillantii	NCBITaxon:1670870	synonym	lotus
Ostreopsis ovata	NCBITaxon:114202	scientific name	cyanometdb
Ostreopsis siamensis	NCBITaxon:78884	scientific name	cyanometdb
Othonna arbuscula	NCBITaxon:3065561	scientific name	lotus
Othonna dentata	NCBITaxon:3818505	scientific name	lotus
Othonna furcata	NCBITaxon:3818508	scientific name	lotus
Othonna heterophylla	NCBITaxon:3818514	scientific name	lotus
Othonna intermedia	NCBITaxon:3065563	scientific name	lotus
Othonna lasiocarpa	NCBITaxon:3818517	scientific name	lotus
Othonna leptodactyla	NCBITaxon:3818519	scientific name	lotus
Othonna macrophylla	NCBITaxon:3818524	scientific name	lotus
Othonna obtusiloba	NCBITaxon:3818530	scientific name	lotus
Othonna quercifolia	NCBITaxon:3818544	scientific name	lotus
Otochilus fuscus	NCBITaxon:233035	synonym	lotus
Otochilus porrectus	NCBITaxon:2803757	synonym	lotus
Ovadendron sulphureo-ochraceum	NCBITaxon:1809730	synonym	lotus
Oxynema acuminatum	NCBITaxon:118323	scientific name	lotus
Oxyspora hispida	NCBITaxon:3859288	scientific name	lotus
Oxytropis puberula	NCBITaxon:3725341	scientific name	lotus
Oxytropis songorica	NCBITaxon:3725384	scientific name	lotus
Oxytropis turczaninovii	NCBITaxon:3034529	scientific name	lotus
Ozothamnus bilobus	NCBITaxon:3859388	scientific name	lotus
Ozothamnus hookeri	NCBITaxon:3242716	scientific name	lotus
Pachastrissa	NCBITaxon:1006832	synonym	lotus
Pachycentria varingaefolia	NCBITaxon:2866942	equivalent name	lotus
Pachycereus militaris	NCBITaxon:223066	synonym	lotus
Pachycereus schottii	NCBITaxon:153875	synonym	lotus
Pachychalina alcaloidifera	NCBITaxon:2846801	scientific name	lotus
Pachydictyon coriaceum	NCBITaxon:499617	synonym	lotus
Pachylobus normandii	NCBITaxon:755348	scientific name	lotus
Packera candidissima	NCBITaxon:3002922	scientific name	lotus
Packera clevelandii	NCBITaxon:3002925	scientific name	lotus
Packera coahuilensis	NCBITaxon:3002926	scientific name	lotus
Packera dimorphophylla var. dimorphophylla	NCBITaxon:3002913	scientific name	lotus
Packera ionophylla	NCBITaxon:3002936	scientific name	lotus
Packera toluccana	NCBITaxon:3002954	scientific name	lotus
Padina vickersiae	NCBITaxon:439534	synonym	lotus
Paecilomyces carneus	NCBITaxon:2741558	synonym	lotus
Paecilomyces cinnamomeus	NCBITaxon:1105319	synonym	lotus
Paecilomyces formosus	NCBITaxon:3232301	scientific name	lotus
Paecilomyces gunnii	NCBITaxon:99897	synonym	lotus
Paecilomyces marquandii	NCBITaxon:64636	synonym	lotus
Paecilomyces tenuipes	NCBITaxon:45847	synonym	lotus
Paenarthrobacter sp. YJN-5	NCBITaxon:2735316	scientific name	chebi_origins
Paepalanthus denudatus	NCBITaxon:3859525	scientific name	lotus
Paepalanthus geniculatus	NCBITaxon:446063	synonym	lotus
Paepalanthus hilairei	NCBITaxon:3859558	scientific name	lotus
Paepalanthus polyanthus	NCBITaxon:352482	scientific name	lotus
Pajanelia longifolia	NCBITaxon:2662999	scientific name	lotus
Palafoxia rosea	NCBITaxon:3859707	scientific name	lotus
Palicourea colorata	NCBITaxon:2662166	scientific name	lotus
Palicourea correae	NCBITaxon:1129518	scientific name	lotus
Palicourea cyanococca	NCBITaxon:681483	scientific name	lotus
Palicourea glomerulata	NCBITaxon:1321306	scientific name	lotus
Palicourea lasiantha	NCBITaxon:2315995	scientific name	lotus
Palicourea muscosa	NCBITaxon:60391	scientific name	lotus
Palicourea prunifolia	NCBITaxon:3046990	scientific name	lotus
Palicourea suerrensis	NCBITaxon:1129521	scientific name	lotus
Palicourea tsakiana	NCBITaxon:1919996	scientific name	lotus
Palicourea winkleri	NCBITaxon:3046994	scientific name	lotus
Palmeria hypotephra	NCBITaxon:3859754	scientific name	lotus
Palythoa australiae	NCBITaxon:2093239	scientific name	lotus
Panaeolina foenisecii	NCBITaxon:34442	synonym	lotus
Panax bipinnatifidus	NCBITaxon:45211	synonym	lotus
Panax bipinnatifidus var. angustifolius	NCBITaxon:201026	synonym	lotus
Pancratium biflorum	NCBITaxon:3859804	scientific name	lotus
Panellus serotinus	NCBITaxon:40488	synonym	lotus
Panicum maximum	NCBITaxon:59788	synonym	lotus
Panisea uniflora	NCBITaxon:907957	synonym	lotus
Papaver acrochaetum	NCBITaxon:3736049	scientific name	lotus
Papaver albiflorum	NCBITaxon:3736001	scientific name	lotus
Papaver arenarium	NCBITaxon:3736003	scientific name	lotus
Papaver confine	NCBITaxon:2597793	synonym	lotus
Papaver croceum	NCBITaxon:74823	synonym	lotus
Papaver dahlianum	NCBITaxon:669750	synonym	lotus
Papaver decaisnei	NCBITaxon:3736050	scientific name	lotus
Papaver fugax	NCBITaxon:3117443	scientific name	lotus
Papaver gracile	NCBITaxon:3736012	scientific name	lotus
Papaver laevigatum	NCBITaxon:3345311	scientific name	lotus
Papaver lasiothrix	NCBITaxon:215227	synonym	lotus
Papaver oreophilum	NCBITaxon:3736021	scientific name	lotus
Papaver persicum	NCBITaxon:3116565	scientific name	lotus
Papaver pinnatifidum	NCBITaxon:3736025	scientific name	lotus
Papaver setiferum	NCBITaxon:3736032	scientific name	lotus
Papaver setigerum	NCBITaxon:215229	synonym	lotus
Papaver syriacum	NCBITaxon:3345312	synonym	lotus
Papaver zangesurum	NCBITaxon:3736038	scientific name	lotus
Pappobolus acutifolius	NCBITaxon:3859873	scientific name	lotus
Pappobolus matthewsii	NCBITaxon:3859884	scientific name	lotus
Pappobolus sagasteguii	NCBITaxon:3859887	scientific name	lotus
Parabaena megalocarpa	NCBITaxon:3749618	scientific name	lotus
Parabaena tuberculata	NCBITaxon:3749619	scientific name	lotus
Paracaryum intermedium	NCBITaxon:1288217	synonym	lotus
Paraconiothyrium hawaiiense	NCBITaxon:502129	synonym	lotus
Paraconiothyrium minitans	NCBITaxon:565426	synonym	lotus
Paraconiothyrium sporulosum	NCBITaxon:1460663	synonym	lotus
Paracribricellina cribraria	NCBITaxon:1072048	synonym	lotus
Paragynoxys meridana	NCBITaxon:3839345	scientific name	lotus
Parahancornia amara	NCBITaxon:3839350	scientific name	lotus
Parahigginsia	NCBITaxon:3118267	scientific name	lotus
Paramiflos glandulosus	NCBITaxon:185176	synonym	lotus
Parasphaerasclera albiflora	NCBITaxon:1427711	scientific name	lotus
Parentucellia viscosa	NCBITaxon:46056	synonym	lotus
Parinari cardiophylla	NCBITaxon:3860160	scientific name	lotus
Parinari chocoensis	NCBITaxon:1401416	scientific name	lotus
Parinari congolana	NCBITaxon:3860161	scientific name	lotus
Parinari costata	NCBITaxon:3860162	scientific name	lotus
Parinari hypochrysea	NCBITaxon:3860164	scientific name	lotus
Parinari insularum	NCBITaxon:3860165	scientific name	lotus
Parinari klugii	NCBITaxon:3860166	scientific name	lotus
Parinari littoralis	NCBITaxon:3860167	scientific name	lotus
Parinari maguirei	NCBITaxon:3860168	scientific name	lotus
Parinari nonda	NCBITaxon:2848857	scientific name	lotus
Parinari obtusifolia	NCBITaxon:2478372	scientific name	lotus
Parinari pachyphylla	NCBITaxon:3860170	scientific name	lotus
Parinari parilis	NCBITaxon:3860172	scientific name	lotus
Parinari sprucei	NCBITaxon:3860178	scientific name	lotus
Parmelia amphixanthoides	NCBITaxon:3024503	synonym	lotus
Parmelia camtschadalis	NCBITaxon:983630	synonym	lotus
Parmelia caraccensis	NCBITaxon:411583	synonym	lotus
Parmelia cetrata	NCBITaxon:235861	synonym	lotus
Parmelia chlorochroa	NCBITaxon:517295	synonym	lotus
Parmelia concrescens	NCBITaxon:998191	synonym	lotus
Parmelia dierythra	NCBITaxon:983633	synonym	lotus
Parmelia ecaperata	NCBITaxon:1447935	synonym	lotus
Parmelia elegans	NCBITaxon:88742	synonym	lotus
Parmelia entotheiochroa	NCBITaxon:373585	synonym	lotus
Parmelia gerlachei	NCBITaxon:2184231	synonym	lotus
Parmelia hypomelaena	NCBITaxon:2807341	synonym	lotus
Parmelia hypopsila	NCBITaxon:2064947	synonym	lotus
Parmelia livida	NCBITaxon:856266	synonym	lotus
Parmelia loxodes	NCBITaxon:112446	synonym	lotus
Parmelia microblasta	NCBITaxon:1356502	synonym	lotus
Parmelia plittii	NCBITaxon:983640	synonym	lotus
Parmelia psoromifera	NCBITaxon:983641	synonym	lotus
Parmelia scortella	NCBITaxon:1777931	synonym	lotus
Parmelia separata	NCBITaxon:1181311	synonym	lotus
Parmelia subdecipiens	NCBITaxon:3240423	synonym	lotus
Parmelia subramigera	NCBITaxon:1486349	synonym	lotus
Parmelia tiliacea	NCBITaxon:172629	synonym	lotus
Parmelia vagans	NCBITaxon:983642	synonym	lotus
Parmelia verrucigera	NCBITaxon:286384	synonym	lotus
Parmelia verruculifera	NCBITaxon:1209593	synonym	lotus
Parmotrema rampoddense	NCBITaxon:129510	scientific name	lotus
Paronychia chionaea	NCBITaxon:3860280	scientific name	lotus
Parthenium bipinnatifidum	NCBITaxon:3860402	scientific name	lotus
Parthenium glomeratum	NCBITaxon:3860404	scientific name	lotus
Parthenium rollinsianum	NCBITaxon:3860406	scientific name	lotus
Parthenium tetraneuris	NCBITaxon:3860407	scientific name	lotus
Parthenium tomentosum	NCBITaxon:3860408	scientific name	lotus
Passerina vulgaris	NCBITaxon:1237769	synonym	lotus
Passiflora cyanea	NCBITaxon:3860464	scientific name	lotus
Passiflora princeps	NCBITaxon:3860582	scientific name	lotus
Passiflora quadrifaria	NCBITaxon:3860589	scientific name	lotus
Pavonia alba	NCBITaxon:3861125	scientific name	lotus
Pavonia leptocalyx	NCBITaxon:3861224	scientific name	lotus
Pavonia odorata	NCBITaxon:2951192	synonym	lotus
Pavonia zeylanica	NCBITaxon:2951192	scientific name	lotus
Pearsonia bracteata	NCBITaxon:3861353	scientific name	lotus
Pearsonia flava	NCBITaxon:3861355	scientific name	lotus
Pearsonia metallifera	NCBITaxon:3090340	scientific name	lotus
Pedicularis condensata	NCBITaxon:3861463	scientific name	lotus
Pedicularis grayi	NCBITaxon:70068	synonym	lotus
Pedicularis nordmanniana	NCBITaxon:3861588	scientific name	lotus
Pedicularis olgae	NCBITaxon:3861600	scientific name	lotus
Peliosanthes violacea	NCBITaxon:100524	scientific name	lotus
Pellaea regnelliana	NCBITaxon:3475098	synonym	lotus
Pellia endiviifolia	NCBITaxon:304445	synonym	lotus
Pellionia pellucida	NCBITaxon:3143404	scientific name	lotus
Peltogyne recifensis	NCBITaxon:3861900	scientific name	lotus
Peltophorum dasyrachis	NCBITaxon:1206080	equivalent name	chebi_origins,lotus
Penares incrustans	NCBITaxon:1451280	scientific name	lotus
Penicillium arenicola	NCBITaxon:168477	synonym	lotus
Penicillium citreovirens	NCBITaxon:63822	synonym	lotus
Penicillium cluniae	NCBITaxon:2781114	synonym	lotus
Penicillium convolutum	NCBITaxon:1131474	synonym	lotus
Penicillium diversum	NCBITaxon:128434	synonym	lotus
Penicillium dupontii	NCBITaxon:28565	synonym	lotus
Penicillium frequentans	NCBITaxon:3151616	scientific name	lotus
Penicillium lehmanii	NCBITaxon:28566	synonym	lotus
Penicillium megasporum	NCBITaxon:69778	synonym	lotus
Penicillium notatum	NCBITaxon:5076	synonym	lotus
Penicillium oblatum	NCBITaxon:106126	synonym	lotus
Penicillium rubrum	NCBITaxon:1266769	synonym	lotus
Penicillium sumatrense	NCBITaxon:70558	synonym	lotus
Penicillium variabile	NCBITaxon:28576	synonym	lotus
Pennisetum setaceum	NCBITaxon:48735	synonym	lotus
Penstemon cinicola	NCBITaxon:3861993	scientific name	lotus
Penstemon imberbis	NCBITaxon:3862014	scientific name	lotus
Penstemon kingii	NCBITaxon:3862016	scientific name	lotus
Penstemon pumilus	NCBITaxon:3862036	scientific name	lotus
Penstemon purpusii	NCBITaxon:3862038	scientific name	lotus
Penstemon stenophyllus	NCBITaxon:3862046	scientific name	lotus
Penstemon tracyi	NCBITaxon:3862050	scientific name	lotus
Pentacalia epiphytica	NCBITaxon:3862094	scientific name	lotus
Pentaceras australis	NCBITaxon:1226098	synonym	lotus
Pentagonia gigantifolia	NCBITaxon:3862238	scientific name	lotus
Pentanema asperum	NCBITaxon:557640	synonym	lotus
Pentanema bifrons	NCBITaxon:313944	synonym	lotus
Pentanema caspicum	NCBITaxon:557642	synonym	lotus
Pentanema germanicum	NCBITaxon:313945	synonym	lotus
Pentanema spiraeifolium	NCBITaxon:1533147	synonym	lotus
Pentatrichia integra	NCBITaxon:41474	scientific name	lotus
Peperomia macrostachyos	NCBITaxon:352187	scientific name	lotus
Peperomia proctorii	NCBITaxon:3863004	scientific name	lotus
Peperomia subspathulata	NCBITaxon:3863225	scientific name	lotus
Peperomia trineura	NCBITaxon:3863291	scientific name	lotus
Peperomia villipetiola	NCBITaxon:3863343	scientific name	lotus
Pera benensis	NCBITaxon:3863475	scientific name	lotus
Perezia nutans	NCBITaxon:711040	synonym	lotus
Perilla frutescens var. frutescens	NCBITaxon:151328	scientific name	lotus
Peritassa compta	NCBITaxon:3834746	scientific name	lotus
Perityle cinerea	NCBITaxon:2784525	synonym	lotus
Perityle lemmonii	NCBITaxon:2784684	synonym	lotus
Perityle rupestris	NCBITaxon:2784686	synonym	lotus
Perityle villosa	NCBITaxon:2784689	synonym	lotus
Pernettya mucronata	NCBITaxon:586115	synonym	lotus
Perovskia	NCBITaxon:39175	synonym	lotus
Perovskia atriplicifolia	NCBITaxon:268885	synonym	lotus
Perrottetia multiflora	NCBITaxon:3863588	scientific name	chebi_origins,lotus
Persicaria bistorta	NCBITaxon:125587	synonym	lotus
Persicaria salicifolia	NCBITaxon:457184	synonym	lotus
Persicaria stelligera	NCBITaxon:3836096	scientific name	lotus
Pertusaria ophthalmiza	NCBITaxon:267813	synonym	lotus
Pertusaria pseudocorallina	NCBITaxon:3397973	scientific name	lotus
Pertya triloba	NCBITaxon:2813839	equivalent name	lotus
Perymenium featherstonei	NCBITaxon:3836145	scientific name	lotus
Perymenium hintonii	NCBITaxon:3836154	scientific name	lotus
Perymenium klattianum	NCBITaxon:3836162	scientific name	lotus
Perymenium mendezii	NCBITaxon:3836164	scientific name	lotus
Pestalotia acaciae	NCBITaxon:554965	synonym	lotus
Pestalotia photiniae	NCBITaxon:289238	synonym	lotus
Pestalotiopsis clavispora	NCBITaxon:289240	synonym	lotus
Pestalotiopsis foedans	NCBITaxon:290095	synonym	lotus
Pestalotiopsis theae	NCBITaxon:218556	synonym	lotus
Petasites formosanus	NCBITaxon:1815962	scientific name	chebi_origins
Petrorhagia velutina	NCBITaxon:308175	synonym	lotus
Petrosedum montanum	NCBITaxon:1239909	scientific name	lotus
Petrosedum sediforme	NCBITaxon:3472803	scientific name	lotus
Petrosia corticata	NCBITaxon:3294655	scientific name	lotus
Petrosia hartmani	NCBITaxon:1336878	scientific name	lotus
Petunia inflata	NCBITaxon:212142	synonym	lotus
Peucedanum alsaticum	NCBITaxon:1533279	scientific name	lotus
Peucedanum longifolium	NCBITaxon:1907906	scientific name	lotus
Peucedanum turcomanicum	NCBITaxon:3091379	synonym	chebi_origins
Peyronellaea obtusa	NCBITaxon:749632	synonym	lotus
Peziza cerea	NCBITaxon:90806	synonym	lotus
Phaeographis neotricosa	NCBITaxon:3036737	scientific name	lotus
Phaeosphaeria nodorum	NCBITaxon:13684	synonym	lotus
Phalaris tuberosa	NCBITaxon:28479	synonym	lotus
Phalces brevis	NCBITaxon:2815668	scientific name	lotus
Phanera championii	NCBITaxon:228514	synonym	lotus
Phania cajalbanica	NCBITaxon:3864144	scientific name	lotus
Phebalium drummondii	NCBITaxon:2981405	scientific name	lotus
Phebalium megaphyllum	NCBITaxon:2981412	scientific name	lotus
Phebalium stenophyllum	NCBITaxon:2981421	scientific name	lotus
Phebalium whitei	NCBITaxon:2981423	scientific name	lotus
Phegopteris microstegia	NCBITaxon:872873	synonym	lotus
Phellinus fastuosus	NCBITaxon:175687	synonym	lotus
Phellinus gilvus	NCBITaxon:40471	synonym	lotus
Phellinus linteus	NCBITaxon:1659895	synonym	lotus
Phellinus pini	NCBITaxon:108901	synonym	lotus
Phellodendron amurense var. sachalinense	NCBITaxon:354511	synonym	lotus
Phellodendron wilsonii	NCBITaxon:697203	synonym	chebi_origins
Phellodon fuligineoalbus	NCBITaxon:137748	scientific name	lotus
Phenax angustifolius	NCBITaxon:3089787	scientific name	lotus
Phialophora	NCBITaxon:5600	scientific name	lotus
Phialophora alba	NCBITaxon:91931	synonym	lotus
Phialophora lagerbergii	NCBITaxon:91937	synonym	lotus
Philotheca apiculata	NCBITaxon:2999138	scientific name	lotus
Philotheca citrina	NCBITaxon:3835973	scientific name	lotus
Philotheca rhomboidea	NCBITaxon:2999145	scientific name	lotus
Philotheca tomentella	NCBITaxon:3002539	scientific name	lotus
Philotheca wonganensis	NCBITaxon:3835982	scientific name	lotus
Phlegmariurus cancellatus	NCBITaxon:3144157	synonym	lotus
Phlegmariurus ovatifolius	NCBITaxon:3144158	synonym	lotus
Phlegmariurus yunnanensis	NCBITaxon:385391	scientific name	lotus
Phlogacanthus thyrsiformis	NCBITaxon:3126659	scientific name	lotus
Phlomis brunneogaleata	NCBITaxon:3864186	scientific name	lotus
Phlomis chimerae	NCBITaxon:3864190	scientific name	lotus
Phlomis integrifolia	NCBITaxon:3864199	scientific name	lotus
Phlomis kotschyana	NCBITaxon:3864201	scientific name	lotus
Phlomis olivieri	NCBITaxon:1493669	scientific name	lotus
Phlomis orientalis	NCBITaxon:2707139	scientific name	lotus
Phlomis regelii	NCBITaxon:3864212	scientific name	lotus
Phlomis sintenisii	NCBITaxon:3864214	scientific name	lotus
Phlomis spinidens	NCBITaxon:3864215	scientific name	lotus
Phoebe clemensii	NCBITaxon:3864284	scientific name	lotus
Phoebe forbesii	NCBITaxon:3864287	scientific name	lotus
Pholidota articulata	NCBITaxon:861273	synonym	lotus
Pholidota chinensis	NCBITaxon:180499	synonym	lotus
Pholidota imbricata	NCBITaxon:141750	synonym	lotus
Phoma exigua var. exigua	NCBITaxon:79605	synonym	lotus
Phoma medicaginis	NCBITaxon:107450	synonym	lotus
Phoma terrestris	NCBITaxon:798162	synonym	lotus
Phoma wasabiae	NCBITaxon:118260	synonym	lotus
Phomatospora dinemasporium	NCBITaxon:3376905	scientific name	lotus
Phomopsis helianthi	NCBITaxon:158607	synonym	lotus
Phomopsis lithocarpi	NCBITaxon:1344039	synonym	lotus
Phonus mareoticus	NCBITaxon:123811	synonym	lotus
Phoradendron greggii	NCBITaxon:3864397	scientific name	lotus
Phoradendron tomentosum	NCBITaxon:3969	synonym	lotus
Phoriospongia	NCBITaxon:1779226	scientific name	lotus
Phormidium autumnale	NCBITaxon:128152	synonym	cyanometdb
Phormidium ectocarpi	NCBITaxon:1202	synonym	cyanometdb
Phormidium luridum	NCBITaxon:1421026	synonym	lotus
Phormidium nigroviride	NCBITaxon:482564	scientific name	lotus
Phormidium persicinum	NCBITaxon:945773	synonym	cyanometdb,lotus
Phormidium sp.	NCBITaxon:1199	scientific name	cyanometdb
Photinia serrulata	NCBITaxon:140999	synonym	lotus
Phragmites communis	NCBITaxon:29695	synonym	lotus
Phyllanthus eriocarpus	NCBITaxon:648869	synonym	lotus
Phyllanthus hohenackeri	NCBITaxon:3864815	scientific name	lotus
Phyllanthus lanceolarius	NCBITaxon:1036588	synonym	lotus
Phyllanthus macrophyllus	NCBITaxon:3864879	scientific name	lotus
Phyllanthus multilocularis	NCBITaxon:2794935	synonym	lotus
Phyllanthus sphaerogynus	NCBITaxon:544978	synonym	lotus
Phyllanthus thomsonii	NCBITaxon:3865120	scientific name	lotus
Phyllanthus velutinus	NCBITaxon:271536	synonym	lotus
Phyllocladus trichomanoides var. alpinus	NCBITaxon:120601	synonym	lotus
Phymaspermum montanum	NCBITaxon:3766647	scientific name	lotus
Phymaspermum parvifolium	NCBITaxon:3065565	scientific name	lotus
Physcomitrella patens	NCBITaxon:3218	synonym	lotus
Physeter macrocephalus	NCBITaxon:9755	scientific name	lotus
Physocarpus opulifolius var. intermedius	NCBITaxon:3879931	synonym	lotus
Physochlaina alaica	NCBITaxon:3759057	scientific name	lotus
Physospermum verticillatum	NCBITaxon:3759067	scientific name	lotus
Picea polita	NCBITaxon:130229	synonym	lotus
Pichia membranaefaciens	NCBITaxon:4926	synonym	lotus
Picris echioides	NCBITaxon:174463	synonym	lotus
Picrolemma huberi	NCBITaxon:3865334	scientific name	lotus
Picrorhiza scrophulariiflora	NCBITaxon:470706	synonym	lotus
Pierreodendron kerstingii	NCBITaxon:3865338	scientific name	lotus
Pieterfaurea unilobata	NCBITaxon:668502	scientific name	lotus
Piliostigma rufescens	NCBITaxon:653079	synonym	lotus
Pilocarpus goudotianus	NCBITaxon:3865706	scientific name	lotus
Pilocarpus grandiflorus	NCBITaxon:3865707	scientific name	lotus
Pilocarpus riedelianus	NCBITaxon:3865709	scientific name	lotus
Piloporia albomarginata	NCBITaxon:1185760	synonym	lotus
Piloselloides hirsuta	NCBITaxon:41622	synonym	lotus
Pilotrichella pandurifolia	NCBITaxon:245455	synonym	lotus
Pimelea elongata	NCBITaxon:3865932	scientific name	chebi_origins,lotus
Pimpinella etbaica	NCBITaxon:3398244	scientific name	lotus
Pimpinella javana	NCBITaxon:3865989	scientific name	lotus
Pimpinella wallichiana	NCBITaxon:3866025	scientific name	lotus
Pinanga polymorpha	NCBITaxon:400915	scientific name	lotus
Pinnasa volubilis	NCBITaxon:3737000	scientific name	lotus
Pinus abies	NCBITaxon:3329	synonym	lotus
Pinus montana	NCBITaxon:28528	synonym	lotus
Pinus pallasiana	NCBITaxon:1276514	synonym	lotus
Piper aleyreanum	NCBITaxon:3730721	scientific name	lotus
Piper boucheanum	NCBITaxon:2072276	scientific name	lotus
Piper chaba	NCBITaxon:130414	synonym	lotus
Piper coruscans	NCBITaxon:1569025	scientific name	lotus
Piper dactylostigmum	NCBITaxon:3731093	scientific name	lotus
Piper decurrens	NCBITaxon:3731104	scientific name	lotus
Piper fadyenii	NCBITaxon:3731216	scientific name	lotus
Piper falconeri	NCBITaxon:3731223	scientific name	lotus
Piper formosum	NCBITaxon:3731250	scientific name	lotus
Piper glaberrimum	NCBITaxon:3731292	scientific name	lotus
Piper guanacostense	NCBITaxon:3731322	scientific name	lotus
Piper hamiltonii	NCBITaxon:3731333	scientific name	lotus
Piper heterophyllum	NCBITaxon:3731351	scientific name	lotus
Piper holtonii	NCBITaxon:3731369	scientific name	lotus
Piper lanceaefolium	NCBITaxon:538291	synonym	lotus
Piper latifolium	NCBITaxon:405306	scientific name	lotus
Piper lhotzkyanum	NCBITaxon:3731510	scientific name	lotus
Piper mikanianum	NCBITaxon:3731613	scientific name	lotus
Piper montealegreanum	NCBITaxon:3731638	scientific name	lotus
Piper murrayanum	NCBITaxon:3731664	scientific name	lotus
Piper permucronatum	NCBITaxon:3731829	scientific name	lotus
Piper philippinum	NCBITaxon:3241120	scientific name	chebi_origins,lotus
Piper retrofractum	NCBITaxon:130414	scientific name	chebi_origins
Piper ridleyi	NCBITaxon:3241122	scientific name	lotus
Piper secundum	NCBITaxon:3344759	scientific name	lotus
Piper suipigua	NCBITaxon:3241125	scientific name	lotus
Piper taboganum	NCBITaxon:3732308	scientific name	lotus
Piptadenia retusa	NCBITaxon:3027968	scientific name	lotus
Piptocarpha opaca	NCBITaxon:3866204	scientific name	lotus
Piptocoma rufescens	NCBITaxon:3866238	scientific name	lotus
Piptolepis leptospermoides	NCBITaxon:3144815	scientific name	lotus
Piptostigma fugax	NCBITaxon:2986207	scientific name	lotus
Piptostigma glabrescens	NCBITaxon:2986208	scientific name	lotus
Pisonia umbellifera	NCBITaxon:169259	synonym	lotus
Pistacia weinmannifolia	NCBITaxon:371727	synonym	lotus
Pithomyces atro-olivaceus	NCBITaxon:227063	synonym	lotus
Pithomyces graminicola	NCBITaxon:3374136	scientific name	lotus
Pittocaulon hintonii	NCBITaxon:3866661	scientific name	lotus
Pittocaulon velatum	NCBITaxon:1707444	scientific name	chebi_origins
Pittosporum pancheri	NCBITaxon:3866761	scientific name	lotus
Plagiogyria falcata	NCBITaxon:3376900	scientific name	lotus
Plagiothecium undulatum	NCBITaxon:53003	scientific name	lotus
Planchonia grandis	NCBITaxon:3866898	scientific name	lotus
Planktothrix agardhii	NCBITaxon:1160	scientific name	cyanometdb
Planktothrix paucivesiculata	NCBITaxon:1678308	scientific name	cyanometdb
Planktothrix prolifica	NCBITaxon:54307	scientific name	cyanometdb
Planktothrix rubescens	NCBITaxon:59512	scientific name	cyanometdb
Planktothrix sp.	NCBITaxon:3088171	scientific name	cyanometdb
Plantago psyllium	NCBITaxon:197794	synonym	lotus
Plasmodium falciparum	NCBITaxon:5833	scientific name	bindingdb
Plasmodium falciparum (isolate K1 / Thailand)	NCBITaxon:5839	synonym	bindingdb
Platostoma palustre	NCBITaxon:2303480	scientific name	lotus
Platycapnos spicatus	NCBITaxon:200995	synonym	lotus
Platycapnos tenuilobus	NCBITaxon:1095361	synonym	lotus
Platycodon grandiflorum	NCBITaxon:94286	synonym	lotus
Platysace linearifolia	NCBITaxon:3867103	scientific name	lotus
Platysepalum inopinatum	NCBITaxon:3090464	scientific name	lotus
Plectonema radiosum	NCBITaxon:945768	scientific name	cyanometdb
Plectonema wollei	NCBITaxon:467598	synonym	lotus
Plectranthus ambiguus	NCBITaxon:3867234	scientific name	lotus
Plectranthus amboinicus	NCBITaxon:204180	synonym	lotus
Plectranthus crassus	NCBITaxon:204184	synonym	lotus
Plectranthus cylindraceus	NCBITaxon:204214	synonym	lotus
Plectranthus defoliatus	NCBITaxon:3780912	synonym	lotus
Plectranthus edulis	NCBITaxon:2171723	synonym	lotus
Plectranthus ernstii	NCBITaxon:3867251	scientific name	lotus
Plectranthus forsteri	NCBITaxon:3780935	synonym	lotus
Plectranthus grandidentatus	NCBITaxon:3780953	synonym	lotus
Plectranthus hadiensis	NCBITaxon:1281416	synonym	lotus
Plectranthus hereroensis	NCBITaxon:3780961	synonym	lotus
Plectranthus lanuginosus	NCBITaxon:2171724	synonym	lotus
Plectranthus mollis	NCBITaxon:1610804	synonym	lotus
Plectranthus purpuratus	NCBITaxon:3867280	scientific name	lotus
Plectranthus saccatus	NCBITaxon:1161399	scientific name	lotus
Plectranthus sanguineus	NCBITaxon:204192	synonym	lotus
Plectranthus scutellarioides	NCBITaxon:4142	synonym	lotus
Plectranthus sylvestris	NCBITaxon:2485406	synonym	lotus
Pleiogynium timorense	NCBITaxon:289743	synonym	lotus
Plenodomus biglobosus	NCBITaxon:220672	scientific name	lotus
Pleuropterus ciliinervis	NCBITaxon:76028	synonym	chebi_origins
Pleurostomophora	NCBITaxon:308472	synonym	lotus
Pleurozia acinosa	NCBITaxon:3063155	scientific name	lotus
Plexaura flava	NCBITaxon:308462	synonym	lotus
Plexaura porosa	NCBITaxon:3285840	scientific name	lotus
Plinia cerrocampanensis	NCBITaxon:3867538	scientific name	chebi_origins
Ploiarium elegans	NCBITaxon:3046148	scientific name	lotus
Plumbago rosea	NCBITaxon:122308	synonym	chebi_origins
Plumbago scandens	NCBITaxon:2038230	scientific name	chebi_origins
Plumeria acutifolia	NCBITaxon:890410	synonym	lotus
Plummera ambigens	NCBITaxon:3826074	synonym	chebi_origins
Poa juncifolia	NCBITaxon:368386	synonym	lotus
Poacynum pictum	NCBITaxon:377126	synonym	lotus
Pochonia chlamydosporia var. chlamydosporia	NCBITaxon:280754	synonym	lotus
Podalyria retzii	NCBITaxon:3089804	scientific name	lotus
Podanthus ovatifolius	NCBITaxon:3027755	scientific name	lotus
Podocarpus laetus	NCBITaxon:3711459	scientific name	lotus
Podophyllum hexandrum	NCBITaxon:93608	synonym	lotus
Podophyllum versipelle	NCBITaxon:93611	synonym	lotus
Podospora araneosa	NCBITaxon:573841	synonym	lotus
Podospora curvicolla	NCBITaxon:48157	synonym	lotus
Podospora decipiens	NCBITaxon:261697	synonym	lotus
Podospora pleiospora	NCBITaxon:261701	synonym	lotus
Poecillastra wondoensis	NCBITaxon:3080380	scientific name	lotus
Pogostemon cablin	NCBITaxon:28511	scientific name	chebi_origins
Pogostemon purpurascens	NCBITaxon:3868006	scientific name	lotus
Pogostemon travancoricus	NCBITaxon:3868018	scientific name	chebi_origins
Polhillides velutina	NCBITaxon:1977554	scientific name	lotus
Polyalthia barnesii	NCBITaxon:3057603	synonym	lotus
Polyalthia evecta	NCBITaxon:1310103	scientific name	chebi_origins
Polyalthia longifolia	NCBITaxon:235806	synonym	lotus
Polyalthia sclerophylla	NCBITaxon:235811	synonym	lotus
Polyalthia suaveolens	NCBITaxon:235734	synonym	lotus
Polyalthia viridis	NCBITaxon:235816	synonym	lotus
Polycitor proliferus	NCBITaxon:641088	scientific name	lotus
Polygala caudata	NCBITaxon:3025166	scientific name	lotus
Polygala gracilenta	NCBITaxon:3836266	scientific name	lotus
Polygala nyikensis	NCBITaxon:3836351	scientific name	lotus
Polygala pappeana	NCBITaxon:3836364	scientific name	lotus
Polygala ruwenzoriensis	NCBITaxon:3836408	scientific name	lotus
Polygala senega var. latifolia	NCBITaxon:174549	synonym	chebi_origins
Polygonatum sewerzowii	NCBITaxon:3836467	scientific name	lotus
Polygonum bistorta	NCBITaxon:125587	synonym	lotus
Polygonum coriarium	NCBITaxon:457182	synonym	lotus
Polygonum glaucum	NCBITaxon:3836491	scientific name	lotus
Polygonum hydropiper	NCBITaxon:46901	synonym	lotus
Polygonum lapathifolium	NCBITaxon:430754	synonym	lotus
Polygonum persicaria	NCBITaxon:457184	synonym	lotus
Polygonum salicifolium	NCBITaxon:580470	synonym	chebi_origins,lotus
Polygonum senticosum	NCBITaxon:61509	synonym	lotus
Polygonum weyrichii	NCBITaxon:130758	synonym	lotus
Polyneura hilliae	NCBITaxon:136797	synonym	lotus
Polyporus australiensis	NCBITaxon:2979130	synonym	lotus
Polyporus badius	NCBITaxon:196231	synonym	lotus
Polyporus picipes	NCBITaxon:3707414	scientific name	lotus
Polyporus pini	NCBITaxon:108901	synonym	lotus
Polyporus sanguineus	NCBITaxon:158606	synonym	lotus
Polypus dispansus	NCBITaxon:442949	scientific name	lotus
Polyspora dassanayakei	NCBITaxon:3869174	scientific name	lotus
Polytrichum ohioense	NCBITaxon:752062	synonym	lotus
Pomaderris apetala	NCBITaxon:3869386	scientific name	lotus
Pometia ridleyi	NCBITaxon:3869459	scientific name	lotus
Poncirus trifoliata	NCBITaxon:37690	synonym	lotus
Pongamia glabra	NCBITaxon:56065	synonym	lotus
Pongamiopsis pervilleana	NCBITaxon:3091393	scientific name	lotus
Poraqueiba paraensis	NCBITaxon:3869550	scientific name	lotus
Porcelia macrocarpa	NCBITaxon:2873998	scientific name	lotus
Porella elegantula	NCBITaxon:3715143	scientific name	lotus
Poria weirii	NCBITaxon:135589	synonym	lotus
Porophyllum obscurum	NCBITaxon:3869559	scientific name	lotus
Porphyra perforata	NCBITaxon:182771	synonym	lotus
Porphyra tenera	NCBITaxon:2785	synonym	lotus
Porphyra yezoensis	NCBITaxon:2788	synonym	lotus
Portieria hornemannii	NCBITaxon:128534	scientific name	lotus
Portulaca sativa	NCBITaxon:1150915	synonym	lotus
Potamogeton ferrugineus	NCBITaxon:1899572	scientific name	lotus
Potentilla fruticosa	NCBITaxon:32239	synonym	lotus
Poterium ancistroides	NCBITaxon:137454	synonym	lotus
Pouzolzia occidentalis	NCBITaxon:3870087	scientific name	lotus
Praxelis diffusa	NCBITaxon:3475019	scientific name	lotus
Premna corymbosa	NCBITaxon:3071406	scientific name	lotus
Premna mollissima	NCBITaxon:3351360	scientific name	lotus
Premna oligotricha	NCBITaxon:3714005	scientific name	lotus
Premna resinosa	NCBITaxon:3714006	scientific name	lotus
Premna schimperi	NCBITaxon:3870147	scientific name	lotus
Prenanthes trifoliolata	NCBITaxon:883029	synonym	lotus
Presliophytum arequipensis	NCBITaxon:228062	synonym	lotus
Presliophytum malesherbioides	NCBITaxon:193479	scientific name	lotus
Priestleya capitata	NCBITaxon:362221	synonym	lotus
Priestleya hirsuta	NCBITaxon:380776	synonym	lotus
Priestleya latifolia	NCBITaxon:380777	synonym	lotus
Primula acaulis	NCBITaxon:175104	synonym	lotus
Primula officinalis	NCBITaxon:170927	synonym	lotus
Proboscidea louisianica	NCBITaxon:9786	scientific name	lotus
Prochloron didemni	NCBITaxon:1216	scientific name	cyanometdb
Prochloron sp.	NCBITaxon:1215	scientific name	cyanometdb
Propionibacterium thoenii	NCBITaxon:1751	synonym	lotus
Prorocentrum	NCBITaxon:2944	scientific name	lotus
Prosopis juliflora	NCBITaxon:3128859	synonym	lotus
Prosthechea bulbosa	NCBITaxon:3064599	scientific name	lotus
Prosthechea campos-portoi	NCBITaxon:3064601	scientific name	lotus
Prosthechea michuacana	NCBITaxon:3064618	scientific name	lotus
Protium crenatum	NCBITaxon:3870468	scientific name	lotus
Protium tonkinense	NCBITaxon:318968	scientific name	lotus
Protostropharia semiglobata	NCBITaxon:181781	scientific name	lotus
Prunus amygdalus	NCBITaxon:3755	synonym	lotus
Prunus itosakura	NCBITaxon:2986971	scientific name	lotus
Prunus serrulata f. spontanea	NCBITaxon:97325	synonym	lotus
Prunus serrulata var. spontanea	NCBITaxon:97325	synonym	lotus
Prunus spachiana	NCBITaxon:97320	synonym	lotus
Prunus turfosa	NCBITaxon:3091687	scientific name	lotus
Prunus ulmifolia	NCBITaxon:3091688	scientific name	lotus
Psacalium decompositum	NCBITaxon:3870625	scientific name	lotus
Psacalium radulifolium	NCBITaxon:3870655	scientific name	lotus
Psephellus carthalinicus	NCBITaxon:3839815	scientific name	lotus
Psephellus colchicus	NCBITaxon:3839819	scientific name	lotus
Psephellus daghestanicus	NCBITaxon:3839823	scientific name	lotus
Psephellus dealbatus	NCBITaxon:41526	synonym	lotus
Psephellus declinatus	NCBITaxon:3839825	scientific name	lotus
Psephellus huber-morathii	NCBITaxon:3839837	scientific name	lotus
Psephellus integrifolius	NCBITaxon:3839839	scientific name	lotus
Psephellus karabaghensis	NCBITaxon:3839841	scientific name	lotus
Psephellus leucophyllus	NCBITaxon:3839847	scientific name	lotus
Psephellus nogmovii	NCBITaxon:1291633	synonym	lotus
Psephellus schischkinii	NCBITaxon:3839863	scientific name	lotus
Psephellus simplicicaulis	NCBITaxon:3074735	scientific name	lotus
Psephellus somcheticus	NCBITaxon:3839867	scientific name	lotus
Psephellus zangezuri	NCBITaxon:3839877	scientific name	lotus
Pseudallescheria apiosperma	NCBITaxon:563466	synonym	lotus
Pseudallescheria boydii	NCBITaxon:5597	synonym	lotus
Pseudanabaena galeata	NCBITaxon:1112103	scientific name	cyanometdb
Pseudanabaena sp.	NCBITaxon:1153	scientific name	cyanometdb
Pseudoarachniotus roseus	NCBITaxon:166389	synonym	lotus
Pseudocnus echinatus	NCBITaxon:2592315	scientific name	lotus
Pseudocydonia sinensis	NCBITaxon:36622	scientific name	lotus
Pseudocyphellaria bartlettii	NCBITaxon:3734941	scientific name	lotus
Pseudocyphellaria granulata	NCBITaxon:176473	synonym	lotus
Pseudocyphellaria rubella	NCBITaxon:3397984	scientific name	lotus
Pseudodistoma antinboja	NCBITaxon:2979654	scientific name	lotus
Pseudodistoma kanoko	NCBITaxon:641090	scientific name	lotus
Pseudognaphalium brachypterum	NCBITaxon:3398157	scientific name	lotus
Pseudognaphalium canescens	NCBITaxon:3398158	scientific name	lotus
Pseudognaphalium dysodes	NCBITaxon:3870737	scientific name	lotus
Pseudognaphalium heterotrichum	NCBITaxon:1442707	scientific name	lotus
Pseudognaphalium lanuginosum	NCBITaxon:3398167	scientific name	lotus
Pseudognaphalium liebmannii	NCBITaxon:3398169	scientific name	lotus
Pseudognaphalium robustum	NCBITaxon:3391813	scientific name	lotus
Pseudognaphalium undulatum	NCBITaxon:1754130	scientific name	lotus
Pseudogynoxys engleri	NCBITaxon:3870773	scientific name	lotus
Pseudogynoxys sonchoides	NCBITaxon:3138601	scientific name	lotus
Pseudolycopodiella affinis	NCBITaxon:462212	scientific name	lotus
Pseudolycopodium densum	NCBITaxon:73627	scientific name	lotus
Pseudopterogorgia americana	NCBITaxon:204378	synonym	lotus
Pseudotsuga sinensis var. sinensis	NCBITaxon:3078751	scientific name	lotus
Pseudowintera insperata	NCBITaxon:3870977	scientific name	lotus
Psidium acutangulum	NCBITaxon:1835410	scientific name	lotus
Psidium guajava	NCBITaxon:120290	scientific name	chebi_origins
Psidium guyanense	NCBITaxon:3871000	scientific name	lotus
Psilocybe subcaerulipes	NCBITaxon:3085227	scientific name	lotus
Psilostrophe villosa	NCBITaxon:3240796	scientific name	lotus
Psoralea arborea	NCBITaxon:546737	scientific name	lotus
Psoralea fascicularis	NCBITaxon:3871172	scientific name	lotus
Psoralea papillosa	NCBITaxon:3871181	scientific name	lotus
Psoralea subacaulis	NCBITaxon:458383	synonym	lotus
Psoroma pallidum	NCBITaxon:578682	synonym	lotus
Psoroma sphinctrinum	NCBITaxon:578683	synonym	lotus
Psorospermum adamauense	NCBITaxon:3871189	scientific name	lotus
Psorospermum aurantiacum	NCBITaxon:3871192	scientific name	lotus
Psorospermum glaberrimum	NCBITaxon:3871197	scientific name	lotus
Psorospermum guineense	NCBITaxon:999599	scientific name	lotus
Psorospermum laurentii	NCBITaxon:2704497	scientific name	lotus
Psorospermum molluscum	NCBITaxon:3871202	scientific name	lotus
Psorospermum orientale	NCBITaxon:1390553	scientific name	lotus
Psychotria calocarpa	NCBITaxon:3772053	scientific name	lotus
Psychotria forsteriana	NCBITaxon:1277318	synonym	lotus
Psychotria lyciiflora	NCBITaxon:1277320	synonym	lotus
Psychotria oleoides	NCBITaxon:180038	synonym	lotus
Psychotria rostrata	NCBITaxon:3080914	synonym	lotus
Ptelea aptera	NCBITaxon:3871313	scientific name	lotus
Pteridium aquilinum var. latiusculum	NCBITaxon:104587	synonym	lotus
Pteris palmiformis	NCBITaxon:3471475	synonym	lotus
Pterocarpus marsupium	NCBITaxon:1071187	scientific name	chebi_origins
Pterocladia capillacea	NCBITaxon:70838	synonym	lotus
Pterodon apparicioi	NCBITaxon:3040932	scientific name	lotus
Pteronia eenii	NCBITaxon:3118480	scientific name	lotus
Pteronia stricta	NCBITaxon:3871486	scientific name	lotus
Pteronia uncinata	NCBITaxon:3118495	scientific name	lotus
Pteroselinum austriacum	NCBITaxon:203897	synonym	lotus
Pterosiphonia pennata	NCBITaxon:1261578	synonym	lotus
Ptilostemon diacantha	NCBITaxon:313540	synonym	lotus
Ptychostomum pseudotriquetrum	NCBITaxon:200811	scientific name	lotus
Puccionia macradenia	NCBITaxon:2894885	scientific name	lotus
Pueraria montana var. montana	NCBITaxon:3031840	scientific name	lotus
Pulchrocladia retipora	NCBITaxon:50930	scientific name	lotus
Pulicaria angustifolia	NCBITaxon:3871870	scientific name	lotus
Pulicaria crispa	NCBITaxon:119186	synonym	lotus
Pulicaria gnaphalodes	NCBITaxon:3871882	scientific name	lotus
Pulicaria sicula	NCBITaxon:3871892	scientific name	lotus
Pulicaria undulata	NCBITaxon:119186	synonym	lotus
Pullularia	NCBITaxon:86339	scientific name	lotus
Pulsatilla alpina	NCBITaxon:470566	scientific name	lotus
Pulsatilla ambigua	NCBITaxon:2546306	synonym	lotus
Pulsatilla montana	NCBITaxon:387932	synonym	lotus
Pulsatilla turczaninovii	NCBITaxon:748721	synonym	lotus
Pulsatilla vernalis	NCBITaxon:445233	synonym	lotus
Pultenaea altissima	NCBITaxon:3734224	scientific name	lotus
Purshia mexicana	NCBITaxon:1795987	scientific name	lotus
Puya assurgens	NCBITaxon:3871923	scientific name	lotus
Pycnarrhena manillensis	NCBITaxon:3872120	scientific name	lotus
Pycnocycla tomentosa	NCBITaxon:3872144	scientific name	lotus
Pycnoporus cinnabarinus	NCBITaxon:5643	synonym	lotus
Pyramimonas amylifera	NCBITaxon:1486889	synonym	lotus
Pyrenacantha kaurabassana	NCBITaxon:3872164	scientific name	lotus
Pyrenopeziza benesuada	NCBITaxon:2705607	synonym	lotus
Pyrolirion flavum	NCBITaxon:3872199	scientific name	lotus
Pyrrhopappus rothrockii	NCBITaxon:3872252	scientific name	lotus
Pyrus bretschneideri	NCBITaxon:225117	equivalent name	lotus
Pyrus lanata	NCBITaxon:3095447	synonym	lotus
Pyrus vestita	NCBITaxon:3850611	synonym	lotus
Pythium irregulare	NCBITaxon:36331	synonym	lotus
Pyura microcosmus	NCBITaxon:1206975	scientific name	lotus
Qualea labouriauana	NCBITaxon:3872324	scientific name	lotus
Quercus myrsinaefolia	NCBITaxon:57648	synonym	lotus
Rabelera holostea	NCBITaxon:581250	scientific name	lotus
Radermachera boniana	NCBITaxon:3830937	scientific name	chebi_origins,lotus
Rafnia opposita	NCBITaxon:3091719	scientific name	lotus
Ramboldia petraeoides	NCBITaxon:436312	synonym	lotus
Ranunculus ficaria	NCBITaxon:79245	synonym	lotus
Ranunculus ololeucos	NCBITaxon:2604291	scientific name	lotus
Ranunculus serpens	NCBITaxon:320423	synonym	lotus
Raoulia petriensis	NCBITaxon:3873978	scientific name	lotus
Raphidiopsis mediterranea	NCBITaxon:312885	scientific name	cyanometdb
Raphidiopsis raciborskii	NCBITaxon:77022	synonym	lotus
Raputia megalantha	NCBITaxon:3874044	scientific name	lotus
Raputia simulans	NCBITaxon:3874047	scientific name	lotus
Rattus norvegicus	NCBITaxon:10116	scientific name	bindingdb
Rauvolfia leucopoda	NCBITaxon:3874065	scientific name	lotus
Rauvolfia linearifolia	NCBITaxon:3874066	scientific name	lotus
Rauvolfia obscura	NCBITaxon:3874071	scientific name	chebi_origins
Rauvolfia sevenetii	NCBITaxon:3874078	scientific name	lotus
Rauvolfia spathulata	NCBITaxon:3874079	scientific name	lotus
Rauvolfia volkensii	NCBITaxon:947905	scientific name	chebi_origins
Rauvolfia vomitoria	NCBITaxon:403115	scientific name	chebi_origins
Reissantia indica	NCBITaxon:123465	synonym	lotus
Relhania acerosa	NCBITaxon:1462989	synonym	lotus
Relhania calycina	NCBITaxon:496644	synonym	lotus
Relhania fruticosa	NCBITaxon:112393	synonym	lotus
Remirea maritima	NCBITaxon:167995	synonym	lotus
Renealmia chrysotricha	NCBITaxon:3874206	scientific name	lotus
Resinicium pinicola	NCBITaxon:467961	synonym	lotus
Reynoutria sachalinensis	NCBITaxon:76036	scientific name	lotus
Rhabdastrella distincta	NCBITaxon:3080321	scientific name	lotus
Rhabdastrella wondoensis	NCBITaxon:3080320	scientific name	lotus
Rhamnus erythroxyloides	NCBITaxon:3091430	scientific name	lotus
Rhamnus petiolaris	NCBITaxon:3810708	scientific name	chebi_origins,lotus
Rhamnus thymifolia	NCBITaxon:3810719	scientific name	lotus
Rhanteriopsis bombycina	NCBITaxon:3810729	scientific name	lotus
Rhaphiolepis loquata	NCBITaxon:32224	synonym	lotus
Rhaponticoides africana	NCBITaxon:2950952	synonym	lotus
Rhaponticum chinense	NCBITaxon:3122714	scientific name	lotus
Rheum emodi	NCBITaxon:284363	synonym	lotus
Rheum inopinatum	NCBITaxon:3810848	scientific name	lotus
Rheum maximowiczii	NCBITaxon:3810852	scientific name	lotus
Rheum ribes	NCBITaxon:1207382	scientific name	lotus
Rheum subacaule	NCBITaxon:3810855	scientific name	lotus
Rheum yunnanense	NCBITaxon:3810857	scientific name	lotus
Rhinotropis nitida	NCBITaxon:3091435	scientific name	lotus
Rhizobium lupini	NCBITaxon:136996	synonym	lotus
Rhizobium radiobacter	NCBITaxon:362	synonym	lotus
Rhizobium rhizogenes	NCBITaxon:359	synonym	lotus
Rhizobium trifolii	NCBITaxon:384	synonym	lotus
Rhizoctonia leguminicola	NCBITaxon:1541393	synonym	lotus
Rhizogonium dozyanum	NCBITaxon:279296	synonym	lotus
Rhizopogon pumilionum	NCBITaxon:217304	scientific name	lotus
Rhizopus oryzae	NCBITaxon:64495	synonym	lotus
Rhizopycnis vagum	NCBITaxon:1589764	synonym	lotus
Rhodanthe propinqua	NCBITaxon:3874453	scientific name	lotus
Rhodanthe sterilescens	NCBITaxon:3874460	scientific name	lotus
Rhodanthe stricta	NCBITaxon:3874461	scientific name	lotus
Rhodobacter sphaeroides	NCBITaxon:1063	synonym	lotus
Rhodocista centenaria	NCBITaxon:34018	synonym	lotus
Rhododendron christi	NCBITaxon:228359	synonym	lotus
Rhododendron collettianum	NCBITaxon:3874552	scientific name	chebi_origins,lotus
Rhododendron culminicolum	NCBITaxon:228361	synonym	lotus
Rhododendron meijeri	NCBITaxon:3874669	scientific name	lotus
Rhododendron micromalayanum	NCBITaxon:3874673	scientific name	lotus
Rhododendron nervulosum	NCBITaxon:3874694	scientific name	lotus
Rhododendron thymifolium	NCBITaxon:2575814	scientific name	chebi_origins
Rhodomonas	NCBITaxon:37096	scientific name	lotus
Rhodospirillum photometricum	NCBITaxon:1084	synonym	lotus
Rhodostemonodaphne miranda	NCBITaxon:3874928	scientific name	lotus
Rhodotorula aurantiaca	NCBITaxon:91979	synonym	lotus
Rhodotorula gracilis	NCBITaxon:5286	synonym	lotus
Rhodotorula minuta	NCBITaxon:29899	synonym	lotus
Rhus vernicifera	NCBITaxon:4013	synonym	lotus
Rhynchosia cana	NCBITaxon:3839374	scientific name	lotus
Rhynchosia densiflora	NCBITaxon:3839753	scientific name	lotus
Rhynchosia heynei	NCBITaxon:3390432	scientific name	lotus
Rhynchosia jacobii	NCBITaxon:3839419	scientific name	lotus
Rhynchosia precatoria	NCBITaxon:3091437	scientific name	lotus
Rhynchosia rothii	NCBITaxon:3056406	scientific name	lotus
Rhynchosia rufescens	NCBITaxon:3097636	scientific name	lotus
Rhynchosia suaveolens	NCBITaxon:3839492	scientific name	lotus
Rhynchospermum verticillatum	NCBITaxon:191245	synonym	lotus
Rhynchospora heterochaeta	NCBITaxon:2848893	scientific name	lotus
Rhynchospora leae	NCBITaxon:3839610	scientific name	lotus
Rhynchotechum vestitum	NCBITaxon:2663197	scientific name	lotus
Rhytidiadelphus triquetrus	NCBITaxon:28469	synonym	lotus
Ribes laurifolium	NCBITaxon:3392077	scientific name	lotus
Ricciocarpus natans	NCBITaxon:53035	synonym	lotus
Ricinocarpos stylosus	NCBITaxon:3875123	scientific name	lotus
Rindera austroechinata	NCBITaxon:3875277	scientific name	lotus
Rindera echinata	NCBITaxon:3875282	scientific name	lotus
Ritchiea albersii	NCBITaxon:3875442	scientific name	lotus
Rivularia sp.	NCBITaxon:2047365	equivalent name	cyanometdb
Robinsonia macrocephala	NCBITaxon:3875480	scientific name	lotus
Rochelia zeylanica	NCBITaxon:2291118	synonym	lotus
Roemeria carica	NCBITaxon:3736784	scientific name	lotus
Rollinia sericea	NCBITaxon:2072219	synonym	chebi_origins
Rollinia sylvatica	NCBITaxon:1385695	synonym	lotus
Rondeletia panamensis	NCBITaxon:3875894	scientific name	lotus
Rosa hybrida	NCBITaxon:128735	synonym	lotus
Rosa inodora	NCBITaxon:323239	synonym	lotus
Roseofilum reptotaenium	NCBITaxon:1233427	scientific name	cyanometdb
Rosmarinus officinalis	NCBITaxon:39367	synonym	lotus
Rotala floribunda	NCBITaxon:3003531	scientific name	lotus
Rotala verticillaris	NCBITaxon:3003533	scientific name	lotus
Rotheca microphylla	NCBITaxon:3032876	scientific name	lotus
Rotheca wildii	NCBITaxon:3876527	scientific name	lotus
Rothmannia macrophylla	NCBITaxon:1623652	synonym	lotus
Rubia yunnanensis	NCBITaxon:1650721	scientific name	chebi_origins
Rubus alceaefolius	NCBITaxon:124693	synonym	lotus
Rubus fruticosus	NCBITaxon:211815	scientific name	lotus
Rubus imperialis	NCBITaxon:3091826	scientific name	lotus
Rubus pseudochingii	NCBITaxon:3118393	synonym	lotus
Ruehssia cundurango	NCBITaxon:3876870	scientific name	lotus
Ruellia dipteracanthus	NCBITaxon:440929	synonym	lotus
Ruellia makoyana	NCBITaxon:3036840	scientific name	lotus
Ruilopezia margarita	NCBITaxon:1873695	synonym	lotus
Rumex bequaertii	NCBITaxon:174652	synonym	lotus
Rumex hymenosepalus	NCBITaxon:3029260	scientific name	lotus
Rumex lanceolatus	NCBITaxon:3876981	scientific name	lotus
Rumex limoniastrum	NCBITaxon:3876984	scientific name	lotus
Rumex paulsenianus	NCBITaxon:3876998	scientific name	lotus
Rumex ruwenzoriensis	NCBITaxon:3877008	scientific name	lotus
Rumex simpliciflorus	NCBITaxon:3877011	scientific name	lotus
Rumex tianschanicus	NCBITaxon:1786038	synonym	lotus
Ruschia lineolata	NCBITaxon:3877211	scientific name	lotus
Ruscus colchicus	NCBITaxon:3877305	scientific name	lotus
Rutidosis murchisonii	NCBITaxon:3049606	scientific name	lotus
Ryparosa acuminata	NCBITaxon:3877397	scientific name	lotus
Saccharicola	NCBITaxon:54788	synonym	lotus
Saccharicola taiwanensis	NCBITaxon:178142	synonym	lotus
Saccharina longicruris	NCBITaxon:416838	scientific name	lotus
Saintpaulia ionantha	NCBITaxon:85262	synonym	lotus
Salacia hainanensis	NCBITaxon:3695207	scientific name	lotus
Salacia macrosperma	NCBITaxon:1225087	scientific name	chebi_origins
Salacia reticulata	NCBITaxon:1565083	scientific name	chebi_origins
Salicornia depressa	NCBITaxon:549776	synonym	lotus
Salix	NCBITaxon:40685	scientific name	lotus
Salix denticulata	NCBITaxon:3780669	scientific name	lotus
Salix pantosericea	NCBITaxon:3780727	scientific name	lotus
Salsola arbuscula	NCBITaxon:151237	synonym	lotus
Salsola kali	NCBITaxon:151250	scientific name	lotus
Salsola micranthera	NCBITaxon:798191	synonym	lotus
Salvia africana-lutea	NCBITaxon:1520008	synonym	lotus
Salvia dumetorum	NCBITaxon:3081598	scientific name	lotus
Salvia granitica	NCBITaxon:1520010	scientific name	lotus
Salvia lavandulifolia	NCBITaxon:3110498	synonym	lotus
Salvia miniata	NCBITaxon:3019611	scientific name	lotus
Salvia multicaulis	NCBITaxon:1685714	scientific name	chebi_origins
Salvia sylvestris	NCBITaxon:268931	synonym	lotus
Salvia tiliaefolia	NCBITaxon:268933	synonym	lotus
Salvia tomentosa	NCBITaxon:1132405	scientific name	chebi_origins
Salvia transsylvanica	NCBITaxon:2886724	scientific name	lotus
Santisukia kerrii	NCBITaxon:3711178	scientific name	lotus
Sapium pachystachys	NCBITaxon:3877709	scientific name	lotus
Sapium rigidifolium	NCBITaxon:3877711	scientific name	lotus
Saprosma fragrans	NCBITaxon:3877747	scientific name	lotus
Saprosma scortechinii	NCBITaxon:3877763	scientific name	lotus
Sarcomelicope dogniensis	NCBITaxon:3877869	scientific name	lotus
Sarcomelicope leiocarpa	NCBITaxon:3877871	scientific name	lotus
Sarcomelicope megistophylla	NCBITaxon:3877872	scientific name	lotus
Sarcophyton infundibuliforme	NCBITaxon:3286263	scientific name	lotus
Sarcophyton latum	NCBITaxon:3286264	scientific name	lotus
Sarcophyton subviride	NCBITaxon:3286276	scientific name	lotus
Sarcopodium	NCBITaxon:409225	scientific name	lotus
Sarcostemma acidum	NCBITaxon:492005	synonym	lotus
Sarcostemma viminale	NCBITaxon:126774	synonym	lotus
Sargassum ringgoldianum	NCBITaxon:127524	scientific name	lotus
Sasamorpha borealis	NCBITaxon:591242	scientific name	lotus
Satureja adamovicii	NCBITaxon:3877927	scientific name	lotus
Satureja boissieri	NCBITaxon:3116551	scientific name	lotus
Satureja cilicica	NCBITaxon:3877931	scientific name	lotus
Satureja fukarekii	NCBITaxon:3877933	scientific name	lotus
Satureja kitaibelii	NCBITaxon:1851436	scientific name	lotus
Satureja wiedemanniana	NCBITaxon:3877942	scientific name	lotus
Saussurea cordifolia	NCBITaxon:3030892	scientific name	lotus
Saussurea depressa	NCBITaxon:1533370	scientific name	lotus
Saussurea gossypiphora	NCBITaxon:335950	synonym	lotus
Saussurea lappa	NCBITaxon:324593	synonym	lotus
Saussurea lipschitzii	NCBITaxon:3369518	scientific name	lotus
Saussurea nivea	NCBITaxon:243810	synonym	lotus
Saussurea porcii	NCBITaxon:3411493	scientific name	lotus
Saussurea triangulata	NCBITaxon:3411516	scientific name	lotus
Saussurea ussuriensis	NCBITaxon:3030965	scientific name	lotus
Scabiosa micrantha	NCBITaxon:3713986	synonym	lotus
Scabiosa rotata	NCBITaxon:3479206	synonym	lotus
Scabiosa variifolia	NCBITaxon:3713996	synonym	lotus
Scaevola racemigera	NCBITaxon:3878556	scientific name	lotus
Scaevola sericea	NCBITaxon:16481	synonym	lotus
Scaligeria lazica	NCBITaxon:1883449	synonym	lotus
Sceptridium ternatum	NCBITaxon:208695	synonym	lotus
Schedonorus arundinaceus	NCBITaxon:4606	synonym	lotus
Schedonorus pratensis	NCBITaxon:4608	synonym	lotus
Schefflera actinophylla	NCBITaxon:52501	synonym	lotus
Schefflera bodinieri	NCBITaxon:1433814	synonym	lotus
Schefflera digitata	NCBITaxon:327232	scientific name	lotus
Schefflera heptaphylla	NCBITaxon:327218	synonym	lotus
Schefflera rhododendrifolia	NCBITaxon:256630	synonym	lotus
Schefflera subintegra	NCBITaxon:1005387	synonym	lotus
Schefflera taiwaniana	NCBITaxon:1433837	synonym	lotus
Schefflera venulosa	NCBITaxon:292617	synonym	lotus
Schinus latifolius	NCBITaxon:2005667	synonym	lotus
Schisandra micrantha	NCBITaxon:3878731	scientific name	lotus
Schisandra neglecta	NCBITaxon:3878732	scientific name	lotus
Schisandra propinqua var. sinensis	NCBITaxon:133445	synonym	lotus
Schisandra sphaerandra	NCBITaxon:2027360	scientific name	chebi_origins
Schismocarpus matudai	NCBITaxon:37836	synonym	lotus
Schistostephium artemisiifolium	NCBITaxon:3777181	scientific name	lotus
Schistostephium rotundifolium	NCBITaxon:3777190	scientific name	lotus
Schizolaena hystrix	NCBITaxon:1915033	scientific name	chebi_origins
Schizothrix	NCBITaxon:240294	scientific name	lotus
Schnabelia tetradonta	NCBITaxon:2290804	synonym	lotus
Schoenia ramosissima	NCBITaxon:3878997	scientific name	lotus
Schultesia lisianthoides	NCBITaxon:85042	synonym	chebi_origins
Scleranthus uncinatus	NCBITaxon:1907918	scientific name	lotus
Scleromitrion diffusum	NCBITaxon:254027	scientific name	lotus
Scleromitrion verticillatum	NCBITaxon:462690	scientific name	lotus
Scleropyrum wallichianum	NCBITaxon:1504490	scientific name	chebi_origins
Scolecobasidium salinum	NCBITaxon:179392	synonym	lotus
Scopolia lurida	NCBITaxon:258458	synonym	lotus
Scorzonera austriaca	NCBITaxon:261619	synonym	lotus
Scorzonera cretica	NCBITaxon:268092	synonym	lotus
Scorzonera hirsuta	NCBITaxon:261607	synonym	lotus
Scorzonera hispanica	NCBITaxon:114289	synonym	lotus
Scorzonera latifolia	NCBITaxon:261608	synonym	lotus
Scorzonera mollis	NCBITaxon:268098	synonym	lotus
Scorzonera pseudodivaricata	NCBITaxon:1439928	synonym	lotus
Scorzonera pseudolanata	NCBITaxon:871889	synonym	lotus
Scorzonera pusilla	NCBITaxon:261629	synonym	lotus
Scorzonera tau-saghyz	NCBITaxon:2603529	synonym	lotus
Scorzonera tomentosa	NCBITaxon:871893	synonym	lotus
Scutellaria pekinensis var. pekinensis	NCBITaxon:3234268	scientific name	lotus
Scutellaria phyllostachya	NCBITaxon:3693784	scientific name	lotus
Scutellaria schachristanica	NCBITaxon:3693786	scientific name	lotus
Scutellaria scordiifolia	NCBITaxon:587679	synonym	lotus
Scutellaria violacea	NCBITaxon:3234205	scientific name	lotus
Scutia myrtina	NCBITaxon:1158817	scientific name	chebi_origins
Scutiger pes-caprae	NCBITaxon:205784	synonym	lotus
Scytonema crispum	NCBITaxon:439476	synonym	cyanometdb,lotus
Scytonema hofmanni	NCBITaxon:34078	equivalent name	cyanometdb
Scytonema hofmannii	NCBITaxon:34078	scientific name	cyanometdb
Scytonema mirabile	NCBITaxon:439478	scientific name	cyanometdb
Scytonema sp.	NCBITaxon:1204	scientific name	cyanometdb
Scytonema varium	NCBITaxon:423208	scientific name	cyanometdb
Sechium edule	NCBITaxon:184140	synonym	lotus
Sechium pittieri	NCBITaxon:517551	synonym	lotus
Securidaca inappendiculata	NCBITaxon:3091905	scientific name	lotus
Securinega virosa	NCBITaxon:283121	synonym	lotus
Sedum brissemoreti	NCBITaxon:1239893	synonym	lotus
Sedum melanantherum	NCBITaxon:3723205	scientific name	lotus
Sedum reflexum	NCBITaxon:91145	synonym	lotus
Sedum samium	NCBITaxon:3723475	scientific name	lotus
Sedum takesimense	NCBITaxon:904691	synonym	lotus
Sedum tuberosum	NCBITaxon:3723503	scientific name	lotus
Sedum yvesii	NCBITaxon:3723516	scientific name	lotus
Selaginella delicatula	NCBITaxon:1353961	scientific name	chebi_origins
Semisuberites cribrosa	NCBITaxon:3297480	scientific name	lotus
Sempervivum atlanticum	NCBITaxon:1538731	synonym	lotus
Senecio abrotanifolius	NCBITaxon:189225	synonym	lotus
Senecio alatus	NCBITaxon:308345	synonym	lotus
Senecio aquaticus	NCBITaxon:189230	synonym	lotus
Senecio cacaliaster	NCBITaxon:1534608	scientific name	lotus
Senecio chrysanthemoides	NCBITaxon:189235	synonym	lotus
Senecio hercynicus	NCBITaxon:1534609	scientific name	lotus
Senecio herreianus	NCBITaxon:405116	synonym	lotus
Senecio incanus	NCBITaxon:189239	synonym	lotus
Senecio jacobaea	NCBITaxon:98722	synonym	lotus
Senecio leucostachys	NCBITaxon:2562536	scientific name	lotus
Senecio mikanioides	NCBITaxon:18795	synonym	lotus
Senecio miser	NCBITaxon:3687541	scientific name	lotus
Senecio ovatus	NCBITaxon:1534611	scientific name	lotus
Senecio oxyphyllus	NCBITaxon:3053639	scientific name	lotus
Senecio pachyphyllos	NCBITaxon:3046665	scientific name	lotus
Senecio pseudoorientalis	NCBITaxon:1268587	synonym	lotus
Senecio pubigerus	NCBITaxon:462551	scientific name	lotus
Senecio rufinervis	NCBITaxon:2783886	synonym	chebi_origins
Senecio serratifolius	NCBITaxon:462403	scientific name	lotus
Senecio subdentatus	NCBITaxon:2764669	scientific name	lotus
Senecio subrubriflorus	NCBITaxon:3868245	scientific name	lotus
Senecio subulatus	NCBITaxon:2562537	scientific name	lotus
Senecio subumbellatus	NCBITaxon:2562538	scientific name	lotus
Senecio tauricolus	NCBITaxon:904575	synonym	lotus
Senecio umbellatus	NCBITaxon:3868303	scientific name	lotus
Senecio umgeniensis	NCBITaxon:3868305	scientific name	lotus
Senecio uspallatensis	NCBITaxon:3868307	scientific name	lotus
Senecio varicosus	NCBITaxon:3868310	scientific name	lotus
Senecio venosus	NCBITaxon:3868314	scientific name	lotus
Senecio zapahuirensis	NCBITaxon:3868340	scientific name	lotus
Senegalia angustifolia	NCBITaxon:3868357	scientific name	lotus
Senegalia chundra	NCBITaxon:3868365	scientific name	lotus
Senegalia rugata	NCBITaxon:3091478	scientific name	lotus
Senegalia torta	NCBITaxon:3041823	scientific name	lotus
Senna angustisiliqua	NCBITaxon:3091485	scientific name	lotus
Senna podocarpa	NCBITaxon:3141973	scientific name	lotus
Senna racemosa	NCBITaxon:1268652	scientific name	lotus
Senna santanderensis	NCBITaxon:3868672	scientific name	lotus
Septoria tritici	NCBITaxon:1047171	synonym	lotus
Sericocarpus linifolius	NCBITaxon:3868723	scientific name	lotus
Serjania confertiflora	NCBITaxon:3449173	scientific name	lotus
Serjania salzmanniana	NCBITaxon:2607583	scientific name	chebi_origins
Serpocaulon menisciifolium	NCBITaxon:463351	scientific name	lotus
Sesamothamnus busseanus	NCBITaxon:3683815	scientific name	lotus
Sesamum latifolium	NCBITaxon:2727402	scientific name	lotus
Sesamum orientale	NCBITaxon:4182	synonym	lotus
Sesamum sesamoides	NCBITaxon:1503106	synonym	lotus
Seseli asperulum	NCBITaxon:3031753	scientific name	lotus
Seseli bocconi	NCBITaxon:2502066	equivalent name	lotus
Seseli buchtormense	NCBITaxon:3143517	scientific name	lotus
Seseli giganteum	NCBITaxon:3422261	scientific name	lotus
Seseli gouanii	NCBITaxon:1534643	synonym	lotus
Seseli kochii	NCBITaxon:1534644	scientific name	lotus
Seseli mucronatum	NCBITaxon:63038	synonym	lotus
Seseli osseum	NCBITaxon:1534642	synonym	lotus
Seseli pallasii	NCBITaxon:1534645	scientific name	lotus
Seseli schrenkianum	NCBITaxon:1917952	synonym	lotus
Setaria glauca	NCBITaxon:4543	synonym	lotus
Setosphaeria	NCBITaxon:91493	synonym	lotus
Severinia buxifolia	NCBITaxon:76974	synonym	lotus
Shirakiopsis indica	NCBITaxon:2983925	scientific name	lotus
Shuteria vestita	NCBITaxon:132463	synonym	lotus
Sida hermaphrodita	NCBITaxon:108447	synonym	lotus
Sideritis akmanii	NCBITaxon:3880062	scientific name	lotus
Sideritis amasiaca	NCBITaxon:3880064	scientific name	lotus
Sideritis arborescens	NCBITaxon:3475002	scientific name	lotus
Sideritis arguta	NCBITaxon:3880065	scientific name	lotus
Sideritis argyrea	NCBITaxon:3880066	scientific name	lotus
Sideritis bourgeana	NCBITaxon:3880073	scientific name	lotus
Sideritis brevibracteata	NCBITaxon:3880074	scientific name	lotus
Sideritis brevidens	NCBITaxon:3375549	scientific name	lotus
Sideritis briquetiana	NCBITaxon:3880075	scientific name	lotus
Sideritis caesarea	NCBITaxon:3880077	scientific name	lotus
Sideritis chamaedrifolia	NCBITaxon:155237	synonym	lotus
Sideritis condensata	NCBITaxon:3880083	scientific name	lotus
Sideritis congesta	NCBITaxon:3375550	scientific name	lotus
Sideritis curvidens	NCBITaxon:3880186	synonym	lotus
Sideritis dichotoma	NCBITaxon:3880086	scientific name	lotus
Sideritis galatica	NCBITaxon:3880091	scientific name	lotus
Sideritis gossypina	NCBITaxon:3880093	scientific name	lotus
Sideritis grandiflora	NCBITaxon:3880094	scientific name	lotus
Sideritis guyoniana	NCBITaxon:3880096	scientific name	lotus
Sideritis hirsuta	NCBITaxon:3394641	scientific name	lotus
Sideritis hispida	NCBITaxon:3880097	scientific name	lotus
Sideritis huber-morathii	NCBITaxon:3880099	scientific name	lotus
Sideritis ibanezii	NCBITaxon:3880100	scientific name	lotus
Sideritis italica	NCBITaxon:3880101	scientific name	lotus
Sideritis jahandiezii	NCBITaxon:3880102	scientific name	lotus
Sideritis javalambrensis	NCBITaxon:155259	synonym	lotus
Sideritis lanata	NCBITaxon:3880105	scientific name	lotus
Sideritis lasiantha	NCBITaxon:3880106	scientific name	lotus
Sideritis leptoclada	NCBITaxon:3880108	scientific name	lotus
Sideritis maireana	NCBITaxon:3880110	scientific name	lotus
Sideritis maura	NCBITaxon:3880112	scientific name	lotus
Sideritis niveotomentosa	NCBITaxon:3880115	scientific name	lotus
Sideritis ochroleuca	NCBITaxon:3880116	scientific name	lotus
Sideritis ozturkii	NCBITaxon:3880120	scientific name	lotus
Sideritis pauli	NCBITaxon:3880121	scientific name	lotus
Sideritis pusilla	NCBITaxon:3880126	scientific name	lotus
Sideritis rubriflora	NCBITaxon:3375554	scientific name	lotus
Sideritis serrata	NCBITaxon:3880129	scientific name	lotus
Sideritis stachydioides	NCBITaxon:3880131	scientific name	lotus
Sideritis stricta	NCBITaxon:3880197	scientific name	lotus
Sideritis subatlantica	NCBITaxon:3880132	scientific name	lotus
Sideritis villosa	NCBITaxon:3880137	scientific name	lotus
Silene fulgens	NCBITaxon:1137874	synonym	lotus
Silene longicalycina	NCBITaxon:3722493	scientific name	lotus
Silene tachtensis	NCBITaxon:3722632	scientific name	lotus
Silene tomentella	NCBITaxon:3722641	scientific name	lotus
Siler montanum	NCBITaxon:40869	scientific name	lotus
Simaba africana	NCBITaxon:459167	synonym	lotus
Simaba maiana	NCBITaxon:3825036	synonym	lotus
Simmondsia californica	NCBITaxon:3999	synonym	lotus
Siparuna grandiflora	NCBITaxon:3794796	scientific name	lotus
Siparuna macrotepala	NCBITaxon:3794801	scientific name	lotus
Siphocampylus verticillatus	NCBITaxon:3794973	scientific name	lotus
Sirococcus conorum	NCBITaxon:269068	synonym	lotus
Skeletocutis albomarginata	NCBITaxon:1185760	scientific name	lotus
Skimmia melanocarpa	NCBITaxon:3695216	scientific name	lotus
Sloanea rhodantha	NCBITaxon:1955393	scientific name	lotus
Sloanea zuliaensis	NCBITaxon:1401418	scientific name	lotus
Smilax aristolochiifolia	NCBITaxon:3720785	scientific name	lotus
Smilax ornata	NCBITaxon:3720834	scientific name	lotus
Smilax vaginata	NCBITaxon:3720754	scientific name	lotus
Smythea bombaiensis	NCBITaxon:3140265	scientific name	lotus
Solanum campaniforme	NCBITaxon:3136188	scientific name	chebi_origins,lotus
Solanum grandiflorum	NCBITaxon:858413	scientific name	lotus
Solanum jasminoides	NCBITaxon:205558	synonym	lotus
Solanum neocardenasii	NCBITaxon:2998085	scientific name	lotus
Solanum nudum	NCBITaxon:205530	synonym	lotus
Solanum orbignianum	NCBITaxon:3464745	scientific name	lotus
Solanum velutinum	NCBITaxon:3137581	scientific name	lotus
Solenandra mexicana	NCBITaxon:85728	synonym	lotus
Solenanthus coronatus	NCBITaxon:909326	synonym	lotus
Solenostemma oleifolium	NCBITaxon:185232	scientific name	lotus
Solidago altissima	NCBITaxon:3037135	scientific name	lotus
Solidago serotina	NCBITaxon:1631983	scientific name	lotus
Solidago wrightii	NCBITaxon:3037134	scientific name	lotus
Sonchus bourgeaui	NCBITaxon:50194	synonym	lotus
Sonchus erzincanicus	NCBITaxon:2874835	scientific name	lotus
Sonchus neriifolius	NCBITaxon:3060851	scientific name	lotus
Sonchus pitardii	NCBITaxon:3733151	scientific name	lotus
Sonerila albiflora	NCBITaxon:2136469	scientific name	lotus
Sonneratia hainanensis	NCBITaxon:122815	synonym	lotus
Sophora exigua	NCBITaxon:2981873	scientific name	chebi_origins,lotus
Sophora flavescens var. flavescens	NCBITaxon:3159499	scientific name	lotus
Sophora koreensis	NCBITaxon:228658	synonym	lotus
Sophora lehmannii	NCBITaxon:449080	scientific name	lotus
Sophora mollis	NCBITaxon:3091532	scientific name	lotus
Sophora moorcroftiana	NCBITaxon:1323965	scientific name	chebi_origins
Sophora tonkinensis var. tonkinensis	NCBITaxon:3159498	scientific name	lotus
Sophora yunnanensis	NCBITaxon:2932929	scientific name	lotus
Sorbus alnifolia	NCBITaxon:36602	synonym	lotus
Sorbus decipiens	NCBITaxon:3091938	scientific name	lotus
Sorbus devoniensis	NCBITaxon:1572685	synonym	lotus
Sorbus globosa	NCBITaxon:1828479	synonym	lotus
Sorbus intermedia	NCBITaxon:691236	synonym	lotus
Sorbus pallescens	NCBITaxon:1770161	synonym	lotus
Sordaria goundaensis	NCBITaxon:2082102	synonym	lotus
Sorospora montana	NCBITaxon:2170624	synonym	lotus
Soulamea fraxinifolia	NCBITaxon:3777309	scientific name	lotus
Spartina alterniflora	NCBITaxon:29706	synonym	lotus
Spartina cynosuroides	NCBITaxon:180097	synonym	lotus
Spatoglossum	NCBITaxon:157006	scientific name	lotus
Spencermartinsia viticola	NCBITaxon:323561	synonym	lotus
Spermacoce laevis	NCBITaxon:58901	synonym	lotus
Spermacoce verticillata	NCBITaxon:462690	synonym	lotus
Sphaeranthus kirkii var. cyathuloides	NCBITaxon:1548658	synonym	lotus
Sphaeropsis sapinea	NCBITaxon:66738	synonym	lotus
Sphaerospermopsis sp.	NCBITaxon:3100406	scientific name	cyanometdb
Sphaerospermopsis torques-reginae	NCBITaxon:984207	scientific name	cyanometdb
Spicantopsis amabilis	NCBITaxon:120687	synonym	lotus
Spilanthes acmella	NCBITaxon:1205696	synonym	lotus
Spilanthes leiocarpa	NCBITaxon:3026922	scientific name	lotus
Spilanthes paniculata	NCBITaxon:912614	synonym	lotus
Spilanthes radicans	NCBITaxon:217838	synonym	lotus
Spirodela oligorrhiza	NCBITaxon:4474	scientific name	lotus
Spirodela punctata	NCBITaxon:50518	synonym	lotus
Spisula sachalinensis	NCBITaxon:81899	synonym	lotus
Spongia papyracea	NCBITaxon:279625	synonym	lotus
Spongionella nigra	NCBITaxon:572279	scientific name	lotus
Spongomorpha arcta	NCBITaxon:73033	synonym	lotus
Sporormiella australis	NCBITaxon:55178	synonym	lotus
Sporormiella minima	NCBITaxon:93984	synonym	lotus
Sporormiella minimoides	NCBITaxon:269686	synonym	lotus
Sporormiella similis	NCBITaxon:269685	synonym	lotus
Stachybotrys echinatus	NCBITaxon:80383	scientific name	lotus
Stachys angustifolia	NCBITaxon:3762014	scientific name	lotus
Stachys anisochila	NCBITaxon:3762015	scientific name	lotus
Stachys beckeana	NCBITaxon:3762028	scientific name	lotus
Stachys candida	NCBITaxon:3762035	scientific name	lotus
Stachys chinensis	NCBITaxon:3098919	scientific name	lotus
Stachys leucoglossa	NCBITaxon:3762102	scientific name	lotus
Stachys macrantha	NCBITaxon:53172	synonym	lotus
Stachys mialhesii	NCBITaxon:3762112	scientific name	lotus
Stachys officinalis	NCBITaxon:53173	synonym	lotus
Stachys palaestina	NCBITaxon:3098916	scientific name	lotus
Stachys scardica	NCBITaxon:694394	synonym	lotus
Stachytarpheta urticifolia	NCBITaxon:39376	synonym	lotus
Staphylococcus aureus (strain Mu50 / ATCC 700699)	NCBITaxon:158878	synonym	bindingdb
Starmerella bombicola	NCBITaxon:75736	scientific name	chebi_origins
Stellaria delavayi	NCBITaxon:2984998	scientific name	lotus
Stellaria dichotoma var. lanceolata	NCBITaxon:1826903	synonym	chebi_origins
Stelletta tenuis	NCBITaxon:475992	scientific name	lotus
Stemmadenia obovata	NCBITaxon:1475441	synonym	lotus
Stemodia foliosa	NCBITaxon:2569965	scientific name	chebi_origins
Stemona cochinchinensis	NCBITaxon:2801494	scientific name	chebi_origins
Stemona pierrei	NCBITaxon:2801495	scientific name	chebi_origins
Stephania aculeata	NCBITaxon:1619150	synonym	lotus
Stephania bancroftii	NCBITaxon:2848930	scientific name	lotus
Stephania gracilenta	NCBITaxon:3736698	scientific name	lotus
Stephania japonica var. discolor	NCBITaxon:3414765	scientific name	lotus
Stephania miyiensis	NCBITaxon:3736682	scientific name	lotus
Stephania sutchuenensis	NCBITaxon:3736693	scientific name	lotus
Stephania zippeliana	NCBITaxon:3736697	scientific name	lotus
Stephanodoria tomentella	NCBITaxon:3710348	scientific name	lotus
Stereocaulon arenarium	NCBITaxon:2663209	scientific name	lotus
Stereocaulon caespitosum	NCBITaxon:3162533	scientific name	lotus
Stereocaulon cornutum	NCBITaxon:3162534	scientific name	lotus
Stevia suaveolens	NCBITaxon:3070615	scientific name	lotus
Sticherus furcatus	NCBITaxon:3034455	scientific name	lotus
Sticta santessonii	NCBITaxon:2970393	scientific name	lotus
Stigmina carpophila	NCBITaxon:763997	synonym	lotus
Stigonema sp.	NCBITaxon:2815221	scientific name	cyanometdb
Stillingia sanguinolenta	NCBITaxon:3808934	scientific name	lotus
Stilpnopappus pratensis	NCBITaxon:3808948	scientific name	lotus
Stomatanthes corumbensis	NCBITaxon:3809073	scientific name	lotus
Streptomyces aburaviensis	NCBITaxon:67265	synonym	lotus
Streptomyces albireticuli	NCBITaxon:1940	scientific name	chebi_origins
Streptomyces albolongus	NCBITaxon:68173	synonym	lotus
Streptomyces antibioticus	NCBITaxon:1890	scientific name	bindingdb
Streptomyces chrysomallus	NCBITaxon:1892	synonym	lotus
Streptomyces davaonensis	NCBITaxon:348043	scientific name	lotus
Streptomyces misakiensis	NCBITaxon:67330	synonym	lotus
Streptomyces phosalacineus	NCBITaxon:2065	synonym	lotus
Streptomyces psammoticus	NCBITaxon:1894	synonym	lotus
Streptomyces purpeofuscus	NCBITaxon:67352	synonym	lotus
Streptomyces setonii	NCBITaxon:1911	synonym	lotus
Strigosella africana	NCBITaxon:234454	synonym	lotus
Strobilanthes auriculata var. dyeriana	NCBITaxon:34267	synonym	lotus
Strobocalyx esculenta	NCBITaxon:2813356	scientific name	lotus
Strophanthus sarmentosus	NCBITaxon:3799309	scientific name	lotus
Strumaria gemmata	NCBITaxon:3156546	scientific name	lotus
Strychnos brachiata	NCBITaxon:3740254	scientific name	lotus
Strychnos castelnaeana	NCBITaxon:3740257	scientific name	lotus
Strychnos densiflora	NCBITaxon:3740267	scientific name	lotus
Strychnos diaboli	NCBITaxon:3740268	scientific name	lotus
Strychnos divaricans	NCBITaxon:3740270	scientific name	lotus
Strychnos dolichothyrsa	NCBITaxon:3740271	scientific name	chebi_origins,lotus
Strychnos froesii	NCBITaxon:3740274	scientific name	lotus
Strychnos gossweileri	NCBITaxon:3740279	scientific name	lotus
Strychnos kasengaensis	NCBITaxon:3740284	scientific name	lotus
Strychnos ledermannii	NCBITaxon:3740286	scientific name	lotus
Strychnos longicaudata	NCBITaxon:3740289	scientific name	lotus
Strychnos mimfiensis	NCBITaxon:3740294	scientific name	lotus
Strychnos moandaensis	NCBITaxon:3740295	scientific name	lotus
Strychnos nigritana	NCBITaxon:3740301	scientific name	lotus
Strychnos romeu-belenii	NCBITaxon:3740315	scientific name	lotus
Strychnos subcordata	NCBITaxon:3740321	scientific name	lotus
Strychnos tchibangensis	NCBITaxon:3740322	scientific name	lotus
Strychnos trinervis	NCBITaxon:3740327	scientific name	lotus
Strychnos urceolata	NCBITaxon:3740328	scientific name	lotus
Strychnos vanprukii	NCBITaxon:3740329	scientific name	lotus
Strychnos variabilis	NCBITaxon:3740330	scientific name	lotus
Stryphnus fortis	NCBITaxon:1006811	scientific name	chebi_origins
Stylomecon heterophylla	NCBITaxon:72194	synonym	lotus
Styphelia ericoides	NCBITaxon:142216	synonym	lotus
Styracaster caroli	NCBITaxon:3042050	scientific name	lotus
Styrax hookeri	NCBITaxon:3758812	scientific name	lotus
Suberea mollis	NCBITaxon:1820595	scientific name	lotus
Suberea praetensa	NCBITaxon:1820601	scientific name	lotus
Suberites caminatus	NCBITaxon:1658087	scientific name	lotus
Suberites carnosus	NCBITaxon:545364	scientific name	lotus
Suberites japonicus	NCBITaxon:985742	scientific name	lotus
Suessiaceae	NCBITaxon:89955	scientific name	lotus
Sulfolobus shibatae	NCBITaxon:2286	synonym	lotus
Sulfolobus solfataricus	NCBITaxon:2287	synonym	lotus
Sundacarpus amarus	NCBITaxon:120640	scientific name	lotus
Sunhangia elegans	NCBITaxon:149687	scientific name	lotus
Suregada lanceolata	NCBITaxon:3875959	scientific name	lotus
Swainsona luteola	NCBITaxon:3876003	scientific name	lotus
Swertia arisanensis	NCBITaxon:3876109	scientific name	lotus
Swertia chirata	NCBITaxon:137887	synonym	chebi_origins,lotus
Swertia chirayta	NCBITaxon:137887	synonym	lotus
Swertia corymbosa	NCBITaxon:1460259	scientific name	chebi_origins
Swertia davidii	NCBITaxon:3053917	scientific name	lotus
Swertia fasciculata	NCBITaxon:3876126	scientific name	chebi_origins,lotus
Swertia hookeri	NCBITaxon:3876134	scientific name	chebi_origins,lotus
Swertia iberica	NCBITaxon:3475550	scientific name	chebi_origins,lotus
Swertia lawii	NCBITaxon:1460258	scientific name	chebi_origins
Swertia longifolia	NCBITaxon:3475551	scientific name	chebi_origins,lotus
Swertia mileensis	NCBITaxon:266086	synonym	lotus
Swertia patens	NCBITaxon:1414465	scientific name	chebi_origins
Swertia punctata	NCBITaxon:1851450	scientific name	chebi_origins
Swertia purpurascens	NCBITaxon:3095234	scientific name	chebi_origins,lotus
Swertia speciosa	NCBITaxon:3235167	scientific name	chebi_origins,lotus
Swertia swertopsis	NCBITaxon:3876169	scientific name	lotus
Swertia tetrapetala	NCBITaxon:2545991	scientific name	chebi_origins
Swintonia foxworthyi	NCBITaxon:3876180	scientific name	lotus
Symploca hydnoides	NCBITaxon:207924	scientific name	cyanometdb
Symploca sp.	NCBITaxon:3100241	scientific name	cyanometdb
Symplocos racemosa	NCBITaxon:1340885	scientific name	chebi_origins
Syncarpha paniculata	NCBITaxon:1641247	synonym	lotus
Synclisia scabrida	NCBITaxon:3021359	scientific name	lotus
Synechococcus elongatus	NCBITaxon:32046	scientific name	cyanometdb
Synechocystis salina	NCBITaxon:945780	scientific name	cyanometdb
Synechocystis sp.	NCBITaxon:1143	scientific name	cyanometdb
Synedra acus	NCBITaxon:1436140	synonym	lotus
Synurus excelsus	NCBITaxon:3753408	scientific name	lotus
Syrenia siliculosa	NCBITaxon:537132	synonym	lotus
Syringa yunnanensis	NCBITaxon:126368	synonym	lotus
Syzygium alternifolium	NCBITaxon:3759111	scientific name	lotus
Syzygium corynocarpum	NCBITaxon:3759288	scientific name	lotus
Syzygium kurzii	NCBITaxon:3759500	scientific name	lotus
Syzygium politum	NCBITaxon:3759702	scientific name	lotus
Syzygium polycephaloides	NCBITaxon:3759703	scientific name	lotus
Syzygium siamense	NCBITaxon:705302	scientific name	lotus
Syzygium wrayi	NCBITaxon:3759996	scientific name	lotus
Tabebuia aurea	NCBITaxon:3350745	scientific name	lotus
Tabebuia guayacan	NCBITaxon:429699	synonym	lotus
Tabebuia impetiginosa	NCBITaxon:429701	synonym	lotus
Tabebuia incana	NCBITaxon:3816142	synonym	chebi_origins
Tabebuia ochracea	NCBITaxon:429707	synonym	lotus
Tabernaemontana alba	NCBITaxon:761051	scientific name	chebi_origins
Tabernaemontana bovina	NCBITaxon:3036760	scientific name	lotus
Tabernaemontana coronaria	NCBITaxon:52861	synonym	chebi_origins
Tabernaemontana corymbosa	NCBITaxon:1679252	scientific name	chebi_origins
Tabernaemontana debrayi	NCBITaxon:3128671	scientific name	lotus
Tabernaemontana echinata	NCBITaxon:761074	synonym	chebi_origins
Tabernaemontana eusepaloides	NCBITaxon:3128672	scientific name	lotus
Tabernaemontana heyneana	NCBITaxon:2563820	synonym	chebi_origins,lotus
Tagetes lunulata	NCBITaxon:55843	synonym	lotus
Tamus communis	NCBITaxon:55634	synonym	lotus
Tanacetum albipannosum	NCBITaxon:3817550	scientific name	lotus
Tanacetum artemisioides	NCBITaxon:3817551	scientific name	lotus
Tanacetum balsamitoides	NCBITaxon:1701135	synonym	lotus
Tanacetum boreale	NCBITaxon:128002	synonym	lotus
Tanacetum cadmeum	NCBITaxon:3817555	scientific name	lotus
Tanacetum cilicicum	NCBITaxon:1701136	scientific name	chebi_origins,lotus
Tanacetum heterotomum	NCBITaxon:3817567	scientific name	lotus
Tanacetum niveum	NCBITaxon:3817581	scientific name	lotus
Tanacetum odessanum	NCBITaxon:3817583	scientific name	lotus
Tanacetum praeteritum	NCBITaxon:3817589	scientific name	lotus
Tanacetum sibiricum	NCBITaxon:217469	synonym	lotus
Tanacetum ulutavicum	NCBITaxon:3817605	scientific name	lotus
Taraxacum apenninum	NCBITaxon:3743767	scientific name	lotus
Taraxacum campylodes	NCBITaxon:3743957	scientific name	lotus
Taraxacum scariosum	NCBITaxon:2800604	scientific name	lotus
Taraxacum udum	NCBITaxon:3745615	scientific name	lotus
Taraxacum wallichii	NCBITaxon:3745691	scientific name	lotus
Taxus	NCBITaxon:25628	scientific name	lotus
Taxus wallichiana var. chinensis	NCBITaxon:29808	synonym	lotus
Taxus wallichiana var. mairei	NCBITaxon:120273	synonym	lotus
Tecoma capensis	NCBITaxon:140035	synonym	lotus
Telitoxicum glaziovii	NCBITaxon:3757651	scientific name	lotus
Tephrosia abbottiae	NCBITaxon:3091971	scientific name	lotus
Tephrosia aequilata	NCBITaxon:3091974	scientific name	lotus
Tephrosia apollinea	NCBITaxon:1390541	synonym	lotus
Tephrosia candida	NCBITaxon:587868	scientific name	chebi_origins
Tephrosia carrollii	NCBITaxon:3091978	scientific name	lotus
Tephrosia cinerea	NCBITaxon:1179173	scientific name	lotus
Tephrosia crassifolia	NCBITaxon:3091980	scientific name	lotus
Tephrosia emeroides	NCBITaxon:3086350	scientific name	lotus
Tephrosia falciformis	NCBITaxon:1072327	scientific name	lotus
Tephrosia madrensis	NCBITaxon:3092000	scientific name	lotus
Tephrosia major	NCBITaxon:3092001	scientific name	lotus
Tephrosia multijuga	NCBITaxon:3092003	scientific name	lotus
Tephrosia nana	NCBITaxon:3092004	scientific name	lotus
Tephrosia nitens	NCBITaxon:3092005	scientific name	lotus
Tephrosia praecana	NCBITaxon:2589000	scientific name	lotus
Tephrosia sinapou	NCBITaxon:1835418	scientific name	lotus
Tephrosia watsoniana	NCBITaxon:3091573	scientific name	lotus
Terana coerulea	NCBITaxon:40462	scientific name	lotus
Teretispora leucanthemi	NCBITaxon:167737	synonym	lotus
Terminalia oblongata	NCBITaxon:2998919	scientific name	lotus
Tethya aurantia	NCBITaxon:281732	synonym	lotus
Tetrachyron orizabaensis	NCBITaxon:183087	synonym	lotus
Tetraena dumosa	NCBITaxon:2746663	scientific name	lotus
Tetramorium do	NCBITaxon:628641	scientific name	lotus
Tetraria octandra	NCBITaxon:2838372	synonym	lotus
Tetrastigma angustifolium	NCBITaxon:3068856	scientific name	lotus
Tetronarce californica	NCBITaxon:7787	scientific name	bindingdb
Teucridium parvifolium	NCBITaxon:54474	synonym	lotus
Teucrium dunense	NCBITaxon:3475005	scientific name	lotus
Teucrium gnaphalodes	NCBITaxon:3475006	scientific name	lotus
Teucrium lusitanicum	NCBITaxon:3475008	scientific name	lotus
Teucrium pseudoscorodonia	NCBITaxon:1087420	scientific name	lotus
Teucrium vincentinum	NCBITaxon:3475000	scientific name	lotus
Thalictrum aquilegifolium	NCBITaxon:619227	synonym	lotus
Thalictrum fortunei	NCBITaxon:3240840	scientific name	lotus
Thalictrum microgynum	NCBITaxon:3240843	scientific name	lotus
Thalictrum sessile	NCBITaxon:3082715	scientific name	lotus
Thalictrum wangii	NCBITaxon:3240845	scientific name	lotus
Thamnobryum subseriatum	NCBITaxon:3699218	scientific name	lotus
Thapsia foetida	NCBITaxon:2928676	scientific name	lotus
Thelepus setosus	NCBITaxon:879533	scientific name	lotus
Thelypteris interrupta	NCBITaxon:173874	synonym	lotus
Thermomyces thermophilus	NCBITaxon:28565	synonym	lotus
Thermopsis californica	NCBITaxon:3092016	scientific name	lotus
Thermopsis dolichocarpa	NCBITaxon:3092017	scientific name	lotus
Thermopsis lupinoides	NCBITaxon:49853	synonym	lotus
Thermopsis turcica	NCBITaxon:1177745	synonym	lotus
Thinopyrum ponticum	NCBITaxon:4589	synonym	lotus
Thonningia sanguinea	NCBITaxon:1618145	scientific name	chebi_origins
Thorecta reticulata	NCBITaxon:1162800	synonym	lotus
Thorectandra choanoides	NCBITaxon:1162802	scientific name	lotus
Thraustochytrium globosum	NCBITaxon:1884240	synonym	lotus
Thuja gigantea	NCBITaxon:3316	synonym	lotus
Thymus algeriensis	NCBITaxon:3779044	scientific name	lotus
Thymus baeticus	NCBITaxon:3779054	scientific name	lotus
Thymus bashkiriensis	NCBITaxon:3779057	scientific name	lotus
Thymus bovei	NCBITaxon:3779064	scientific name	lotus
Thymus capitatus	NCBITaxon:543980	synonym	lotus
Thymus cariensis	NCBITaxon:3779072	scientific name	lotus
Thymus daghestanicus	NCBITaxon:3779082	scientific name	lotus
Thymus eriocalyx	NCBITaxon:3779099	scientific name	lotus
Thymus funkii	NCBITaxon:3779103	scientific name	lotus
Thymus guberlinensis	NCBITaxon:3779109	scientific name	lotus
Thymus karamarianicus	NCBITaxon:3779124	scientific name	lotus
Thymus leucostomus	NCBITaxon:3779140	scientific name	lotus
Thymus longiflorus	NCBITaxon:3779143	scientific name	lotus
Thymus lotocephalus	NCBITaxon:3474999	scientific name	lotus
Thymus maroccanus	NCBITaxon:3779149	scientific name	lotus
Thymus membranaceus	NCBITaxon:3779150	scientific name	lotus
Thymus moroderi	NCBITaxon:3779154	scientific name	lotus
Thymus numidicus	NCBITaxon:3779164	scientific name	lotus
Thymus nummularius	NCBITaxon:3779165	scientific name	lotus
Thymus pannonicus	NCBITaxon:1534687	scientific name	chebi_origins,lotus
Thymus piperella	NCBITaxon:3779288	scientific name	chebi_origins,lotus
Thymus riatarum	NCBITaxon:3779187	scientific name	lotus
Thymus schimperi	NCBITaxon:3779192	scientific name	lotus
Thymus subcollinus	NCBITaxon:3779206	scientific name	lotus
Thymus thracicus	NCBITaxon:3779213	scientific name	lotus
Thymus willkommii	NCBITaxon:3779223	scientific name	lotus
Thymus zygis	NCBITaxon:3419812	scientific name	lotus
Tibouchina semidecandra	NCBITaxon:596822	synonym	lotus
Tibouchina urvilleana	NCBITaxon:40009	synonym	lotus
Tiliacora dinklagei	NCBITaxon:3798532	scientific name	lotus
Tillandsia monadelpha	NCBITaxon:1904293	synonym	lotus
Timonius kaniensis	NCBITaxon:3712209	scientific name	lotus
Tinospora hainanensis	NCBITaxon:3695226	scientific name	lotus
Tinospora merrilliana	NCBITaxon:3748867	scientific name	lotus
Tithonia fruticosa	NCBITaxon:3748895	scientific name	lotus
Tmesipteris lanceolata	NCBITaxon:223815	synonym	lotus
Tmesipteris ovata	NCBITaxon:3709478	scientific name	lotus
Tolypocladium niveum	NCBITaxon:29910	synonym	lotus
Tolypothrix nodosa	NCBITaxon:882386	scientific name	cyanometdb
Tolypothrix sp.	NCBITaxon:3100432	scientific name	cyanometdb
Tolypothrix tenuis	NCBITaxon:457083	scientific name	cyanometdb
Torulopsis glabrata	NCBITaxon:5478	synonym	lotus
Tovomita macrophylla	NCBITaxon:3397539	scientific name	lotus
Tragopogon longirostris	NCBITaxon:261635	synonym	lotus
Trametes trogii	NCBITaxon:76130	synonym	lotus
Trewia nudiflora	NCBITaxon:300977	synonym	lotus
Triadenum japonicum	NCBITaxon:999597	synonym	lotus
Triangularia anserina	NCBITaxon:2587412	synonym	lotus
Trianthema pilosa	NCBITaxon:323192	synonym	lotus
Trianthema turgidifolia	NCBITaxon:323196	synonym	lotus
Trichilia catigua	NCBITaxon:1640457	scientific name	chebi_origins
Trichilia connaroides	NCBITaxon:1495524	synonym	chebi_origins
Trichoderma parceramosum	NCBITaxon:65468	synonym	lotus
Trichodesmium erythraeum	NCBITaxon:1206	scientific name	cyanometdb
Trichodesmium thiebautii	NCBITaxon:1208	scientific name	cyanometdb
Trichomanes krausii	NCBITaxon:58832	synonym	lotus
Trichomanes reptans	NCBITaxon:381256	synonym	lotus
Trichosanthes scabra	NCBITaxon:931234	synonym	lotus
Tricostularia undulata	NCBITaxon:2607223	synonym	lotus
Tridentata marginata	NCBITaxon:3287301	synonym	lotus
Trifolium bivonae	NCBITaxon:3092021	scientific name	lotus
Trifolium tenuifolium	NCBITaxon:3162524	scientific name	lotus
Trigonostemon reidioides	NCBITaxon:2606832	scientific name	chebi_origins
Trillium kamtschaticum	NCBITaxon:49675	synonym	lotus
Trinia scabra	NCBITaxon:3390741	scientific name	lotus
Tripetaleia paniculata	NCBITaxon:75585	synonym	lotus
Triticum dicoccon	NCBITaxon:49225	equivalent name	lotus
Triticum durum	NCBITaxon:4567	synonym	lotus
Tritomaria polita	NCBITaxon:209811	synonym	lotus
Tritomaria quinquedentata	NCBITaxon:248352	synonym	lotus
Trixis vauthieri	NCBITaxon:580429	scientific name	lotus
Trollius ledebourii	NCBITaxon:46346	synonym	lotus
Tubulifera arachnoidea	NCBITaxon:435428	synonym	lotus
Tuckneraria pseudocomplicata	NCBITaxon:170999	synonym	lotus
Turraea parvifolia	NCBITaxon:3714771	scientific name	lotus
Tylimanthus tenellus	NCBITaxon:387586	synonym	lotus
Tyromyces lacteus	NCBITaxon:83237	synonym	lotus
Uapaca acuminata	NCBITaxon:3800794	scientific name	lotus
Uapaca mole	NCBITaxon:3800801	scientific name	lotus
Udotea petiolata	NCBITaxon:189428	synonym	lotus
Ulex eriocladus	NCBITaxon:1197274	synonym	lotus
Ulex jussiaei	NCBITaxon:1197277	synonym	lotus
Ulmus campestris	NCBITaxon:172265	synonym	lotus
Ulocladium	NCBITaxon:5598	synonym	lotus
Ulosa ruetzleri	NCBITaxon:85795	synonym	lotus
Umbilicaria koidzumii	NCBITaxon:3157356	scientific name	lotus
Uncaria acida	NCBITaxon:3800744	scientific name	lotus
Uncaria bernaysii	NCBITaxon:3800746	scientific name	lotus
Uncaria borneensis	NCBITaxon:1891677	scientific name	chebi_origins,lotus
Uncaria canescens	NCBITaxon:3800747	scientific name	lotus
Uncaria cordata var. cordata	NCBITaxon:2848268	scientific name	lotus
Uncaria elliptica	NCBITaxon:1891678	scientific name	chebi_origins
Uncaria longiflora	NCBITaxon:1891676	scientific name	lotus
Uncaria orientalis	NCBITaxon:3800752	scientific name	lotus
Uncaria perrottetii	NCBITaxon:3800754	scientific name	lotus
Uncaria sterrophylla	NCBITaxon:3800757	scientific name	lotus
Ungernia ferganica	NCBITaxon:3800765	scientific name	lotus
Ungernia spiralis	NCBITaxon:3800766	scientific name	lotus
Ungernia trisphaera	NCBITaxon:3800767	scientific name	lotus
Ungernia victoris	NCBITaxon:3800768	scientific name	lotus
Ungernia vvedenskyi	NCBITaxon:3800769	scientific name	lotus
Unxia camphorata	NCBITaxon:3710448	scientific name	lotus
Urceola laevigata	NCBITaxon:429500	scientific name	lotus
Urceolina amazonica	NCBITaxon:146421	scientific name	lotus
Urginea fugax	NCBITaxon:143574	synonym	lotus
Urginea maritima	NCBITaxon:82070	synonym	lotus
Ursinia abrotanifolia	NCBITaxon:3122733	scientific name	lotus
Urtica circularis	NCBITaxon:1470438	scientific name	chebi_origins
Usnea filipendula	NCBITaxon:192176	synonym	lotus
Usnea jamaicensis	NCBITaxon:2884772	scientific name	lotus
Uvaria doeringii	NCBITaxon:2998750	scientific name	lotus
Uvaria kweichowensis	NCBITaxon:3059385	synonym	chebi_origins,lotus
Uvaria narum	NCBITaxon:3059356	scientific name	lotus
Uvaria ovata	NCBITaxon:2986195	scientific name	chebi_origins,lotus
Uvaria puguensis	NCBITaxon:3879185	scientific name	lotus
Uvaria tonkinensis	NCBITaxon:3050884	scientific name	lotus
Uvariastrum zenkeri	NCBITaxon:3042457	scientific name	lotus
Uvariopsis tripetala	NCBITaxon:489326	synonym	lotus
Vaccaria hispanica	NCBITaxon:39387	synonym	lotus
Vaccinium ashei	NCBITaxon:945837	scientific name	chebi_origins
Vaccinium vacillans	NCBITaxon:128905	synonym	lotus
Vachellia edgeworthii	NCBITaxon:3091586	scientific name	lotus
Vachellia horrida	NCBITaxon:3091589	scientific name	lotus
Vaginatispora aquatica	NCBITaxon:1503222	synonym	lotus
Valeriana fedtschenkoi	NCBITaxon:2953553	scientific name	lotus
Valeriana sambucifolia	NCBITaxon:669861	synonym	lotus
Vallesia glabra	NCBITaxon:2766519	scientific name	lotus
Vanda teres	NCBITaxon:339107	synonym	lotus
Vanderbylia fraxinea	NCBITaxon:1350006	synonym	lotus
Varronia curassavica	NCBITaxon:246543	synonym	lotus
Varronia polycephala	NCBITaxon:573149	synonym	lotus
Varronia spinescens	NCBITaxon:303154	synonym	lotus
Vasconcellea pubescens	NCBITaxon:35926	synonym	lotus
Vateria indica	NCBITaxon:1260927	scientific name	chebi_origins
Vatica cinerea	NCBITaxon:2093313	scientific name	lotus
Velleia discophora	NCBITaxon:1690107	synonym	lotus
Vellozia alutacea	NCBITaxon:3373676	scientific name	lotus
Vellozia glabra	NCBITaxon:3373658	scientific name	lotus
Vellozia nanuzae	NCBITaxon:3373677	scientific name	lotus
Vellozia nivea	NCBITaxon:2828520	scientific name	lotus
Vellozia patens	NCBITaxon:3376323	scientific name	lotus
Vellozia scoparia	NCBITaxon:3373682	scientific name	lotus
Vellozia stipitata	NCBITaxon:3373687	scientific name	lotus
Vellozia streptophylla	NCBITaxon:3373689	scientific name	lotus
Vellozia variabilis	NCBITaxon:3373676	synonym	lotus
Venerupis philippinarum	NCBITaxon:129788	synonym	lotus
Ventilago calyculata	NCBITaxon:3445675	scientific name	lotus
Ventilago goughii	NCBITaxon:3716001	scientific name	lotus
Ventilago maderaspatana	NCBITaxon:345802	synonym	lotus
Vepris afzelii	NCBITaxon:3714636	scientific name	lotus
Vepris ampody	NCBITaxon:3714638	scientific name	lotus
Vepris bilocularis	NCBITaxon:3735776	scientific name	lotus
Vepris boiviniana	NCBITaxon:3714643	scientific name	lotus
Vepris gabonensis	NCBITaxon:3714655	scientific name	lotus
Vepris gerrardii	NCBITaxon:1237830	scientific name	lotus
Vepris hiernii	NCBITaxon:3714657	scientific name	lotus
Vepris natalensis	NCBITaxon:1237831	scientific name	lotus
Vepris oubanguensis	NCBITaxon:3714676	scientific name	lotus
Vepris pilosa	NCBITaxon:992794	synonym	lotus
Vepris renieri	NCBITaxon:3435212	scientific name	lotus
Vepris sclerophylla	NCBITaxon:3435213	scientific name	lotus
Vepris unifoliolata	NCBITaxon:3713385	scientific name	lotus
Vepris verdoorniana	NCBITaxon:3714685	scientific name	lotus
Veratrum maackii var. japonicum	NCBITaxon:203094	synonym	lotus
Verbascum aphentulium	NCBITaxon:3724215	scientific name	lotus
Verbascum boerhavii	NCBITaxon:1534714	scientific name	lotus
Verbascum capitis-viridis	NCBITaxon:3724246	scientific name	lotus
Verbascum eremobium	NCBITaxon:3724284	scientific name	lotus
Verbascum fruticulosum	NCBITaxon:3724299	scientific name	lotus
Verbascum georgicum	NCBITaxon:3724304	scientific name	lotus
Verbascum gnaphalodes	NCBITaxon:3724312	scientific name	lotus
Verbascum lagurus	NCBITaxon:3724347	scientific name	lotus
Verbascum lasianthum	NCBITaxon:3116559	scientific name	lotus
Verbascum letourneuxii	NCBITaxon:3395882	scientific name	lotus
Verbascum macrurum	NCBITaxon:3075783	scientific name	lotus
Verbascum niveum	NCBITaxon:3724388	scientific name	lotus
Verbascum pyroliforme	NCBITaxon:3724429	scientific name	lotus
Verbascum roripifolium	NCBITaxon:3075785	scientific name	lotus
Verbascum saccatum	NCBITaxon:3724435	scientific name	lotus
Verbascum salviifolium	NCBITaxon:3724437	scientific name	lotus
Verbascum schimperianum	NCBITaxon:3057239	scientific name	lotus
Verbascum undulatum	NCBITaxon:3075787	scientific name	lotus
Verbascum wiedemannianum	NCBITaxon:3724495	scientific name	lotus
Verbena carolina	NCBITaxon:3015771	scientific name	chebi_origins
Verbena hybrida	NCBITaxon:76714	synonym	lotus
Verbena pulchella	NCBITaxon:443389	synonym	lotus
Verbena quadrangulata	NCBITaxon:3812311	synonym	lotus
Verbena supina	NCBITaxon:3080341	scientific name	lotus
Verbena tenera	NCBITaxon:443373	synonym	lotus
Verbesina boliviana	NCBITaxon:3724564	scientific name	lotus
Verbesina caracasana	NCBITaxon:2926246	scientific name	lotus
Verbesina diversifolia	NCBITaxon:3724599	scientific name	lotus
Verbesina lanata	NCBITaxon:3724646	scientific name	lotus
Verbesina luetzelburgii	NCBITaxon:2926266	scientific name	lotus
Verbesina macrophylla	NCBITaxon:2926268	scientific name	lotus
Verbesina rupestris	NCBITaxon:3724748	scientific name	lotus
Verbesina seatonii	NCBITaxon:2926281	scientific name	lotus
Verbesina sordescens	NCBITaxon:2926284	scientific name	lotus
Verbesina subcordata	NCBITaxon:3724768	scientific name	lotus
Vernonanthura polyanthes	NCBITaxon:3144801	scientific name	lotus
Vernonella praemorsa	NCBITaxon:3709729	scientific name	lotus
Vernonia acuminata	NCBITaxon:2067318	synonym	lotus
Vernonia albicans	NCBITaxon:3786715	synonym	chebi_origins
Vernonia cinerea	NCBITaxon:211151	synonym	chebi_origins
Vernonia esculenta	NCBITaxon:2813356	synonym	lotus
Vernonia mollissima	NCBITaxon:2067288	synonym	lotus
Vernonia oligocephala	NCBITaxon:434668	synonym	lotus
Veronica birleyi	NCBITaxon:124268	scientific name	lotus
Veronica kiusiana	NCBITaxon:1461186	synonym	lotus
Veronica teucrium	NCBITaxon:1483217	scientific name	lotus
Verruculina enalia	NCBITaxon:147567	synonym	lotus
Viburnum luzonicum	NCBITaxon:1127658	scientific name	chebi_origins
Viburnum odoratissimum var. awabuki	NCBITaxon:453244	synonym	lotus
Vicoa indica	NCBITaxon:441203	synonym	lotus
Vidalia colensoi	NCBITaxon:228267	scientific name	lotus
Vidalia spiralis	NCBITaxon:228266	synonym	lotus
Vigna cylindrica	NCBITaxon:3091605	synonym	lotus
Viguiera grammatoglossa	NCBITaxon:684034	synonym	lotus
Vinca herbacea	NCBITaxon:1940572	scientific name	lotus
Vincetoxicum hirsutum	NCBITaxon:167779	scientific name	lotus
Vincetoxicum kerrii	NCBITaxon:3023330	scientific name	lotus
Viola abyssinica	NCBITaxon:1471369	scientific name	chebi_origins
Viola yedoensis	NCBITaxon:316493	synonym	chebi_origins,lotus
Virola calophylla	NCBITaxon:1421007	scientific name	lotus
Virola calophylloidea	NCBITaxon:1835420	scientific name	lotus
Virola elongata	NCBITaxon:3458156	scientific name	lotus
Virola pavonis	NCBITaxon:1569035	scientific name	lotus
Virola peruviana	NCBITaxon:1569036	scientific name	lotus
Viscum rotundifolium	NCBITaxon:3342049	scientific name	lotus
Vismia japurensis	NCBITaxon:3831604	scientific name	lotus
Vismia jefensis	NCBITaxon:3831605	scientific name	lotus
Vismia lindeniana	NCBITaxon:3831609	scientific name	lotus
Vismia martiana	NCBITaxon:3831611	scientific name	lotus
Vismia pentagyna	NCBITaxon:3831614	scientific name	lotus
Visnaga daucoides	NCBITaxon:1053409	scientific name	lotus
Vitex cauliflora	NCBITaxon:3831647	scientific name	lotus
Vitex gardneriana	NCBITaxon:3831675	scientific name	lotus
Vitex mollis	NCBITaxon:3831711	scientific name	lotus
Vitex polygama	NCBITaxon:3831723	scientific name	lotus
Vitex scabra	NCBITaxon:3831734	scientific name	lotus
Vitex strickeri	NCBITaxon:3831747	scientific name	lotus
Vitis vinifera	NCBITaxon:29760	scientific name	chebi_origins
Vochysia divergens	NCBITaxon:1117710	scientific name	lotus
Vochysia vismiifolia	NCBITaxon:1671119	scientific name	lotus
Vouacapoua americana	NCBITaxon:115636	synonym	lotus
Werauhia sanguinolenta	NCBITaxon:3155935	scientific name	lotus
Westiellopsis prolifica	NCBITaxon:221298	scientific name	cyanometdb
Westiellopsis sp.	NCBITaxon:3100404	scientific name	cyanometdb
Wikstroemia elliptica	NCBITaxon:3733109	scientific name	lotus
Wikstroemia monticola	NCBITaxon:3733113	scientific name	lotus
Wikstroemia retusa	NCBITaxon:1872696	scientific name	chebi_origins
Wikstroemia sikokiana	NCBITaxon:2819807	synonym	lotus
Wolfiporia extensa	NCBITaxon:2720609	scientific name	lotus
Wollastonia uniflora	NCBITaxon:2848949	scientific name	lotus
Woodsia oregana	NCBITaxon:1401031	synonym	lotus
Woodsia plummerae	NCBITaxon:757437	synonym	lotus
Woodwardia virginica	NCBITaxon:120733	synonym	lotus
Woronichinia naegeliana	NCBITaxon:283820	scientific name	cyanometdb
Wrightia antidysenterica	NCBITaxon:69381	synonym	lotus
Xanthium chinense	NCBITaxon:1979456	scientific name	chebi_origins,lotus
Xanthium occidentale	NCBITaxon:318068	synonym	lotus
Xanthoceras sorbifolia	NCBITaxon:99658	synonym	lotus
Xanthocyparis nootkatensis	NCBITaxon:85954	synonym	lotus
Xanthogalum sachokianum	NCBITaxon:3569244	scientific name	lotus
Xanthomaculina convoluta	NCBITaxon:286368	synonym	lotus
Xanthoparmelia amphixanthoides	NCBITaxon:3024503	scientific name	lotus
Xanthoria elegans	NCBITaxon:88742	synonym	lotus
Xanthosoma caracu	NCBITaxon:3774640	scientific name	lotus
Xanthosoma robustum	NCBITaxon:3046141	scientific name	lotus
Xanthostemon arenarius	NCBITaxon:3774797	scientific name	lotus
Xanthostemon crenulatus	NCBITaxon:3774802	scientific name	lotus
Xanthostemon eucalyptoides	NCBITaxon:3774803	scientific name	lotus
Xanthostemon formosus	NCBITaxon:3774805	scientific name	lotus
Xanthostemon paradoxus	NCBITaxon:2848952	scientific name	lotus
Xanthostemon psidioides	NCBITaxon:3774823	scientific name	lotus
Xanthostemon umbrosus	NCBITaxon:3774828	scientific name	lotus
Xanthostemon verticillatus	NCBITaxon:3774831	scientific name	lotus
Xanthostemon xerophilus	NCBITaxon:3774834	scientific name	lotus
Xanthostemon youngii	NCBITaxon:3138930	scientific name	lotus
Xenia crassa	NCBITaxon:3287874	scientific name	lotus
Xenophyllum ciliolatum	NCBITaxon:3138610	synonym	lotus
Xenophyllum decorum	NCBITaxon:3138611	synonym	lotus
Xylopia amazonica	NCBITaxon:1005654	scientific name	lotus
Xylopia championii	NCBITaxon:3436412	scientific name	lotus
Xylopia cuspidata	NCBITaxon:2969947	scientific name	lotus
Xylopia discreta	NCBITaxon:2986188	scientific name	lotus
Xylopia laevigata	NCBITaxon:2743314	scientific name	chebi_origins
Xylopia papuana	NCBITaxon:3436388	scientific name	lotus
Xylopia phloiodora	NCBITaxon:2944999	scientific name	lotus
Xylosma velutina	NCBITaxon:3126731	scientific name	chebi_origins,lotus
Xyris itatiayensis	NCBITaxon:3834249	scientific name	lotus
Xyris longiscapa	NCBITaxon:3834277	scientific name	lotus
Xyris obtusiuscula	NCBITaxon:3834324	scientific name	lotus
Xyris pterygoblephara	NCBITaxon:3834353	scientific name	chebi_origins,lotus
Yersinia pestis	NCBITaxon:632	scientific name	bindingdb
Youngia denticulata	NCBITaxon:77561	synonym	lotus
Yponomeuta mahalebella	NCBITaxon:263927	synonym	lotus
Yucca elephantipes	NCBITaxon:1679403	synonym	lotus
Yucca faxoniana	NCBITaxon:3149224	scientific name	lotus
Yucca flaccida	NCBITaxon:2678558	scientific name	lotus
Yucca gloriosa var. recurvifolia	NCBITaxon:1182952	synonym	lotus
Yucca torreyi	NCBITaxon:39552	synonym	lotus
Zalerion arboricola	NCBITaxon:42465	synonym	lotus
Zanthoxylum buesgenii	NCBITaxon:3411580	scientific name	lotus
Zanthoxylum conspersipunctatum	NCBITaxon:3411584	scientific name	lotus
Zanthoxylum decaryi	NCBITaxon:3411585	scientific name	chebi_origins,lotus
Zanthoxylum dinklagei	NCBITaxon:3411586	scientific name	lotus
Zanthoxylum heitzii	NCBITaxon:3411590	scientific name	lotus
Zanthoxylum integrifoliolum	NCBITaxon:3411592	scientific name	lotus
Zanthoxylum rhetsa	NCBITaxon:1640437	synonym	lotus
Zanthoxylum rigidum	NCBITaxon:3411581	scientific name	lotus
Zanthoxylum sarasinii	NCBITaxon:3411614	scientific name	lotus
Zanthoxylum schreberi	NCBITaxon:3411615	scientific name	lotus
Zanthoxylum sprucei	NCBITaxon:3411616	scientific name	lotus
Zanthoxylum syncarpum	NCBITaxon:3411617	scientific name	chebi_origins,lotus
Zanthoxylum thomense	NCBITaxon:3411619	scientific name	lotus
Zanthoxylum tsihanimposa	NCBITaxon:3128735	scientific name	lotus
Zanthoxylum viride	NCBITaxon:2099547	scientific name	chebi_origins
Zea mays	NCBITaxon:4577	scientific name	bindingdb
Zephyranthes grandiflora	NCBITaxon:146466	synonym	lotus
Zephyranthes minuta	NCBITaxon:146466	synonym	lotus
Zeuxis scalaris	NCBITaxon:1406401	synonym	lotus
Zigadenus sibiricus	NCBITaxon:386440	synonym	lotus
Zingiber cassumunar	NCBITaxon:2984255	scientific name	chebi_origins
Zingiber griffithii	NCBITaxon:2675806	scientific name	lotus
Zinnia violacea	NCBITaxon:34245	synonym	lotus
Ziziphora pedicellata	NCBITaxon:3400842	scientific name	lotus
Ziziphus cambodiana	NCBITaxon:3755094	scientific name	lotus
Ziziphus cambodianus	NCBITaxon:1489967	scientific name	chebi_origins
Zoegea crinita	NCBITaxon:3755115	scientific name	lotus
Zygogynum stipitatum	NCBITaxon:132894	synonym	lotus
Zygophyllum album	NCBITaxon:90538	synonym	lotus
